{"c":"11011","n":"中川","la":44.82833333333333,"lo":142.07666666666665,"e":22,"t":[-8.1,-8.1,-3.0,3.7,9.5,13.8,17.8,19.4,14.7,8.4,1.9,-4.4],"s":[100,100,100,69,2,0,0,0,0,0,32,93],"i":[517,482,415,374,247,121,97,331,163,441,471,247,511,478,419,392,268,131,105,342,181,455,469,263,495,465,415,401,283,138,112,347,195,461,458,274,469,443,401,401,292,143,117,345,206,458,438,279,434,413,382,393,294,146,120,338,215,448,409,278,395,377,354,375,290,146,122,324,219,430,375,270,347,334,321,350,279,143,122,304,220,405,334,257,295,286,281,317,262,137,120,279,217,374,287,239,242,237,238,278,240,130,117,250,210,338,239,216,516,482,413,373,246,121,96,330,163,440,471,246,509,478,418,390,266,130,104,341,179,453,469,262,494,465,413,399,281,137,111,346,193,459,458,272,470,443,401,400,289,142,115,344,204,457,438,277,436,413,381,391,291,144,119,336,212,447,409,275,396,378,354,374,286,144,121,322,216,429,376,268,350,336,321,348,275,141,120,303,216,405,335,254,299,290,282,317,258,135,119,279,213,374,290,236,247,241,240,278,235,127,114,250,206,339,243,213,516,480,413,370,243,119,95,328,161,438,470,244,509,476,416,386,261,127,102,338,175,450,467,258,495,463,412,393,273,133,108,341,188,454,457,266,470,443,399,392,279,137,112,339,197,451,438,269,438,416,380,383,280,138,114,331,202,441,412,267,400,381,353,366,274,137,115,317,206,424,378,259,358,341,322,341,262,134,114,298,206,401,340,245,310,298,285,311,244,128,112,275,202,372,298,227,261,252,247,274,222,120,109,248,195,340,254,204,515,480,411,366,239,117,94,325,158,434,468,241,508,475,413,377,252,123,99,332,169,443,465,250,493,462,407,382,262,128,103,334,179,445,454,257,471,442,394,379,265,130,106,330,186,442,436,258,441,415,375,369,262,130,108,321,190,430,409,254,405,383,350,352,256,127,108,308,191,415,379,245,365,346,320,328,243,123,107,289,190,393,344,231,321,305,287,300,225,117,104,268,185,367,304,214,277,265,250,266,204,109,101,243,178,338,264,193,513,478,408,360,233,114,92,321,153,430,466,236,505,471,407,367,242,118,95,325,161,434,461,242,490,458,400,368,246,120,98,324,167,434,449,245,468,437,386,362,247,121,99,318,171,428,430,243,440,412,367,351,242,119,99,308,173,417,407,237,407,382,343,333,233,114,98,295,173,401,377,227,369,347,315,311,221,111,97,277,171,381,344,214,329,310,284,284,204,104,94,257,166,357,308,197,288,272,250,254,184,96,90,235,160,331,270,178,511,475,404,353,227,112,90,317,149,424,463,231,501,467,400,354,229,112,91,316,152,423,455,231,484,451,390,350,229,112,91,311,154,419,442,229,462,430,375,341,225,110,91,304,156,409,423,225,434,405,355,328,219,107,90,292,155,398,398,218,403,376,332,310,208,103,88,278,154,382,371,206,368,344,306,289,195,98,86,262,151,364,339,194,330,309,276,264,180,92,83,243,147,342,305,179,292,273,246,237,162,84,80,223,142,320,271,161,509,472,400,346,219,108,87,312,144,418,459,225,496,461,391,340,216,106,86,306,142,411,450,221,478,444,378,330,210,104,85,298,141,401,433,215,454,422,361,317,202,100,83,287,139,390,412,206,425,396,341,301,193,96,81,274,137,375,387,197,394,366,317,284,183,91,79,260,135,359,359,186,361,335,291,262,169,86,77,244,132,342,329,172,325,303,265,240,156,80,74,227,129,323,298,159,288,269,236,216,141,74,71,209,125,302,264,144,505,470,396,338,212,105,85,306,138,411,457,218,491,455,383,324,202,100,81,296,133,398,443,209,468,434,365,308,191,95,79,283,128,383,422,198,442,409,344,291,179,91,76,269,124,366,398,187,411,381,322,272,169,86,74,254,121,350,371,176,379,352,298,252,157,81,71,239,118,333,343,164,346,321,273,234,145,76,70,224,115,316,313,152,313,289,247,213,133,71,68,209,113,299,283,139,280,259,223,193,121,66,66,194,112,283,254,126,504,467,392,330,204,102,82,301,134,405,454,213,484,449,374,309,189,95,77,286,124,385,436,198,459,424,352,286,172,88,73,268,115,364,411,182,426,395,326,263,158,82,70,250,110,342,383,168,394,364,301,242,145,77,68,234,107,322,353,155,360,333,276,222,133,73,67,219,105,304,323,143,327,302,252,202,123,69,65,204,103,288,293,132,294,272,227,185,112,65,64,191,102,274,265,121,263,243,204,168,102,61,63,177,102,260,237,111,501,465,388,324,199,100,81,297,129,399,451,208,480,444,366,295,176,90,74,277,115,374,430,187,450,415,339,265,155,81,69,254,105,346,401,167,413,381,309,236,137,76,67,233,99,318,367,149,373,344,279,211,124,72,66,214,96,294,332,135,336,310,252,191,112,68,65,198,96,275,299,124,302,278,227,173,104,65,64,185,96,260,269,113,271,250,206,159,96,62,63,173,96,248,242,105,243,224,186,145,88,57,62,162,96,238,218,97,501,463,385,318,194,98,79,294,126,395,450,204,478,441,360,284,166,86,71,270,109,365,426,179,445,409,329,246,139,77,67,244,97,331,394,154,404,371,292,210,119,72,66,219,92,296,356,134,356,326,256,181,107,70,66,197,91,267,313,119,309,285,227,161,99,67,65,180,92,246,273,109,273,252,202,147,92,64,64,167,92,233,243,101,244,225,184,136,86,61,64,157,93,224,218,94,219,204,168,125,80,57,63,149,94,217,197,88,500,463,383,315,191,96,78,292,124,393,449,200,476,438,356,277,159,83,69,265,104,360,424,173,443,407,323,233,127,74,67,237,92,322,391,145,401,367,284,188,104,72,66,211,89,282,351,122,352,321,240,154,97,70,66,187,90,247,304,107,298,270,200,138,93,67,65,167,91,222,256,99,249,229,180,128,87,64,64,154,92,211,220,93,221,206,165,120,82,61,64,146,93,206,197,88,200,187,152,112,76,57,63,140,94,202,179,82,500,462,382,314,190,96,78,291,123,392,448,200,476,438,354,274,156,82,68,263,102,358,423,171,442,405,320,229,121,74,67,235,90,318,390,141,400,367,280,181,101,72,66,208,89,275,349,118,351,320,236,134,97,70,66,183,90,241,302,100,296,269,189,126,92,67,65,163,91,215,252,95,240,221,169,120,87,64,64,149,92,202,210,90,213,198,156,112,82,61,64,141,93,198,189,85,193,181,144,106,76,57,63,136,94,197,173,80]}