{"c":"11126","n":"穂別","la":42.76166666666667,"lo":142.14333333333335,"e":56,"t":[-8.6,-7.5,-2.1,5.0,10.8,15.2,18.9,20.4,15.7,8.8,2.1,-4.9],"s":[88,95,76,4,0,0,0,0,0,0,2,37],"i":[503,442,420,365,288,193,166,352,225,445,455,282,496,437,423,380,315,219,193,368,259,457,451,304,479,425,417,387,334,240,215,376,286,459,440,320,453,404,403,385,345,254,234,377,308,453,420,328,419,376,382,375,348,264,246,371,323,438,392,329,378,342,353,356,343,267,254,356,332,413,358,322,331,303,318,331,330,264,254,335,334,383,317,308,280,260,277,298,310,254,250,308,328,345,272,287,227,216,231,260,282,238,240,276,316,302,225,260,503,442,420,364,288,192,165,351,225,444,455,281,496,437,422,379,313,216,191,367,256,455,451,303,479,424,417,385,331,236,213,375,283,458,440,317,454,404,403,383,342,250,229,375,303,451,420,325,420,376,381,373,344,258,242,368,318,436,392,325,380,343,353,355,338,260,249,354,326,413,359,318,334,305,318,329,325,256,250,333,327,383,319,304,285,263,278,298,304,246,245,306,321,345,275,283,234,220,236,260,277,229,234,274,309,303,229,256,503,441,419,362,284,188,162,349,221,442,454,278,495,436,421,375,306,209,185,362,249,451,451,297,480,424,415,379,322,225,204,369,272,454,438,309,455,404,401,377,330,237,219,368,290,447,420,315,423,377,381,366,331,243,229,360,302,432,394,313,385,346,353,348,324,244,233,346,308,409,361,305,342,309,321,323,310,238,233,325,307,380,324,290,296,270,283,293,288,227,227,300,301,345,283,269,248,229,244,257,261,211,217,269,288,306,240,243,501,440,417,358,279,183,157,345,216,438,453,273,495,434,418,367,296,200,175,355,237,446,449,288,479,422,411,370,308,212,190,359,254,445,437,297,455,403,397,365,313,220,200,356,269,438,419,299,426,377,377,354,310,222,206,347,277,423,394,296,391,347,351,336,302,221,210,333,280,401,363,286,351,313,320,312,288,214,208,313,278,374,328,271,308,276,286,284,267,202,200,288,271,342,290,250,265,240,250,250,241,186,190,261,259,306,250,225,501,438,413,353,272,177,150,340,208,434,451,267,492,432,412,358,284,188,163,346,223,437,446,276,476,419,404,357,289,195,173,346,235,434,433,281,454,399,390,350,290,199,179,340,243,425,413,280,426,375,370,338,286,198,182,330,247,409,391,274,393,347,346,320,275,193,182,315,248,388,362,263,356,314,316,297,261,186,178,296,244,363,329,248,317,281,285,270,241,174,171,273,237,334,294,229,277,246,250,241,218,159,161,248,225,302,258,206,499,437,411,347,264,169,143,334,199,428,449,260,488,429,405,347,268,174,149,334,206,426,441,263,473,413,395,341,268,176,153,330,211,420,426,262,450,394,380,332,264,175,155,322,215,408,408,257,422,370,360,318,257,172,155,310,215,391,384,249,391,343,336,299,246,165,152,294,213,371,356,237,356,312,309,278,231,157,148,276,210,347,326,222,319,280,278,252,213,146,141,254,202,319,292,204,282,248,248,227,192,132,132,231,194,292,259,184,497,434,407,341,254,162,135,328,190,422,446,252,484,425,398,334,250,159,134,322,189,413,436,248,467,408,384,324,245,156,133,313,188,403,420,242,443,387,367,310,237,151,131,301,185,387,399,233,415,363,346,294,225,145,128,287,183,369,374,222,384,335,322,275,214,137,124,271,179,348,347,209,351,306,295,254,199,128,119,252,176,325,317,194,316,275,268,231,183,119,112,234,170,302,286,178,280,244,239,208,166,108,106,213,164,275,254,160,495,433,403,334,246,153,127,321,180,416,444,244,480,420,390,321,234,144,120,309,171,401,430,233,459,401,372,305,221,136,113,295,163,384,411,220,433,378,351,287,208,128,108,279,157,364,387,208,403,352,328,268,195,119,104,263,153,344,361,194,371,324,304,248,181,112,99,246,148,322,333,180,338,294,278,229,168,103,95,229,145,300,304,167,305,265,250,208,154,95,90,211,142,278,274,152,272,237,225,188,140,86,85,194,138,256,245,138,493,430,399,327,237,146,120,315,171,409,441,237,476,415,381,307,217,130,106,296,154,389,424,218,451,394,359,285,197,117,96,277,141,365,401,200,420,367,334,263,180,106,89,257,132,340,374,183,387,338,308,241,164,97,83,238,126,315,344,167,354,309,282,221,151,90,79,221,122,292,315,154,320,280,257,200,139,82,76,204,121,271,286,141,288,250,231,183,126,76,73,189,119,250,257,128,257,224,208,165,115,70,70,174,118,231,229,117,492,429,395,321,229,140,113,309,164,404,438,229,472,412,374,295,202,118,94,285,139,377,419,204,443,387,347,267,175,100,81,260,121,347,392,181,408,357,317,238,153,88,73,236,110,315,360,160,370,323,286,213,136,80,69,215,105,286,326,143,332,291,258,192,124,74,67,197,104,262,294,130,298,262,233,174,113,69,65,182,104,241,264,119,267,234,210,159,104,64,63,169,105,223,237,109,238,209,189,144,97,59,62,157,106,208,212,100,491,428,392,317,223,135,108,305,157,400,437,225,470,409,368,285,189,107,84,276,126,368,416,194,438,383,337,250,155,86,69,246,104,331,386,164,400,349,301,215,129,75,65,220,96,293,350,140,354,310,264,186,112,70,64,196,94,258,310,123,308,272,231,165,103,67,63,177,95,231,271,112,271,241,206,150,96,63,62,163,97,212,240,103,240,215,187,138,90,59,61,151,99,197,214,96,215,193,170,126,84,56,60,142,101,186,193,89,490,428,391,314,219,131,105,302,153,397,436,221,468,408,365,279,180,100,77,270,118,363,413,186,438,381,331,239,140,75,66,238,95,322,383,151,398,347,292,197,108,72,65,210,90,278,346,126,352,307,249,161,98,69,64,185,92,237,302,109,299,263,206,142,93,66,63,164,94,206,256,100,248,223,183,132,89,63,62,149,96,187,218,94,218,198,167,123,84,59,61,140,98,177,194,89,197,179,153,114,79,56,60,132,100,169,176,83,490,426,390,313,218,130,104,301,152,396,436,220,468,408,363,277,176,97,75,268,114,361,413,183,437,380,329,236,133,74,66,235,93,319,382,148,397,346,289,191,100,72,65,206,90,272,344,121,350,306,245,144,97,69,64,181,92,231,300,103,298,262,197,130,93,66,63,160,94,197,252,96,241,216,171,124,88,63,62,144,96,177,209,92,209,192,157,117,84,59,61,135,98,169,186,86,189,174,145,109,79,56,60,128,100,163,169,81]}