{"c":"11151","n":"沓形","la":45.17666666666667,"lo":141.13833333333332,"e":14,"t":[-4.3,-4.1,-0.6,4.6,9.1,13.4,17.6,19.8,16.8,11.2,3.8,-1.8],"s":[100,100,96,22,0,0,0,0,0,0,6,68],"i":[512,474,418,396,254,129,88,323,139,424,468,260,505,470,423,417,278,142,94,333,151,436,466,279,491,458,419,428,295,151,99,337,160,440,455,291,466,437,405,430,305,158,102,334,167,434,436,298,433,408,386,421,308,161,104,325,172,423,409,297,393,372,359,404,305,161,105,311,174,404,374,290,346,330,324,377,294,158,104,290,174,377,333,276,295,284,285,342,277,151,101,265,170,344,288,256,242,235,241,300,252,141,97,235,164,306,240,231,512,474,418,395,254,128,87,322,139,423,468,259,505,470,422,415,276,141,93,332,150,434,466,277,490,458,418,426,292,150,98,335,159,438,455,289,466,437,405,428,302,156,101,333,166,434,436,295,433,408,385,419,304,159,103,324,170,422,409,294,394,373,358,401,300,159,103,309,172,401,375,287,349,332,325,375,289,155,102,289,171,376,335,273,299,287,286,341,271,148,100,264,168,344,291,254,247,239,244,300,248,138,96,235,162,307,243,229,511,473,417,392,250,127,86,321,138,421,467,256,505,469,420,409,270,137,92,329,147,430,465,272,490,457,416,418,284,145,96,331,155,434,454,283,467,437,404,419,291,150,98,328,161,429,436,287,436,409,384,411,292,152,100,319,164,417,409,285,398,375,357,393,287,151,100,304,165,397,377,277,356,337,326,367,275,146,98,285,164,372,340,263,309,295,289,335,257,139,95,261,160,342,298,244,261,250,250,295,234,129,91,234,154,307,254,219,509,471,413,387,246,124,85,318,135,418,465,252,503,467,416,400,261,132,89,324,143,425,462,265,488,454,411,407,271,138,92,324,149,425,451,272,467,434,398,405,275,141,94,320,153,419,433,274,437,409,379,395,274,141,94,310,155,407,408,270,401,377,354,378,267,139,93,296,155,388,378,261,363,341,324,352,254,133,91,277,152,364,343,247,319,301,290,323,237,126,88,254,149,336,303,227,276,261,254,287,215,115,84,229,143,305,264,206,508,470,411,380,240,121,84,314,133,413,463,247,500,463,409,389,250,126,86,317,137,416,458,254,484,450,403,390,254,129,87,315,141,413,446,258,463,430,390,386,256,129,88,308,143,405,428,257,436,405,371,374,252,128,87,298,143,393,404,250,403,375,347,357,243,124,85,283,142,375,375,241,365,341,318,334,229,118,83,265,139,352,341,227,327,305,287,305,213,110,79,244,135,327,306,209,285,267,252,273,193,100,75,221,129,298,269,189,505,467,407,373,233,117,82,310,129,408,459,241,496,459,403,374,236,119,82,308,131,405,453,243,480,444,393,371,236,119,82,303,132,400,438,242,458,424,378,362,231,117,81,294,131,389,420,237,430,398,359,349,227,113,79,283,130,375,396,229,399,370,335,330,216,108,77,268,128,357,368,218,364,338,309,309,202,102,74,250,125,336,337,204,326,303,279,282,188,94,70,231,121,312,303,188,289,269,249,254,169,85,66,211,115,288,269,170,504,463,403,364,225,112,80,305,126,401,457,234,491,453,394,358,221,111,78,299,124,394,446,229,472,436,381,348,216,108,76,290,122,383,430,224,449,413,363,335,209,104,74,279,120,370,409,216,421,388,343,319,199,99,72,265,118,354,384,206,389,359,320,301,189,94,69,250,114,335,356,194,356,329,293,278,175,87,66,233,112,315,326,180,321,297,267,256,162,80,63,216,108,294,295,166,285,264,238,229,146,72,59,197,104,271,262,149,501,462,398,355,217,109,78,300,122,396,454,227,486,447,385,340,206,103,75,289,118,382,438,217,463,426,367,324,195,97,71,276,112,366,419,204,437,401,346,306,183,92,68,262,109,348,395,194,407,374,324,286,172,86,66,246,106,329,368,182,375,345,300,266,161,81,63,231,103,311,340,169,342,315,275,247,149,74,60,215,101,291,311,156,309,284,249,225,136,68,57,198,98,272,281,143,276,254,224,204,124,62,55,182,95,252,250,130,499,459,394,347,210,105,76,295,119,390,451,221,480,441,376,323,192,96,71,279,111,370,432,204,454,417,353,298,175,88,67,262,105,348,408,187,422,388,328,274,160,82,64,244,100,325,379,172,389,357,302,252,147,76,62,227,97,304,350,158,356,327,277,231,135,70,59,211,94,284,320,146,323,296,252,212,124,65,56,196,93,265,291,134,291,267,229,193,113,60,55,181,91,248,262,122,260,238,206,176,104,55,53,167,90,231,235,112,497,457,390,339,202,102,74,291,115,385,448,215,475,436,368,308,178,90,68,271,106,359,426,192,445,408,340,274,155,80,64,249,98,331,398,170,409,374,309,243,137,73,61,227,93,302,364,151,369,338,279,217,124,68,60,208,91,277,329,136,332,305,252,196,112,64,57,191,89,256,296,124,298,274,229,178,104,59,56,177,88,238,267,113,268,246,206,164,96,55,55,164,87,224,240,105,240,221,186,149,89,51,53,152,87,211,216,96,496,455,388,333,198,100,73,288,113,381,446,210,473,433,362,295,167,85,66,264,101,351,422,182,440,401,330,252,139,74,62,239,93,317,391,155,400,364,293,214,118,68,61,214,89,282,352,133,352,321,256,183,105,65,60,192,88,250,310,118,306,281,225,163,98,61,57,174,87,229,271,107,270,249,202,149,91,57,56,160,87,213,241,99,242,223,184,138,85,54,55,149,86,202,217,92,217,200,168,127,79,50,53,140,86,192,195,85,495,455,386,330,194,98,72,286,112,378,445,206,471,432,358,287,159,81,64,260,98,346,420,176,438,400,324,238,125,70,62,233,89,309,387,145,397,361,284,189,102,68,61,206,87,269,347,120,349,316,239,152,95,65,60,181,87,233,301,104,295,267,200,136,91,61,57,161,87,206,254,96,248,227,180,127,86,57,56,147,86,193,218,90,221,204,165,119,81,54,55,138,86,185,197,84,199,185,151,112,75,50,53,130,86,178,179,79,495,454,385,329,193,97,72,285,112,378,445,206,471,430,356,284,156,80,64,259,97,344,419,173,438,400,321,234,119,70,62,229,88,306,386,141,396,361,280,180,98,68,61,202,87,263,346,115,348,316,235,130,95,65,60,178,87,227,300,96,294,266,188,123,90,61,57,157,87,200,249,92,239,220,169,117,86,57,56,142,86,185,209,87,212,197,156,112,81,54,55,134,86,178,189,82,193,180,144,106,75,50,53,127,86,173,172,77]}