{"c":"11161","n":"深川","la":43.718333333333334,"lo":142.07333333333332,"e":55,"t":[-7.7,-7.1,-2.4,4.9,11.3,16.0,19.6,20.6,15.7,9.2,2.3,-4.3],"s":[100,100,98,31,0,0,0,0,0,0,23,86],"i":[527,488,442,380,270,148,124,348,192,449,486,266,521,484,447,397,294,163,139,361,215,462,484,285,503,471,442,405,312,174,152,368,235,466,472,297,476,448,428,405,323,183,162,367,250,462,450,303,441,417,405,395,325,188,169,359,263,449,421,303,398,379,375,377,321,188,173,344,269,428,384,295,348,334,338,350,309,185,175,323,271,400,340,282,294,285,294,317,290,178,172,296,267,364,291,262,239,234,247,277,265,168,167,265,258,324,240,237,528,488,442,379,269,147,124,348,191,448,486,265,520,484,446,396,293,161,138,360,213,461,484,283,503,471,441,404,310,172,150,366,233,465,472,295,476,448,426,403,319,180,160,365,248,461,451,301,442,417,405,394,322,184,167,357,259,448,421,300,400,380,375,375,317,185,171,342,265,426,385,292,351,336,339,349,304,181,171,321,266,399,342,278,299,289,296,317,285,174,169,295,262,365,295,259,245,239,250,277,260,164,164,264,252,326,245,234,527,488,441,376,266,145,122,346,188,446,486,263,520,484,444,391,287,157,135,356,208,457,483,278,504,470,438,397,301,167,145,361,225,459,471,288,478,449,426,396,308,173,153,359,238,455,451,292,446,420,405,386,309,176,159,351,247,443,423,290,405,384,376,368,303,175,162,336,250,422,388,282,360,343,342,342,290,171,162,316,250,396,348,268,312,298,302,311,270,164,160,291,247,364,304,248,261,252,260,274,245,153,154,262,238,328,258,224,526,488,438,372,261,142,119,342,184,442,484,259,519,482,440,383,277,152,129,350,200,450,480,271,503,468,434,387,288,159,138,353,213,451,468,278,479,448,421,384,292,162,144,349,223,446,449,279,448,420,401,373,290,163,148,340,229,433,423,275,412,387,374,355,283,161,149,326,231,413,391,266,370,349,342,330,269,156,148,306,229,389,354,252,325,307,305,301,250,148,145,283,225,360,312,233,279,266,266,267,225,137,139,256,216,327,271,210,525,486,434,366,254,138,115,338,178,437,482,252,516,479,434,373,265,144,123,342,189,442,476,261,500,465,426,373,271,148,128,341,198,440,463,264,476,444,413,367,272,149,131,336,204,432,445,263,449,418,393,355,267,148,133,325,206,419,420,257,413,387,368,337,257,144,133,311,208,400,389,246,375,351,337,314,244,139,131,292,204,377,354,231,334,314,304,286,225,130,127,270,200,351,317,214,292,274,268,256,204,120,122,246,192,321,278,193,523,483,430,360,247,134,112,332,172,432,479,247,513,475,426,360,250,136,114,332,177,430,471,249,496,459,417,355,250,136,117,328,180,425,457,248,472,438,401,346,247,135,118,319,183,415,437,243,444,412,381,332,241,132,117,308,183,400,412,235,412,382,356,314,229,126,115,293,182,382,383,223,375,349,328,292,216,120,113,275,179,361,351,209,336,313,296,267,199,112,110,254,174,336,315,193,298,277,265,239,179,103,105,233,168,311,280,174,521,480,426,352,239,129,108,327,165,425,476,240,508,469,418,346,235,127,107,321,164,418,465,236,488,451,404,336,229,124,106,312,163,407,448,229,463,429,386,322,222,120,104,301,161,394,426,221,434,401,365,306,211,114,102,287,160,377,401,211,403,372,340,288,200,110,100,272,157,359,372,199,369,340,313,266,186,103,98,254,154,339,341,185,332,307,285,244,172,96,95,236,150,317,308,171,295,273,254,218,155,88,91,217,146,294,274,154,518,478,422,344,231,124,103,321,158,419,473,233,501,463,408,331,220,118,99,309,151,405,458,223,480,442,390,314,208,112,95,296,145,388,437,211,451,417,368,296,195,106,91,281,141,370,412,199,421,388,344,277,184,100,89,265,137,351,385,187,388,358,320,257,171,94,86,249,134,332,355,174,354,326,293,238,158,88,84,233,132,312,324,161,320,294,265,216,145,82,82,216,130,293,293,148,286,263,239,196,131,76,80,200,127,274,263,134,516,476,417,337,223,120,99,315,152,412,470,227,497,458,399,316,204,110,91,298,139,392,451,210,470,432,375,292,186,101,85,279,129,369,426,193,438,403,348,269,170,93,81,260,122,345,396,177,403,371,321,247,156,87,79,242,118,323,365,163,368,339,294,227,143,82,77,225,115,302,334,150,334,307,269,206,132,76,76,210,114,283,303,138,300,277,244,189,120,72,74,195,113,266,274,127,269,246,219,171,110,67,73,181,113,250,245,115,514,474,413,330,216,115,96,310,146,407,467,221,492,453,390,302,190,102,85,288,128,380,445,198,462,424,361,271,166,91,77,264,114,350,415,176,424,388,328,242,145,83,73,241,107,320,380,157,383,351,295,215,130,78,72,220,103,293,343,141,344,316,267,194,119,73,71,202,103,271,309,129,308,283,241,177,110,69,71,188,103,252,277,119,277,254,218,162,100,66,70,175,104,238,250,109,247,227,197,147,93,62,70,164,105,225,224,101,513,472,409,325,210,112,93,306,142,403,465,216,490,450,383,291,178,96,79,280,119,371,441,188,457,418,349,252,148,83,71,252,103,335,408,161,415,378,310,216,124,76,71,225,97,298,368,139,365,333,270,186,110,73,70,202,96,265,323,123,316,290,237,165,101,70,70,183,97,240,281,112,278,256,212,150,94,67,70,169,98,224,249,104,247,229,192,138,88,64,70,158,100,213,223,97,222,206,175,127,82,60,70,149,102,204,200,90,512,471,408,322,206,111,91,304,139,400,463,213,488,448,379,284,170,92,76,275,112,365,438,182,454,416,342,240,133,77,71,244,96,325,404,150,412,375,299,195,106,75,71,216,93,283,362,125,362,329,252,158,97,73,70,190,94,244,314,109,305,277,208,140,93,70,70,169,96,215,263,101,252,233,184,130,88,67,70,154,98,200,223,95,223,208,169,122,83,64,70,145,100,193,200,89,200,188,156,113,78,60,70,139,102,187,181,84,512,471,407,321,204,110,91,303,138,399,463,212,488,448,377,281,167,90,74,273,110,363,437,179,454,415,339,237,127,77,71,241,94,322,403,147,411,375,296,188,100,75,71,213,93,276,361,121,361,328,247,137,96,73,70,186,94,238,312,102,304,276,195,127,92,70,70,164,96,206,258,96,244,224,170,121,88,67,70,148,98,191,213,92,214,200,157,114,83,64,70,140,100,185,190,87,194,182,146,108,78,60,70,135,102,181,174,82]}