{"c":"11187","n":"苫小牧","la":42.623333333333335,"lo":141.54666666666665,"e":6,"t":[-3.8,-3.4,0.1,5.1,9.5,13.6,17.5,20.3,17.3,11.3,4.7,-1.1],"s":[39,50,15,1,0,0,0,0,0,0,1,12],"i":[445,390,379,374,315,224,199,348,248,434,404,304,438,386,380,389,347,259,237,367,288,447,401,332,424,375,375,396,370,287,269,378,321,449,391,351,401,357,362,395,384,309,295,381,347,442,373,362,374,334,342,384,389,322,313,376,364,425,350,365,339,305,317,365,384,327,323,363,373,400,321,359,300,272,286,339,370,325,325,343,373,367,286,345,258,237,250,306,348,314,319,315,364,327,248,322,214,199,212,266,317,295,305,282,347,281,209,293,445,390,378,373,314,222,197,347,246,434,404,303,438,385,380,388,344,254,234,365,284,446,401,329,424,374,374,395,367,282,265,376,316,448,391,348,403,357,361,393,380,301,290,378,341,441,373,358,374,334,342,383,384,314,307,373,357,424,350,360,340,306,317,364,379,318,316,360,365,399,321,354,302,273,286,338,364,314,318,339,365,367,287,339,261,238,252,305,341,303,311,312,355,327,250,317,218,202,215,267,310,284,296,280,338,283,212,287,444,389,377,370,310,218,193,344,242,433,404,300,437,384,378,384,337,246,225,360,275,442,400,322,424,373,372,389,355,268,252,368,303,443,389,337,403,356,359,386,366,284,273,369,323,434,373,346,375,333,340,375,368,293,288,363,337,419,350,346,343,306,315,357,362,295,295,349,342,394,321,338,307,275,287,331,347,290,294,329,340,364,289,323,268,242,252,300,323,277,287,302,329,326,254,300,227,208,219,263,293,258,271,271,311,285,218,271,443,388,376,367,304,211,186,340,234,429,401,294,436,383,375,376,325,233,212,352,261,436,398,312,422,371,368,379,340,250,233,357,282,434,387,323,401,354,354,375,346,261,248,355,297,426,370,327,376,332,336,363,344,266,258,347,306,409,348,325,345,306,312,345,337,266,262,333,308,386,321,316,311,277,285,320,321,259,259,313,303,356,291,300,274,245,254,291,298,245,250,288,292,322,258,278,238,213,222,257,270,225,234,259,274,284,224,250,442,387,373,361,296,202,177,334,225,424,401,287,434,381,370,367,310,217,195,341,243,426,395,298,420,368,362,366,317,227,209,342,257,423,384,304,400,351,348,359,320,234,218,337,265,412,366,304,375,329,329,346,316,235,222,327,269,395,344,299,346,304,307,328,305,231,223,312,269,373,319,288,313,275,280,305,290,223,218,292,262,345,290,272,279,246,252,277,269,209,208,269,250,313,259,252,244,216,221,247,243,191,194,242,235,279,227,227,441,386,371,355,286,193,167,327,214,419,399,278,432,378,365,355,292,200,176,328,222,416,391,282,417,364,354,349,293,202,181,324,227,408,379,282,396,347,340,340,290,204,185,316,231,395,361,278,371,325,320,325,283,200,185,304,229,377,339,270,343,300,298,306,271,194,182,288,225,354,314,257,312,273,273,285,254,185,176,269,219,328,286,242,279,245,245,259,236,173,167,246,208,298,256,223,247,216,218,231,213,157,154,223,195,268,227,200,438,384,367,348,276,183,156,320,202,412,397,269,428,374,359,342,272,181,155,314,200,404,387,265,412,360,346,331,266,177,154,305,198,391,372,258,390,341,329,317,258,172,151,293,195,375,353,249,365,319,309,301,246,166,148,278,191,354,331,238,337,294,286,282,234,158,142,261,184,331,306,225,307,267,262,260,218,148,136,243,177,306,279,208,276,241,237,238,202,138,128,223,168,280,250,192,244,213,211,212,182,125,118,200,157,250,223,173,438,382,364,341,265,172,145,313,190,405,395,260,425,371,352,327,252,161,135,300,179,391,383,247,405,354,336,311,238,151,126,285,169,372,365,233,382,334,316,293,224,142,119,269,160,351,344,219,356,311,295,274,210,132,113,252,153,329,320,206,327,286,272,254,196,124,107,234,146,305,295,191,297,259,248,234,182,114,102,216,139,280,268,177,268,233,223,212,167,106,95,198,132,256,241,162,238,206,200,192,152,97,88,179,125,231,215,147,436,381,361,334,254,163,135,306,179,399,393,250,421,368,346,313,231,143,115,286,158,378,378,229,400,349,326,291,210,126,101,265,141,353,358,209,373,326,303,267,191,113,92,245,128,327,334,191,344,301,279,245,174,103,85,225,120,300,308,174,315,275,254,225,159,96,79,206,112,275,281,160,285,249,231,204,147,87,75,191,109,252,254,146,254,223,209,186,134,81,70,174,104,229,229,134,227,198,187,168,124,75,65,158,100,208,204,122,434,379,358,328,246,154,125,299,170,394,391,243,418,365,340,301,214,127,98,273,139,366,375,214,394,344,317,271,184,105,80,247,115,335,352,187,365,319,290,242,159,89,69,223,102,302,325,163,332,291,263,216,141,80,64,200,94,271,295,146,299,263,237,194,128,74,61,183,90,245,266,132,269,236,214,176,118,69,57,168,88,222,240,121,240,211,192,161,108,65,55,153,86,202,215,111,214,189,173,146,100,60,53,141,84,184,192,102,434,379,356,323,239,148,118,294,162,390,390,236,417,363,336,290,199,112,84,263,123,357,372,200,391,341,310,254,161,86,62,231,95,319,347,167,360,314,279,218,130,72,57,204,83,280,317,140,322,282,247,188,112,67,56,182,80,243,283,122,283,250,218,166,103,64,55,164,79,214,250,111,250,222,195,151,96,61,54,149,79,193,222,102,222,199,176,139,90,57,52,137,78,176,199,95,199,177,159,127,85,55,50,127,78,162,178,89,433,378,355,320,234,143,112,291,157,387,389,233,415,362,333,284,188,103,74,256,112,351,370,192,390,340,305,243,142,72,59,223,85,310,345,152,357,312,273,199,106,68,57,195,77,264,314,124,319,279,236,162,94,66,56,171,77,222,278,107,276,243,200,142,90,63,55,151,77,190,240,98,233,209,178,131,86,61,54,137,77,169,206,93,206,187,162,123,82,57,52,126,77,156,185,88,186,168,148,114,78,55,50,118,78,145,167,82,433,378,354,319,233,142,111,290,155,386,388,231,415,362,332,282,184,99,71,254,109,349,369,188,389,339,304,239,134,70,59,220,82,306,344,147,357,311,271,193,96,68,57,192,77,258,313,119,318,279,233,143,93,66,56,167,77,215,277,101,275,242,193,129,90,63,55,147,77,181,237,94,229,204,169,123,86,61,54,132,77,160,200,90,200,182,155,115,82,57,52,123,77,148,179,85,181,165,142,109,78,55,50,114,78,140,163,81]}