{"c":"11261","n":"清水","la":35.053333333333335,"lo":138.52166666666668,"e":3,"t":[6.5,7.1,10.0,14.8,18.5,21.7,25.2,26.6,23.8,18.7,13.7,8.9],"s":[0,0,0,0,0,0,0,0,0,0,0,0],"i":[398,419,467,377,321,294,291,376,319,426,428,331,388,409,465,385,342,330,339,391,361,430,421,352,372,393,453,386,355,358,378,398,395,425,405,366,349,370,432,378,360,377,407,396,418,412,384,372,321,339,401,363,357,387,425,386,430,389,354,369,287,304,364,340,346,387,433,367,433,359,318,358,250,264,319,310,327,378,429,340,424,322,278,338,211,221,271,274,300,359,413,307,404,280,235,311,173,179,218,234,268,331,388,269,373,234,190,278,398,419,467,376,320,293,290,375,317,425,428,330,388,409,465,385,340,327,337,390,358,429,421,350,372,394,453,385,352,354,375,396,390,424,405,363,350,370,432,377,356,371,403,394,413,409,384,368,322,341,403,361,352,380,421,383,425,389,355,364,289,305,366,338,340,379,426,364,426,359,320,353,252,267,323,309,321,369,423,338,416,323,281,333,215,225,275,274,294,350,408,306,395,282,239,306,178,185,225,234,262,323,381,268,365,237,196,273,398,419,466,374,317,288,285,373,313,424,428,327,389,409,463,381,334,318,327,385,349,426,421,344,373,394,453,380,343,340,360,390,376,421,407,355,352,372,434,372,346,355,385,386,394,408,386,358,324,344,405,356,340,361,399,375,403,386,358,352,294,311,372,333,327,358,403,356,401,358,325,339,260,275,331,305,307,346,396,330,389,323,288,319,224,236,288,271,281,326,380,299,368,285,249,293,189,199,243,235,249,298,353,263,337,244,210,261,398,418,465,371,312,281,277,369,304,421,426,321,389,409,462,375,325,305,310,378,333,422,420,335,374,395,451,373,331,322,336,379,353,416,407,342,353,373,432,363,330,332,354,374,366,401,386,341,328,347,407,348,322,334,363,361,370,381,360,335,298,316,374,325,308,329,364,342,365,353,330,321,267,282,338,298,288,315,355,317,351,322,296,301,234,248,298,267,263,295,337,288,329,286,260,275,202,213,256,234,234,268,310,254,300,248,224,245,397,418,463,367,306,273,266,363,294,418,426,315,388,409,459,368,313,288,289,368,313,416,419,323,374,394,447,363,314,299,307,366,326,408,405,325,354,374,429,352,310,303,317,358,331,393,386,322,329,348,404,335,300,301,320,343,330,372,360,312,302,320,375,314,285,293,317,325,322,346,332,297,272,288,341,287,266,279,306,300,307,316,300,277,241,254,304,260,242,260,288,272,286,283,267,254,211,223,267,227,216,236,265,242,260,249,233,227,397,417,461,363,298,262,252,357,281,413,425,308,388,408,454,360,299,269,265,356,290,409,417,309,373,393,440,351,296,272,271,350,293,398,401,306,353,373,422,337,287,270,275,338,292,381,383,298,329,348,398,320,275,265,273,323,285,360,359,287,303,320,369,298,259,252,266,302,275,334,330,270,275,290,338,274,240,240,254,280,260,306,301,252,245,260,304,247,219,222,238,254,241,276,270,229,215,227,268,220,196,200,219,225,219,244,237,206,396,417,457,357,291,250,238,350,268,409,424,300,387,405,448,350,284,248,238,343,265,400,413,294,371,390,432,337,275,242,235,332,259,385,398,285,351,369,411,321,263,236,229,317,250,366,377,273,328,345,387,301,247,225,224,299,240,344,353,258,301,317,359,280,231,214,213,278,227,319,326,242,273,288,327,254,212,200,202,256,213,291,296,222,245,259,296,231,193,184,189,231,195,263,267,202,217,229,264,206,172,166,172,206,177,234,237,181,396,416,454,352,283,240,224,343,254,405,422,292,386,404,441,339,269,227,210,329,239,391,409,278,369,387,421,322,252,213,198,313,223,372,392,263,348,364,397,302,237,200,186,294,209,349,370,246,323,339,371,280,220,187,175,273,195,325,344,229,296,311,342,258,200,174,164,252,180,299,316,211,268,281,312,235,184,160,153,229,167,271,287,193,241,252,281,212,167,148,142,208,152,245,258,175,214,224,252,189,150,134,130,186,139,218,229,158,396,415,450,347,275,229,210,337,242,400,420,284,384,401,433,329,254,206,184,316,215,382,405,263,366,383,409,306,231,184,162,294,190,358,386,241,343,358,381,282,210,166,144,270,169,331,361,219,317,330,351,258,191,150,129,246,151,302,332,200,289,300,320,234,173,137,120,224,138,275,303,181,260,271,290,211,156,125,111,202,126,248,273,164,231,242,261,190,141,114,103,183,114,223,245,149,206,214,233,170,127,105,95,164,105,199,218,134,395,413,447,343,269,219,197,331,231,396,419,277,383,400,426,319,241,187,160,304,193,373,403,249,364,379,398,292,212,157,128,276,159,344,380,220,339,351,365,263,186,134,106,248,132,312,352,194,310,320,329,234,164,117,92,221,113,280,320,172,279,287,294,209,146,105,83,198,102,249,287,153,248,256,262,187,131,96,79,177,94,222,256,138,221,227,234,168,119,90,74,160,87,198,227,126,195,200,210,150,109,83,70,144,82,178,202,113,395,413,445,339,263,211,187,326,222,393,418,271,382,399,421,312,229,171,139,295,174,367,401,238,363,376,389,280,195,133,99,261,131,333,376,202,336,347,350,245,163,105,75,227,101,296,344,171,305,312,307,211,138,91,67,200,86,258,308,147,269,273,266,183,122,84,64,175,80,223,269,130,235,238,231,163,111,80,62,156,76,196,235,118,206,209,204,147,103,75,60,140,72,174,206,108,182,185,184,133,96,72,57,128,69,157,184,100,395,413,444,337,260,206,180,323,215,392,417,268,382,398,418,307,223,159,125,288,161,363,399,229,362,375,384,271,183,114,79,250,112,327,374,190,336,346,342,231,144,85,67,216,85,285,341,154,303,310,294,191,117,82,65,188,77,241,302,130,267,269,241,160,107,80,64,163,75,202,259,114,225,224,199,143,101,77,62,142,73,172,217,107,191,190,176,131,96,73,60,127,71,153,186,100,169,169,161,122,90,70,57,117,68,140,166,94,394,413,443,336,259,204,178,322,213,391,417,267,381,398,417,305,220,155,121,286,157,361,399,227,361,375,382,269,178,108,73,246,104,324,373,185,335,345,340,227,135,85,67,213,81,281,340,149,303,309,291,183,110,82,65,184,77,234,301,125,266,268,238,141,106,80,64,159,75,195,257,109,225,223,183,132,101,77,62,137,73,163,211,103,185,182,162,124,96,73,60,122,71,144,176,98,163,162,149,115,90,70,57,112,68,133,158,92]}