{"c":"11297","n":"伊達","la":42.473333333333336,"lo":140.87666666666667,"e":16,"t":[-3.8,-3.4,0.0,5.9,10.8,14.9,18.8,20.8,17.1,11.0,4.4,-1.3],"s":[67,91,75,9,0,0,0,0,0,0,0,13],"i":[491,433,413,388,305,178,139,346,199,447,446,290,484,428,417,405,334,199,157,359,223,459,443,313,467,415,411,413,356,216,172,366,243,461,430,328,442,395,397,411,368,227,184,365,258,455,411,336,409,368,375,400,372,235,191,357,268,438,384,336,369,335,347,381,367,236,194,342,273,416,350,328,323,297,312,353,354,231,192,320,272,384,311,313,274,254,272,318,332,222,187,292,266,346,267,291,223,212,229,277,302,208,177,260,254,303,221,262,491,433,413,387,304,177,138,345,198,446,446,289,484,428,416,403,332,198,156,358,221,458,442,311,467,415,411,411,352,214,170,364,240,459,430,326,443,395,397,409,364,225,181,363,254,454,411,333,409,368,375,398,367,231,187,355,264,438,384,332,371,336,347,379,362,231,190,340,268,415,351,324,326,298,313,352,348,227,188,318,267,384,312,309,279,258,274,318,325,218,182,291,261,347,270,287,229,216,231,277,295,202,172,260,249,305,225,259,491,432,413,384,300,175,136,343,195,444,445,287,483,426,415,399,325,193,151,354,215,454,442,305,468,413,408,404,342,206,164,359,231,455,430,317,444,395,395,401,351,216,173,357,244,449,411,323,413,369,374,391,353,220,178,348,250,434,385,321,376,338,347,372,346,219,179,333,254,409,354,312,334,302,315,345,331,214,176,312,252,382,317,296,289,265,278,313,308,202,170,286,245,347,277,275,244,225,239,274,279,188,160,256,233,308,236,247,490,430,411,380,294,170,132,339,190,441,444,282,482,425,411,390,314,185,144,348,206,448,440,296,467,412,404,394,327,195,154,350,219,447,428,305,444,393,390,390,332,200,160,346,227,438,409,307,415,369,371,378,330,202,163,336,233,424,385,303,381,339,344,359,322,200,162,321,233,403,355,294,342,306,314,333,306,193,158,301,229,375,321,277,300,270,280,303,284,181,151,276,221,343,284,256,259,234,244,267,257,167,141,248,210,308,246,229,488,430,408,375,287,165,128,335,185,436,442,275,480,423,405,381,300,174,136,339,195,438,436,285,465,409,398,380,306,180,141,338,202,436,424,288,442,390,384,373,308,182,144,332,208,426,405,288,415,367,363,360,303,181,144,321,210,411,382,281,383,339,339,341,292,176,142,305,208,390,354,270,346,307,310,317,277,168,137,286,202,364,321,254,309,274,279,288,256,157,129,263,195,335,287,234,269,240,246,257,231,143,119,238,185,303,252,211,487,428,405,368,278,159,123,329,178,430,440,268,476,419,400,368,283,162,126,329,182,428,432,271,461,405,389,363,283,163,127,324,185,421,418,270,438,386,374,352,279,162,127,315,186,409,399,264,411,362,353,338,272,158,125,302,184,392,375,256,381,335,329,318,260,151,121,286,181,372,348,243,347,305,302,296,244,143,114,267,176,348,318,227,310,273,273,269,225,132,107,246,168,321,285,209,274,241,242,242,202,120,98,223,160,293,252,188,486,426,401,360,268,152,117,323,171,424,438,260,474,416,392,354,264,149,114,317,169,416,426,256,455,399,378,343,258,146,112,308,167,404,411,249,432,379,361,329,249,140,110,296,163,389,390,239,404,354,340,312,238,134,106,281,160,370,366,227,373,327,316,292,225,127,100,265,155,349,339,215,341,298,289,269,209,118,94,246,150,327,309,199,307,269,263,247,193,109,88,227,143,302,279,183,272,238,234,221,174,98,80,206,137,277,248,164,484,424,397,353,258,145,112,317,164,418,434,252,469,411,384,339,245,136,105,305,155,404,422,240,448,393,367,322,231,128,99,291,148,386,403,227,422,370,346,303,217,120,93,275,142,366,379,213,393,344,323,283,204,112,88,259,137,345,353,200,362,317,298,262,190,105,82,241,131,323,326,186,329,288,273,242,176,96,77,224,127,301,297,171,297,259,246,219,161,89,72,206,122,279,267,156,265,231,221,198,146,80,65,189,117,257,239,142,482,422,393,345,249,139,106,311,157,412,432,244,465,407,376,324,227,124,95,294,143,391,416,225,440,386,354,300,206,112,86,274,131,367,394,206,409,360,329,276,187,101,80,254,122,341,367,188,378,332,303,252,170,93,74,236,115,317,338,172,345,303,277,231,156,86,69,218,112,293,308,158,313,274,252,211,144,79,65,200,108,272,280,144,281,246,227,192,131,72,60,185,105,252,252,132,250,219,204,174,120,66,55,170,103,233,225,120,480,421,390,339,240,133,102,306,151,405,430,238,461,404,369,310,210,113,87,283,131,379,411,211,434,379,343,279,181,97,76,259,115,348,385,186,399,350,313,248,157,86,69,235,106,317,354,164,362,318,282,221,139,78,64,214,100,287,321,146,325,286,254,198,126,72,61,195,98,263,288,132,291,257,229,180,115,67,56,180,96,242,259,121,261,229,206,164,106,62,54,166,95,225,231,111,233,204,186,149,99,56,51,153,94,209,208,102,479,420,388,334,234,128,98,302,146,401,429,231,459,401,364,299,196,105,80,275,122,371,408,200,430,375,333,261,159,85,68,246,103,333,380,168,392,343,298,223,131,75,64,219,94,295,344,143,348,306,262,191,112,70,61,195,92,259,305,125,303,268,229,169,103,66,59,176,91,231,267,112,266,237,204,152,96,62,56,161,91,213,236,104,236,212,185,140,90,57,53,149,91,198,211,96,211,190,168,129,85,54,50,139,91,187,190,89,479,419,386,331,229,126,96,300,143,400,428,229,458,400,360,292,186,98,75,270,114,365,405,192,428,374,328,248,142,76,66,238,96,324,377,155,390,341,290,202,108,72,64,209,90,280,340,127,345,302,247,163,96,69,61,184,90,238,298,109,295,260,206,142,92,66,59,163,90,206,254,100,245,220,182,132,88,62,56,147,90,188,216,94,215,196,166,123,83,57,53,137,90,178,192,88,194,177,152,114,79,54,50,129,90,170,174,83,479,419,385,330,227,125,95,299,142,399,428,227,458,400,359,290,182,96,73,268,112,363,405,189,428,373,326,245,135,74,66,236,94,321,376,151,390,341,287,196,98,72,64,206,90,275,339,122,345,302,244,144,95,69,61,180,90,231,297,102,294,259,197,128,91,66,59,158,90,198,250,95,240,214,170,122,87,62,56,142,90,178,208,91,208,190,156,115,83,57,53,133,90,170,185,86,187,172,144,109,79,54,50,126,90,165,168,81]}