{"c":"11411","n":"上川","la":43.846666666666664,"lo":142.75333333333333,"e":324,"t":[-8.6,-8.0,-3.5,3.5,10.1,15.0,18.8,19.5,14.1,7.4,0.7,-5.4],"s":[100,100,98,34,0,0,0,0,0,1,34,94],"i":[524,491,438,369,254,135,110,333,171,425,484,252,517,487,443,386,276,146,120,344,189,436,482,269,500,473,438,394,291,155,129,348,204,438,470,280,473,449,424,393,300,162,136,346,216,434,449,285,438,418,401,384,302,165,141,337,224,421,419,284,396,380,372,366,297,165,144,322,229,401,383,276,346,335,335,340,286,162,144,302,229,375,339,263,293,286,292,308,268,156,142,276,225,342,290,244,238,235,245,269,244,147,138,246,219,305,240,220,524,491,437,369,254,134,109,333,170,425,484,252,517,486,441,384,274,145,119,343,188,434,480,268,500,472,437,392,289,154,128,347,202,438,470,278,474,450,424,392,297,160,134,345,214,433,449,283,438,419,401,382,299,163,139,336,221,420,420,281,398,382,372,364,293,163,142,321,225,400,384,273,350,338,336,339,282,159,142,300,225,374,341,260,298,290,294,307,264,153,140,275,222,342,294,241,244,240,249,269,240,144,136,246,215,306,244,218,524,490,436,366,250,133,108,331,168,423,483,250,516,484,438,380,269,142,117,340,184,432,480,264,501,472,433,386,281,150,124,343,196,434,469,272,475,450,420,384,287,154,130,339,206,428,448,275,443,421,399,375,288,156,134,330,212,416,421,273,403,385,370,357,281,155,136,315,215,396,386,265,359,344,336,332,269,151,135,296,215,371,346,250,310,300,296,302,250,145,133,271,211,341,302,231,260,252,254,266,227,136,129,244,202,307,256,210,523,488,433,362,247,130,106,328,165,420,482,246,515,484,434,373,261,138,112,334,177,426,478,257,500,470,426,377,270,143,119,335,187,426,465,263,476,450,413,373,273,146,123,331,194,420,446,264,445,422,392,362,270,146,125,321,199,407,420,259,409,388,365,345,263,144,126,307,200,388,388,250,368,350,333,321,250,139,125,287,198,364,350,237,323,309,297,292,231,132,122,265,193,337,310,219,278,267,258,259,209,123,118,239,186,306,268,197,521,487,429,357,241,127,104,324,161,415,479,242,513,480,426,363,250,132,108,327,169,418,474,248,497,467,418,363,254,134,112,325,175,415,461,250,474,445,403,357,254,135,113,319,179,407,441,249,446,420,382,345,250,134,113,308,181,394,416,243,411,388,356,327,240,130,113,294,181,376,385,231,373,352,326,305,227,125,112,275,178,354,350,219,333,315,293,277,210,118,109,254,173,329,313,202,290,275,257,248,189,109,105,231,167,301,274,182,519,484,425,350,234,124,101,320,156,409,476,236,509,476,418,351,237,125,102,318,159,408,468,238,492,461,407,346,237,125,103,313,162,401,454,236,469,440,390,337,233,123,103,305,163,392,433,231,441,413,369,323,225,120,103,293,162,377,408,223,409,384,343,305,215,114,101,278,161,360,379,212,373,350,315,284,202,110,99,260,158,339,346,198,335,314,283,259,186,103,96,240,153,316,311,183,296,279,252,231,167,95,92,220,148,292,275,165,517,482,420,343,227,120,97,315,150,405,473,229,505,471,409,337,223,118,96,309,149,398,462,225,486,453,394,327,217,114,95,300,148,387,444,220,461,430,375,314,210,111,93,288,146,373,422,212,432,404,352,298,200,107,92,275,144,358,396,202,400,373,326,280,189,102,89,259,141,339,367,190,367,342,298,259,175,96,87,243,138,320,336,177,331,309,270,237,161,90,85,225,135,299,303,163,293,274,240,213,146,83,82,206,131,277,269,147,515,480,415,336,220,115,94,309,145,399,470,224,499,465,400,323,209,111,91,298,139,386,454,214,476,444,379,307,198,105,87,285,134,370,433,202,449,418,356,289,186,100,84,271,130,353,408,192,419,390,331,271,175,94,82,254,126,335,380,180,386,359,305,250,162,90,80,239,123,316,350,168,352,327,278,231,150,84,78,223,121,297,319,155,319,296,250,211,137,79,76,206,119,278,288,142,285,265,225,191,125,73,74,191,115,260,258,130,512,476,411,329,213,112,92,304,140,393,467,218,494,459,390,308,195,104,85,289,129,375,448,202,467,434,365,286,179,96,80,271,121,353,422,187,434,404,337,263,164,90,77,252,114,331,392,172,401,372,308,242,150,84,75,235,112,310,360,159,366,340,280,222,138,80,73,219,109,290,329,146,332,308,254,202,127,75,72,202,108,272,298,135,299,278,229,185,115,71,71,189,107,254,269,124,268,248,204,167,106,67,70,175,106,239,240,112,511,475,407,322,206,109,89,300,136,388,463,213,488,454,382,295,183,98,81,280,121,365,442,192,459,425,351,266,161,89,75,258,110,337,412,172,421,390,317,237,142,82,72,236,104,309,376,154,381,352,284,212,127,77,70,215,101,284,339,139,342,317,254,191,117,73,70,199,100,263,304,127,307,284,227,174,108,70,69,184,100,246,273,117,275,254,204,159,98,67,69,171,100,231,245,108,246,229,184,145,91,63,68,160,101,219,220,100,509,473,404,317,200,107,87,297,132,385,462,209,487,451,376,285,172,93,77,273,113,357,438,183,454,419,340,248,145,82,71,247,101,324,404,158,412,379,300,213,123,77,70,222,96,290,364,137,363,334,260,184,109,74,70,199,95,259,319,122,315,291,227,163,101,71,69,180,96,236,277,112,277,256,200,149,94,69,69,166,96,220,245,104,246,229,181,137,88,66,69,155,97,209,219,97,221,206,164,126,82,62,68,146,99,200,197,90,509,473,403,314,198,106,86,295,130,383,461,206,484,449,372,278,165,90,74,269,109,352,436,178,451,417,335,236,132,78,70,240,96,316,401,149,409,376,292,193,107,76,70,214,93,277,359,125,360,329,244,157,99,74,70,189,94,241,311,110,304,277,200,140,94,71,69,168,95,214,260,102,250,233,177,130,89,69,69,153,96,199,220,96,222,208,161,121,83,66,69,144,97,191,197,90,200,188,148,113,78,62,68,137,98,185,179,85,508,472,401,313,197,105,85,294,129,382,461,204,484,449,371,275,162,89,73,267,108,350,434,175,451,416,334,231,126,78,70,238,94,313,400,146,408,375,290,186,102,76,70,211,93,272,358,121,358,328,241,137,98,74,70,186,94,236,309,103,302,276,190,128,94,71,69,164,95,206,256,97,243,224,166,121,89,69,69,148,96,191,211,93,213,200,153,114,83,66,69,139,97,184,188,88,193,182,141,108,78,62,68,133,98,180,172,83]}