{"c":"11431","n":"長沼","la":43.01166666666666,"lo":141.69333333333333,"e":13,"t":[-6.6,-5.8,-1.2,5.7,11.1,15.3,19.1,21.0,16.8,10.5,3.6,-3.1],"s":[99,100,88,12,0,0,0,0,0,0,8,60],"i":[501,447,420,382,292,186,161,353,222,447,455,286,494,442,424,398,319,210,187,369,252,461,453,309,476,429,418,405,339,229,209,378,280,463,442,325,451,408,404,405,352,244,225,379,301,459,421,333,418,380,383,395,355,252,239,372,316,446,394,334,377,346,354,376,350,254,246,359,325,424,359,327,331,307,319,349,338,252,249,338,327,394,319,313,281,263,278,315,317,243,245,311,323,357,274,292,229,218,233,275,289,227,237,279,312,315,227,264,501,447,420,381,291,184,160,352,221,447,455,285,493,442,423,397,317,206,185,367,250,459,453,307,476,429,418,405,337,225,206,376,276,463,441,322,451,409,404,403,348,239,223,377,296,458,421,330,419,381,382,393,351,247,235,370,311,444,394,330,379,348,354,374,346,249,242,356,319,422,360,323,334,308,319,348,332,245,244,336,321,393,320,308,285,267,279,315,311,236,240,309,316,357,277,287,234,222,237,275,283,221,231,278,305,316,231,260,501,446,419,378,288,181,157,350,217,445,455,282,493,441,421,392,311,200,179,363,244,455,451,301,478,428,415,398,327,216,198,370,266,458,440,314,453,409,401,396,336,227,212,369,283,453,421,320,422,382,381,386,337,233,222,362,295,438,395,319,384,350,354,367,331,233,227,348,302,417,363,310,342,313,321,341,316,227,227,328,302,390,325,295,296,274,284,310,295,218,224,303,296,356,284,274,249,231,244,272,267,202,215,273,285,318,242,247,500,445,417,374,282,176,153,346,212,441,454,277,492,438,418,385,300,192,170,356,231,449,450,292,476,426,411,388,313,202,184,360,250,450,438,302,454,407,398,384,318,211,195,358,263,443,420,304,424,382,378,373,316,213,202,349,272,429,395,300,389,351,352,355,308,212,204,335,275,409,364,291,350,317,321,329,293,204,204,315,274,383,329,276,307,280,286,300,272,195,199,292,267,352,291,256,265,242,250,265,246,180,190,264,256,318,252,229,498,444,413,369,275,170,147,341,204,436,451,271,490,437,412,375,287,180,159,346,219,440,446,281,474,424,405,374,293,187,168,347,229,438,434,285,451,404,390,368,295,191,175,342,238,429,415,285,424,380,370,355,290,190,178,332,243,415,391,279,391,351,346,337,280,186,179,317,244,396,363,267,354,318,317,313,266,179,176,299,241,371,329,252,316,284,285,285,246,168,170,277,235,343,295,233,276,249,250,254,222,154,161,252,225,312,259,210,497,442,411,362,267,163,140,335,196,430,450,264,487,433,405,362,271,168,146,335,202,429,442,267,470,419,395,357,272,169,150,331,208,423,428,266,448,399,380,348,268,169,152,323,211,412,409,261,420,374,360,333,261,166,152,312,212,396,385,252,389,346,336,314,249,159,151,296,211,377,357,241,354,316,309,292,234,151,148,279,208,354,326,225,317,283,278,266,217,141,142,258,202,328,293,208,281,250,248,239,195,129,134,236,194,301,260,188,495,440,407,354,257,156,133,328,187,424,447,256,483,429,398,348,252,154,132,323,186,417,437,252,463,412,384,338,248,150,131,314,185,405,420,245,440,391,367,324,240,146,129,302,183,391,399,236,412,366,346,307,227,140,127,289,181,373,375,225,381,338,321,288,217,133,124,273,178,353,347,213,348,309,295,266,200,125,121,256,175,332,317,197,314,279,268,244,186,115,115,237,170,309,287,182,278,247,239,218,168,106,110,217,165,284,254,164,493,438,403,347,248,149,125,322,178,417,444,248,478,424,390,333,236,140,119,310,169,404,430,236,455,405,372,317,223,132,112,296,162,386,411,224,430,382,351,298,209,124,108,280,156,367,388,211,400,355,328,279,197,115,105,264,152,347,361,197,369,327,303,259,183,109,101,248,149,327,333,184,336,298,278,239,170,101,98,231,146,305,304,170,303,268,250,217,155,94,94,214,143,284,274,155,271,239,225,196,141,86,90,198,140,264,245,141,491,434,398,340,239,142,118,315,169,411,442,240,473,420,381,319,218,127,106,297,153,390,425,221,448,397,359,295,198,113,96,278,140,366,401,202,417,371,333,271,181,104,90,258,132,342,374,185,385,341,307,249,165,95,86,240,127,318,344,170,351,312,281,227,151,89,82,223,124,296,315,156,318,283,256,208,140,82,81,206,123,276,286,143,286,254,231,190,127,77,79,192,122,257,257,131,256,225,208,172,117,71,76,178,122,240,229,120,488,434,395,333,231,136,112,310,162,405,438,233,469,416,374,305,202,114,94,286,138,378,420,208,441,390,346,274,175,99,82,261,121,348,393,183,405,360,316,244,153,87,75,237,111,316,360,161,367,326,285,218,136,80,73,217,107,288,326,144,330,294,257,196,124,74,72,199,107,265,294,131,296,264,231,178,113,70,71,184,107,246,264,121,265,236,209,163,104,66,70,171,109,229,237,111,237,211,189,148,97,61,69,160,110,215,212,102,488,433,392,328,225,131,108,306,156,401,438,227,467,413,368,294,189,105,85,277,126,369,416,196,437,386,337,256,155,85,71,247,106,332,386,166,398,352,300,219,128,75,69,221,98,294,350,141,352,312,263,188,112,71,69,197,97,260,309,124,306,274,231,167,102,68,69,179,98,234,271,112,269,242,206,151,96,65,68,165,101,216,239,104,239,217,187,139,90,61,68,154,103,202,214,97,214,194,170,128,84,57,68,146,106,193,193,90,487,432,390,325,221,128,104,303,152,398,437,225,466,412,364,287,180,98,78,271,118,363,413,188,434,384,331,244,139,76,69,239,97,322,383,153,396,350,292,199,107,73,69,211,92,278,346,126,349,309,248,161,96,70,69,186,94,238,302,109,297,264,206,142,92,68,69,166,97,209,256,100,247,224,183,131,88,64,68,151,100,192,218,94,218,199,166,122,83,61,68,142,102,183,195,89,196,180,153,114,78,57,68,135,105,176,176,84,487,432,390,324,219,127,103,302,150,397,436,223,465,412,362,285,176,96,76,269,114,361,413,186,434,384,328,240,131,75,69,236,94,319,382,149,395,349,288,192,99,73,69,206,92,272,344,121,348,308,244,141,95,70,69,182,94,231,300,102,296,263,196,128,92,68,69,161,97,200,252,96,240,217,170,122,88,64,68,146,100,182,209,91,210,193,157,115,83,61,68,138,102,175,186,87,189,175,145,109,78,57,68,132,105,171,170,82]}