{"c":"11442","n":"夕張","la":43.038333333333334,"lo":141.95666666666668,"e":293,"t":[-6.9,-6.3,-2.2,4.5,10.4,14.5,18.2,19.6,15.1,8.6,1.8,-4.3],"s":[100,100,99,48,0,0,0,0,0,0,24,84],"i":[488,424,399,362,280,165,137,334,197,434,437,269,482,420,401,376,305,183,154,347,221,445,434,288,466,408,396,383,323,198,169,354,242,449,423,301,440,388,383,381,334,209,181,353,258,444,404,308,408,362,362,371,337,215,190,347,269,432,377,308,369,331,335,353,332,217,195,334,276,413,345,301,324,294,302,328,319,214,196,314,277,386,307,287,276,252,265,296,299,206,194,290,273,353,265,267,225,212,223,259,273,195,188,261,264,316,220,242,488,424,399,361,279,164,136,334,196,433,437,268,480,419,401,375,303,182,153,346,219,444,434,287,465,407,395,382,320,196,167,352,239,447,423,299,441,388,382,380,330,206,179,352,254,443,404,305,409,362,362,370,333,211,187,344,265,430,378,304,371,331,335,352,327,213,192,331,271,411,346,297,327,295,303,327,314,209,193,312,272,386,308,283,280,256,266,295,294,202,190,288,268,354,267,264,231,215,225,259,267,190,184,260,259,317,224,238,488,424,398,359,276,162,134,332,194,430,436,265,480,419,399,371,297,177,149,342,214,441,433,282,466,407,393,376,311,189,162,347,231,443,422,292,442,388,380,373,319,197,171,346,244,438,403,296,412,363,361,363,320,200,178,338,252,426,378,294,375,333,334,345,313,200,182,325,258,407,347,286,334,298,304,320,299,196,182,306,258,383,312,272,290,262,269,290,279,188,179,283,252,353,273,252,244,223,231,254,252,176,173,256,244,319,233,227,487,422,396,355,271,158,131,328,189,428,434,261,480,417,396,364,287,170,143,336,204,434,430,274,463,404,389,367,298,179,152,338,219,434,419,281,442,386,376,362,302,184,160,336,229,429,401,283,413,362,356,350,300,186,165,327,235,417,377,279,380,334,332,333,292,184,166,314,237,399,348,270,342,302,303,309,278,178,166,295,236,376,315,254,300,266,270,281,258,170,162,273,229,349,279,236,259,231,236,249,233,158,155,249,221,318,242,213,486,421,393,350,264,153,127,324,184,424,433,256,478,413,391,355,275,161,135,328,195,426,428,263,462,401,383,354,280,166,141,327,202,425,416,267,440,383,369,347,281,168,145,322,209,417,397,265,413,360,350,334,276,167,147,313,212,404,374,259,381,332,326,316,266,164,148,299,213,387,346,249,345,301,298,294,252,158,146,281,210,365,315,235,308,269,268,267,233,149,142,261,204,340,282,216,269,236,236,239,211,137,136,238,196,313,247,195,484,419,390,344,256,148,122,319,177,418,430,249,474,411,385,344,260,151,126,319,182,417,423,252,458,397,374,338,260,152,128,314,186,411,409,250,436,378,359,329,256,151,130,306,188,401,391,245,409,354,340,314,249,148,129,295,188,387,368,237,379,328,316,296,238,142,128,281,187,370,341,225,345,299,290,275,223,136,126,264,183,350,312,211,309,268,261,250,206,127,122,245,178,327,279,195,273,237,233,224,185,117,115,225,172,304,248,176,482,417,386,337,248,142,117,313,170,413,429,242,471,407,378,331,244,140,115,308,169,405,418,238,451,392,364,321,238,137,114,299,168,395,403,231,429,371,347,307,229,133,113,288,166,382,383,223,401,347,327,291,219,128,112,275,164,367,359,213,371,321,304,273,208,122,109,261,161,349,332,200,339,292,278,250,193,114,107,244,158,330,303,186,306,263,252,229,178,108,104,227,154,310,274,172,271,233,224,204,161,99,100,209,149,288,243,155,480,416,383,330,239,136,112,308,163,407,426,235,466,403,370,317,227,129,107,297,156,394,413,225,445,385,353,302,215,122,102,284,150,378,394,213,419,363,333,284,202,115,99,269,145,361,372,200,390,338,311,265,190,109,96,254,141,343,346,188,359,311,287,246,177,103,93,239,138,325,319,175,327,282,263,227,164,96,91,224,135,306,291,162,296,254,237,204,150,91,89,208,133,288,262,148,263,227,213,186,136,84,86,193,130,270,234,135,478,413,379,324,231,131,107,302,156,401,424,229,462,399,363,304,212,119,98,286,143,382,408,212,437,378,342,282,193,109,91,268,133,361,386,195,408,353,318,260,176,100,86,250,126,338,359,179,376,325,293,239,161,93,83,234,121,317,331,164,343,297,268,219,147,88,81,217,119,298,303,151,311,269,244,199,136,82,80,202,118,280,275,139,279,242,220,181,124,77,79,189,117,264,247,127,250,215,197,164,113,72,78,176,115,249,221,117,476,412,376,318,224,126,103,298,150,396,422,223,458,396,356,292,197,110,90,277,132,372,403,200,430,372,331,264,172,97,81,254,118,344,378,177,396,343,302,236,150,87,77,233,110,316,347,158,359,312,273,211,134,81,75,213,106,291,315,142,323,281,247,190,122,77,75,197,106,270,284,130,290,252,223,173,112,73,74,183,106,252,254,119,260,227,200,158,103,69,74,171,107,239,229,110,231,202,181,143,96,66,74,161,108,227,204,101,476,411,374,313,218,123,100,294,146,392,420,218,455,393,351,282,185,103,84,269,123,363,400,190,426,368,323,248,153,86,74,243,106,330,372,162,389,337,289,213,128,78,73,218,100,296,338,140,345,300,254,185,112,75,73,197,98,265,300,124,301,265,225,164,103,72,73,179,100,242,263,112,265,234,200,149,96,69,73,167,101,227,234,105,236,210,181,137,90,66,73,156,103,216,209,98,211,188,165,125,84,63,73,148,105,208,188,91,475,409,372,311,214,120,98,292,143,390,419,215,454,392,348,276,176,97,79,264,115,358,398,183,425,366,317,237,138,79,73,236,99,322,369,151,387,334,282,195,108,77,73,210,95,283,334,127,342,297,241,160,98,75,73,187,97,246,294,111,293,256,202,142,94,72,73,168,98,220,250,102,244,218,180,131,89,69,73,154,100,204,214,96,216,195,164,122,84,66,73,146,102,198,192,91,194,176,151,113,79,63,73,139,105,193,174,85,475,409,371,310,213,119,97,291,142,389,419,214,454,392,346,274,173,95,78,262,113,357,397,181,424,366,315,234,131,78,73,233,97,319,368,148,386,334,279,189,101,77,73,206,95,277,333,122,342,296,238,142,97,75,73,184,97,241,292,105,292,254,194,130,93,72,73,164,98,212,247,98,238,212,170,123,89,69,73,149,100,196,206,94,208,189,156,115,84,66,73,142,102,191,184,89,188,171,144,109,79,63,73,136,105,188,168,84]}