{"c":"11626","n":"富良野","la":43.333333333333336,"lo":142.39833333333334,"e":174,"t":[-8.9,-8.1,-2.7,5.3,11.7,16.4,20.1,20.9,15.6,8.9,1.8,-5.3],"s":[100,100,92,17,0,0,0,0,0,0,19,79],"i":[521,488,440,357,266,154,127,344,191,444,483,259,514,483,444,371,288,170,142,357,213,455,480,276,496,469,438,378,304,183,155,362,233,459,468,288,469,445,424,376,314,192,165,361,248,454,446,294,434,413,401,367,316,197,172,352,259,441,417,293,392,376,372,349,311,198,176,337,265,419,380,286,342,331,335,324,299,194,177,316,266,389,336,272,290,282,291,293,280,187,175,289,262,353,288,252,235,231,244,256,254,175,169,258,252,312,237,229,521,488,440,356,265,153,126,344,190,443,483,258,513,483,443,370,287,168,141,355,212,455,480,275,496,469,438,376,302,180,153,361,229,458,468,286,470,446,424,375,311,189,163,359,245,453,447,291,434,415,401,365,312,193,170,350,254,438,417,290,394,378,372,347,307,194,174,336,261,418,381,283,346,334,336,323,294,190,174,314,261,389,338,269,294,287,293,292,275,182,172,288,257,354,291,250,241,237,248,256,250,171,166,257,248,314,242,225,521,487,438,354,262,151,125,342,187,441,482,256,513,482,442,366,281,164,138,352,206,451,479,270,497,468,436,371,294,174,148,356,223,454,467,280,471,446,423,368,300,181,157,353,235,448,447,283,438,417,401,358,301,184,162,345,244,434,419,281,399,381,373,340,294,183,165,329,248,413,384,273,355,341,339,316,281,179,165,309,247,386,345,259,307,296,299,287,262,171,162,284,242,353,301,240,257,250,257,252,237,159,156,254,234,316,254,216,520,486,436,350,257,148,122,338,183,438,480,252,512,480,438,359,272,158,132,346,199,445,476,263,496,466,432,362,282,166,140,348,211,446,465,270,473,446,418,357,285,170,146,344,220,438,446,271,442,418,398,346,282,171,150,334,225,425,419,266,405,385,371,329,275,168,151,320,227,405,387,257,364,347,339,305,261,163,150,300,227,379,350,243,320,305,303,278,242,154,147,276,221,350,309,225,275,264,264,246,219,143,140,250,213,316,268,202,518,484,433,345,250,144,118,334,178,433,479,247,509,476,432,350,261,150,125,338,188,437,473,254,494,463,425,349,265,154,130,337,197,434,461,256,471,442,411,342,266,156,134,331,202,426,441,254,442,416,390,330,261,154,135,320,204,412,416,248,408,385,365,312,250,150,135,305,204,392,386,238,370,349,335,290,237,144,133,286,202,368,351,224,329,312,302,264,219,136,129,265,197,341,315,206,287,273,265,236,198,125,123,240,189,310,275,186,516,482,429,339,244,139,113,329,172,426,476,241,505,473,425,339,247,141,117,328,177,426,468,242,488,458,415,333,247,142,119,323,180,420,454,241,466,437,400,324,243,140,120,315,182,409,434,236,438,409,379,310,236,137,119,303,181,393,409,227,405,381,354,292,225,131,117,288,180,374,380,216,370,348,326,271,210,125,114,270,177,352,348,202,331,311,294,247,194,117,111,249,172,326,312,186,294,276,263,221,175,107,106,227,166,301,277,168,514,480,425,333,236,134,110,323,165,421,473,234,501,468,416,326,231,132,109,317,164,413,462,229,483,450,403,316,227,129,108,309,163,403,445,224,458,428,385,303,219,124,106,297,161,388,424,215,429,401,363,287,208,119,104,283,159,371,398,204,398,371,338,269,197,112,101,267,156,352,369,193,364,339,311,248,183,106,98,250,153,331,338,179,328,306,283,227,168,99,95,231,149,308,306,165,291,272,252,202,152,91,91,212,144,284,272,149,512,476,420,326,227,129,105,318,158,415,470,227,496,463,407,313,217,122,101,306,151,401,455,218,474,442,389,298,204,115,96,293,146,384,434,206,447,416,367,280,193,109,93,278,141,365,409,194,416,388,344,262,181,103,90,262,137,346,383,182,384,357,319,243,169,97,87,246,134,326,353,169,350,325,292,224,156,90,85,229,132,305,323,157,316,294,265,202,142,84,82,212,129,285,292,143,283,263,238,183,129,78,80,196,126,264,261,130,509,475,416,319,221,124,101,312,152,409,467,221,491,457,398,300,202,112,93,295,140,388,449,204,465,432,374,279,185,104,86,277,129,365,424,189,433,401,348,257,169,96,82,258,123,341,394,174,399,370,320,236,155,89,79,240,118,318,363,160,365,338,294,216,142,83,77,223,115,296,332,147,331,307,268,197,131,78,75,206,114,277,302,135,297,276,243,179,119,73,74,192,113,258,272,124,266,246,219,162,109,68,72,178,112,241,244,112,508,472,412,314,214,120,98,307,147,403,463,216,487,451,389,288,189,105,86,286,129,377,443,194,457,423,360,260,166,93,78,262,115,347,413,173,420,388,328,233,146,84,74,239,108,316,379,154,380,351,295,208,131,79,72,219,104,289,342,139,341,315,266,188,119,74,71,200,103,266,308,127,306,283,241,171,110,70,70,186,104,247,277,117,274,254,217,156,101,66,69,173,104,231,248,108,245,227,197,141,93,62,69,161,105,218,223,99,507,471,409,309,209,117,95,304,142,399,462,212,484,449,382,279,178,99,81,278,120,368,438,185,451,418,349,244,149,84,72,250,104,332,405,159,411,379,310,211,125,77,71,224,98,295,367,138,363,333,270,183,111,73,70,200,97,261,322,122,314,290,238,163,102,70,70,181,98,236,281,112,276,256,212,148,95,67,69,167,99,218,248,103,246,229,192,136,89,64,69,156,100,206,222,96,220,204,175,125,83,60,68,147,102,196,200,89,505,470,407,306,206,114,93,302,140,396,461,209,483,447,378,273,171,94,77,273,113,362,436,179,450,415,342,234,135,78,71,243,98,323,403,149,409,376,300,193,108,76,71,215,94,280,361,126,359,329,252,159,99,73,70,190,95,240,314,110,304,277,209,141,94,70,70,168,96,211,263,102,250,233,185,131,89,67,69,153,98,195,223,96,222,206,169,122,84,64,69,144,100,186,199,90,200,187,156,113,79,60,68,137,102,179,181,84,505,470,405,306,204,113,92,301,139,395,461,208,483,447,376,271,168,92,75,271,112,360,434,177,450,415,339,231,129,78,71,240,96,319,401,146,408,375,296,187,102,76,71,212,94,274,360,122,358,328,248,141,98,73,70,186,95,234,312,104,303,277,196,130,94,70,70,164,96,202,259,98,244,224,171,123,89,67,69,147,98,185,213,93,213,199,157,115,84,64,69,139,100,178,190,88,192,181,146,109,79,60,68,133,102,173,173,82]}