{"c":"12261","n":"士別","la":44.18666666666667,"lo":142.41666666666666,"e":135,"t":[-9.1,-8.5,-3.3,4.2,10.7,15.3,19.1,20.1,14.9,8.5,1.4,-5.2],"s":[100,100,99,32,0,0,0,0,0,0,33,90],"i":[533,495,434,370,254,131,104,341,174,451,488,252,527,491,438,387,277,142,112,353,193,465,486,269,509,476,434,395,293,151,121,358,209,470,474,279,482,453,421,395,302,157,127,356,222,466,451,284,446,422,399,386,304,160,132,348,231,454,422,283,403,384,370,368,300,160,134,333,236,433,386,276,353,339,334,342,288,157,134,312,237,405,342,263,299,289,291,310,271,151,132,285,233,370,293,244,243,238,245,271,247,142,128,254,225,329,242,220,533,495,434,369,254,130,104,341,173,450,487,250,526,490,438,385,275,141,112,352,192,463,484,267,509,476,434,394,290,149,120,357,206,468,473,278,483,454,421,393,299,155,126,355,219,465,453,282,448,423,398,384,301,158,130,346,227,453,423,281,405,386,370,366,296,157,132,331,231,432,387,273,356,341,334,341,284,154,132,310,233,405,344,260,304,293,293,309,266,148,130,284,229,370,297,241,248,242,249,272,242,139,126,254,221,331,246,218,533,494,433,367,252,129,103,339,171,448,487,249,526,488,437,381,270,138,111,348,187,459,484,263,509,476,432,387,282,145,117,352,200,463,473,272,484,454,419,386,289,150,122,349,211,459,451,275,451,425,398,377,289,151,125,341,218,447,425,272,411,389,370,359,283,150,126,326,221,426,390,264,366,348,337,334,271,147,126,306,221,401,350,250,316,303,298,304,252,140,124,281,217,369,306,231,265,256,257,268,229,131,119,252,209,333,259,209,532,493,430,363,247,127,101,336,168,444,484,246,525,488,433,373,261,134,107,343,180,453,482,256,509,474,426,377,271,139,112,344,191,455,470,262,486,454,413,374,274,141,114,341,199,450,451,263,454,426,394,363,271,141,117,331,204,437,425,259,417,392,368,346,264,139,118,317,204,419,392,250,375,354,336,322,250,135,117,297,204,393,355,236,329,312,301,294,233,128,113,274,199,365,314,218,284,270,263,261,211,119,109,248,191,331,272,197,530,491,426,357,241,124,99,331,163,438,483,241,522,484,426,363,250,128,103,335,172,444,478,247,505,470,420,363,254,131,105,334,178,443,465,250,483,449,405,358,254,131,107,328,183,436,446,248,454,423,386,346,250,129,107,318,185,422,421,242,419,392,361,328,241,126,107,303,185,404,391,231,381,356,331,306,227,121,105,285,183,382,356,218,339,318,299,278,211,113,102,263,178,355,319,200,296,278,263,249,190,105,97,239,171,325,279,182,528,488,424,350,234,121,96,327,158,434,480,235,518,480,419,351,237,122,97,326,162,433,472,237,501,463,409,346,237,121,98,321,164,426,458,235,478,443,394,338,233,120,98,313,166,417,438,229,449,417,374,324,225,117,97,301,165,403,413,222,417,387,350,306,216,112,95,286,164,385,385,211,380,354,322,285,202,106,93,269,161,364,352,198,341,317,291,260,187,100,90,249,156,339,316,182,302,281,260,233,168,92,86,227,151,314,281,165,526,486,419,343,227,117,93,321,152,426,476,229,513,474,409,337,223,114,92,315,151,420,466,225,494,455,397,327,217,112,91,307,150,409,449,219,469,434,379,314,210,108,89,295,148,396,426,211,440,407,358,298,200,104,87,282,146,380,401,200,407,376,334,280,189,99,84,267,143,361,373,189,373,345,307,259,175,93,82,250,141,341,342,176,337,311,279,237,162,87,80,231,137,320,309,162,299,276,249,213,146,81,77,213,133,296,275,146,523,483,413,336,219,112,90,316,146,420,474,223,507,468,401,323,209,108,87,305,140,405,459,213,484,447,383,307,197,103,83,291,135,390,438,202,457,421,362,289,186,97,80,277,131,371,413,191,426,392,338,271,175,92,78,261,128,353,385,179,392,362,314,250,162,87,76,245,125,334,356,167,358,330,288,231,150,81,74,229,122,314,325,154,324,298,261,211,137,77,72,213,120,295,294,142,290,267,235,191,125,71,70,197,118,276,264,129,521,480,409,329,212,110,88,310,141,413,470,217,501,462,392,308,195,102,82,294,130,393,451,202,474,436,368,285,178,94,77,276,121,369,426,186,442,405,342,263,163,88,74,257,115,346,396,171,407,374,315,241,149,82,72,240,112,324,365,158,372,342,289,221,137,78,70,223,110,303,334,146,337,310,264,202,127,73,69,208,108,285,304,134,304,279,240,185,114,69,67,193,107,268,274,123,272,249,215,167,105,65,66,179,107,252,246,112,519,478,405,322,206,107,85,306,136,408,468,212,497,457,383,295,182,96,78,285,121,381,446,191,465,426,354,265,160,87,72,262,110,350,416,170,426,391,322,236,141,80,70,239,103,320,380,152,385,353,290,211,127,76,68,219,100,293,343,138,346,318,263,191,115,72,67,200,99,271,309,126,311,285,238,174,107,69,67,187,99,254,278,115,279,256,215,159,98,65,66,174,100,240,250,107,250,229,194,144,91,62,65,163,100,227,225,99,518,476,403,317,200,105,84,302,133,403,466,208,494,453,376,284,171,92,74,277,113,371,441,182,459,421,343,247,143,81,69,250,100,334,408,157,417,381,304,212,122,76,68,224,95,297,367,136,367,334,266,183,109,73,68,200,94,264,322,121,317,291,234,163,100,70,67,182,94,240,281,111,279,257,209,148,93,67,67,168,95,224,249,103,249,231,190,137,87,64,66,157,96,213,223,96,223,206,173,126,81,61,65,148,98,204,200,89,517,476,401,314,197,103,83,300,130,401,463,204,492,451,372,277,164,88,72,272,109,365,438,176,458,419,336,235,130,77,69,243,94,325,404,148,413,378,294,191,106,75,68,215,91,281,362,124,363,330,248,156,98,73,68,189,92,243,314,109,306,277,206,139,93,70,67,168,93,215,263,101,252,233,183,129,88,67,67,153,94,200,223,95,224,209,168,121,83,64,66,145,96,193,200,89,202,189,155,112,77,61,65,138,97,188,182,84,517,475,400,313,196,103,82,299,129,400,463,204,492,451,370,275,161,87,71,270,106,363,438,174,457,418,333,231,125,77,69,240,92,321,403,144,413,377,291,184,101,75,68,211,91,274,360,120,362,329,243,136,97,73,68,185,92,236,311,102,304,276,192,127,93,70,67,163,93,206,258,97,244,224,170,121,88,67,67,148,94,191,213,92,215,200,157,113,83,64,66,140,96,185,191,87,195,183,145,108,77,61,65,134,97,182,174,82]}