{"c":"12451","n":"東川","la":43.70166666666667,"lo":142.50833333333333,"e":215,"t":[-8.7,-7.9,-3.1,4.7,11.2,15.9,19.6,20.3,15.0,8.4,1.6,-5.1],"s":[100,100,95,19,0,0,0,0,0,0,22,83],"i":[526,482,436,364,260,144,115,340,184,438,480,256,519,476,440,379,282,158,128,352,204,451,479,273,501,463,434,387,298,169,138,358,223,455,467,285,474,441,421,386,308,177,146,356,238,450,445,290,438,409,399,376,310,181,152,348,248,437,416,289,396,373,369,359,305,181,155,333,254,416,380,282,347,329,333,333,293,178,156,312,254,388,336,268,293,281,290,301,275,171,153,285,250,353,288,249,238,231,243,264,250,161,149,254,242,313,238,225,526,482,434,363,259,143,114,340,183,438,480,254,518,476,438,378,281,157,127,351,204,450,478,272,501,463,434,385,296,167,137,356,221,454,466,283,475,441,421,384,305,174,145,354,235,449,446,288,440,411,398,375,306,178,150,346,244,436,416,286,399,375,369,357,301,178,153,331,250,415,381,279,350,332,333,332,289,175,153,310,250,387,338,265,298,285,292,301,271,168,151,284,246,353,292,246,244,236,247,264,246,157,146,254,238,314,242,222,525,480,434,360,257,142,113,338,181,437,480,252,518,476,437,374,275,153,124,348,199,447,476,267,501,463,432,379,288,162,133,351,214,449,466,276,476,441,419,377,294,168,139,349,225,444,446,280,444,413,398,367,295,170,144,340,234,430,418,277,404,378,369,350,288,169,146,325,237,411,384,269,359,338,336,325,275,165,146,305,237,384,344,254,311,294,297,296,257,157,143,280,233,352,300,237,260,249,256,260,233,147,138,252,224,316,254,213,525,480,432,357,252,139,112,334,177,433,479,249,517,474,434,367,267,148,120,342,191,441,475,260,501,461,428,370,276,154,126,344,202,441,463,267,478,441,413,366,279,157,131,340,212,434,444,268,446,413,394,355,277,158,134,330,217,422,418,263,409,381,368,338,269,156,135,316,219,403,386,254,369,344,336,314,256,150,134,296,218,377,349,240,324,302,300,286,238,143,130,273,213,348,309,222,279,262,262,252,215,132,125,247,204,315,267,200,523,478,429,351,246,135,109,330,172,428,476,244,515,471,428,357,256,141,113,334,182,432,471,250,498,457,421,357,260,144,118,333,189,430,459,254,476,437,405,350,260,145,121,327,194,422,438,252,447,411,387,338,256,144,121,317,197,408,415,246,412,380,361,320,246,140,121,302,197,389,385,235,374,345,331,298,233,134,119,283,195,366,350,222,333,309,299,271,215,126,114,262,189,339,314,204,291,270,263,243,194,115,110,238,182,310,275,184,521,476,425,345,239,131,105,325,166,423,474,238,511,467,420,345,242,133,107,325,171,421,466,240,494,451,411,340,242,133,109,320,173,416,451,238,471,430,395,331,238,131,109,312,175,405,432,233,442,405,375,317,231,128,108,299,175,390,407,225,409,376,350,300,220,123,106,285,174,371,379,214,374,343,323,278,206,115,104,267,171,350,347,200,335,307,291,254,191,109,100,247,166,325,311,184,297,273,260,227,171,100,96,225,160,299,277,166,519,473,420,338,231,126,102,320,160,417,471,231,505,462,412,332,227,124,100,314,159,409,459,227,487,445,398,322,222,121,99,305,157,399,443,222,463,422,381,309,214,117,97,294,155,385,422,213,433,396,360,293,204,112,95,280,154,368,396,202,401,366,335,275,193,107,93,265,151,349,367,192,367,335,308,254,179,100,90,248,148,328,337,178,331,302,280,231,165,93,87,229,144,307,305,164,294,268,250,208,149,85,84,210,140,283,271,148,516,471,416,331,224,122,98,314,153,409,468,225,501,455,403,318,213,115,94,303,147,397,453,216,478,436,384,302,200,110,90,290,141,380,433,204,451,411,363,285,190,104,87,275,137,362,408,193,420,382,340,267,178,98,84,259,133,343,381,181,387,352,315,247,165,92,81,243,130,323,352,168,353,321,289,227,153,86,79,227,128,303,321,156,319,290,262,206,140,80,77,210,125,283,290,142,285,259,236,188,127,74,75,194,123,263,260,129,514,468,412,324,216,118,95,309,147,404,465,219,496,450,393,304,199,108,87,292,136,384,446,204,469,426,370,282,181,99,82,274,126,361,422,188,437,397,344,260,166,92,78,256,120,338,392,173,401,365,317,239,152,85,76,238,115,315,361,159,367,334,290,219,140,80,73,221,112,294,331,146,333,303,265,200,129,75,72,206,112,275,300,135,300,273,241,182,117,70,70,191,111,258,271,123,269,243,216,165,107,65,69,177,110,241,243,112,512,466,408,318,210,113,92,304,142,399,462,214,491,446,385,292,186,101,82,283,125,373,441,193,459,417,356,263,163,90,75,260,112,344,411,172,423,383,324,235,143,82,72,237,106,314,377,153,382,346,292,210,129,77,70,217,102,287,340,138,343,312,264,189,118,72,69,200,102,265,306,126,308,280,239,172,109,69,69,185,102,246,275,117,276,250,216,158,99,65,68,172,102,231,248,107,247,225,195,143,92,61,67,160,103,218,222,98,511,465,405,313,204,111,89,301,138,395,459,210,488,443,378,282,175,95,78,275,117,364,436,184,455,412,345,246,146,82,71,248,102,329,404,158,413,373,306,211,124,76,70,223,96,292,365,137,364,329,268,183,110,72,69,199,95,260,320,122,316,287,236,163,101,70,69,180,96,235,279,111,278,254,211,148,94,66,68,167,97,218,247,103,247,227,191,136,88,63,67,156,99,206,221,96,221,204,174,125,82,59,67,146,100,197,200,89,509,463,401,311,200,109,88,298,136,392,459,206,487,441,374,275,167,91,74,271,112,359,434,178,453,409,338,235,133,77,70,241,96,319,400,148,411,371,297,192,107,75,70,213,92,278,359,125,361,325,250,158,98,72,69,189,94,240,312,109,305,274,206,140,94,69,69,167,95,211,262,101,252,231,184,130,89,66,68,152,97,196,222,95,223,206,168,121,83,63,67,143,98,187,199,89,200,187,155,112,78,59,67,136,100,181,181,83,509,463,401,310,200,109,87,298,135,391,458,206,486,441,372,273,164,90,73,269,109,356,433,175,451,409,335,231,127,77,70,238,94,316,399,145,409,370,293,186,101,75,70,210,92,271,358,121,360,324,245,138,98,72,69,185,94,233,310,103,304,273,195,128,93,69,69,163,95,202,257,97,244,223,170,122,88,66,68,147,97,186,212,92,213,198,157,114,83,63,67,139,98,179,190,87,193,181,145,108,78,59,67,133,100,175,173,82]}