{"c":"12512","n":"志比内","la":43.64333333333333,"lo":142.58166666666668,"e":310,"t":[-8.7,-8.1,-3.5,3.7,10.2,14.8,18.6,19.4,14.2,7.6,0.9,-5.4],"s":[100,100,97,22,0,0,0,0,0,0,21,85],"i":[523,486,437,366,259,138,112,337,179,432,482,254,516,482,441,382,281,151,123,348,199,444,479,271,499,468,436,390,296,160,132,353,216,448,467,282,471,445,421,388,305,167,139,351,229,443,446,287,437,413,399,379,307,170,144,343,238,430,417,286,394,376,370,361,302,170,147,328,243,411,380,278,345,332,333,336,291,167,147,307,244,383,337,264,292,283,290,303,273,160,145,281,240,349,288,245,237,233,243,265,249,150,140,250,231,310,238,221,523,486,436,365,258,138,111,336,179,432,482,254,515,480,440,381,279,150,122,347,198,443,479,270,498,467,434,388,294,159,130,352,214,447,467,280,473,445,421,387,302,165,137,350,225,442,446,285,438,413,399,377,304,168,142,341,235,429,417,283,396,377,370,360,299,167,144,326,240,409,381,275,348,334,334,334,287,164,144,306,240,382,339,262,297,287,292,303,268,157,142,280,236,349,292,243,243,237,248,265,244,147,137,250,227,311,243,219,522,486,434,363,254,136,110,335,176,430,480,250,515,480,438,376,274,146,119,344,193,440,478,265,499,467,433,382,286,154,127,348,206,442,466,274,474,445,420,380,292,159,133,345,218,437,446,277,442,417,399,370,292,161,136,336,225,425,419,274,401,381,370,352,286,159,138,321,229,405,384,266,357,341,337,327,273,155,137,301,227,379,345,252,309,296,297,298,254,148,135,276,223,348,301,233,259,250,256,262,231,138,130,248,215,313,254,210,521,484,433,359,250,133,108,332,173,426,479,248,514,479,434,369,265,141,114,338,186,434,476,259,498,465,429,372,274,147,121,340,197,434,463,265,475,445,415,369,278,150,125,336,204,428,445,265,444,417,395,357,275,150,127,326,210,415,419,261,408,384,369,340,267,147,128,312,212,397,387,252,367,347,337,316,254,142,126,292,210,372,350,237,322,305,301,288,236,134,123,269,204,344,309,219,277,264,263,254,213,124,119,243,197,311,268,197,520,483,430,354,245,130,105,327,168,422,476,243,512,476,429,359,254,135,110,331,177,425,472,249,496,462,421,359,258,138,112,330,184,423,459,252,473,441,407,353,259,138,114,323,189,415,440,250,444,415,388,341,254,137,115,313,191,401,416,244,409,384,362,323,244,132,114,298,191,383,385,233,372,348,332,301,231,127,112,280,188,361,351,219,331,311,300,273,213,119,110,258,183,334,314,202,289,272,264,245,192,109,105,235,176,306,275,182,518,480,426,347,238,126,102,323,163,416,475,237,508,471,421,348,241,128,104,322,167,415,467,239,491,455,412,342,241,128,105,317,169,409,453,237,468,434,396,334,236,126,105,309,171,398,433,231,440,409,376,320,229,122,104,296,170,384,408,224,408,379,351,302,219,117,102,282,169,366,379,213,372,346,324,280,204,111,100,264,166,345,347,199,333,310,292,256,189,103,96,244,161,320,312,183,295,275,261,229,170,95,92,223,155,296,277,165,516,478,421,340,231,122,99,317,157,409,472,231,503,466,413,334,227,120,98,312,156,403,461,227,484,449,399,324,221,117,96,303,154,393,444,221,459,426,382,311,213,112,94,292,152,379,423,212,430,400,360,295,202,108,93,278,150,363,397,202,399,369,336,277,192,102,90,262,147,344,368,190,365,338,309,256,178,96,87,246,145,324,338,176,329,305,281,234,164,89,84,227,141,302,305,162,292,271,250,210,148,82,81,208,137,279,271,146,513,475,417,333,223,118,96,312,151,404,468,225,498,461,404,320,212,112,92,301,144,391,454,215,476,440,385,304,200,107,88,288,139,375,434,204,448,413,364,287,189,101,85,273,135,357,409,192,418,386,341,268,177,95,82,258,131,338,381,180,385,356,316,249,165,89,80,242,128,319,352,168,351,324,290,229,152,83,78,225,126,299,322,155,318,293,262,209,139,77,75,209,123,280,291,142,284,262,237,189,126,71,73,193,121,261,261,129,511,473,413,326,216,113,93,307,145,398,465,219,493,455,394,306,198,105,86,291,134,379,447,202,466,430,371,284,181,97,81,273,125,356,422,187,434,400,345,262,166,90,77,254,119,333,393,172,400,369,318,240,152,84,75,237,114,311,362,159,366,337,291,220,139,79,72,220,112,291,331,146,332,306,266,200,128,73,71,204,111,272,301,134,298,275,241,183,117,69,70,190,110,254,272,123,267,245,217,166,107,64,68,176,109,239,243,112,509,471,409,320,209,111,90,302,140,393,463,214,488,450,386,294,185,99,81,282,125,368,441,193,458,421,357,265,162,89,75,259,112,339,412,172,421,387,325,236,143,81,71,237,105,310,377,154,380,349,293,211,128,76,70,216,102,284,341,139,341,314,264,190,118,72,69,199,101,262,307,127,306,282,239,173,108,68,68,185,101,244,276,117,275,252,216,159,99,64,67,172,102,229,248,107,246,227,195,144,92,60,67,160,102,217,223,98,508,469,405,315,204,109,88,299,137,389,461,209,486,447,379,283,174,94,77,274,117,359,437,184,453,416,346,248,146,82,71,248,103,325,405,159,412,377,307,213,124,76,70,222,97,289,365,137,363,332,268,184,110,72,69,199,96,258,321,122,315,289,236,163,101,69,69,180,96,234,280,111,277,254,211,149,94,66,68,166,97,218,248,103,246,227,191,137,88,62,67,155,98,206,222,96,221,204,174,126,82,59,67,146,100,196,200,89,508,468,403,313,200,107,87,297,134,387,459,206,484,445,375,277,167,90,74,269,112,354,434,178,451,413,339,236,133,77,70,241,97,316,401,149,409,374,297,193,107,75,70,213,93,275,360,125,360,327,250,158,99,72,69,189,94,238,313,110,304,276,208,140,94,69,69,167,95,211,263,101,250,231,184,130,89,66,68,152,96,196,223,95,222,206,168,122,83,62,67,144,98,188,199,89,200,187,155,113,78,59,67,136,100,181,181,83,507,468,401,311,200,106,86,296,133,386,459,206,484,445,373,274,164,89,73,268,110,352,434,176,450,413,336,231,127,77,70,238,95,313,400,146,408,373,293,186,102,75,70,210,93,269,358,121,358,327,246,138,98,72,69,185,94,231,310,103,303,275,195,128,94,69,69,163,95,202,258,97,243,224,171,122,89,66,68,147,96,187,212,92,213,199,157,114,83,62,67,139,98,180,190,87,193,181,145,108,78,59,67,133,100,176,173,82]}