{"c":"12551","n":"美瑛","la":43.58833333333333,"lo":142.49333333333334,"e":250,"t":[-9.1,-8.5,-3.5,4.4,10.8,15.4,19.1,20.0,14.6,8.0,1.1,-5.7],"s":[100,100,97,23,0,0,0,0,0,0,20,85],"i":[516,483,442,369,269,145,121,342,187,442,480,261,509,479,446,385,293,159,134,355,209,454,478,279,492,465,441,393,310,170,145,361,227,458,466,291,466,442,426,392,321,177,154,359,242,453,445,297,430,411,404,382,323,181,161,351,252,440,416,296,390,374,374,365,319,181,165,336,258,419,379,288,341,330,337,339,307,178,165,315,260,391,336,275,289,281,294,306,288,171,163,289,256,356,288,254,235,231,246,268,263,161,158,258,247,316,238,229,516,483,442,368,269,144,120,342,186,441,480,260,509,478,445,384,291,157,133,354,206,453,476,277,492,463,441,392,308,168,144,359,225,457,466,289,467,442,426,390,317,175,152,358,239,451,445,294,433,412,404,381,320,178,159,349,249,438,416,293,392,375,374,363,315,178,162,335,254,418,380,285,344,332,338,338,302,175,163,314,254,390,338,271,294,286,295,306,283,167,160,288,250,356,292,252,241,236,250,268,258,157,155,257,243,317,242,227,516,482,440,366,265,142,119,340,184,438,479,258,508,476,444,380,286,154,130,350,202,449,476,273,493,463,438,385,299,162,139,354,218,451,465,282,468,442,425,383,307,168,147,352,229,447,445,286,436,413,404,374,307,170,152,344,238,434,418,284,396,378,375,356,301,169,154,329,242,413,383,275,353,338,341,331,288,165,154,309,242,387,344,261,305,295,301,300,269,157,151,284,237,355,300,242,256,249,259,264,243,147,146,254,229,319,254,218,515,480,438,362,261,139,115,337,180,436,478,254,507,475,440,372,276,148,125,344,195,443,474,266,492,462,434,376,287,154,132,346,206,444,462,272,469,442,421,372,291,158,138,343,216,438,444,273,438,413,400,361,288,158,141,333,221,425,417,269,403,381,373,344,281,156,142,319,223,405,386,260,362,344,341,319,267,151,141,299,222,380,349,246,318,303,305,291,248,143,138,276,217,351,309,227,274,262,266,258,225,132,132,250,208,318,267,204,513,479,434,357,254,136,112,333,174,430,476,249,505,472,434,362,265,141,119,336,185,434,471,256,488,459,426,362,270,145,123,336,193,433,458,259,467,438,412,356,271,146,126,330,198,425,438,257,438,412,392,344,266,144,127,319,200,411,413,250,404,381,367,326,256,140,127,304,200,392,384,240,367,346,337,304,243,134,125,286,198,369,350,227,327,309,304,276,225,126,122,264,193,342,313,209,285,270,267,247,202,115,115,240,186,313,274,188,512,476,430,350,247,131,109,327,168,425,473,243,501,468,426,351,250,133,112,327,173,424,466,245,484,453,417,345,250,133,112,322,176,418,451,243,462,432,401,337,247,131,113,314,178,408,432,238,434,405,381,323,240,128,112,302,178,393,407,229,401,377,356,304,229,123,112,287,177,374,378,219,367,344,328,283,215,115,109,269,174,353,346,204,329,308,296,258,199,109,106,249,169,328,311,189,291,273,265,231,179,100,101,227,163,303,276,170,509,475,426,343,239,127,105,322,162,419,470,236,497,463,418,337,235,125,104,316,161,412,459,231,478,446,404,327,229,122,103,307,160,401,443,225,454,423,386,313,222,118,101,296,158,387,421,217,425,397,365,298,211,112,100,282,156,371,396,206,394,367,340,279,200,107,97,267,153,352,367,196,360,336,313,258,186,100,94,250,150,331,336,181,325,303,285,236,171,93,91,231,147,310,304,167,288,269,254,212,155,85,88,212,142,286,270,151,507,472,422,336,231,122,101,316,155,413,467,229,492,458,408,323,219,115,97,305,149,399,453,219,470,437,390,307,206,110,93,292,143,383,432,208,443,412,368,289,195,104,90,277,139,364,408,196,413,384,345,270,183,98,87,261,135,345,380,184,380,353,320,250,171,92,84,245,132,326,351,171,347,322,293,231,158,86,82,229,130,306,321,159,313,291,266,210,144,80,80,212,127,286,290,145,280,260,240,191,131,74,78,196,125,267,260,132,505,470,417,329,223,118,98,311,149,407,463,223,487,451,399,309,204,108,90,294,137,387,446,206,461,426,375,286,186,100,84,276,128,364,421,191,429,398,348,263,170,92,80,257,121,340,392,175,395,367,321,242,156,86,78,239,117,318,361,161,361,335,294,222,143,81,75,223,114,297,330,149,328,304,269,202,132,75,74,206,112,278,300,136,295,273,244,185,120,70,73,192,112,260,271,125,264,244,219,167,110,65,71,178,112,244,242,113,503,467,413,323,216,114,94,306,144,401,461,218,483,447,390,296,190,101,84,285,127,375,440,196,453,419,361,266,166,90,77,261,113,346,411,174,416,384,328,238,146,82,73,238,107,316,376,155,376,347,296,212,130,77,72,218,103,289,340,140,338,313,267,191,119,73,71,200,103,267,306,128,303,281,241,174,110,69,70,186,103,249,275,118,272,252,218,159,101,65,69,173,103,233,247,108,243,225,197,145,93,60,69,162,104,220,222,100,501,466,409,318,210,112,92,302,140,397,459,213,480,444,383,285,178,96,79,277,119,366,436,186,448,413,349,249,148,83,72,249,103,331,404,160,408,375,310,214,125,76,71,223,97,294,364,138,360,330,271,184,110,73,70,200,96,261,320,122,312,288,238,164,101,70,70,181,97,237,279,112,275,254,212,149,95,66,70,167,98,220,247,103,244,227,192,137,89,63,69,156,100,208,221,96,219,204,175,126,83,59,69,147,102,199,200,89,501,465,408,315,206,110,90,300,137,394,458,211,478,442,379,279,170,92,76,272,112,361,433,180,446,411,342,237,134,77,71,242,97,322,400,150,405,372,300,194,106,75,71,214,93,279,359,125,356,326,252,158,98,72,70,189,94,241,312,110,302,275,208,141,93,69,70,168,96,213,262,101,250,231,185,130,88,66,70,153,97,197,222,95,221,206,169,122,83,63,69,144,99,189,199,89,199,187,156,113,78,59,69,137,101,183,181,84,501,465,407,314,204,109,90,299,136,394,458,209,478,442,377,276,167,90,75,270,110,359,432,178,445,409,339,234,128,77,71,239,95,318,398,146,404,371,296,187,100,75,71,211,93,273,357,121,355,325,247,138,97,72,70,185,94,235,309,103,300,274,196,128,93,69,70,163,96,204,257,97,242,223,171,122,88,66,70,147,97,188,212,92,212,199,158,114,83,63,69,139,99,181,189,87,192,181,146,108,78,59,69,133,101,177,173,82]}