{"c":"12632","n":"麓郷","la":43.30166666666667,"lo":142.52166666666668,"e":315,"t":[-8.8,-8.2,-3.4,4.1,10.4,15.1,18.9,19.8,14.6,7.8,0.9,-5.6],"s":[100,100,93,17,0,0,0,0,0,0,20,81],"i":[500,474,430,361,268,152,124,334,185,422,468,260,494,469,434,376,291,167,138,346,206,433,466,278,476,455,429,383,308,179,149,351,223,436,454,290,451,433,415,381,317,188,159,349,237,430,433,295,418,403,393,371,319,193,165,341,247,417,405,294,378,366,363,354,315,193,169,326,252,396,369,287,332,323,327,328,302,190,170,306,252,369,327,274,282,276,285,297,283,183,167,280,250,335,281,254,229,227,239,259,258,172,162,250,241,297,231,229,500,474,430,360,267,151,123,333,184,422,468,259,493,469,433,375,289,166,137,344,204,432,465,277,476,455,428,381,305,177,148,349,221,434,453,288,453,433,413,380,314,185,157,347,234,429,433,293,419,403,392,370,316,189,163,339,244,416,405,292,380,367,363,352,310,190,166,325,249,395,370,284,335,325,328,327,298,186,167,304,249,368,329,270,286,280,287,296,279,178,164,279,245,335,284,250,236,231,243,259,254,168,159,250,237,298,237,227,500,473,428,358,264,149,121,331,182,420,467,257,493,468,430,371,284,162,133,341,199,429,463,272,476,455,425,375,297,172,143,344,214,430,451,281,453,433,411,373,304,178,151,342,225,424,432,285,422,405,390,363,304,181,156,333,233,411,405,283,384,371,361,345,297,180,158,318,237,391,372,274,342,331,328,320,284,175,158,299,236,365,334,260,297,289,289,291,265,167,155,275,231,334,292,241,250,244,249,256,239,156,150,247,223,299,247,217,499,472,425,354,259,146,119,328,178,417,465,252,492,466,426,363,275,156,128,335,192,423,461,265,476,453,419,366,285,163,136,337,202,422,449,271,454,433,404,362,288,167,141,333,212,416,430,272,424,405,384,350,285,168,145,323,217,401,405,268,390,373,357,333,278,165,146,309,219,383,373,259,350,337,325,310,264,160,145,289,217,358,338,244,308,297,290,281,245,151,141,266,212,330,298,225,266,257,252,249,221,140,135,241,204,298,258,204,498,470,422,349,252,142,115,324,173,412,463,248,490,463,419,354,263,148,122,327,182,415,457,254,474,450,411,353,268,152,126,326,190,412,445,258,451,429,395,347,268,153,129,320,195,403,425,256,425,404,374,334,263,152,131,309,197,389,401,250,391,373,349,317,252,148,130,294,197,371,371,239,355,338,319,295,240,142,128,276,194,348,337,225,316,302,286,268,222,133,124,254,189,322,302,208,276,265,250,239,200,123,119,231,182,293,264,187,496,468,418,343,246,137,112,319,167,407,461,242,486,459,411,343,249,140,113,318,171,405,451,244,470,444,400,337,249,140,115,313,174,399,438,242,447,424,383,328,245,138,117,305,176,388,418,237,420,398,362,314,238,135,115,293,175,373,393,229,389,369,336,296,227,130,113,278,174,354,365,217,355,337,308,275,213,123,111,260,171,333,333,204,318,302,277,250,196,114,108,240,166,308,299,187,281,267,246,225,176,105,103,219,160,284,265,169,494,466,413,336,238,133,108,314,161,401,458,236,482,455,403,330,234,130,106,308,160,394,446,231,463,437,387,320,227,127,105,299,158,384,429,225,440,415,368,306,221,123,103,288,156,370,408,217,412,389,346,291,210,118,101,274,154,353,382,206,381,360,320,273,199,112,99,258,151,334,354,194,349,329,293,252,184,105,96,241,148,313,323,180,314,297,265,229,170,98,93,223,144,292,292,166,278,263,235,206,153,90,89,204,140,269,259,150,492,463,409,329,229,128,103,309,155,396,455,229,476,449,394,317,219,121,99,298,148,383,440,219,455,429,374,301,206,114,95,284,142,367,420,208,430,404,351,284,195,109,91,269,138,349,395,196,400,376,326,265,183,102,89,254,134,330,368,183,369,347,300,246,170,96,86,238,131,311,339,171,336,316,274,227,157,89,83,221,128,290,309,158,304,285,246,204,144,83,81,204,126,271,278,144,271,254,221,186,130,77,78,189,123,250,249,131,490,461,404,323,222,123,100,304,149,390,451,223,473,444,385,303,204,112,92,287,137,372,434,206,448,420,360,281,186,103,85,269,127,350,409,190,417,391,332,259,170,95,81,250,121,327,380,175,385,360,304,238,156,89,79,233,117,305,350,161,351,329,277,218,143,83,76,216,113,284,319,148,318,298,250,199,132,77,75,200,112,265,289,136,286,269,225,181,120,73,73,186,112,248,260,125,256,239,202,164,110,68,72,172,111,231,231,113,488,459,401,317,216,119,96,299,144,386,450,217,469,438,377,291,190,105,85,278,127,362,428,195,440,412,347,263,167,93,78,256,114,334,400,174,405,378,314,235,147,84,74,233,107,305,366,155,367,342,281,210,131,79,72,213,104,279,330,140,330,308,252,189,120,74,71,196,103,257,296,128,296,276,225,172,110,70,70,181,103,239,266,118,265,248,202,157,101,66,69,168,103,223,239,108,237,222,182,143,93,62,69,157,104,210,214,99,487,458,398,312,210,115,94,296,140,382,448,213,466,436,371,281,179,98,80,271,119,354,425,186,436,407,337,246,149,84,72,244,104,321,393,160,398,369,298,212,126,77,71,219,98,286,355,138,352,326,259,184,111,74,70,197,97,254,312,123,306,285,225,163,102,71,70,178,97,231,272,112,269,250,200,149,95,67,70,164,99,214,240,104,240,225,180,137,89,64,69,153,100,200,215,96,215,202,163,125,83,60,68,144,101,191,193,90,487,457,397,310,206,113,92,293,137,380,447,210,465,434,368,275,171,94,77,266,112,349,423,180,434,404,332,236,135,78,71,238,98,312,390,150,395,366,290,194,108,76,71,211,94,273,350,126,349,322,244,159,99,73,70,187,95,237,305,110,297,273,200,141,94,70,70,166,97,209,257,102,247,229,177,131,89,67,70,151,98,193,218,96,218,204,161,122,84,64,69,142,100,184,195,90,197,185,148,113,78,60,68,135,101,177,176,84,486,457,396,309,204,112,91,293,136,379,446,209,463,434,367,273,168,92,75,265,111,347,422,178,433,404,331,231,129,78,71,235,96,310,389,147,394,366,288,188,102,76,71,208,94,268,349,122,348,321,242,141,98,73,70,184,95,231,304,104,296,272,192,130,94,70,70,162,97,202,252,98,240,221,166,123,89,67,70,146,98,185,209,93,210,197,153,115,84,64,69,138,100,177,187,88,190,179,141,109,78,60,68,131,101,172,170,82]}