{"c":"12691","n":"幾寅","la":43.16833333333334,"lo":142.56833333333333,"e":350,"t":[-8.8,-8.3,-3.5,3.7,9.9,14.4,18.1,19.1,14.2,7.7,1.2,-5.4],"s":[100,100,95,31,0,0,0,0,0,0,17,81],"i":[505,463,420,352,275,161,136,340,200,434,463,262,499,459,423,365,299,178,153,353,225,446,459,281,482,445,418,372,316,193,168,359,246,449,448,294,455,423,404,370,327,202,180,359,263,444,428,300,422,394,382,360,329,209,189,351,275,430,400,299,381,358,354,342,324,210,194,337,282,411,365,292,334,317,319,318,312,206,196,317,283,384,323,279,283,271,278,287,292,199,193,292,279,350,277,259,231,224,234,250,267,187,187,261,270,311,229,235,505,463,419,351,274,160,135,339,199,433,463,262,499,458,422,364,297,177,152,352,223,444,459,279,482,445,417,370,314,190,167,358,243,448,448,291,457,424,403,368,323,200,178,357,259,443,428,297,423,394,382,358,326,204,186,349,271,430,400,296,383,360,354,341,320,204,191,335,277,409,366,289,337,319,319,317,307,202,192,315,278,383,325,275,288,275,279,286,288,194,190,290,274,350,281,256,236,227,237,250,262,182,184,261,265,312,234,231,505,463,417,348,271,158,133,337,196,430,462,259,498,458,420,360,291,172,148,348,217,441,458,275,483,445,413,365,305,184,161,352,235,443,447,285,458,424,400,362,313,191,171,351,249,438,426,288,426,396,379,352,313,195,178,343,258,426,401,286,388,362,351,334,307,194,181,329,263,405,367,278,345,324,319,310,293,189,181,309,263,380,330,264,299,283,281,281,273,181,178,285,258,349,288,245,250,239,242,247,247,169,172,257,249,314,244,221,505,462,415,345,266,154,130,334,192,428,459,254,497,455,415,354,282,166,142,342,209,434,455,267,480,442,408,356,292,174,152,344,222,436,444,274,459,423,394,351,296,179,159,341,233,429,425,275,429,396,373,340,294,180,164,332,240,416,400,271,394,365,347,323,286,178,166,318,242,398,369,262,354,329,316,300,272,172,165,299,240,373,333,248,311,290,282,272,252,163,161,276,235,345,294,229,268,250,245,241,227,151,155,250,225,313,254,206,503,459,412,340,259,150,126,329,186,424,458,250,495,453,409,345,270,157,134,333,197,426,451,257,479,438,400,344,275,162,140,333,206,425,440,260,457,419,385,337,276,164,145,327,213,417,420,259,429,394,365,324,271,162,147,317,216,403,396,252,396,365,339,307,261,158,147,302,217,385,367,242,359,331,310,285,247,152,145,284,214,362,333,227,320,296,278,259,229,143,141,263,208,337,298,210,279,259,244,231,206,131,135,240,200,308,260,190,501,458,408,335,252,145,121,324,179,418,455,244,492,449,401,334,256,147,125,324,184,417,447,246,475,434,390,328,256,148,127,319,188,411,433,244,451,413,374,319,252,147,129,311,191,400,413,239,425,389,352,305,244,143,129,299,191,386,389,231,394,361,328,288,233,138,127,284,190,368,361,220,359,329,300,267,219,131,125,267,187,347,329,204,321,294,269,243,202,122,121,247,181,323,295,189,285,261,240,217,182,112,114,225,175,298,262,170,500,455,404,328,244,139,115,319,172,412,453,237,488,445,393,322,240,137,114,313,171,405,442,233,469,428,378,312,234,134,113,304,169,395,425,227,445,405,360,298,225,129,112,292,168,381,404,218,417,381,337,283,215,124,111,279,166,365,378,208,386,351,312,265,204,118,108,264,163,346,350,196,353,321,285,244,189,110,106,247,160,327,320,181,318,290,258,223,175,103,102,229,156,305,289,167,282,257,229,200,158,94,98,210,151,283,256,151,497,453,399,322,235,133,111,313,164,405,450,229,483,440,385,309,224,126,106,301,157,393,436,220,461,420,365,294,211,120,101,288,151,377,415,208,434,396,343,277,199,112,98,273,146,359,391,196,405,368,319,259,187,106,95,258,142,341,364,184,373,339,294,240,174,100,92,242,139,322,335,171,340,309,268,221,161,93,90,225,137,302,305,158,307,279,241,200,147,87,88,209,134,283,275,145,274,249,215,181,134,80,85,193,132,264,246,131,495,451,395,316,227,128,106,307,157,400,447,224,478,434,377,297,208,117,97,290,144,381,430,206,453,411,353,276,190,106,90,272,133,359,405,191,422,383,326,254,173,98,85,254,126,336,377,175,389,353,298,233,159,91,82,236,122,314,347,161,355,323,272,214,146,85,80,219,119,294,316,148,322,292,246,195,134,79,79,204,118,276,287,136,289,263,222,177,122,74,78,190,117,258,258,125,259,234,198,160,112,69,76,176,117,242,229,113,494,449,392,310,220,124,102,302,151,395,445,218,474,430,369,285,194,108,89,281,132,370,425,196,445,404,340,258,169,95,80,258,118,342,396,174,409,371,309,231,149,85,76,235,110,313,363,155,371,336,277,206,133,79,74,215,106,287,328,140,333,303,248,187,121,75,73,198,105,265,294,127,299,272,223,170,112,70,73,184,106,248,264,117,268,244,200,155,102,66,72,171,107,233,237,108,239,218,179,140,95,62,72,160,108,220,212,99,493,448,390,306,214,120,99,299,147,391,443,213,471,428,364,276,182,101,83,273,123,362,421,186,441,399,331,243,151,85,73,246,105,328,390,160,401,363,294,210,126,77,72,220,99,293,353,138,355,321,256,182,111,73,72,198,98,261,311,122,309,281,224,162,102,70,72,180,99,237,271,112,271,248,199,147,95,67,71,166,101,221,239,103,241,222,179,135,89,64,71,155,102,209,214,96,216,199,162,124,83,60,71,147,105,200,192,89,492,447,388,303,211,118,97,296,144,389,442,211,470,426,361,270,174,95,78,268,115,357,419,180,438,397,327,233,136,78,72,238,98,319,387,149,399,360,287,193,108,75,72,212,94,279,348,125,352,317,242,159,98,73,72,188,96,242,304,110,299,269,200,141,93,70,72,167,98,214,256,102,248,227,177,131,89,67,71,153,100,199,217,95,219,202,160,122,84,64,71,144,102,191,194,90,198,183,147,112,78,60,71,137,104,185,176,84,492,447,388,302,209,117,96,296,142,388,442,210,470,426,360,268,171,94,77,266,112,355,418,177,438,396,325,229,130,77,72,236,96,316,386,146,398,359,285,187,101,75,72,209,94,273,347,121,351,316,240,142,97,73,72,185,96,236,302,104,298,269,192,130,93,70,72,164,98,206,252,98,241,220,166,124,88,67,71,148,100,190,209,93,210,195,153,115,83,64,71,140,102,183,186,88,190,177,141,109,78,60,71,134,104,179,170,82]}