{"c":"13146","n":"焼尻","la":44.428333333333335,"lo":141.42166666666665,"e":38,"t":[-3.6,-3.4,-0.1,5.1,9.7,14.1,18.2,20.5,17.6,12.0,4.6,-1.1],"s":[95,97,86,12,0,0,0,0,0,0,6,62],"i":[538,501,458,419,275,132,92,343,149,449,499,275,531,498,463,442,301,144,99,354,162,462,497,296,514,484,459,454,321,153,104,358,173,466,486,309,487,459,445,455,333,159,108,355,181,459,463,316,451,429,422,446,337,162,110,345,186,446,434,315,408,390,391,426,333,162,111,329,189,424,396,307,357,344,353,398,321,158,109,306,188,393,351,292,302,293,307,360,302,151,106,278,184,356,301,271,245,241,258,315,276,141,102,246,177,314,248,244,538,501,458,418,274,131,92,343,149,448,499,274,531,497,463,440,299,143,98,353,161,461,497,294,514,483,459,451,318,152,103,357,171,463,484,307,488,461,445,453,329,158,107,354,179,459,463,313,451,429,422,444,332,160,109,344,184,445,434,312,409,391,392,425,328,159,109,328,186,423,398,304,360,346,354,397,316,155,108,305,185,393,353,289,307,298,309,360,297,148,105,278,181,356,305,268,250,246,262,316,271,138,100,246,175,315,252,242,537,501,455,415,271,130,91,341,147,446,498,272,530,496,461,434,293,140,97,350,158,457,496,289,515,483,455,444,308,147,101,353,167,459,484,300,488,461,443,445,317,152,104,349,173,454,463,305,455,432,422,436,319,153,105,339,177,440,436,303,415,395,392,416,313,152,105,323,178,418,401,294,369,353,357,388,301,147,103,301,177,390,360,279,320,308,315,354,281,140,100,275,173,356,314,258,268,259,271,312,254,129,95,245,166,317,266,231,536,499,453,409,265,127,90,338,145,442,496,267,529,494,457,425,283,135,94,344,153,450,493,281,513,480,451,432,295,140,97,345,160,451,482,289,490,459,438,430,300,143,99,340,164,444,463,291,458,432,417,419,299,143,99,330,167,430,436,287,421,398,390,401,292,140,98,314,167,409,403,278,379,359,357,374,278,134,96,294,164,383,365,262,332,316,319,342,259,126,92,269,160,352,323,242,286,274,279,304,235,115,88,242,153,316,279,218,535,497,450,403,258,124,88,334,141,438,494,262,526,491,450,412,270,129,91,337,147,441,488,270,509,476,443,413,276,131,92,335,151,438,476,274,487,455,429,409,278,132,92,328,153,430,457,273,458,429,409,398,274,129,91,317,153,416,432,267,423,398,383,379,265,125,90,301,152,396,401,256,384,361,352,354,252,119,87,282,149,371,365,242,342,323,318,324,233,111,83,259,144,342,327,223,299,282,280,290,211,101,78,234,138,311,287,200,533,495,446,395,250,120,86,329,138,432,491,254,522,486,442,397,254,122,86,328,140,430,483,258,505,471,432,393,256,121,86,322,141,423,469,257,482,449,417,385,252,119,85,313,141,412,449,252,451,422,396,371,246,115,83,301,139,396,424,244,420,392,370,351,235,110,80,285,137,377,394,231,383,359,342,328,221,103,77,267,133,354,361,218,343,321,309,300,204,96,73,245,128,327,325,200,304,285,276,271,185,87,69,223,123,300,288,180,530,492,441,385,242,115,84,323,134,425,488,248,517,480,432,379,238,113,82,317,132,417,476,244,497,462,417,369,233,111,80,308,130,405,459,238,472,438,400,355,225,106,78,296,128,391,437,229,443,412,378,338,215,102,75,282,125,373,411,218,409,381,353,319,204,95,72,266,122,353,381,206,376,349,325,296,190,89,69,248,119,331,350,191,339,315,296,272,176,82,66,229,113,308,317,176,301,280,265,244,159,74,62,208,111,283,282,159,527,488,434,376,233,112,81,318,130,418,484,240,511,474,421,361,221,106,78,307,124,404,469,229,488,451,401,343,209,100,75,293,120,386,447,217,459,426,379,324,197,95,71,277,115,367,422,204,428,397,355,303,185,89,69,261,112,346,394,192,395,366,330,282,173,83,65,244,109,326,364,179,360,334,303,262,160,76,63,227,106,304,332,166,326,301,275,239,147,70,60,210,103,283,301,152,291,269,248,217,133,64,56,192,100,262,270,138,525,486,430,367,225,109,80,313,126,412,480,233,505,467,411,342,204,100,74,296,117,391,461,215,476,441,385,316,186,91,70,277,110,366,434,198,444,409,357,290,170,84,67,258,105,342,404,181,409,378,329,266,156,78,64,239,101,318,372,167,374,345,302,244,143,72,61,222,98,296,340,153,339,313,276,224,132,67,59,206,96,275,309,141,305,282,250,204,121,62,56,190,95,256,280,129,273,252,225,186,111,56,54,175,93,238,250,118,523,484,426,359,217,105,78,308,123,405,478,227,500,462,401,325,190,93,71,287,111,379,454,202,468,430,370,290,165,83,66,263,102,348,423,179,429,395,335,256,144,76,64,239,96,316,386,158,387,356,302,227,129,70,61,218,94,288,348,142,347,320,272,204,117,66,60,200,92,264,313,129,312,287,246,186,109,61,57,184,91,245,282,119,280,258,223,171,100,56,56,170,90,227,254,110,250,231,200,156,93,52,54,158,89,214,227,100,522,483,422,352,211,103,77,305,120,401,475,222,497,459,393,311,177,88,69,279,106,369,450,192,463,425,357,266,145,77,64,250,96,332,415,163,419,384,315,224,121,70,63,224,91,293,373,139,368,337,273,191,107,67,61,199,90,259,326,122,318,293,240,168,99,64,60,179,89,233,284,110,280,259,214,153,92,60,57,164,89,215,250,102,250,231,194,142,87,56,56,153,88,202,225,95,224,209,178,132,81,52,54,143,88,191,202,88,521,482,420,348,206,101,76,303,119,399,474,219,496,457,389,302,168,84,67,275,102,364,447,185,461,423,349,250,130,72,64,244,92,323,411,151,416,381,304,198,102,70,63,214,89,278,367,123,365,332,252,156,95,67,61,187,89,238,316,106,306,278,208,138,90,64,60,164,89,206,264,97,254,234,185,129,86,60,57,149,88,191,224,92,225,210,169,121,81,56,56,139,88,182,200,86,202,190,156,114,76,52,54,132,88,175,183,81,521,482,419,347,206,100,75,302,118,398,474,218,495,457,386,299,165,83,66,273,101,362,446,182,459,423,346,246,123,72,64,242,91,319,409,147,416,380,299,188,97,70,63,211,89,272,365,119,363,332,248,131,94,67,61,183,89,231,314,97,305,277,193,123,90,64,60,160,89,199,258,92,245,225,170,118,86,60,57,143,88,181,213,88,215,200,157,112,81,56,56,134,88,174,191,83,196,184,146,107,76,52,54,128,88,169,175,78]}