{"c":"13261","n":"達布","la":44.04833333333333,"lo":141.85666666666665,"e":30,"t":[-6.8,-6.3,-2.0,4.3,10.4,15.4,19.5,20.5,15.4,9.0,2.5,-3.4],"s":[97,100,87,12,0,0,0,0,0,0,17,75],"i":[521,479,426,373,249,120,91,325,149,426,475,247,515,475,430,390,269,128,97,334,162,438,473,263,498,462,425,398,284,135,101,337,172,440,462,272,471,438,412,398,292,139,105,333,180,434,441,276,437,409,390,388,294,140,106,323,185,420,412,274,395,372,362,371,289,139,107,307,188,399,376,266,346,329,327,345,278,136,106,286,187,370,334,252,294,282,285,312,261,129,103,260,183,335,287,234,239,233,240,273,238,121,99,229,177,296,237,211,521,479,426,372,248,119,91,324,149,426,475,246,514,475,429,388,268,128,96,333,161,436,473,261,497,461,425,396,282,134,100,335,171,438,461,271,472,438,411,396,289,137,104,332,178,433,441,274,438,409,390,387,290,139,105,322,183,419,412,272,397,374,362,369,285,137,105,306,185,398,377,264,349,331,327,344,274,133,104,285,184,370,336,250,298,286,287,311,256,127,102,259,181,335,290,231,245,237,244,273,233,118,98,229,174,297,242,208,521,479,424,369,246,118,90,323,147,424,475,244,514,474,428,384,263,125,95,330,158,433,472,257,498,461,422,390,274,130,98,332,167,434,461,265,473,440,409,389,280,133,101,327,173,428,441,267,441,412,389,379,280,133,102,317,176,413,413,264,401,377,362,361,273,131,102,302,178,393,380,254,358,337,329,336,261,127,100,281,176,367,341,241,310,294,291,306,243,120,97,257,172,334,298,223,260,249,250,269,220,112,94,229,166,299,252,200,520,476,422,365,241,115,89,320,145,421,473,241,513,472,424,376,254,122,92,325,153,426,469,250,497,458,418,380,263,125,95,325,160,426,458,256,474,438,405,377,266,126,96,320,164,419,438,256,443,412,385,366,263,125,97,309,166,405,413,250,408,379,359,348,254,122,96,294,166,386,382,242,367,342,328,324,242,117,94,274,164,360,346,227,322,302,293,295,225,110,91,252,160,331,306,210,277,261,256,262,202,101,86,225,153,298,265,189,518,475,419,360,236,113,87,316,142,417,471,236,509,469,418,366,244,117,89,319,147,419,466,242,494,455,411,366,248,118,90,316,151,416,453,244,471,434,397,360,248,118,91,309,153,407,434,242,443,409,377,348,243,114,90,298,153,392,409,235,409,379,352,330,233,111,88,283,152,373,380,225,371,343,323,308,220,105,85,264,149,349,346,211,331,307,292,280,202,98,82,243,145,322,310,194,289,269,256,250,183,90,78,219,139,292,271,175,516,473,415,353,229,111,85,312,138,411,468,231,505,463,411,354,231,112,86,311,140,409,461,231,490,449,401,349,231,111,85,305,141,401,446,229,467,429,386,340,227,108,84,296,141,391,426,225,438,403,365,326,220,104,82,283,139,375,401,217,407,374,341,308,209,99,80,268,137,356,374,204,371,341,314,286,196,93,77,250,134,334,342,192,332,306,283,261,180,87,74,229,129,308,307,176,294,271,252,235,162,79,70,210,125,283,273,158,514,471,411,346,222,108,83,308,134,405,465,225,501,459,401,340,218,106,82,302,133,398,454,221,483,442,389,330,213,103,80,292,131,387,438,215,458,420,371,316,204,98,78,281,128,372,416,206,429,393,350,300,195,94,75,267,126,355,391,196,397,364,326,282,184,88,72,250,123,335,362,185,364,333,300,260,170,82,70,234,120,314,332,171,328,300,272,239,157,76,67,216,115,292,300,157,291,267,243,214,141,69,63,197,112,267,267,141,512,468,407,338,215,105,81,303,130,400,462,219,496,454,393,325,204,100,78,292,125,386,448,210,474,433,375,309,194,95,75,279,121,369,426,199,446,408,354,291,182,90,72,264,117,351,403,188,416,380,331,272,171,84,69,249,112,331,376,176,383,350,307,252,159,79,67,233,110,311,347,163,349,319,281,233,147,73,64,216,108,290,317,151,316,288,254,212,134,68,62,200,105,270,286,138,282,257,229,192,121,62,59,183,102,249,256,125,509,465,401,331,209,102,80,298,127,394,459,214,491,448,385,310,192,95,75,283,119,375,441,199,463,423,362,287,175,88,71,266,112,352,416,184,432,394,336,264,161,82,68,248,106,328,387,169,398,363,309,243,147,76,65,229,103,306,357,155,364,332,283,223,135,71,63,213,100,284,326,143,330,301,259,202,124,66,61,198,98,264,296,131,297,271,235,185,112,62,59,183,97,246,267,120,265,241,211,168,103,56,56,168,95,227,239,109,508,463,399,325,202,100,78,295,124,389,457,209,486,443,377,297,180,90,72,275,112,364,434,189,455,415,348,267,158,82,68,254,104,335,405,169,418,381,317,238,140,76,65,231,98,306,372,151,378,344,286,212,126,71,63,212,95,279,336,136,340,310,258,192,114,67,62,194,94,256,302,124,305,278,234,174,106,63,60,179,93,238,272,113,273,249,211,159,97,59,59,166,93,221,245,105,245,223,190,145,90,55,56,154,92,206,219,96,505,462,396,319,198,98,77,292,121,385,455,204,484,440,370,286,170,87,70,269,108,356,430,181,451,409,338,249,143,77,66,244,97,322,399,156,409,371,300,213,122,72,65,219,93,286,360,136,361,327,263,184,109,69,64,196,92,254,317,120,313,285,231,163,101,66,62,177,91,229,277,110,275,252,206,148,94,62,61,162,91,212,245,101,245,225,187,137,87,57,59,151,91,198,219,94,220,202,171,126,81,54,57,141,91,188,198,87,505,461,394,316,195,97,77,290,120,383,454,202,482,438,366,279,163,84,69,265,104,351,429,175,449,407,332,237,131,74,66,238,94,314,396,147,407,368,291,192,107,72,65,211,91,273,355,124,357,323,246,157,99,69,64,186,91,235,309,108,302,272,204,140,94,66,62,164,91,206,260,100,250,229,182,130,89,62,61,149,91,190,221,94,222,206,167,121,83,57,59,139,91,181,198,87,200,186,154,112,78,54,57,131,91,173,180,82,505,461,393,315,194,96,76,289,119,382,453,202,482,438,364,277,160,83,68,263,103,349,428,173,448,405,329,233,125,74,66,235,92,311,394,144,405,367,288,185,102,72,65,208,91,268,354,120,356,322,242,136,98,69,64,182,91,229,307,101,301,271,193,127,94,66,62,160,91,199,254,96,242,222,170,121,89,62,61,144,91,182,212,91,213,198,157,114,83,57,59,135,91,173,189,85,193,180,145,108,78,54,57,128,91,168,173,80]}