{"c":"14026","n":"浜益","la":43.58166666666666,"lo":141.38666666666666,"e":3,"t":[-3.6,-3.4,0.0,6.0,11.1,15.7,19.7,21.2,17.1,11.2,4.8,-0.7],"s":[99,100,94,18,0,0,0,0,0,0,11,74],"i":[525,492,451,386,259,128,93,331,144,430,490,258,518,488,457,404,280,138,99,339,155,441,488,274,501,473,451,413,296,146,103,342,164,443,475,285,473,450,437,413,304,151,107,337,170,437,454,289,438,418,413,403,306,153,108,327,174,423,424,287,396,380,383,384,301,151,109,311,176,401,386,279,346,335,345,357,290,148,108,288,175,373,342,265,292,285,300,323,271,141,105,262,171,337,293,245,237,234,250,282,247,131,101,231,165,298,241,220,525,492,451,385,258,127,93,330,144,430,490,257,518,487,455,403,278,137,98,338,154,440,487,273,500,473,451,411,293,144,103,341,162,442,475,283,475,450,437,411,301,149,106,336,168,436,454,287,438,419,413,401,302,151,107,326,172,422,424,285,398,382,383,382,297,149,107,309,174,400,388,276,349,337,346,356,285,145,106,288,172,372,344,262,298,290,302,322,267,138,103,261,169,338,296,242,244,239,254,282,242,128,99,231,163,299,246,218,525,492,450,383,254,126,92,329,143,428,488,254,517,486,454,398,273,135,97,336,151,437,486,269,501,473,449,404,285,141,100,337,159,438,474,277,476,451,436,403,291,144,103,332,164,430,454,279,443,421,413,393,291,145,104,322,167,417,426,276,403,385,384,375,284,143,104,305,167,396,391,267,359,344,349,348,271,138,102,285,166,370,351,252,310,300,308,317,252,130,99,259,162,337,306,233,260,252,265,278,229,121,95,231,155,302,259,209,524,490,448,379,250,124,91,326,141,425,487,250,516,484,450,390,264,130,94,331,147,430,484,262,500,471,445,394,273,134,97,331,153,430,472,267,476,450,430,390,276,136,98,325,156,423,453,268,446,422,409,379,273,135,99,314,158,409,426,263,409,388,382,362,266,132,98,298,157,389,393,252,368,350,350,336,252,127,96,278,155,363,356,238,322,309,312,306,234,119,92,254,150,334,314,220,278,266,272,271,211,109,88,229,144,301,272,197,522,488,445,373,244,121,89,322,138,421,484,246,514,480,444,379,254,125,91,324,142,423,480,252,498,467,437,379,257,127,92,322,145,420,467,254,475,446,422,373,258,126,93,314,146,411,448,252,446,420,401,361,252,124,92,303,146,396,423,246,412,388,376,343,242,119,90,287,145,377,392,235,373,352,345,319,229,112,87,268,142,353,356,221,332,315,311,291,211,106,84,246,137,326,319,202,290,275,274,260,191,96,79,223,131,296,280,182,521,486,441,366,238,118,87,318,135,416,482,240,509,476,436,366,240,119,88,316,136,413,475,242,493,462,426,361,240,118,87,311,136,405,459,240,470,440,411,352,235,115,86,301,136,395,440,234,441,413,390,338,227,112,84,288,134,379,415,225,409,384,364,319,217,106,82,273,132,360,386,214,373,350,336,297,204,100,79,254,128,338,353,200,334,314,303,271,188,92,75,234,124,313,317,184,296,278,271,243,168,83,71,213,119,288,281,165,518,483,436,358,229,113,85,314,131,409,479,234,505,472,426,352,225,112,84,308,130,401,468,229,486,454,413,341,220,109,82,298,127,391,451,223,462,430,395,327,213,104,80,286,125,376,429,215,433,404,373,311,202,99,77,272,122,359,403,204,400,374,348,292,191,94,74,256,119,340,374,192,366,342,320,270,176,87,71,239,115,319,342,178,330,309,291,247,163,80,68,220,112,296,310,163,293,274,260,221,146,72,65,200,108,273,276,147,516,480,430,350,223,111,83,309,128,404,476,227,500,466,417,336,212,105,80,298,123,391,461,218,478,445,398,319,200,100,77,285,119,374,440,206,450,419,376,301,188,94,74,270,114,355,415,194,419,390,352,281,176,88,71,254,111,336,387,182,386,360,326,261,164,82,68,238,108,316,357,169,352,328,300,241,151,76,66,221,105,295,326,156,318,295,271,219,138,70,63,204,102,275,295,143,284,264,245,199,125,64,60,187,100,254,264,129,513,478,426,342,216,108,82,304,125,399,473,222,495,459,407,321,198,99,77,289,117,379,454,206,468,434,383,297,181,92,73,271,111,357,428,190,436,404,355,273,165,85,69,252,106,333,398,174,401,372,327,250,151,79,67,235,102,310,367,160,367,340,300,229,139,73,65,218,100,289,335,147,332,308,274,210,128,68,63,202,98,269,305,135,299,278,248,191,115,63,60,186,96,250,275,123,267,248,224,173,106,57,57,172,94,234,246,112,512,476,422,336,209,105,80,301,122,394,470,217,490,455,398,307,185,94,74,281,112,369,448,195,459,426,368,275,163,85,69,259,104,340,418,174,422,390,334,245,143,78,67,237,99,311,382,155,381,352,300,218,128,72,65,216,96,284,345,140,342,317,271,196,117,68,63,198,94,261,310,127,307,284,245,178,108,63,62,183,93,242,279,117,275,254,221,163,99,59,60,169,92,225,250,107,246,227,200,149,91,54,57,157,92,212,225,98,511,475,419,330,204,103,79,298,120,390,468,212,488,451,391,295,175,90,72,275,108,361,443,187,455,420,355,256,146,79,67,249,99,327,409,161,413,380,315,218,124,73,66,223,94,291,369,138,364,334,274,188,110,69,65,200,93,258,324,122,315,291,240,166,102,66,64,180,92,233,282,111,277,257,214,151,94,62,62,165,92,216,249,102,246,229,194,139,88,57,60,153,92,202,223,95,221,206,177,128,82,54,59,143,91,193,200,88,509,474,417,327,200,101,78,296,119,388,467,210,486,450,386,288,168,87,70,271,105,356,441,181,453,418,348,243,134,75,67,243,96,319,405,151,411,377,304,197,108,72,66,215,93,279,364,126,361,330,254,159,99,69,65,189,92,240,315,109,305,278,209,140,94,66,64,167,92,211,264,100,252,233,185,130,89,62,62,151,92,194,223,94,222,208,169,122,84,57,60,141,91,185,200,88,200,188,156,114,78,54,59,133,91,178,182,82,509,474,416,326,200,101,78,295,118,387,466,209,486,450,384,286,165,85,70,269,104,355,440,178,451,418,345,240,128,75,67,241,94,316,405,147,409,377,300,190,102,72,66,213,93,274,362,121,360,330,250,137,99,69,65,186,92,235,313,102,304,277,196,127,94,66,64,163,92,204,259,96,244,225,171,121,89,62,62,145,92,186,213,91,213,200,158,114,84,57,60,136,91,178,190,85,193,182,146,108,78,54,59,129,91,173,174,80]}