{"c":"14071","n":"厚田","la":43.39833333333333,"lo":141.43666666666667,"e":5,"t":[-4.2,-3.8,-0.4,5.4,10.7,15.1,19.1,20.7,16.4,10.4,4.2,-1.4],"s":[100,100,96,18,0,0,0,0,0,0,10,74],"i":[516,480,446,396,274,140,103,338,157,445,480,270,509,476,450,415,299,153,111,349,170,457,479,289,492,462,445,424,316,163,118,352,181,459,467,301,465,438,430,424,327,170,123,349,190,454,445,307,430,408,408,413,330,173,126,339,196,441,416,306,389,371,377,395,325,173,127,323,198,419,379,297,340,327,339,367,313,169,126,301,198,389,336,283,288,280,295,331,293,161,124,274,194,353,288,262,234,229,247,289,267,151,119,243,187,312,237,236,517,480,446,395,273,140,102,338,156,445,480,269,509,475,450,413,297,152,110,348,169,455,478,287,492,462,445,422,314,162,117,351,180,459,466,299,467,438,430,422,323,168,121,348,188,454,446,304,432,409,407,412,325,171,124,338,193,438,416,303,391,373,377,393,320,170,125,322,195,418,381,294,344,330,340,366,308,166,124,300,195,389,338,280,293,284,297,331,288,158,122,274,191,353,291,259,240,235,250,289,262,148,117,243,184,313,242,233,516,480,445,392,270,138,101,336,155,443,480,267,509,475,448,408,291,149,108,345,166,451,476,283,493,461,442,415,305,157,113,347,175,454,466,292,468,440,429,413,312,162,118,343,182,449,446,296,436,411,408,404,313,164,120,333,186,434,418,294,396,376,378,385,306,162,120,317,188,413,384,284,352,336,344,358,293,157,119,296,186,386,344,269,305,293,303,325,273,149,115,271,182,353,300,249,256,247,261,286,247,138,111,242,175,316,254,224,515,479,442,388,265,135,100,333,152,438,479,263,508,473,444,400,281,144,105,339,161,446,475,275,492,459,438,405,292,149,109,340,168,446,463,282,469,438,424,401,296,152,112,335,173,438,444,283,438,412,404,390,294,152,112,324,175,426,418,279,401,379,376,372,286,149,112,309,175,405,386,269,362,342,344,345,272,143,110,289,173,379,349,254,317,301,307,315,252,135,107,265,168,349,308,234,273,260,268,279,227,124,102,239,162,315,267,210,514,476,438,382,259,132,98,329,149,434,476,258,505,470,438,389,269,137,101,332,155,438,471,265,488,455,430,389,274,140,103,330,159,434,459,268,466,434,416,384,275,140,104,323,161,426,438,266,438,409,396,371,270,138,104,312,162,412,413,260,404,379,370,352,260,134,102,296,160,393,384,249,366,343,339,328,246,127,100,277,157,368,350,234,326,307,306,299,227,119,96,254,152,341,313,215,285,269,269,267,206,109,91,231,146,310,274,194,512,475,434,375,250,128,95,325,145,429,474,250,501,466,430,376,254,129,96,323,147,426,466,252,484,450,420,371,254,129,96,318,148,421,451,252,462,430,405,361,250,127,96,309,148,409,432,246,434,404,384,347,244,123,94,296,147,394,407,238,401,374,359,328,231,118,92,281,144,375,378,225,366,342,331,305,218,111,89,263,141,352,346,212,328,306,298,279,200,103,85,242,136,327,311,194,290,271,267,250,181,93,80,221,131,301,276,175,509,472,430,367,243,124,93,320,141,423,471,244,497,461,422,360,239,121,91,314,139,415,459,240,478,443,407,350,233,118,90,304,137,404,443,234,454,421,390,336,225,113,87,293,135,389,421,225,425,394,368,319,214,108,85,279,132,372,396,214,393,365,343,300,202,102,82,263,129,352,367,202,360,333,315,277,188,95,79,245,126,331,336,187,325,301,287,254,174,88,76,227,122,309,304,172,288,267,256,227,156,80,72,206,118,284,270,155,508,470,426,358,235,119,90,315,137,417,468,237,492,455,412,344,223,112,87,304,131,403,453,227,470,434,393,327,211,107,83,290,126,386,433,215,443,409,371,308,198,101,80,275,122,366,408,202,413,381,347,288,186,94,77,259,119,347,380,190,380,351,322,267,173,88,74,242,114,327,351,176,346,320,296,247,160,81,71,225,112,306,320,163,313,288,267,225,146,75,69,208,110,285,290,149,279,258,241,204,133,69,66,192,107,265,259,135,505,467,421,351,227,114,88,310,133,409,465,231,487,450,401,328,206,106,82,294,124,390,446,214,461,425,378,304,189,97,77,275,117,367,421,197,429,396,351,279,172,90,74,256,111,342,392,180,395,365,323,256,158,83,71,238,107,319,361,165,361,333,296,235,144,77,68,221,105,297,330,152,327,302,270,214,133,71,66,204,103,278,300,140,294,272,245,195,121,66,64,190,101,259,270,127,263,242,221,177,111,61,62,175,100,242,242,115,504,465,417,344,219,112,86,305,129,405,462,225,483,445,394,313,193,99,78,285,118,379,441,202,453,417,364,281,168,88,73,262,108,349,411,179,416,383,331,249,147,80,69,239,102,318,376,159,376,346,298,222,132,74,68,218,99,290,340,143,338,311,269,200,120,70,66,200,98,267,306,130,303,279,243,181,111,65,65,185,97,248,275,119,271,250,219,166,101,61,63,171,96,231,247,110,243,224,198,151,94,56,61,159,96,219,221,100,503,463,413,338,214,109,84,302,127,401,459,220,480,442,387,301,181,94,75,278,112,370,436,192,448,411,352,261,150,81,70,250,101,334,404,164,408,373,312,222,126,74,68,225,96,296,364,141,360,329,272,190,111,70,67,200,95,263,320,124,312,287,239,168,102,67,66,181,95,237,279,112,274,252,213,152,95,63,65,166,95,219,247,103,244,225,192,141,89,59,63,155,95,206,221,96,218,202,175,130,83,55,62,145,95,197,199,89,501,463,412,335,210,108,83,300,125,399,459,217,479,441,382,294,173,90,73,273,109,365,434,186,446,409,345,248,136,76,69,244,97,325,400,153,405,371,302,200,107,73,68,215,94,282,359,127,357,325,254,160,98,70,67,189,94,242,312,109,302,275,209,141,93,67,66,167,94,213,262,100,250,231,185,131,89,63,65,151,94,196,222,94,221,206,169,122,83,59,63,142,94,187,198,88,199,186,156,114,78,55,62,135,95,180,180,83,501,463,411,334,209,107,83,299,125,398,459,216,479,440,380,291,170,88,72,272,107,363,433,183,446,409,342,244,129,75,69,242,96,322,399,149,404,370,298,192,101,73,68,213,94,277,358,122,356,325,249,137,97,70,67,186,94,237,310,101,301,274,197,126,93,67,66,163,94,204,257,95,243,223,171,121,88,63,65,146,94,187,212,91,212,198,157,114,83,59,63,137,94,179,189,86,192,180,146,108,78,55,62,131,95,175,173,81]}