{"c":"14286","n":"支笏湖畔","la":42.77166666666667,"lo":141.40666666666667,"e":290,"t":[-4.9,-4.6,-1.4,4.4,9.5,13.6,17.4,19.3,15.6,9.9,3.3,-2.4],"s":[66,76,37,3,0,0,0,0,0,0,2,23],"i":[488,426,401,350,275,181,155,335,202,430,438,269,480,422,404,363,299,202,178,348,227,441,436,288,465,409,399,369,316,221,198,354,249,442,425,302,440,390,385,367,326,234,214,353,265,434,405,309,407,363,365,356,328,242,224,346,277,418,378,309,368,331,337,339,323,244,229,331,282,394,346,302,323,294,304,314,310,240,229,310,282,362,307,288,274,252,265,284,291,231,224,283,275,323,264,268,224,211,224,248,264,216,214,250,263,280,220,243,488,426,401,349,274,179,154,334,200,430,438,267,480,422,404,362,297,200,177,347,225,440,436,287,465,409,398,367,313,218,196,353,246,441,424,300,441,390,385,365,322,229,210,351,262,433,405,306,408,364,364,355,324,237,220,343,272,417,379,305,370,332,337,337,318,238,225,329,277,393,346,298,326,295,304,313,305,234,225,307,276,361,308,284,279,256,267,283,285,224,219,281,269,324,267,264,229,215,227,247,259,209,209,250,257,281,224,238,488,426,401,347,271,176,151,332,198,428,438,265,480,421,401,358,291,195,171,343,219,436,434,281,465,409,396,362,305,209,188,347,237,436,423,292,442,390,383,359,312,219,200,345,250,428,405,296,411,364,363,348,312,223,208,336,259,413,379,294,374,334,337,330,305,223,211,321,262,388,348,286,333,299,306,306,291,217,210,301,260,359,313,272,289,262,270,278,271,206,204,275,252,323,274,252,243,223,233,244,245,192,193,246,240,284,233,227,487,425,399,343,266,172,147,329,193,425,437,260,480,419,399,351,282,186,163,337,210,430,433,273,463,407,392,353,292,197,175,338,223,429,421,281,442,388,378,348,296,202,184,335,233,420,403,282,413,364,359,336,293,204,189,325,238,404,379,278,379,335,334,319,285,202,190,310,239,381,349,269,341,303,305,296,270,196,187,289,235,352,316,254,299,267,272,269,250,185,180,265,227,320,279,235,258,231,237,237,225,170,169,238,215,283,242,211,486,424,396,338,260,166,141,324,186,420,434,254,478,417,394,342,270,175,152,328,198,422,429,263,462,404,386,341,275,182,160,327,206,418,417,266,440,385,372,334,275,184,165,321,212,407,399,265,413,362,352,321,270,183,166,310,214,390,376,258,381,334,328,304,260,178,165,294,213,369,348,247,345,303,300,282,246,171,161,274,208,342,316,233,307,271,270,256,227,160,153,252,199,312,283,214,268,237,238,227,204,146,142,227,188,278,248,193,484,422,393,333,252,160,134,319,179,415,433,248,475,413,388,332,256,163,139,318,184,412,425,250,458,399,377,326,256,165,142,313,187,404,412,249,436,380,362,317,250,163,143,304,189,391,393,244,409,357,342,302,244,160,142,291,187,373,369,235,379,330,319,284,231,153,138,275,184,352,342,223,345,301,293,264,218,145,133,257,178,327,313,209,308,269,263,240,200,135,126,235,171,298,280,192,273,238,235,215,180,122,115,213,161,269,249,172,482,420,389,327,244,153,128,313,172,409,430,241,471,409,381,320,240,150,126,307,170,401,420,237,451,394,367,310,234,147,124,298,168,388,404,229,429,373,350,296,225,142,122,285,165,372,384,221,401,350,329,281,215,136,118,271,161,352,360,210,371,323,306,263,202,129,112,254,156,330,333,198,339,294,280,242,188,120,108,236,151,306,304,183,306,265,254,221,174,111,101,217,144,281,275,168,271,235,225,197,156,100,93,196,137,254,244,151,480,418,386,320,236,146,121,307,164,403,428,234,466,405,373,308,225,137,112,296,155,388,415,223,445,387,356,292,212,129,107,281,148,370,396,211,420,365,336,275,199,121,101,266,141,350,373,199,391,339,313,257,187,112,96,249,136,328,348,186,360,312,290,238,174,106,91,231,130,305,320,172,327,284,265,219,160,97,86,215,126,282,292,159,295,256,239,198,147,90,81,197,121,258,263,145,263,227,214,179,133,81,75,179,115,235,235,131,479,416,382,314,227,139,113,302,156,397,425,227,462,401,366,296,209,125,101,284,142,376,409,210,437,380,344,274,191,112,91,265,129,352,387,193,408,355,320,252,174,102,84,246,121,327,361,176,376,327,295,231,159,94,78,227,113,302,333,162,343,299,269,212,145,87,73,210,110,277,304,148,311,271,245,193,134,80,70,193,106,254,275,136,279,243,222,175,122,74,66,177,103,233,248,124,249,216,199,159,112,67,61,162,100,213,221,112,476,413,379,309,221,134,108,297,150,392,424,221,458,398,359,285,195,113,90,274,129,366,405,198,430,374,333,257,170,98,78,250,113,335,379,175,397,345,304,229,149,86,70,227,103,304,349,155,360,313,275,206,133,79,66,206,98,274,316,139,323,283,248,186,121,73,63,189,95,248,285,127,290,254,224,169,112,68,60,173,93,227,256,115,259,227,202,154,102,63,56,159,92,206,229,106,231,202,181,139,94,57,55,146,91,190,204,97,476,413,376,305,216,129,104,293,145,388,422,217,455,396,354,275,183,105,81,267,119,357,401,188,426,370,325,242,153,85,67,239,100,321,374,160,390,338,291,210,128,75,64,213,92,283,340,138,346,302,256,182,112,70,62,190,89,248,301,122,301,265,225,162,103,67,60,171,88,219,264,111,265,235,202,147,96,63,57,156,88,199,234,102,235,210,182,135,90,59,56,144,88,183,209,94,210,188,165,123,83,55,53,133,87,169,188,87,475,413,375,302,212,126,100,290,142,386,421,213,455,394,350,270,176,98,75,261,112,352,400,181,425,369,320,233,138,76,65,231,93,312,371,149,387,336,283,193,109,73,64,204,87,269,336,125,343,298,242,159,99,70,62,180,87,227,295,109,293,256,202,141,94,67,60,159,87,196,250,101,244,218,180,130,89,63,57,143,87,176,214,94,215,195,164,121,84,59,56,133,87,164,191,88,193,176,150,112,79,55,53,124,87,154,173,82,475,413,374,301,211,125,100,290,141,385,421,213,454,394,349,268,172,96,73,260,110,350,399,179,425,368,318,229,132,75,65,229,91,310,370,146,387,336,281,188,102,73,64,202,87,264,334,121,342,298,239,144,98,70,62,177,87,222,293,104,292,256,195,130,94,67,60,155,87,188,248,97,238,212,170,124,89,63,57,138,87,167,206,92,206,189,156,115,84,59,56,128,87,156,184,86,187,171,144,109,79,55,53,121,87,148,167,81]}