{"c":"15041","n":"朱鞠内","la":44.281666666666666,"lo":142.16166666666666,"e":255,"t":[-9.6,-9.2,-4.3,2.4,8.5,13.9,17.9,18.8,13.4,6.9,0.3,-5.9],"s":[100,100,100,91,22,0,0,0,0,2,52,99],"i":[505,455,400,340,237,120,93,318,155,430,454,231,500,453,404,354,256,129,99,327,170,442,451,246,484,440,399,360,269,136,104,331,182,447,441,254,459,419,386,359,276,140,108,329,191,445,421,258,425,391,366,350,277,143,111,321,198,437,394,256,386,357,340,334,272,143,112,308,200,421,361,249,339,317,307,310,261,141,112,290,200,399,321,237,289,272,270,281,245,136,110,267,198,371,277,221,237,225,227,246,224,129,107,240,191,340,231,200,505,455,400,339,237,120,92,317,155,429,454,231,500,451,403,352,254,128,98,327,169,441,451,245,483,438,398,359,266,134,103,330,180,446,440,252,459,419,386,357,273,139,107,328,189,444,421,256,426,391,366,348,274,141,109,320,195,434,394,254,387,358,340,332,268,141,110,306,198,420,362,247,342,318,308,309,257,138,110,288,198,398,323,235,293,275,271,280,241,134,108,266,195,371,280,218,242,229,231,246,219,127,105,240,188,340,234,197,505,455,399,337,234,118,92,316,153,426,453,229,499,451,401,349,249,126,97,324,166,437,450,241,484,438,396,353,260,131,101,326,175,442,438,248,459,419,383,350,264,135,104,323,183,438,421,250,429,393,364,341,264,136,106,315,188,430,395,247,391,360,338,325,257,135,107,302,190,415,363,239,349,323,308,302,246,132,106,284,189,395,327,227,303,282,273,274,229,127,104,263,185,369,286,210,254,240,236,242,206,120,101,238,179,341,244,190,504,454,397,333,229,117,91,313,151,424,451,227,497,449,398,342,242,122,94,319,160,432,448,235,482,436,391,344,249,126,98,319,168,434,437,240,459,417,379,340,250,128,100,315,173,430,419,240,430,392,360,329,248,128,101,307,176,421,394,235,396,361,335,313,241,126,100,294,177,407,364,227,357,327,306,291,229,123,99,277,175,387,330,214,314,288,274,265,212,117,97,256,171,365,292,198,271,250,240,235,192,110,93,234,165,339,254,179,503,453,394,329,225,113,89,310,147,420,450,223,495,446,392,333,233,118,91,312,153,424,445,227,479,433,385,332,235,119,93,311,158,423,432,229,458,413,371,326,235,120,94,305,161,418,413,227,430,389,352,314,229,118,93,295,162,408,390,221,397,360,329,297,220,114,92,282,162,394,362,211,360,327,301,276,208,111,91,266,159,376,329,199,321,292,271,250,192,106,88,247,154,356,295,183,281,256,239,224,173,99,84,227,149,333,259,166,501,450,391,323,219,112,87,306,143,415,447,218,491,442,386,323,221,112,88,304,146,413,440,219,475,428,376,317,220,112,88,300,147,409,426,217,451,408,361,308,216,110,87,292,148,401,407,211,425,383,341,295,209,108,86,281,147,391,383,204,394,355,318,278,198,104,84,268,145,377,356,193,359,324,293,258,186,99,82,252,142,361,325,181,322,291,264,235,171,94,79,235,138,342,292,167,285,258,235,210,154,88,76,217,133,324,259,151,499,448,387,317,213,109,85,301,139,409,445,213,487,437,378,311,209,107,84,296,137,403,434,209,468,421,365,301,202,104,82,288,136,394,418,202,444,399,348,288,196,101,80,277,134,383,397,195,416,374,328,273,186,97,79,265,131,371,373,186,385,346,305,256,176,93,76,250,129,357,345,175,353,316,279,236,163,89,74,236,126,342,316,162,318,285,254,215,150,84,72,221,122,326,286,150,282,252,225,193,135,79,69,204,119,308,254,135,496,446,383,311,206,106,83,297,134,403,442,208,480,432,370,298,197,101,80,287,129,392,428,199,459,413,353,284,186,97,77,275,124,378,409,189,433,389,333,267,175,93,75,262,120,363,385,178,404,362,311,250,164,88,72,248,117,348,359,167,372,334,288,231,153,84,70,234,113,333,331,156,339,304,263,213,141,80,69,219,112,319,302,145,306,274,238,193,129,76,67,204,110,305,273,133,274,245,214,174,117,72,65,191,108,291,244,121,494,443,379,304,200,103,81,292,130,398,438,202,476,426,363,286,185,96,77,278,121,380,422,189,451,404,341,266,170,90,73,262,113,361,399,175,420,376,317,245,155,85,70,246,109,341,371,162,387,347,292,225,143,81,68,229,105,323,342,150,354,317,267,206,131,77,67,215,103,307,313,138,321,288,244,188,121,73,66,202,102,294,284,127,289,259,221,171,110,70,64,189,101,282,256,117,258,231,198,155,101,67,63,177,100,271,229,108,492,442,376,299,195,101,80,289,127,393,437,198,472,423,356,275,174,92,74,270,114,370,417,180,443,396,330,249,154,84,70,250,105,345,390,162,407,364,301,223,137,79,68,231,100,319,357,146,368,330,272,200,124,76,66,213,97,298,323,133,331,297,246,181,113,73,66,198,96,281,292,122,298,267,223,164,105,70,65,185,95,268,262,112,267,240,200,150,96,68,64,174,95,258,236,105,239,215,181,136,89,65,63,164,96,250,212,97,491,440,373,295,191,99,79,286,124,389,434,195,469,420,350,266,165,88,72,264,109,362,413,173,438,391,321,234,140,80,68,241,98,332,383,151,399,356,287,202,121,76,67,219,94,300,347,133,352,315,252,176,109,74,67,198,93,273,306,120,306,276,223,158,101,72,66,181,93,254,269,110,270,245,200,144,94,70,65,169,93,244,238,102,241,219,181,132,88,67,65,160,94,237,214,96,216,197,165,121,81,65,64,152,94,233,193,89,491,438,372,292,188,98,78,284,122,387,434,193,468,418,347,260,159,86,70,261,105,358,411,168,436,389,316,224,129,77,68,235,94,324,380,144,396,353,279,186,108,76,67,211,91,288,343,123,349,311,238,154,100,74,67,189,91,256,299,110,296,264,200,139,95,72,66,170,92,234,254,102,247,225,180,129,90,70,65,158,93,224,217,96,219,202,164,120,84,67,65,150,93,220,195,91,198,182,151,112,79,65,64,144,94,219,177,85,490,438,371,292,187,98,78,283,122,386,434,192,467,418,345,259,156,85,69,259,104,356,409,167,434,388,313,221,125,77,68,233,92,321,379,141,395,352,276,180,104,76,67,209,91,283,341,120,348,310,235,138,100,74,67,186,91,250,297,104,295,263,191,129,95,72,66,167,92,227,249,99,240,217,170,123,90,70,65,153,93,216,209,94,211,195,156,114,84,67,65,146,93,214,188,89,192,177,144,107,79,65,64,141,94,214,171,84]}