{"c":"15312","n":"青森","la":40.821666666666665,"lo":140.76833333333335,"e":3,"t":[-1.2,-0.7,2.4,8.4,13.3,17.1,21.0,23.2,19.3,13.0,6.8,1.4],"s":[93,95,68,7,0,0,0,0,0,0,7,56],"i":[512,475,458,384,302,178,128,344,171,437,482,288,503,468,461,398,327,197,140,354,184,446,476,308,484,453,453,404,346,212,149,356,195,445,463,321,455,429,437,401,356,223,156,352,202,436,441,327,420,397,412,389,358,227,160,340,208,418,409,325,377,359,378,369,352,227,162,323,210,393,371,316,327,315,338,341,337,223,160,299,208,361,327,300,276,268,292,306,315,214,156,270,202,322,278,278,222,219,242,265,285,199,149,238,195,279,227,250,512,475,458,383,300,177,127,344,170,437,482,287,503,468,459,397,325,195,139,353,183,445,476,306,484,453,453,403,343,209,148,355,194,444,463,318,457,429,437,400,352,219,154,350,200,434,441,324,421,398,412,388,354,223,158,339,206,417,409,321,380,361,379,367,347,223,159,321,206,393,373,312,331,318,340,340,331,218,158,298,204,361,329,296,281,272,295,306,309,208,153,270,200,323,283,274,229,224,247,265,279,193,146,238,192,281,233,246,512,474,457,381,297,175,126,342,169,434,480,284,503,467,459,393,319,190,136,350,180,442,476,301,484,453,451,396,333,202,144,351,189,440,463,311,459,430,436,393,341,209,149,346,195,430,442,314,425,400,413,381,340,212,152,334,198,413,413,311,386,365,381,361,332,210,152,317,199,390,377,301,341,325,345,334,316,204,150,294,196,360,337,285,294,282,303,301,293,193,145,268,191,324,293,262,246,238,258,263,264,179,138,238,182,286,248,235,511,473,455,377,292,171,124,339,166,432,480,280,501,466,455,385,309,183,131,345,175,437,475,292,484,451,448,388,319,191,137,344,181,434,462,299,461,430,432,382,323,196,141,338,186,424,441,300,429,401,409,369,319,196,142,326,187,407,413,295,392,368,381,349,310,193,141,309,186,384,380,284,352,332,347,323,294,185,138,287,183,356,344,267,308,292,308,293,271,174,133,262,177,323,302,246,264,250,268,258,245,159,125,235,169,288,261,221,509,472,451,372,284,166,121,336,163,428,478,274,501,463,450,376,296,173,125,338,168,429,471,282,484,449,442,374,300,178,129,335,172,424,458,284,459,428,426,367,301,179,130,327,174,413,438,282,430,401,404,352,295,177,129,314,173,396,412,275,396,370,377,333,283,172,127,297,171,374,381,263,358,335,344,309,267,164,123,276,167,347,345,246,318,298,310,280,246,152,118,252,161,318,309,225,278,261,272,249,222,138,110,227,153,286,270,202,509,470,449,365,276,160,117,331,159,423,476,267,498,461,443,365,280,163,119,329,161,420,467,269,480,445,432,358,279,163,119,323,161,412,453,267,457,424,416,348,274,161,118,313,160,398,432,261,428,397,393,332,266,156,115,299,158,380,405,252,396,367,367,312,252,149,112,282,155,359,376,238,360,334,337,290,237,141,108,263,150,334,344,223,322,299,304,263,218,130,103,241,144,306,308,204,284,264,271,236,196,118,96,218,138,279,273,183,507,468,444,359,267,154,113,326,155,418,473,260,495,457,434,352,263,151,112,320,153,409,462,254,475,438,420,341,256,147,110,310,150,397,445,248,451,416,401,325,247,142,106,297,147,381,423,238,422,390,379,308,234,135,103,282,143,361,397,225,389,360,352,288,221,127,99,264,139,339,367,212,356,328,323,265,204,119,95,245,135,316,335,196,320,295,294,242,189,110,90,225,129,291,303,180,283,262,262,216,170,99,84,204,125,265,269,162,505,466,440,352,258,148,110,321,150,412,470,252,491,451,426,338,245,140,105,310,145,399,455,241,469,432,407,321,231,131,100,296,139,381,436,227,442,407,384,302,217,123,95,280,134,360,411,214,411,378,359,281,202,114,91,263,129,339,383,200,378,348,332,260,188,107,87,245,125,316,353,185,344,316,304,239,174,99,83,227,121,293,321,171,310,285,275,217,159,91,79,208,117,270,290,155,276,254,248,196,144,83,75,190,113,248,259,141,504,463,434,345,250,142,106,317,147,407,468,246,486,448,417,324,229,129,98,300,137,388,450,227,461,424,393,301,208,117,92,282,129,364,426,208,430,395,365,277,189,106,86,262,122,339,397,190,396,364,336,252,172,98,82,242,117,313,365,174,361,332,307,231,157,90,78,224,112,290,333,159,327,300,280,210,144,83,75,206,111,267,302,146,293,269,252,191,130,77,72,190,108,246,272,133,262,240,227,172,120,70,69,174,106,225,243,121,501,463,432,339,242,137,103,313,143,401,466,239,483,444,409,312,213,119,93,292,130,378,445,215,455,417,379,282,185,104,84,269,120,348,417,190,419,384,345,250,161,92,79,245,112,317,383,168,379,348,311,224,143,84,76,223,108,287,346,150,340,312,279,200,129,78,73,202,106,262,310,136,304,279,250,181,118,72,71,186,104,240,278,124,271,250,225,165,107,68,69,171,103,221,249,112,242,223,204,149,100,63,67,158,102,204,223,104,501,462,429,334,236,133,101,310,141,399,463,234,480,441,401,302,200,111,88,285,125,370,442,204,451,413,368,265,165,92,79,258,112,335,409,174,412,376,327,227,136,81,75,231,106,298,372,148,365,334,285,195,117,76,74,206,104,262,328,129,317,291,249,172,106,72,72,184,103,233,286,117,277,254,221,155,99,68,70,168,102,211,250,107,245,227,198,142,92,64,68,155,101,195,223,99,218,202,180,130,86,60,66,144,101,183,200,92,501,461,426,331,231,131,100,308,139,397,463,231,480,440,398,295,192,106,85,281,122,365,440,198,450,411,361,254,150,84,76,252,108,328,407,163,411,374,318,210,114,78,75,223,103,286,367,134,364,331,269,169,100,75,74,196,103,244,321,113,311,282,219,146,95,71,72,172,102,210,271,104,254,234,190,134,90,68,70,153,102,188,225,97,222,206,173,125,85,64,68,142,101,176,200,91,199,186,159,117,81,60,66,134,101,166,181,86,501,461,426,331,231,130,99,307,138,396,463,229,480,440,396,293,188,104,84,280,120,364,438,195,450,411,358,250,143,81,76,249,107,326,405,158,409,374,314,204,102,78,75,220,103,282,366,128,363,331,264,154,98,75,74,192,103,238,320,109,310,282,211,132,94,71,72,168,102,202,268,99,252,229,174,125,90,68,70,148,102,178,219,94,213,199,160,118,85,64,68,137,101,168,191,89,192,180,148,111,81,60,66,130,101,161,173,84]}