{"c":"15321","n":"美唄","la":43.36333333333334,"lo":141.82666666666665,"e":16,"t":[-6.7,-6.0,-1.6,5.6,11.7,16.2,19.9,21.2,16.6,10.0,3.0,-3.5],"s":[100,100,95,22,0,0,0,0,0,0,23,84],"i":[522,472,437,383,274,149,119,344,182,448,476,269,515,468,441,400,298,164,131,356,202,461,474,287,498,454,434,408,315,176,142,362,220,465,462,300,470,432,421,408,326,184,150,360,233,459,441,306,434,401,399,398,329,189,156,351,243,446,412,305,393,365,369,379,324,189,159,336,248,425,376,297,343,323,332,352,312,186,160,315,248,395,333,283,290,276,289,318,292,179,158,288,245,359,285,263,235,227,242,278,266,168,153,257,237,318,235,238,522,472,437,382,273,149,118,344,182,447,476,268,515,467,440,399,296,163,130,355,200,459,474,286,497,454,434,407,313,174,141,360,217,463,462,298,471,432,421,405,323,182,149,358,229,458,442,303,436,401,398,396,325,186,154,350,239,445,412,302,395,367,369,377,319,186,157,335,244,423,377,294,347,325,333,351,307,182,157,313,244,395,335,280,295,280,291,318,287,175,155,287,240,360,289,260,242,231,246,278,261,164,150,256,231,319,240,235,522,471,434,379,270,147,117,342,179,445,476,265,514,466,438,394,290,159,128,352,197,455,473,281,498,453,433,400,304,168,136,355,211,459,461,291,473,432,419,399,312,175,143,353,222,453,441,295,440,404,398,388,312,177,148,344,229,440,413,293,400,370,370,370,306,176,150,329,231,419,380,284,356,331,336,344,292,172,149,309,231,392,341,269,308,288,296,312,272,164,147,283,227,359,297,250,258,244,254,275,246,153,141,254,219,322,252,225,521,470,433,375,265,144,114,338,176,442,475,261,513,465,434,386,281,153,123,346,189,450,471,273,497,451,428,390,291,160,130,347,200,450,459,281,474,430,415,386,295,164,135,344,208,444,440,282,443,404,394,375,293,165,138,334,213,430,413,277,407,372,368,357,285,162,138,319,215,411,382,268,365,336,336,332,271,157,137,299,213,385,346,252,320,296,300,302,252,149,134,276,208,355,305,234,276,256,262,268,227,138,128,249,200,321,265,211,520,469,430,370,258,140,112,334,171,437,473,256,511,462,429,376,269,146,117,338,180,441,467,263,495,448,421,376,274,150,121,337,187,438,455,266,472,428,407,370,275,151,124,331,192,430,434,265,443,401,387,357,270,149,125,320,194,416,411,259,409,372,362,339,260,145,124,305,194,397,381,248,370,337,331,315,246,140,122,286,191,373,346,234,330,301,299,287,227,131,118,264,186,346,310,215,288,264,263,257,204,121,112,240,179,316,272,194,518,467,426,363,250,136,108,329,165,430,470,250,508,458,421,363,254,138,110,328,169,430,462,252,491,443,411,358,254,138,112,323,172,424,448,250,467,422,396,349,250,136,112,315,174,413,428,245,438,396,375,335,243,133,111,303,173,398,403,237,407,367,350,316,231,128,109,288,171,379,375,225,371,335,323,294,218,121,107,270,168,357,343,211,332,300,291,268,200,113,103,249,163,331,308,194,294,266,260,241,181,104,98,227,158,306,273,175,516,463,422,355,243,131,104,324,159,425,467,243,503,453,413,349,238,129,103,318,158,418,455,239,484,436,399,339,233,125,102,309,156,407,438,231,459,413,381,325,225,121,100,297,154,392,418,224,430,388,360,309,214,117,98,283,152,376,393,213,398,358,335,290,202,111,95,268,149,356,364,200,364,327,308,267,188,104,93,250,147,335,333,186,329,295,280,245,174,97,90,231,142,313,301,172,291,262,250,219,156,89,86,213,138,289,268,155,513,462,417,348,234,126,101,318,153,418,463,236,498,448,404,334,223,120,96,307,147,405,450,225,475,426,385,317,210,112,93,293,141,388,429,214,448,403,364,299,198,108,89,278,136,369,405,202,417,375,340,280,186,101,87,262,133,350,377,189,384,345,315,259,173,95,84,246,130,330,348,176,350,314,289,240,160,89,82,229,127,309,318,163,317,284,262,218,146,83,79,213,125,289,287,149,283,252,236,197,133,77,77,196,122,269,257,136,511,459,413,340,225,122,97,313,148,412,461,229,492,442,395,319,206,111,90,296,136,392,443,213,466,418,371,295,189,102,84,277,127,368,418,196,434,390,345,272,172,95,80,258,120,344,389,179,400,359,317,249,158,88,78,240,115,321,359,165,365,328,291,229,144,83,75,223,113,300,328,152,331,297,265,208,133,77,74,208,112,281,298,140,298,267,241,190,121,73,73,193,111,263,269,128,266,238,216,172,111,68,71,178,111,246,240,117,509,457,409,334,219,118,94,308,143,407,459,223,488,438,386,305,193,104,84,286,126,380,437,200,458,409,357,274,168,93,77,263,113,350,409,178,420,377,325,244,148,84,74,240,107,319,374,159,380,341,293,217,132,79,72,219,104,292,338,143,341,307,264,196,120,75,71,202,103,269,304,130,306,275,239,178,111,70,70,187,103,250,273,120,274,247,216,163,101,67,69,174,103,235,246,110,245,221,195,148,94,63,69,162,104,222,220,102,508,455,405,328,213,114,92,304,139,403,457,219,486,434,380,294,181,98,80,279,119,371,433,191,453,405,346,256,150,84,72,250,104,335,401,163,412,368,308,219,126,77,71,225,98,297,363,141,363,325,269,188,111,74,71,200,97,263,319,124,314,284,236,166,102,71,70,182,98,238,278,112,276,250,211,151,95,68,70,168,99,221,246,105,246,224,191,139,89,65,69,157,100,209,220,98,220,200,174,128,83,61,69,148,101,200,198,91,507,455,404,325,210,112,90,302,136,400,455,216,484,434,376,287,173,94,77,274,112,365,430,184,451,403,340,243,136,79,72,244,98,325,398,152,409,365,298,198,107,76,71,215,94,282,358,127,360,321,250,160,98,74,71,190,95,243,311,111,304,272,208,141,93,71,70,168,97,213,261,102,250,229,184,131,89,68,70,153,98,197,222,96,222,204,168,122,83,65,69,144,100,189,198,90,200,185,155,114,78,61,69,137,101,183,180,85,507,455,403,324,209,112,90,301,136,399,455,215,484,433,374,285,170,92,75,272,111,363,430,182,450,403,337,239,129,78,72,241,96,322,397,149,409,365,294,190,101,76,71,212,94,276,356,122,359,321,247,139,97,74,71,186,95,237,309,103,303,271,196,128,93,71,70,164,97,204,257,97,244,221,171,122,88,68,70,148,98,188,212,93,213,197,157,114,83,65,69,139,100,181,189,88,193,179,146,109,78,61,69,133,101,177,172,83]}