{"c":"15602","n":"八戸","la":40.526666666666664,"lo":141.52166666666668,"e":27,"t":[-1.0,-0.5,2.7,8.5,13.1,16.2,20.0,22.4,18.9,13.0,6.9,1.7],"s":[21,33,15,0,0,0,0,0,0,0,0,5],"i":[501,461,448,366,321,241,206,371,247,457,470,309,493,454,450,379,350,275,242,387,281,467,466,334,475,438,442,383,370,303,272,395,310,467,451,352,447,416,426,379,382,323,295,395,331,455,430,362,412,386,401,367,385,335,310,386,344,437,400,363,371,349,369,348,378,339,318,369,350,409,363,355,322,306,330,321,363,334,317,344,346,372,319,339,272,261,285,288,339,321,309,313,335,328,273,316,219,214,236,250,307,300,293,276,315,279,223,286,501,461,447,365,320,239,206,370,245,455,470,308,493,454,449,377,348,271,240,385,279,466,465,332,475,438,442,382,367,297,268,393,306,466,451,349,448,416,426,378,378,316,290,392,326,455,430,357,413,386,401,366,380,327,304,383,338,436,400,358,373,350,370,346,373,330,311,366,342,408,364,350,326,309,331,320,357,324,310,342,339,373,322,334,277,265,288,288,333,311,301,311,327,330,276,310,227,219,241,250,301,289,285,275,307,282,229,280,501,459,445,363,316,234,202,367,241,454,469,304,493,454,446,373,340,262,231,381,270,462,463,325,476,438,438,376,357,284,256,386,294,461,451,339,450,417,423,372,365,299,274,384,310,451,430,345,417,388,399,360,365,306,286,375,320,433,401,344,379,354,368,340,357,307,291,357,322,405,367,335,335,315,333,314,340,300,288,333,316,371,328,318,289,274,292,284,316,285,278,304,303,331,285,295,242,231,249,248,284,263,261,269,284,287,241,265,501,459,443,360,310,227,195,363,235,451,468,299,493,451,442,367,329,249,219,373,257,455,462,315,475,438,433,368,342,266,237,376,275,454,449,325,451,417,417,362,346,276,250,371,287,443,429,328,421,390,394,349,343,279,258,361,292,425,401,323,385,357,365,330,334,277,259,343,291,399,369,313,345,322,331,304,317,268,254,320,283,367,333,296,302,283,293,276,292,252,243,292,270,330,293,274,259,244,254,243,264,231,225,260,250,290,252,246,501,458,440,355,302,219,186,358,225,446,466,292,491,450,436,358,315,233,202,363,241,448,459,302,475,436,426,356,321,243,214,362,252,443,445,307,451,415,409,348,322,248,222,355,258,430,425,306,422,389,386,334,316,248,224,342,259,412,399,299,389,359,359,315,304,242,222,324,254,387,369,287,351,324,326,292,288,231,215,302,246,357,334,270,312,289,292,264,265,217,204,276,233,324,298,249,272,252,256,235,239,197,188,246,215,287,260,224,499,455,436,349,293,210,176,351,216,440,463,284,488,447,429,348,298,215,184,350,223,437,455,287,472,432,416,341,298,218,188,345,225,429,440,286,448,411,398,331,293,217,190,335,225,413,419,280,420,385,374,316,285,213,188,320,223,394,393,271,388,356,347,296,271,204,183,302,217,370,364,258,353,324,317,274,254,194,176,281,206,342,332,241,315,290,285,249,235,180,165,256,194,310,297,221,279,256,252,222,211,163,151,229,180,278,262,199,498,454,432,343,283,199,166,344,204,434,461,275,486,443,421,336,278,196,164,337,202,425,450,270,467,426,404,325,272,191,162,326,199,412,432,263,443,404,384,311,262,185,157,313,193,394,409,252,413,378,360,294,250,177,153,296,187,372,384,240,382,349,332,275,237,168,145,277,178,348,354,227,349,318,303,252,219,157,138,256,170,321,323,209,314,287,273,229,202,145,128,234,158,293,291,192,278,254,242,204,182,131,117,210,146,262,258,173,496,453,428,337,273,189,156,337,195,428,459,266,482,438,412,324,259,176,145,323,183,413,444,252,461,420,391,308,244,165,135,307,172,393,424,239,434,395,367,290,229,154,127,289,162,371,399,225,404,368,341,270,215,143,120,270,152,346,371,209,371,338,313,250,200,134,112,250,143,321,341,194,338,307,285,229,185,123,104,229,135,295,310,179,305,277,254,206,169,112,97,209,126,268,279,163,271,247,227,187,153,103,88,189,117,242,249,148,495,451,424,331,264,179,146,330,185,422,455,258,478,434,404,312,241,158,127,310,164,400,438,237,454,413,378,290,218,139,111,288,146,374,415,216,423,385,349,267,198,124,100,265,132,345,386,196,390,355,319,245,180,112,91,243,122,317,355,179,356,323,290,223,165,104,84,223,112,290,323,164,322,292,262,202,151,95,78,202,106,265,292,149,288,262,235,184,137,87,73,185,100,241,262,136,258,234,209,166,126,80,67,167,94,218,234,124,493,449,420,325,254,170,137,324,176,416,454,250,475,432,396,301,223,141,110,298,147,388,434,222,447,405,366,273,193,117,90,270,123,355,407,194,413,375,332,244,168,100,77,243,107,320,373,170,375,340,297,218,148,88,70,218,97,287,337,151,336,305,265,196,133,81,65,197,91,258,302,137,300,273,236,177,122,75,62,179,87,233,270,125,268,244,211,161,111,70,57,162,83,211,241,113,239,218,189,145,103,65,55,148,80,192,215,104,493,448,418,321,248,164,130,320,169,412,453,244,473,429,391,292,209,127,96,288,133,379,430,209,444,401,357,258,171,97,72,254,104,340,401,175,407,367,317,223,139,79,63,224,88,298,363,147,362,327,275,193,119,72,61,197,83,258,321,128,314,286,238,170,107,69,59,175,80,225,279,114,275,250,210,154,100,66,56,158,78,200,245,106,243,223,188,140,93,62,54,144,76,182,218,99,217,199,169,128,88,59,52,132,74,167,195,92,492,448,417,319,244,159,125,317,165,409,451,241,472,428,388,286,200,117,87,282,123,373,430,200,443,401,352,248,154,82,64,245,91,330,398,161,405,365,310,206,114,73,63,214,81,283,360,132,360,324,262,169,98,71,61,186,80,236,315,112,308,277,213,147,94,68,59,162,78,199,266,103,254,231,184,135,90,65,56,143,77,174,223,96,221,204,166,125,85,62,54,131,75,159,197,91,199,183,152,117,81,59,52,121,74,148,178,85,492,448,416,318,242,158,124,316,163,409,451,239,472,428,387,284,195,113,83,279,119,371,429,198,442,400,351,245,146,77,64,242,89,327,398,156,404,365,308,202,101,73,63,211,81,277,359,125,359,324,260,156,96,71,61,182,80,227,314,108,308,277,208,134,93,68,59,157,78,189,265,98,252,227,172,127,89,65,56,138,77,163,217,94,212,197,157,119,85,62,54,126,75,150,189,89,191,178,145,112,81,59,52,118,74,141,171,84]}