{"c":"16026","n":"美国","la":43.27166666666667,"lo":140.56333333333333,"e":75,"t":[-4.2,-3.7,-0.4,5.5,10.9,14.8,18.9,20.4,16.1,10.0,3.5,-2.1],"s":[100,100,99,34,0,0,0,0,0,0,14,81],"i":[523,476,433,366,265,136,96,326,137,434,476,256,516,471,437,382,288,148,103,334,145,445,474,273,498,457,430,389,304,158,108,336,152,446,462,284,471,434,417,388,313,164,111,331,157,440,441,288,434,404,395,378,315,166,113,321,160,426,412,287,393,367,365,360,310,166,113,305,161,404,375,279,343,324,329,334,298,162,112,283,160,376,332,265,290,277,287,302,279,155,111,257,156,341,284,245,235,227,240,263,254,145,107,227,151,302,234,221,523,476,433,365,265,136,96,326,136,434,476,254,515,470,436,380,286,147,102,333,144,443,474,271,498,457,430,387,301,156,107,335,151,445,462,281,472,434,417,386,310,162,110,330,156,438,441,286,436,405,395,376,311,164,112,320,159,424,412,284,395,369,366,358,306,163,112,304,159,403,376,275,346,326,330,333,293,159,112,282,158,375,334,262,295,281,288,301,274,152,109,256,154,342,288,242,241,233,244,263,249,142,105,227,149,304,239,218,522,475,430,363,262,134,95,324,135,432,476,252,515,470,434,376,280,144,101,331,142,440,473,267,499,455,429,381,293,152,105,331,148,441,461,275,473,434,415,379,300,156,108,326,152,434,441,278,440,407,394,368,299,157,109,316,154,421,413,275,400,372,366,350,292,156,109,300,154,399,379,266,356,332,332,326,279,151,108,279,152,373,340,252,308,290,293,295,260,143,105,254,149,341,297,233,258,245,252,259,235,133,101,227,143,306,252,209,521,474,429,359,257,132,94,322,134,429,475,249,514,468,430,368,271,140,98,326,139,434,471,260,497,454,424,371,281,145,101,325,143,434,459,266,474,434,409,367,284,147,103,319,146,426,438,266,443,407,390,356,281,147,103,308,147,412,413,261,405,374,363,338,273,144,103,293,146,392,381,252,365,338,332,313,259,138,101,273,143,367,345,237,320,298,296,286,240,130,97,250,139,339,305,219,275,257,259,252,217,120,93,225,134,307,264,196,520,472,426,354,250,129,93,318,131,425,473,244,511,465,425,359,260,133,95,320,135,426,467,250,495,451,417,358,264,136,96,317,137,424,454,252,472,430,403,351,264,136,97,309,138,413,434,250,443,405,382,338,259,134,96,298,137,400,409,244,409,374,357,321,249,130,94,282,135,381,380,233,370,339,327,298,235,123,92,263,132,357,345,219,330,303,295,271,217,114,88,242,128,332,309,200,288,265,260,242,196,105,84,219,123,303,271,181,518,470,422,347,244,125,91,314,129,420,470,239,508,461,417,347,246,126,91,312,130,417,462,240,491,446,407,342,246,126,91,306,130,411,448,238,467,425,392,332,241,124,90,297,129,399,428,231,438,399,371,318,234,120,88,284,126,384,403,224,405,369,346,299,223,113,86,269,124,365,374,212,371,338,319,278,209,108,83,250,121,344,342,198,332,302,288,252,192,100,80,231,117,319,307,182,293,267,256,227,173,91,76,211,112,294,272,164,516,467,418,340,236,121,89,310,126,413,467,233,503,455,409,334,231,119,87,304,124,407,455,227,484,438,395,324,225,115,85,294,122,395,438,221,459,416,377,310,217,111,83,283,119,381,417,213,430,390,356,294,206,106,81,269,117,364,392,202,397,361,331,275,195,100,78,252,112,345,363,190,364,329,304,252,181,93,75,236,110,324,332,176,328,297,276,231,167,86,72,218,106,303,300,162,291,264,247,206,150,78,69,199,103,280,267,145,514,465,413,333,227,117,86,306,123,409,463,225,498,450,400,320,217,111,83,295,119,396,450,216,475,430,382,304,204,105,80,282,114,379,429,204,448,405,360,286,192,99,77,267,111,360,404,193,417,377,336,267,180,93,74,250,108,341,377,180,384,347,311,247,168,87,71,235,104,322,348,167,350,316,286,227,154,81,69,219,102,302,317,154,316,285,258,206,141,75,67,202,99,282,286,141,282,254,231,187,128,68,64,186,96,262,256,127,511,463,409,327,221,113,84,301,121,403,461,220,493,445,391,306,202,104,80,286,113,384,443,204,466,421,367,284,185,96,75,269,108,362,418,188,434,392,341,261,169,89,72,250,104,338,389,173,400,361,314,239,154,82,70,233,100,316,358,159,365,329,287,219,141,77,67,216,98,295,327,146,331,298,262,200,130,71,66,200,96,276,297,134,297,269,238,181,118,66,64,185,94,258,268,122,265,239,213,164,108,61,62,171,92,242,239,111,509,461,405,321,214,110,83,298,119,399,459,215,488,441,383,294,189,98,77,279,110,374,437,194,458,413,354,265,166,88,72,257,103,346,408,173,420,379,322,236,145,80,69,236,98,316,374,154,380,342,290,211,130,75,67,215,95,290,337,139,340,308,262,190,118,70,66,198,94,267,303,126,305,276,236,172,109,66,65,182,92,249,273,115,273,247,213,157,100,61,63,169,91,234,245,106,244,221,192,143,92,56,62,157,90,220,219,97,509,459,403,316,209,108,82,295,117,395,457,211,486,438,377,284,178,93,74,273,106,367,433,185,453,408,344,248,149,81,69,248,98,333,401,159,412,370,305,213,125,74,68,223,95,297,362,138,363,326,267,184,111,71,67,200,93,265,319,122,314,285,234,163,102,68,66,180,92,239,277,111,275,250,209,148,95,64,65,165,92,222,245,102,245,224,188,136,89,60,63,154,91,210,219,95,219,200,172,125,82,56,62,144,90,200,197,88,508,459,401,313,204,106,81,293,115,393,455,208,484,436,373,277,171,90,72,269,104,362,430,179,451,405,337,237,136,76,69,242,96,325,398,150,409,367,296,194,108,74,68,215,93,285,358,125,360,323,250,158,99,71,67,190,93,247,311,109,304,273,206,140,94,68,66,168,92,217,261,101,250,229,183,130,89,64,65,152,92,200,221,94,221,204,167,121,84,60,63,142,91,192,198,88,200,185,153,112,79,56,62,134,90,185,179,83,508,459,400,312,204,106,81,293,114,392,455,206,484,436,371,275,168,88,72,268,103,361,430,177,451,405,335,234,129,76,69,240,95,323,397,146,409,367,293,188,102,74,68,213,93,281,356,121,360,322,246,140,98,71,67,187,93,243,309,103,304,273,196,129,94,68,66,164,92,210,257,97,244,222,170,122,89,64,65,147,92,192,212,92,213,197,157,114,84,60,63,138,91,185,189,86,193,179,145,108,79,56,62,131,90,180,172,81]}