{"c":"16041","n":"宮古島","la":24.793333333333333,"lo":125.27666666666667,"e":40,"t":[18.0,18.2,19.9,22.4,24.8,27.2,28.7,28.5,27.4,25.4,22.7,19.7],"s":[0,0,0,0,0,0,0,0,0,0,0,0],"i":[535,584,546,492,417,327,278,417,278,422,555,412,509,557,532,496,433,347,297,417,292,417,533,425,475,518,508,488,438,359,309,408,300,404,500,429,432,468,472,469,436,363,315,391,302,383,458,423,381,409,426,440,423,360,315,367,298,355,405,408,324,346,373,401,401,348,307,335,288,320,348,384,265,277,314,356,370,330,293,298,272,281,285,352,206,209,250,303,332,304,273,256,250,238,222,313,158,150,186,245,287,272,248,213,225,195,165,268,535,584,545,491,416,327,277,416,277,422,555,411,512,558,533,495,430,345,295,416,290,417,534,424,478,520,509,487,437,356,307,408,298,404,501,426,434,473,474,469,433,360,312,391,299,383,461,421,386,416,430,441,419,356,311,367,295,355,411,405,331,354,379,404,396,344,303,335,284,321,354,381,273,288,322,359,365,325,288,299,268,283,294,350,218,223,262,307,327,299,268,258,246,242,234,311,170,168,202,252,282,267,242,217,220,200,180,267,536,585,545,490,413,324,274,415,275,422,555,409,514,561,533,492,426,340,289,413,286,416,536,419,482,526,509,484,429,348,299,405,291,403,505,420,443,482,478,467,423,350,302,388,291,382,467,413,397,430,437,440,408,344,299,365,285,355,422,397,347,373,390,404,385,330,289,335,273,323,370,373,296,315,338,362,354,310,274,300,256,287,316,342,246,258,284,315,316,284,252,263,234,249,263,305,200,206,233,265,274,252,227,224,208,211,213,264,538,587,545,488,409,319,270,413,271,421,556,405,517,563,532,488,417,331,281,411,279,413,538,412,488,533,511,479,417,336,287,401,282,401,511,411,451,492,480,461,409,334,287,384,279,380,475,401,411,446,444,436,392,325,281,361,271,355,434,384,366,396,401,401,369,311,270,332,257,324,388,361,319,343,353,364,338,290,252,300,240,291,338,331,272,291,306,320,304,264,231,265,218,254,290,296,229,244,260,277,265,234,206,229,193,220,244,259,539,588,544,484,403,313,264,411,267,419,557,400,521,567,532,482,405,320,271,405,270,412,540,403,495,539,511,471,401,320,272,395,269,398,515,398,462,503,483,453,390,315,269,378,263,378,483,386,423,461,447,426,373,304,260,354,252,353,444,368,382,415,409,397,349,287,247,327,239,324,401,344,340,368,366,360,321,267,229,297,221,292,358,316,296,320,321,323,288,242,210,264,200,259,313,284,254,274,279,283,254,215,187,231,177,227,269,250,541,590,543,479,396,306,258,408,261,418,558,394,524,571,530,474,393,307,258,400,260,409,542,391,500,544,508,459,384,302,254,387,254,394,517,382,470,511,482,441,369,292,247,369,246,374,488,368,434,472,449,416,349,279,237,346,234,349,451,348,395,428,409,385,326,261,222,319,218,321,411,324,355,385,371,352,298,241,204,290,200,291,370,297,314,340,330,316,268,218,186,259,181,259,328,267,273,296,288,280,238,194,166,227,161,227,286,237,543,591,541,475,388,299,250,404,256,416,559,387,528,574,527,463,379,292,246,394,250,405,543,379,505,548,504,447,364,282,237,378,240,389,519,365,475,516,476,425,345,268,225,358,227,367,488,346,440,478,444,399,324,252,212,334,213,342,454,325,401,436,407,368,298,234,197,307,198,314,415,300,363,393,368,336,272,214,180,278,180,285,375,274,323,350,330,303,245,193,163,250,162,254,334,247,283,307,290,268,217,172,145,220,144,225,294,219,544,593,540,469,381,292,244,401,250,413,559,381,531,576,523,454,364,278,233,387,239,401,543,365,508,551,498,432,344,262,219,368,225,383,519,346,478,517,468,405,320,244,202,345,209,360,488,323,442,478,434,377,294,225,188,319,194,333,451,299,404,434,396,346,269,206,172,292,177,304,412,274,364,392,356,313,243,187,156,263,160,275,371,248,324,349,319,281,218,168,141,236,144,246,331,222,285,307,282,250,194,150,125,209,128,217,291,199,546,594,538,463,373,285,238,398,245,412,559,374,533,578,519,443,350,264,220,380,227,397,543,352,509,551,492,416,323,242,200,358,210,376,518,327,478,515,458,384,294,219,182,331,192,351,484,299,441,473,419,351,265,199,165,303,174,322,444,271,400,428,378,318,237,179,149,274,157,292,401,245,358,381,337,285,213,161,135,245,142,262,359,220,316,337,299,254,190,145,121,218,127,233,317,196,277,295,264,225,169,130,109,193,113,206,279,175,548,596,537,459,367,278,231,395,240,409,560,368,535,580,516,433,337,252,209,374,219,394,544,341,512,552,484,400,303,223,185,348,197,370,516,309,479,513,445,363,269,197,163,318,175,342,479,276,437,466,401,323,236,173,144,286,156,310,434,244,392,413,355,286,206,154,129,254,139,277,387,215,345,363,311,252,182,138,117,225,126,246,339,191,301,315,271,223,162,125,107,199,113,217,295,170,261,273,237,198,146,113,97,176,103,191,257,152,549,597,536,455,363,273,227,393,237,409,561,364,538,582,513,425,327,241,200,369,212,391,544,331,514,553,479,387,287,208,171,340,186,365,516,294,480,513,436,342,245,176,145,306,161,334,476,254,437,461,385,296,206,151,126,271,140,299,428,218,385,401,331,252,176,133,114,237,126,262,372,187,330,339,280,215,154,122,107,206,115,227,316,164,279,284,238,188,139,112,100,180,107,199,267,147,238,241,206,168,127,105,92,159,98,175,229,133,550,599,536,454,360,270,225,391,234,408,562,361,539,585,512,420,320,235,193,367,206,389,546,325,517,557,478,378,276,197,161,335,178,363,517,284,484,517,432,328,227,160,132,299,149,330,478,239,440,465,378,275,182,132,119,262,130,292,428,196,388,403,317,221,149,125,112,227,121,250,369,165,329,334,250,179,134,118,106,194,112,213,304,144,265,258,200,157,126,111,99,165,105,181,241,131,212,206,173,144,119,103,92,144,97,160,197,122,551,600,536,453,358,269,224,391,233,408,562,360,540,586,513,419,318,231,191,366,204,389,546,323,518,559,479,375,271,193,158,334,175,362,519,279,484,520,434,324,220,153,127,296,145,329,480,233,442,469,380,268,168,131,119,259,128,290,430,189,390,408,319,206,138,125,112,224,120,247,372,156,331,338,252,148,132,118,106,190,112,209,307,133,267,263,183,139,125,111,99,161,105,175,238,125,202,194,158,132,118,103,92,138,97,153,185,118]}