{"c":"16076","n":"余市","la":43.181666666666665,"lo":140.75833333333333,"e":20,"t":[-4.1,-3.5,0.1,6.4,11.7,15.8,19.8,21.3,16.6,10.4,3.9,-1.8],"s":[99,100,99,37,0,0,0,0,0,0,7,75],"i":[530,494,455,398,280,149,108,344,157,450,493,275,523,488,459,417,305,163,117,354,170,462,491,295,505,474,455,426,323,175,125,358,181,465,478,308,476,451,440,426,334,183,131,354,189,459,455,314,441,419,417,416,337,187,134,344,194,446,425,313,397,379,385,396,332,187,136,328,197,424,387,305,346,334,346,368,319,183,135,306,196,395,342,290,292,284,300,332,299,175,133,278,192,359,292,269,236,233,250,289,273,163,128,246,186,319,240,242,530,494,455,397,279,148,108,343,156,449,493,275,522,488,459,415,303,162,117,353,169,459,490,293,504,474,455,424,320,173,124,356,179,463,478,306,478,451,440,424,330,180,129,353,187,458,455,311,442,420,416,413,332,184,133,343,192,444,426,310,400,381,386,394,327,184,134,327,194,423,389,301,350,337,347,367,314,179,133,305,193,394,345,287,298,289,303,332,294,171,130,278,189,360,296,265,243,238,254,290,267,160,125,247,183,320,245,239,530,493,454,394,275,146,106,342,154,447,492,272,522,488,458,409,296,159,113,350,166,457,488,288,505,474,451,417,311,168,121,352,175,459,476,298,479,451,438,416,319,174,125,348,181,453,457,303,446,422,417,405,319,176,128,338,185,440,428,300,405,386,387,386,313,174,129,322,186,418,392,291,360,344,351,359,299,169,127,301,185,392,352,276,311,299,309,326,278,161,124,275,181,360,306,254,260,252,265,286,252,149,119,246,174,323,259,229,529,492,451,390,270,143,105,339,152,444,491,268,521,486,454,401,287,153,111,345,161,451,487,280,504,472,448,407,298,159,115,345,168,451,475,288,480,451,434,403,302,163,119,340,172,444,455,289,449,423,413,391,299,163,120,330,175,430,428,285,412,389,385,373,292,160,120,314,174,411,395,275,370,351,352,346,277,154,118,294,172,386,357,259,324,309,313,316,257,145,113,269,167,356,315,239,279,266,273,279,231,133,109,243,161,324,273,215,527,490,449,384,263,139,102,335,149,438,488,262,519,483,448,391,274,145,106,338,154,442,483,270,501,469,440,391,279,149,109,335,158,440,471,273,478,448,426,385,280,150,110,329,161,430,451,272,450,421,405,372,275,147,110,317,161,417,425,265,415,389,379,353,265,143,109,302,160,399,394,254,375,353,347,329,250,136,106,282,156,375,358,239,334,315,313,300,231,127,102,260,152,348,321,220,292,276,276,268,210,115,97,236,146,319,281,198,525,488,445,377,256,135,100,330,145,434,486,256,515,479,440,377,259,137,101,329,147,432,478,258,498,463,429,372,259,137,101,323,148,425,463,256,474,442,413,363,254,135,101,314,148,415,443,250,445,415,393,348,248,131,99,301,146,400,417,242,412,385,367,329,236,125,97,286,144,381,388,229,376,351,338,306,222,118,94,268,141,360,355,215,336,315,305,279,204,109,90,247,136,334,319,198,298,278,273,250,184,99,85,225,131,310,283,178,523,484,440,369,247,130,97,325,141,428,483,248,509,474,430,362,243,128,95,319,139,420,472,244,491,455,416,352,237,124,94,309,137,409,454,238,466,433,398,337,229,119,92,298,135,394,432,229,437,405,376,320,218,113,89,283,132,378,405,217,403,375,351,301,206,108,86,267,129,359,376,204,369,343,322,277,191,100,83,250,126,338,345,190,333,309,293,254,176,93,80,231,121,317,312,175,295,275,262,227,159,84,76,211,118,294,277,157,521,483,434,360,238,125,94,320,137,421,479,241,505,468,421,346,227,118,90,309,132,408,463,229,482,446,401,328,214,112,86,295,127,391,443,218,454,420,379,310,200,105,83,279,122,372,418,204,423,392,354,289,189,98,80,263,119,353,390,192,390,361,329,268,175,92,77,247,114,333,360,178,355,329,302,248,162,85,74,229,112,313,328,165,321,296,273,225,148,78,72,213,110,294,297,151,287,265,246,204,134,71,69,196,107,274,266,136,519,480,430,352,229,121,91,315,133,415,476,234,500,462,411,330,211,110,85,298,124,395,457,217,472,436,386,305,192,100,80,280,117,372,432,199,440,405,358,280,175,92,76,261,112,348,401,182,405,374,329,257,160,85,73,242,108,325,369,167,370,341,302,235,146,79,71,225,105,304,338,153,335,309,275,215,135,73,69,209,103,285,307,141,301,278,250,195,123,68,67,194,101,268,277,128,269,248,225,177,112,62,65,179,100,250,247,117,517,478,426,345,223,117,89,310,130,409,474,227,495,457,401,315,196,102,81,289,118,384,451,204,463,428,371,282,170,90,75,266,109,354,421,181,426,392,337,250,149,81,71,243,103,324,385,160,385,354,303,223,133,75,69,222,100,296,347,144,345,318,273,200,121,70,68,204,98,274,312,130,309,285,246,181,111,66,66,188,97,256,280,120,277,254,223,166,102,61,65,175,97,241,252,110,248,229,200,151,94,56,64,163,96,227,225,101,516,476,423,340,217,113,87,307,127,405,472,223,493,454,394,303,184,96,77,282,112,375,447,194,459,422,359,262,152,82,71,254,102,340,413,165,417,382,317,223,127,74,70,227,97,302,372,141,367,336,276,191,111,70,69,204,96,269,326,124,317,292,241,168,102,67,68,184,95,243,284,112,278,257,215,152,95,63,66,169,95,227,250,103,247,229,194,141,89,59,65,158,95,215,224,96,221,206,177,129,83,55,64,148,95,206,202,89,515,476,421,337,213,112,86,305,126,404,471,221,492,453,390,295,175,92,75,278,109,370,445,188,458,420,352,249,137,76,70,248,98,331,409,154,415,379,307,200,107,73,70,219,95,289,367,127,364,332,257,160,98,70,69,193,95,249,318,109,308,279,210,141,93,67,68,170,95,219,266,100,252,233,185,130,88,63,66,154,95,202,224,94,223,208,169,122,83,59,65,145,95,195,200,88,200,188,156,114,78,55,64,137,95,190,182,83,515,476,419,336,212,111,86,304,125,403,470,219,491,453,388,293,172,90,74,276,108,369,444,185,457,420,349,245,130,75,70,246,97,328,409,150,413,379,303,193,100,73,70,217,95,284,366,122,364,332,252,138,97,70,69,189,95,244,316,102,307,279,198,126,93,67,68,166,95,211,261,95,246,225,171,121,88,63,66,148,95,194,214,91,214,200,157,114,83,59,65,140,95,187,190,86,193,182,146,108,78,55,64,133,95,184,174,81]}