{"c":"16091","n":"小樽","la":43.181666666666665,"lo":141.01666666666668,"e":25,"t":[-3.4,-2.8,0.5,6.5,11.6,15.7,19.7,21.6,17.6,11.5,4.6,-1.0],"s":[97,97,94,25,0,0,0,0,0,0,10,74],"i":[519,479,444,389,293,166,129,344,171,440,480,283,512,475,448,407,320,185,144,355,188,451,478,304,495,461,442,416,341,200,157,360,202,453,466,319,467,438,428,415,353,211,167,358,213,447,444,326,432,407,405,405,357,218,175,349,221,433,415,326,390,369,375,386,352,219,179,333,225,411,378,319,341,326,337,358,340,215,179,311,225,381,334,304,288,278,293,323,319,206,176,284,221,345,286,283,234,227,245,282,291,194,170,252,213,305,236,256,519,479,444,388,292,165,128,343,170,438,480,282,512,474,447,405,318,184,143,354,186,450,478,302,494,459,442,413,338,198,155,359,200,451,466,317,468,438,428,413,349,209,165,356,211,446,445,323,433,408,405,403,352,214,172,347,218,430,415,323,392,371,375,384,347,215,176,331,221,409,379,315,344,328,338,357,334,212,176,310,221,381,337,301,293,282,295,323,313,202,173,283,217,346,290,279,240,233,249,282,285,190,167,252,210,307,241,252,519,479,442,386,288,163,126,341,168,437,480,279,511,474,446,401,311,179,140,351,182,446,476,297,495,459,440,407,327,192,150,354,194,447,465,309,470,438,426,405,337,200,159,351,202,441,445,314,437,409,405,395,338,204,164,341,209,426,417,313,398,375,376,376,332,204,167,326,212,405,383,304,353,335,341,350,317,199,166,305,210,379,343,289,306,291,301,317,296,190,163,280,206,346,299,268,256,246,259,279,268,177,157,250,198,310,254,241,518,478,440,381,282,159,124,338,165,434,479,274,509,472,442,392,301,172,134,345,176,441,475,288,494,458,436,397,313,181,142,346,185,440,463,297,471,438,421,393,318,186,148,342,192,432,443,299,440,409,401,381,317,188,152,332,195,418,417,295,404,377,373,363,309,186,153,316,196,398,385,286,363,340,341,337,294,180,151,296,194,372,348,270,318,300,304,307,273,170,147,272,189,343,307,250,274,259,266,272,247,157,141,246,181,310,266,225,517,476,437,375,275,154,120,334,161,430,476,268,508,469,436,382,287,162,127,337,168,432,471,277,492,455,428,382,293,168,132,336,174,429,458,281,469,434,413,376,295,170,135,329,177,420,438,280,440,408,393,363,291,169,137,318,178,405,413,274,405,377,368,344,281,165,136,303,178,386,384,263,367,342,337,320,266,158,134,283,174,362,349,248,328,306,304,292,246,148,129,261,169,335,312,229,286,267,267,261,223,136,123,237,162,305,273,206,515,474,433,368,267,149,115,329,156,425,474,261,505,465,428,369,271,152,119,328,159,422,466,264,488,449,418,364,272,152,121,323,161,415,451,263,463,429,401,354,268,151,121,314,161,404,432,258,436,401,382,340,261,148,120,301,160,388,407,250,404,373,356,321,249,142,118,286,158,369,378,237,368,340,328,298,235,135,115,267,154,347,346,223,329,305,296,272,217,126,111,246,149,322,310,204,292,270,264,244,195,113,105,225,144,296,275,185,513,471,429,361,257,143,111,323,151,419,471,254,500,459,420,354,252,140,110,317,149,411,459,249,480,442,405,344,247,137,109,308,147,399,443,243,457,420,387,330,239,132,107,296,145,385,421,234,428,393,366,313,227,127,105,282,142,368,396,223,395,364,341,294,217,120,101,266,139,348,367,210,362,332,313,271,200,112,99,248,136,327,336,195,326,300,285,248,186,105,95,229,131,305,303,180,289,266,254,222,168,95,90,210,127,281,270,162,511,469,424,353,248,136,107,318,145,413,468,246,495,454,409,339,236,129,102,306,139,399,453,234,473,434,391,322,222,121,97,293,134,382,433,222,445,408,369,303,209,114,93,277,129,363,408,209,415,380,345,283,196,107,91,261,126,344,380,196,382,350,320,263,183,101,87,245,122,324,351,182,348,319,294,242,169,93,85,227,119,303,320,168,314,287,266,221,155,86,82,211,115,283,289,154,281,257,239,199,141,79,79,194,112,263,259,140,508,466,419,345,239,131,102,313,141,407,465,238,490,449,401,323,218,118,94,296,130,387,446,220,463,424,377,299,198,107,87,277,122,364,421,200,432,395,350,275,180,98,82,258,115,340,392,184,398,364,322,252,165,90,80,240,112,317,361,169,363,332,295,231,150,84,77,222,109,296,330,155,329,301,269,211,139,78,75,206,107,276,300,143,296,271,244,192,127,73,73,191,105,258,270,130,264,241,219,174,115,67,71,176,104,241,242,119,507,463,415,339,231,126,99,308,136,401,462,231,486,444,392,309,202,109,87,287,122,377,441,206,455,416,363,278,175,94,79,263,111,347,411,182,418,382,330,247,152,84,74,240,104,317,377,161,378,345,296,219,135,78,72,219,101,290,340,144,339,310,267,198,123,73,71,200,100,267,306,131,304,278,242,179,112,68,70,186,99,248,275,120,272,249,218,164,104,64,69,172,99,231,247,111,244,223,197,149,96,59,68,160,99,218,221,102,505,463,412,333,225,122,96,304,133,398,459,227,483,441,385,298,188,101,81,279,115,368,437,196,451,411,351,259,154,83,72,252,103,334,404,165,409,373,312,221,127,75,71,225,98,297,365,141,362,329,272,189,111,71,70,200,96,263,321,124,313,286,238,167,102,68,70,181,96,238,279,112,275,252,212,151,95,64,69,167,96,220,246,104,244,225,192,140,89,61,69,155,97,208,221,96,219,202,175,128,83,56,68,146,97,198,199,90,505,463,409,330,220,119,94,302,131,396,459,223,482,440,381,291,179,95,77,274,111,364,434,188,449,409,345,246,138,76,71,244,98,325,401,153,408,370,302,199,106,73,71,216,95,284,360,126,359,325,254,160,96,70,70,190,95,245,312,109,304,275,209,141,92,68,70,168,96,215,262,100,250,229,185,131,87,64,69,152,96,198,222,94,221,204,168,122,83,61,69,143,97,189,198,88,199,186,155,114,78,56,68,136,97,182,180,83,505,462,409,329,219,118,93,302,130,395,459,222,482,440,379,288,175,93,76,273,109,362,434,185,449,409,342,242,130,75,71,242,97,323,400,149,407,370,298,192,98,73,71,213,95,279,358,121,358,325,249,139,95,70,70,187,95,240,311,101,303,274,197,127,91,68,70,164,96,206,258,95,244,223,171,121,87,64,69,147,96,189,212,91,212,198,157,114,83,61,69,138,97,181,189,86,192,180,146,109,78,56,68,132,97,177,173,81]}