{"c":"16286","n":"喜茂別","la":42.79333333333334,"lo":140.94833333333332,"e":264,"t":[-7.4,-6.9,-2.8,3.6,9.8,14.6,18.5,19.7,14.6,8.0,1.4,-4.7],"s":[100,100,100,66,0,0,0,0,0,0,24,89],"i":[516,459,430,372,278,153,120,338,173,443,469,267,508,454,434,387,302,168,131,349,189,455,466,286,491,441,429,394,320,180,141,353,204,459,453,298,463,419,415,393,330,188,149,351,214,454,432,304,428,390,392,383,332,193,155,343,222,442,403,302,386,354,362,364,327,193,158,328,225,423,367,295,337,313,326,338,314,190,158,307,225,397,325,281,285,268,284,305,294,183,156,281,222,364,279,261,231,221,238,266,268,172,151,252,215,327,229,235,516,459,430,371,277,152,119,338,172,443,469,267,508,454,434,386,300,167,130,348,188,454,465,284,490,441,429,393,317,178,140,352,202,458,453,296,463,419,413,391,326,186,148,350,212,453,433,301,429,390,392,381,328,190,153,341,219,441,404,300,388,356,363,362,322,190,155,326,223,422,369,292,340,315,327,337,309,187,156,306,222,396,327,277,290,271,286,304,289,179,153,281,218,364,282,257,237,225,241,266,262,168,148,250,211,328,235,231,515,459,430,369,274,150,118,336,170,441,468,264,507,453,432,382,294,163,128,345,184,450,463,280,491,440,426,387,308,173,136,348,196,453,451,289,466,419,413,384,315,179,143,345,204,448,433,293,433,392,391,374,315,182,147,336,210,437,405,290,394,359,363,355,308,181,149,321,213,417,372,281,350,320,329,330,294,177,148,301,212,394,333,267,302,279,291,299,274,169,145,277,206,364,291,247,252,237,250,262,248,158,140,250,200,330,247,223,514,457,428,365,269,147,115,333,167,437,467,260,507,451,429,374,285,157,123,339,178,445,462,272,490,438,422,377,295,164,130,340,187,445,450,279,467,418,408,372,299,168,134,336,194,438,430,280,436,392,388,361,296,169,137,326,197,428,405,275,400,360,361,343,288,167,138,312,198,409,374,266,359,325,329,318,273,161,136,293,196,387,338,250,315,287,294,289,252,153,133,270,191,360,298,231,271,248,256,256,229,142,128,245,183,330,258,209,513,455,425,359,262,143,112,329,163,433,463,254,504,449,423,365,273,149,118,332,170,436,459,262,488,434,415,364,277,153,122,330,176,434,446,265,465,415,401,357,278,155,124,324,179,426,426,263,437,390,380,344,273,153,125,313,181,413,401,256,403,361,355,326,262,149,124,299,180,398,373,246,364,327,325,303,248,143,122,281,177,376,338,231,325,292,293,275,229,135,119,260,172,352,303,213,283,254,258,245,206,124,112,237,165,325,265,192,511,454,421,353,254,139,109,324,158,428,462,249,501,445,416,353,258,141,111,323,161,426,454,250,484,430,405,347,258,141,112,318,163,421,440,249,461,409,390,337,252,140,112,310,164,411,420,243,432,385,369,323,246,136,112,298,162,397,395,235,400,356,344,304,234,131,110,283,161,380,367,223,365,325,317,283,220,125,108,266,157,361,336,209,327,291,286,257,202,117,104,246,152,338,301,192,289,257,254,231,182,107,99,225,147,316,267,173,509,451,417,346,247,134,106,319,153,422,459,242,497,441,408,340,242,132,104,313,151,415,449,238,478,424,394,329,236,128,103,304,150,404,432,231,453,401,376,315,227,124,101,293,147,392,409,222,425,377,355,299,217,119,99,279,145,376,385,212,392,348,330,280,204,112,96,264,142,359,357,199,359,317,302,258,190,107,94,248,139,340,326,185,323,286,275,236,175,100,91,229,135,321,295,170,287,254,245,211,158,91,88,212,131,300,262,153,507,450,413,339,238,129,102,314,148,416,455,235,492,436,399,325,225,122,98,303,142,403,442,225,470,416,381,309,214,115,94,290,137,387,422,213,442,392,359,291,200,110,91,275,132,370,398,200,412,365,336,272,188,103,88,260,128,352,371,188,379,336,311,252,175,97,85,244,125,335,342,175,345,306,285,231,162,91,83,227,123,316,312,161,312,275,257,211,148,85,81,212,120,299,281,148,279,246,231,190,134,79,79,196,117,282,252,134,505,447,408,332,229,124,99,309,143,409,454,229,487,430,390,312,211,113,92,293,133,391,436,212,461,408,367,289,192,104,86,275,124,369,412,195,429,380,341,266,175,96,82,257,118,347,383,179,395,350,314,244,160,90,80,239,113,326,353,164,361,320,287,223,146,84,77,223,112,307,323,151,327,290,262,202,135,79,76,208,110,290,293,139,294,260,237,185,123,74,75,194,109,274,264,127,262,231,213,167,112,69,73,180,108,260,236,115,504,446,405,326,223,120,96,305,139,405,451,223,483,426,383,299,197,106,86,284,125,380,430,200,453,400,354,269,171,94,80,262,113,352,403,178,417,368,323,240,150,85,76,240,107,324,369,159,377,334,291,214,134,80,74,220,104,299,334,143,338,300,262,193,122,75,73,202,103,278,300,130,303,269,237,175,112,71,73,188,102,262,269,120,271,241,213,160,103,68,72,176,102,249,242,110,242,215,192,145,95,64,71,165,103,238,217,101,501,444,401,321,217,117,94,301,136,401,450,219,480,424,376,289,185,100,82,277,118,372,426,191,449,396,344,252,153,85,75,250,105,338,396,164,409,360,306,217,128,78,73,225,100,304,358,141,361,319,268,187,112,75,73,202,98,272,316,125,312,279,235,165,103,72,73,184,99,249,275,112,274,246,209,150,96,69,72,170,99,234,243,105,243,220,189,138,90,66,72,160,100,225,217,98,218,197,172,126,84,62,71,151,101,217,196,91,501,444,400,318,214,114,92,299,134,399,449,216,479,423,373,282,177,95,79,273,113,367,425,185,447,394,338,241,139,79,74,244,100,330,393,153,405,358,297,198,109,77,73,217,96,290,354,128,358,316,250,161,99,74,73,193,97,254,308,111,304,269,208,142,94,72,73,172,98,225,260,102,250,225,184,131,90,69,72,157,99,212,220,96,220,200,167,122,84,66,72,148,100,206,196,91,198,182,154,113,79,62,71,142,101,202,178,85,501,444,399,317,213,114,92,298,133,398,448,215,479,423,371,280,173,94,78,271,112,365,424,183,447,394,335,238,133,78,74,242,99,327,392,150,405,358,294,192,102,77,73,214,96,285,352,123,357,315,248,143,98,74,73,189,97,248,307,105,303,268,198,129,94,72,73,168,98,219,256,98,244,219,171,123,89,69,72,152,99,202,211,94,211,195,157,115,84,66,72,144,100,199,188,89,191,177,145,109,79,62,71,138,101,197,171,83]}