{"c":"16877","n":"大船渡","la":39.06333333333333,"lo":141.71333333333334,"e":37,"t":[0.8,1.1,3.8,9.2,13.7,17.3,20.9,22.9,19.5,13.9,8.3,3.5],"s":[2,7,3,0,0,0,0,0,0,0,0,1],"i":[453,423,411,326,302,246,216,353,259,433,429,291,444,416,412,334,324,278,250,368,295,441,424,312,426,401,404,336,340,304,280,375,323,438,411,326,401,380,388,330,348,322,301,373,344,426,390,333,371,352,365,319,347,332,316,365,356,408,363,333,333,319,335,300,339,334,322,348,359,379,329,325,290,280,299,276,323,328,320,324,354,344,290,309,246,239,258,248,300,314,310,294,340,302,248,287,200,197,215,215,271,292,292,259,317,254,204,259,453,423,411,325,301,244,215,352,258,433,429,290,444,416,411,333,323,275,248,366,292,440,424,310,426,401,403,335,337,298,276,373,319,438,411,323,403,380,388,329,344,315,296,371,338,426,390,329,372,353,364,317,344,324,310,362,350,407,363,328,335,320,335,299,335,325,315,345,352,379,330,319,293,282,300,275,319,318,313,321,346,344,292,304,250,242,261,247,295,304,302,292,331,303,250,282,206,200,219,214,265,282,284,257,309,258,209,254,453,422,409,324,298,240,211,350,252,430,428,287,444,416,409,330,317,266,240,362,283,437,423,304,428,401,400,330,329,286,264,367,307,434,409,315,405,381,385,324,334,299,281,364,323,423,390,319,375,354,363,312,331,305,292,354,331,404,364,316,340,323,334,294,321,304,295,337,331,376,333,306,301,288,301,270,304,295,291,313,324,344,297,290,261,250,264,243,281,280,279,285,308,305,258,268,219,212,225,212,252,257,261,252,286,263,219,240,453,421,408,321,293,233,204,346,247,428,426,282,444,415,405,325,307,254,227,355,270,432,421,295,428,401,396,324,316,268,245,357,288,428,408,303,405,381,381,316,318,277,257,352,299,416,389,304,378,356,359,303,312,279,263,341,304,397,364,298,345,326,332,285,302,275,263,323,301,371,334,287,310,293,301,262,285,265,257,301,292,340,301,271,271,258,266,237,262,249,245,273,275,304,265,249,233,222,231,208,235,227,225,243,252,266,229,223,451,421,405,318,286,225,196,341,238,424,426,276,443,413,401,319,296,238,211,345,254,425,419,284,426,399,390,315,299,246,223,344,265,418,405,287,405,379,374,306,297,250,229,337,270,405,386,284,379,355,352,292,290,249,229,324,270,386,362,277,349,327,327,273,277,242,227,306,265,361,334,264,315,296,296,252,261,231,219,284,254,331,302,248,280,263,265,227,239,215,206,259,238,299,270,227,244,231,231,202,215,195,189,229,218,264,236,204,451,419,401,313,279,216,186,335,227,419,424,269,441,411,395,311,281,221,193,334,235,416,416,271,425,396,383,303,279,223,196,329,238,405,401,269,404,377,365,293,273,220,197,318,238,391,382,262,378,352,343,277,264,216,195,304,234,371,358,252,349,325,318,259,250,206,188,285,225,346,331,239,317,296,290,239,233,195,179,264,215,319,301,222,283,265,260,216,214,181,167,240,200,288,269,204,250,233,229,192,192,163,152,215,182,257,238,182,450,418,399,309,271,206,175,329,217,413,422,262,438,408,388,302,266,202,173,322,214,405,412,257,422,392,373,291,258,197,170,312,210,392,396,249,400,371,354,277,248,190,164,298,204,374,375,238,373,347,331,261,235,181,159,281,197,352,351,225,344,320,306,243,221,172,151,262,186,328,323,212,314,291,278,222,204,159,142,242,176,301,295,195,282,262,250,202,187,147,131,220,162,273,265,179,250,231,222,179,168,132,118,196,148,244,235,160,449,417,395,304,262,196,165,322,206,409,420,254,436,405,381,293,250,184,154,309,194,394,408,242,417,387,363,278,236,172,143,294,182,375,389,229,393,365,341,262,221,160,134,276,171,354,366,214,366,339,316,243,206,149,125,257,160,330,340,199,336,311,290,224,190,138,117,238,149,304,313,184,306,283,263,204,176,127,108,218,139,279,284,169,275,254,236,184,159,115,100,197,128,252,254,153,245,225,211,166,144,105,90,177,117,227,227,138,448,415,392,300,254,187,155,316,196,403,418,247,433,401,375,284,234,166,136,297,174,383,403,227,412,381,352,265,214,147,119,276,155,359,382,209,385,356,327,245,194,132,106,254,139,332,356,190,355,329,299,224,177,120,96,233,127,304,327,174,324,300,272,204,162,109,88,213,117,278,298,158,293,271,245,185,148,99,81,194,108,252,269,144,263,242,220,168,134,91,75,175,100,227,242,131,234,216,195,150,122,83,69,157,91,204,215,119,447,413,390,296,248,179,147,311,186,398,417,241,430,399,369,276,220,150,119,286,156,373,400,215,408,376,343,252,193,125,97,260,130,343,375,190,377,348,312,227,170,107,82,234,112,311,346,168,344,317,281,204,150,95,74,211,100,278,314,150,309,285,250,185,135,86,68,189,91,250,281,135,276,254,224,167,123,79,64,171,85,224,252,123,246,227,200,150,112,74,60,155,79,202,225,112,219,202,179,135,103,69,56,140,74,182,200,102,446,413,388,293,242,172,140,306,179,395,416,236,430,397,365,269,209,137,105,277,141,366,397,204,405,373,335,242,175,106,79,246,109,330,371,175,373,343,300,213,146,87,66,217,90,291,339,149,334,307,263,186,126,78,64,192,82,252,301,130,292,270,229,165,113,74,61,170,77,221,264,118,256,237,202,149,105,70,57,152,73,196,231,108,225,210,180,135,97,66,56,138,70,176,204,100,200,187,162,123,91,63,53,126,67,161,183,92,446,413,386,291,239,168,135,304,174,393,415,233,429,396,362,265,200,127,95,271,130,361,396,198,404,372,331,235,162,92,67,237,94,322,369,163,371,341,295,202,126,78,66,208,81,278,336,136,332,305,252,170,108,76,64,181,77,234,297,118,288,264,209,148,102,73,61,158,75,198,254,107,240,221,180,135,97,69,57,139,72,171,213,100,208,194,162,125,91,66,56,127,69,156,188,94,186,174,148,114,86,63,53,117,66,144,169,88,446,413,386,290,237,167,133,303,172,392,415,231,429,396,362,264,198,124,92,269,127,359,396,195,404,372,331,233,156,86,67,234,91,319,369,158,371,341,294,199,114,78,66,204,79,274,335,131,332,304,252,161,105,76,64,178,77,225,296,113,288,263,206,138,101,73,61,155,75,189,252,104,239,219,169,129,96,69,57,135,72,162,209,98,200,187,154,121,91,66,56,122,69,148,180,93,179,169,142,112,86,63,53,112,66,137,163,87]}