{"c":"17091","n":"西興部","la":44.33166666666666,"lo":142.93666666666667,"e":120,"t":[-8.3,-7.9,-3.0,4.1,9.9,13.6,17.6,19.2,14.5,8.2,1.7,-4.6],"s":[100,100,100,36,0,0,0,0,0,0,12,78],"i":[491,454,408,361,269,150,121,331,179,433,451,260,486,450,411,377,294,166,136,343,200,445,449,279,470,438,407,385,312,179,148,350,219,450,438,292,446,417,394,385,323,188,159,349,233,446,419,299,413,389,374,376,327,194,166,342,243,434,392,299,376,355,347,358,323,195,170,329,249,415,359,292,331,315,313,334,311,192,171,309,250,388,320,279,283,271,275,302,292,184,169,284,246,355,276,260,233,225,231,265,267,173,164,254,238,317,229,235,491,454,407,360,268,149,120,330,179,432,451,259,484,450,409,376,292,164,135,342,199,444,448,277,470,438,405,384,309,177,147,348,216,448,438,290,447,417,393,383,320,186,156,347,229,444,419,296,415,390,373,374,323,190,163,340,240,432,393,296,377,356,346,357,318,191,167,327,245,413,360,289,334,317,314,332,306,187,168,307,246,387,321,275,286,274,276,302,288,180,166,283,242,354,279,256,237,229,235,265,263,169,160,254,234,317,234,231,491,454,405,358,265,147,119,328,176,430,450,256,484,449,408,372,286,160,131,338,194,440,447,273,470,437,401,378,301,171,142,343,210,443,436,283,447,417,390,376,309,178,150,341,221,438,418,288,417,391,370,367,310,181,156,334,229,426,393,286,381,358,344,350,305,180,159,320,233,407,361,278,340,322,313,325,292,176,159,301,233,382,325,264,296,281,277,296,273,168,156,278,229,352,285,246,250,239,239,261,248,156,151,250,220,318,243,222,490,451,403,354,260,143,115,325,172,426,448,252,483,447,403,364,277,154,126,332,187,434,445,265,468,434,397,368,288,162,134,335,199,434,433,273,447,416,384,365,293,166,140,331,206,428,415,274,418,390,364,354,291,167,144,323,213,416,391,271,385,360,339,337,284,165,146,309,215,398,361,262,347,325,309,314,271,160,145,291,213,374,327,248,306,287,276,286,252,151,141,269,209,347,290,229,264,249,241,254,227,140,136,244,200,315,250,206,488,451,400,349,252,139,112,321,167,421,446,247,480,444,397,354,264,146,119,324,177,425,441,254,466,430,389,355,270,150,125,324,185,423,429,258,444,412,374,349,272,152,128,318,190,415,409,257,418,388,355,337,268,151,129,308,193,401,387,252,386,359,331,320,258,147,129,294,193,384,358,241,350,326,302,298,245,141,127,277,191,362,326,227,312,291,272,271,227,132,124,256,186,337,292,210,273,254,239,243,204,121,118,233,178,309,256,190,487,449,396,342,246,134,108,315,162,416,444,241,476,440,390,343,250,137,112,315,166,413,436,243,461,426,379,338,250,137,112,310,169,408,422,242,438,405,363,329,247,136,113,302,171,398,403,238,413,381,343,316,241,133,113,291,171,384,379,229,383,354,319,298,229,128,112,277,170,366,352,219,349,323,292,277,216,121,110,260,167,346,321,204,313,289,263,254,200,112,106,240,162,322,288,189,277,257,234,227,181,103,101,220,156,298,256,170,484,446,392,336,237,129,104,310,155,409,441,234,473,434,382,329,234,127,103,304,154,401,430,229,455,419,367,320,229,124,102,296,153,392,413,224,432,398,349,307,221,120,101,285,151,378,393,216,404,373,328,292,211,114,99,271,150,362,368,206,374,344,304,274,200,109,96,257,147,344,341,195,342,315,278,252,187,102,94,240,144,325,312,180,309,284,250,231,172,95,91,223,141,304,281,166,274,252,223,208,156,86,87,204,136,282,250,150,482,444,387,328,229,124,100,304,149,404,438,227,468,430,373,315,218,117,95,293,143,390,424,217,447,411,355,300,206,111,91,280,137,374,404,206,421,387,333,283,194,105,88,266,133,356,380,194,392,361,310,265,183,98,86,250,130,337,354,182,361,332,286,246,170,93,83,235,127,319,326,170,330,302,260,227,158,86,81,220,125,300,298,157,298,273,234,206,145,80,78,204,122,281,268,143,266,244,210,187,132,73,76,188,120,263,240,130,480,441,384,321,221,119,96,299,143,398,434,221,463,425,365,302,202,108,88,283,131,378,418,204,438,401,342,279,184,99,82,265,122,355,394,188,409,375,316,258,168,91,78,247,115,333,367,172,377,346,290,237,154,84,75,229,112,311,337,159,344,316,264,217,142,79,73,214,110,291,308,146,312,287,240,198,131,73,71,199,109,273,280,134,281,258,216,181,120,68,70,185,108,257,252,123,250,229,193,164,110,63,69,171,107,242,225,112,479,438,380,315,213,114,92,294,138,392,433,215,459,421,358,289,188,100,81,273,122,367,413,192,430,394,330,260,163,88,74,250,110,338,385,171,396,363,300,231,143,80,70,229,103,309,353,152,359,329,269,208,129,74,69,210,100,284,319,137,323,296,242,188,118,70,68,194,99,263,287,125,291,267,218,171,109,66,67,180,99,246,258,114,261,239,196,157,100,61,66,167,100,231,231,106,233,214,176,142,93,56,66,156,100,220,208,97,476,438,378,310,208,112,89,291,134,389,430,210,455,418,353,278,175,94,76,266,113,359,409,182,426,390,321,243,145,80,68,240,99,324,379,156,389,354,285,209,122,73,68,215,94,289,343,134,344,314,249,181,108,69,67,193,93,258,302,119,300,275,219,161,100,66,67,176,94,235,265,109,265,244,195,147,93,63,66,163,95,220,235,101,237,219,176,135,87,59,66,152,96,209,211,94,212,197,160,124,81,55,65,144,98,200,190,87,476,437,376,307,204,110,88,289,131,386,430,206,455,416,350,272,167,89,72,261,108,354,407,176,424,387,317,231,130,74,68,233,94,316,376,145,386,351,278,189,103,72,68,206,91,275,338,122,341,310,235,155,96,69,67,183,92,239,295,107,290,263,196,139,91,66,67,164,93,213,250,99,244,225,175,129,87,63,66,150,94,199,214,93,217,200,159,120,82,59,66,142,96,192,192,87,195,182,146,112,77,55,65,135,97,187,175,81,476,437,376,306,202,109,87,288,130,386,430,206,454,416,349,269,164,87,71,259,106,352,405,173,424,387,315,227,123,74,68,229,92,313,375,142,385,350,276,182,99,72,68,204,91,269,337,118,340,309,233,136,95,69,67,180,92,234,294,100,289,262,187,127,91,66,67,160,93,204,246,95,236,217,166,121,86,63,66,145,94,191,206,90,209,194,153,113,82,59,66,138,96,185,185,85,189,177,140,107,77,55,65,132,97,182,169,80]}