{"c":"17292","n":"石巻","la":38.42666666666667,"lo":141.29833333333335,"e":43,"t":[0.7,1.2,4.1,9.4,14.0,17.7,21.3,23.4,20.1,14.5,8.5,3.5],"s":[3,7,4,0,0,0,0,0,0,0,0,1],"i":[451,424,437,356,323,265,235,375,288,459,438,315,443,417,437,366,349,300,274,392,329,469,433,338,426,403,428,368,366,329,306,401,362,468,419,354,400,381,411,363,375,349,331,400,386,455,397,362,369,352,386,350,375,360,347,391,400,434,369,362,331,318,353,330,367,363,354,374,405,405,334,353,288,279,314,303,349,356,352,349,399,366,294,336,243,237,270,270,324,340,341,316,383,321,250,312,197,194,222,233,292,317,322,278,357,270,204,281,451,424,436,355,322,263,234,374,286,459,438,314,443,417,437,365,347,296,271,391,326,468,432,336,426,403,428,367,363,323,302,399,358,467,419,351,401,381,411,361,371,341,325,398,381,455,398,358,370,353,386,348,371,351,340,389,394,434,369,357,333,319,354,328,362,353,347,371,398,404,335,347,291,281,316,302,344,345,344,346,391,367,296,330,247,241,273,270,319,329,333,314,375,323,254,306,202,199,227,234,286,305,313,277,349,274,210,275,451,424,434,354,319,258,229,372,281,458,437,310,443,417,434,362,340,287,262,386,317,465,432,329,426,403,425,362,354,309,289,392,344,463,418,342,403,382,409,356,359,323,308,390,363,451,398,346,373,355,385,343,357,330,320,380,373,430,371,343,338,323,354,323,347,329,324,362,374,401,338,333,299,287,318,297,329,319,319,337,366,367,301,315,258,249,278,267,303,302,307,306,348,325,262,291,217,211,236,231,271,278,286,271,323,280,221,261,451,423,433,351,313,250,222,367,274,455,436,305,443,416,430,356,330,273,248,378,301,459,430,320,426,401,421,355,340,290,268,381,322,455,417,328,405,382,404,347,342,299,281,376,336,443,397,329,377,357,381,333,336,301,288,365,342,424,371,324,343,326,351,314,325,297,289,347,339,396,340,312,308,293,318,289,307,287,282,323,328,363,306,294,270,258,281,261,282,269,268,294,311,325,269,270,231,222,243,227,252,245,248,261,286,284,231,242,451,422,430,346,306,242,212,362,263,450,434,298,442,415,425,348,317,256,229,367,282,451,428,307,426,401,415,345,321,265,242,366,296,445,413,310,404,381,397,335,319,270,250,359,302,432,394,308,378,356,374,321,312,268,250,346,303,412,369,300,348,328,347,301,298,260,248,328,298,386,341,287,313,296,314,278,281,249,239,304,286,354,308,269,279,264,281,250,257,231,225,277,268,320,275,247,243,231,246,222,231,210,206,247,246,282,240,221,450,421,426,342,298,231,200,355,252,445,433,290,441,413,419,340,301,237,209,355,260,442,424,292,425,398,405,332,299,239,213,349,264,432,409,290,403,378,388,321,293,237,214,339,265,416,390,283,377,354,364,305,283,231,212,323,261,395,365,273,348,326,337,285,269,222,204,304,252,370,337,259,316,297,308,263,250,209,195,282,240,341,307,241,282,265,276,238,229,194,182,256,223,308,274,221,249,234,244,212,206,175,165,229,204,275,242,198,450,420,423,336,289,221,189,348,239,438,430,282,438,409,412,329,283,217,187,341,236,430,420,277,422,394,396,318,276,211,184,330,231,416,404,268,399,373,375,303,265,204,177,315,225,397,383,257,373,349,351,286,250,194,172,298,217,374,358,244,344,321,324,266,237,184,163,278,206,349,330,229,313,293,295,244,218,170,153,257,195,321,300,211,282,263,266,222,200,157,142,234,180,291,270,193,249,233,236,197,180,141,128,209,165,260,239,173,449,419,420,331,280,210,178,340,225,433,429,273,436,407,404,319,266,197,165,327,212,418,416,260,417,389,384,303,250,183,153,310,199,398,397,246,393,367,361,285,235,170,144,291,187,374,373,229,366,341,335,264,219,158,134,271,175,349,347,214,336,313,307,244,202,147,125,250,163,323,319,198,305,284,279,223,187,134,114,229,152,295,289,181,275,256,250,200,169,123,106,208,140,268,260,165,244,227,223,181,153,111,96,187,128,240,231,149,447,417,416,326,271,200,167,333,214,426,426,265,433,404,397,308,249,177,145,313,189,405,411,244,412,384,373,287,225,156,126,290,167,379,390,223,386,358,345,265,204,139,112,266,150,350,363,202,355,331,315,242,186,125,100,244,136,321,334,185,324,301,286,221,170,113,92,222,125,293,304,168,293,272,258,200,155,104,85,202,114,266,274,153,262,244,231,181,141,95,79,183,107,240,246,139,234,217,204,163,128,87,72,165,98,216,219,126,447,416,413,321,263,191,157,327,202,422,425,258,430,401,391,298,233,159,126,300,168,394,408,229,408,379,362,272,202,132,101,271,138,361,383,202,378,351,329,245,177,112,85,243,117,326,353,178,344,319,295,219,156,98,75,218,103,291,319,158,309,287,263,197,140,89,69,196,94,260,286,142,276,256,234,177,127,81,65,176,87,234,254,129,246,229,208,160,115,76,61,159,82,210,227,117,218,202,186,144,107,70,56,144,77,190,202,107,446,416,411,318,257,184,150,322,195,418,424,252,430,399,386,291,220,145,111,290,151,385,405,219,405,376,354,260,183,111,81,256,112,346,378,185,373,345,316,227,151,89,66,224,90,304,345,156,335,309,275,197,129,79,63,196,81,263,306,135,293,271,238,173,114,74,61,173,76,227,267,121,256,238,209,156,106,70,57,155,73,200,234,111,225,210,186,141,99,67,56,140,70,181,206,102,200,187,167,129,93,64,54,128,68,165,185,95,446,415,409,315,252,179,144,319,189,415,424,249,429,399,383,286,212,134,100,283,138,380,404,211,405,375,350,252,168,94,67,245,95,337,376,171,373,344,309,214,129,78,64,212,79,289,342,140,334,307,264,176,107,75,63,184,75,241,302,120,289,266,215,152,101,73,61,160,73,200,257,109,241,222,183,138,96,70,57,140,71,173,215,101,206,194,164,128,91,67,56,127,69,157,188,95,185,174,150,118,86,64,54,118,66,145,170,89,446,415,409,315,252,177,142,318,187,413,424,248,429,399,383,284,208,130,95,281,134,378,404,208,405,375,349,249,162,88,66,242,90,334,376,166,372,344,308,210,115,78,64,209,76,284,341,135,333,307,262,167,104,75,63,180,75,231,301,115,289,265,213,138,100,73,61,156,73,192,256,104,241,221,171,130,96,70,57,136,71,162,211,99,200,187,154,122,91,67,56,123,69,148,181,93,179,168,143,113,86,64,54,113,66,138,163,88]}