{"c":"17341","n":"網走","la":44.016666666666666,"lo":144.27833333333334,"e":38,"t":[-5.6,-6.0,-1.9,4.4,9.5,13.0,17.0,19.5,16.3,10.6,3.7,-2.4],"s":[91,94,79,10,0,0,0,0,0,0,2,47],"i":[525,503,458,396,309,213,183,377,238,468,495,306,518,499,463,416,341,248,218,396,275,483,493,335,501,484,458,425,365,276,248,408,308,488,480,356,475,461,443,425,381,297,273,411,334,484,459,368,440,429,420,416,387,311,292,405,353,470,430,371,398,390,389,397,384,317,303,393,364,447,393,366,350,344,351,370,371,316,308,371,368,416,348,352,297,294,306,334,350,306,304,342,363,377,299,330,243,242,256,292,320,288,294,308,351,332,247,300,525,503,457,396,308,212,182,376,236,467,495,305,518,498,461,413,339,244,216,395,272,480,492,333,501,484,457,424,363,271,246,405,304,486,480,353,476,462,443,424,378,291,269,409,329,482,459,364,442,430,420,415,384,304,287,403,347,468,430,367,400,392,389,396,380,310,298,389,357,445,394,362,353,347,352,369,367,307,302,368,360,413,351,348,301,298,308,334,345,297,298,340,355,376,302,325,248,247,260,293,315,279,288,306,342,332,252,296,524,503,455,393,304,208,178,373,231,465,494,302,517,497,458,409,332,236,209,389,264,476,491,326,501,484,453,418,352,259,235,399,291,480,480,343,476,462,438,416,364,275,256,400,313,475,459,352,445,432,417,407,368,285,271,394,328,461,430,354,405,395,388,389,363,288,280,379,336,438,396,347,361,354,352,362,350,284,282,359,338,409,356,332,312,308,311,329,328,273,277,331,332,374,310,310,263,260,267,291,298,254,267,299,319,333,264,281,524,501,451,389,298,200,172,368,225,459,492,296,516,496,454,401,320,224,197,381,250,469,488,315,501,482,446,407,336,241,217,387,273,471,476,328,478,461,433,404,345,252,233,386,289,463,457,334,446,433,411,393,345,259,244,378,300,449,430,332,411,399,383,375,338,259,250,364,306,429,398,324,369,360,349,350,324,254,250,343,305,400,359,309,325,317,312,319,302,242,244,318,298,368,318,288,280,274,271,284,274,224,233,288,286,331,275,261,522,500,448,383,290,193,164,362,216,455,490,288,514,493,446,390,305,208,181,370,235,459,484,301,498,478,438,392,315,219,196,372,250,457,471,309,475,457,421,386,318,227,206,367,260,448,451,310,447,430,401,375,316,229,212,358,267,433,426,306,412,398,373,356,306,225,214,343,269,412,395,296,375,362,342,333,292,218,213,323,267,387,360,281,334,324,307,303,272,206,206,299,259,356,321,261,291,283,270,272,247,190,196,272,248,324,281,236,520,497,443,376,280,184,154,355,206,448,487,280,509,488,437,377,287,191,164,356,216,447,479,285,493,473,426,373,290,196,170,353,223,440,463,286,470,451,409,365,288,196,176,346,227,428,443,283,442,424,386,350,282,195,178,334,229,412,417,276,409,394,360,332,272,190,177,318,229,391,388,265,374,360,330,309,256,181,174,299,227,367,354,249,336,323,297,284,239,170,168,277,220,340,319,231,297,286,264,254,217,156,159,252,211,311,283,209,518,494,438,368,269,174,145,348,196,441,484,270,505,483,428,362,266,173,145,342,195,433,472,267,486,465,412,352,262,170,146,333,196,421,454,261,462,442,392,338,254,166,145,321,195,405,432,252,433,413,368,323,245,161,144,307,194,386,405,243,401,384,341,303,234,154,141,290,191,365,375,229,367,352,313,282,219,145,137,272,188,342,344,215,331,317,283,258,202,135,133,252,183,318,310,199,294,281,250,233,185,124,126,231,176,292,276,181,516,492,433,359,258,164,135,340,185,434,480,260,500,476,417,346,246,153,127,327,175,418,465,248,478,455,396,329,231,145,121,311,168,399,443,235,450,429,372,311,220,136,115,295,163,379,417,222,420,400,346,291,208,128,112,279,159,358,389,209,387,369,319,271,194,121,109,261,155,336,358,196,354,336,291,250,182,112,106,244,152,314,327,182,320,304,263,229,167,105,102,225,150,291,296,167,285,272,236,208,153,96,98,208,146,269,264,152,513,488,429,351,248,154,125,332,174,426,476,250,495,470,407,329,225,135,109,312,156,404,458,229,469,445,381,305,204,120,98,290,142,377,430,210,437,413,351,281,187,109,91,269,134,351,401,192,401,382,321,259,171,100,87,250,128,326,369,176,368,349,293,237,158,93,83,231,126,303,337,163,334,317,266,217,147,86,82,215,124,282,306,150,301,285,240,199,134,80,80,200,124,262,275,138,270,254,214,180,124,74,78,185,123,244,246,126,512,487,425,344,238,145,117,326,165,420,474,243,490,465,398,314,206,119,93,298,139,391,451,213,459,436,366,282,177,99,79,271,120,357,421,186,423,400,330,250,154,86,71,245,109,324,384,164,383,361,295,224,137,78,69,223,105,294,346,146,344,325,264,202,126,73,67,204,105,270,311,134,310,292,237,185,115,68,67,189,105,250,280,123,278,263,213,169,107,64,66,176,106,231,250,113,249,235,192,154,100,60,65,164,108,218,225,105,509,484,421,338,231,139,110,321,158,416,472,236,488,462,392,302,191,106,80,288,124,381,447,199,455,429,354,262,153,81,64,254,101,340,413,165,413,389,312,223,125,69,62,225,93,299,372,139,366,342,270,192,109,66,62,200,93,263,326,122,318,298,235,170,100,63,62,181,94,236,284,111,281,264,209,155,94,60,63,167,97,218,250,103,250,236,188,144,89,56,63,156,99,204,225,96,225,212,171,132,84,54,63,147,102,195,202,90,509,484,419,335,225,134,105,317,153,413,471,231,486,459,388,294,180,95,71,281,113,374,445,190,453,426,348,248,133,69,62,245,92,330,409,150,411,385,302,200,100,67,62,215,88,282,366,122,362,337,252,161,92,65,62,188,90,240,317,106,307,284,206,143,88,62,62,166,92,210,266,98,256,239,182,133,84,60,63,152,95,193,225,92,227,214,166,125,80,56,63,143,98,184,202,87,204,193,153,117,76,54,63,136,101,177,184,82,509,484,419,333,224,133,103,316,151,412,470,229,484,459,386,291,175,92,69,278,110,372,443,186,451,426,346,243,125,69,62,242,89,326,408,145,409,384,300,191,93,67,62,211,88,275,365,117,360,336,248,138,90,65,62,184,90,233,315,98,305,282,194,128,87,62,62,162,92,200,260,93,247,229,170,122,84,60,63,146,95,183,215,89,217,204,156,115,80,56,63,138,98,176,193,84,197,187,144,110,76,54,63,132,101,171,176,80]}