{"c":"17351","n":"宇登呂","la":44.05166666666667,"lo":144.98166666666665,"e":144,"t":[-5.6,-6.6,-2.6,4.0,9.5,13.1,16.9,18.9,15.3,10.0,3.5,-2.4],"s":[99,100,99,48,1,0,0,0,0,0,6,65],"i":[518,499,449,371,264,155,117,340,175,432,488,263,512,495,454,389,287,172,131,352,194,444,487,283,495,480,449,397,304,186,142,357,210,449,475,296,469,457,434,397,315,196,151,356,223,445,454,303,434,425,412,388,318,202,157,348,231,434,424,302,393,387,382,371,313,202,161,333,237,413,387,296,344,341,344,345,302,200,161,313,237,388,343,282,292,290,300,312,284,192,158,287,233,356,294,262,238,238,250,273,259,180,152,256,225,319,242,237,518,499,448,370,263,154,117,339,174,430,488,262,512,495,451,386,286,171,130,351,192,443,486,281,495,480,448,394,303,184,141,356,208,447,474,294,470,458,434,394,312,193,149,354,220,443,454,300,436,426,412,384,315,198,155,346,227,432,425,299,394,388,382,367,310,199,158,331,233,413,388,292,348,344,345,341,298,195,158,311,233,387,345,278,296,294,302,309,280,187,155,285,229,356,298,259,244,243,254,271,254,175,149,254,221,320,248,234,518,499,446,367,260,152,114,337,172,429,488,260,511,494,450,381,281,166,127,347,188,438,484,276,496,480,445,387,295,178,136,351,200,442,474,286,471,458,430,384,302,185,144,348,212,438,453,290,438,429,409,375,303,189,148,340,219,426,426,289,400,392,380,357,297,188,150,325,222,408,390,281,356,351,345,331,285,183,150,305,221,383,351,267,308,304,305,300,266,175,146,281,217,354,306,247,259,258,262,264,241,163,140,252,208,321,260,223,517,497,443,363,256,148,112,334,168,426,486,256,509,492,445,373,271,160,122,341,181,433,482,268,495,479,438,375,282,168,129,343,191,434,470,275,472,458,425,371,287,173,134,339,199,429,451,277,441,429,403,359,285,174,137,329,204,417,425,273,405,396,376,342,277,172,138,315,204,399,393,264,365,357,342,317,265,166,136,296,202,376,355,249,321,315,306,287,246,157,133,273,198,349,314,229,277,272,266,254,223,145,126,247,190,319,272,208,516,496,438,357,249,144,109,330,163,421,484,250,508,488,438,361,260,151,114,333,172,425,478,257,492,475,429,361,266,156,120,332,179,423,466,261,470,454,413,353,266,158,123,326,184,416,446,259,442,428,393,340,263,157,124,316,185,403,421,252,408,396,367,321,252,153,123,301,185,386,390,242,371,361,336,299,240,146,120,283,183,365,356,227,330,322,302,271,223,137,115,261,177,340,318,210,288,281,265,241,200,126,110,238,170,313,278,189,514,493,434,350,242,139,105,325,158,416,480,244,504,484,429,348,246,142,108,324,162,415,473,245,488,470,418,342,246,142,110,319,165,409,458,244,465,448,401,332,243,141,110,311,166,399,438,239,438,422,379,317,237,138,109,299,166,386,413,229,405,392,354,298,227,133,107,284,164,369,384,219,370,358,324,275,212,125,104,266,161,348,351,204,333,322,292,250,197,117,100,247,156,327,316,188,295,286,260,223,178,106,95,225,150,303,280,169,512,491,430,342,234,133,101,319,152,409,476,237,500,479,419,334,231,131,100,313,151,403,466,231,480,462,404,323,225,128,99,304,150,393,449,225,457,438,385,308,218,124,97,293,148,380,426,217,429,412,362,291,209,119,95,279,146,364,401,206,398,382,335,271,198,112,92,264,143,347,372,194,364,350,308,250,185,105,89,247,140,328,341,180,328,316,278,227,170,97,85,229,136,308,308,165,292,281,247,202,154,89,81,210,131,287,274,149,509,488,425,335,225,128,97,313,147,404,474,229,494,473,409,320,215,121,93,302,141,391,459,219,472,451,389,302,204,113,89,289,135,375,438,206,445,426,365,283,193,108,85,274,131,358,412,194,415,398,340,262,181,101,82,258,127,340,384,181,383,367,314,243,168,95,80,242,124,322,355,169,351,335,286,222,157,88,76,225,122,304,324,156,317,303,259,200,143,81,74,210,119,287,293,142,283,271,231,181,131,74,71,194,115,269,262,128,507,484,420,328,218,123,94,308,141,398,471,223,488,467,399,305,200,111,86,292,130,379,451,204,463,441,373,281,183,101,80,273,122,357,426,188,432,411,344,257,167,93,76,254,115,335,396,172,398,379,316,234,153,86,73,237,112,314,364,158,364,347,288,213,142,80,70,220,109,295,333,145,330,315,261,193,131,74,68,204,107,278,302,133,298,284,236,175,120,68,66,191,106,262,273,121,267,254,210,157,110,63,64,177,105,248,244,110,505,483,416,322,211,118,91,304,137,393,468,217,484,462,390,292,186,102,80,282,121,368,445,194,455,432,358,261,163,90,73,259,110,340,415,171,418,396,324,231,144,81,69,237,103,312,379,152,378,358,290,204,129,75,67,216,100,287,342,136,340,322,259,183,118,70,65,199,99,267,307,124,306,290,233,166,109,65,64,185,98,250,276,112,275,261,209,151,100,61,63,172,98,238,248,104,246,234,189,136,93,56,61,161,98,225,223,95,504,480,413,317,206,113,88,300,133,389,466,212,482,458,384,282,174,95,75,275,113,360,441,184,450,426,347,244,145,80,67,248,100,327,407,156,409,385,306,206,122,73,66,222,95,292,367,134,361,338,264,177,109,69,65,199,94,262,321,118,313,295,229,157,100,66,64,180,94,240,279,108,277,260,204,142,94,62,63,166,94,225,247,99,247,233,185,130,88,57,62,156,95,215,221,92,222,210,168,119,82,54,61,147,96,206,200,85,503,480,412,314,202,112,86,298,130,387,465,209,480,455,381,276,167,90,71,270,109,355,438,177,447,423,342,233,131,74,67,241,95,318,404,146,405,381,297,188,104,71,66,213,91,279,361,121,356,333,247,152,96,69,65,188,92,243,312,106,302,279,202,135,92,65,64,167,93,217,261,97,250,235,179,125,87,62,63,152,94,204,221,91,223,210,163,117,82,57,62,144,95,197,198,86,200,190,150,109,77,54,61,137,96,193,180,80,503,480,412,313,200,111,85,297,130,386,465,208,479,455,380,275,163,88,70,268,107,353,438,175,446,421,342,231,124,74,67,238,93,315,403,143,404,380,297,183,99,71,66,210,91,273,360,118,354,331,247,134,96,69,65,185,92,237,311,99,299,277,193,125,91,65,64,163,93,209,257,94,242,225,170,119,87,62,63,147,94,195,212,89,212,200,157,112,82,57,62,140,95,190,190,84,192,183,145,106,77,54,61,134,96,187,173,79]}