{"c":"17392","n":"仙台","la":38.26166666666666,"lo":140.89666666666668,"e":39,"t":[1.6,2.0,4.9,10.4,15.0,18.4,22.0,24.1,20.6,15.1,9.3,4.5],"s":[5,5,2,0,0,0,0,0,0,0,0,1],"i":[419,378,400,335,319,264,238,361,284,455,399,306,411,372,400,343,343,298,276,377,323,463,394,328,394,359,392,344,360,325,307,385,354,463,382,343,371,340,376,339,368,344,331,385,376,451,362,350,343,315,353,326,367,354,346,376,389,430,337,349,308,285,323,307,358,356,353,360,392,400,306,340,269,250,288,282,341,349,350,335,386,362,270,324,229,215,249,252,316,333,339,305,369,317,231,301,187,178,206,218,285,310,319,268,344,267,190,271,419,378,400,334,318,262,236,360,283,455,399,304,409,372,399,342,341,294,273,376,320,463,394,326,395,359,391,343,357,319,303,383,350,462,382,340,372,340,375,337,364,336,325,382,371,450,363,346,344,315,353,324,363,345,339,373,383,429,337,344,310,286,324,305,353,346,345,357,385,400,307,335,272,252,290,281,336,338,342,333,378,363,271,318,231,218,250,250,311,322,330,302,362,319,234,295,192,182,211,218,279,298,310,267,336,271,195,265,419,378,398,332,315,257,231,358,278,454,398,301,409,371,398,339,335,284,264,371,311,459,393,319,395,359,389,339,347,305,290,376,337,458,381,330,374,340,373,332,352,319,308,374,354,446,363,334,346,317,351,319,350,325,319,364,363,426,338,331,314,289,323,300,339,323,322,347,363,397,309,321,278,257,291,276,321,313,317,324,354,362,275,304,241,224,254,248,295,296,304,294,336,321,240,280,204,191,217,216,265,272,284,261,311,276,204,250,418,377,397,329,309,250,225,354,271,450,397,296,409,371,394,334,325,271,250,363,296,455,392,310,395,358,385,332,334,287,269,366,315,451,379,317,375,340,369,324,335,295,282,361,328,438,361,318,349,318,348,311,330,297,288,350,333,418,338,312,318,291,321,292,318,293,288,333,329,391,310,301,286,262,291,268,300,281,281,310,318,358,279,283,250,231,257,242,275,264,267,282,300,320,246,260,216,199,223,212,247,240,246,250,276,280,213,233,418,376,394,326,302,241,215,348,261,446,396,290,409,369,390,327,312,254,231,353,278,447,389,298,395,357,379,323,315,263,244,352,290,440,377,300,374,339,363,313,314,267,250,345,296,426,359,298,350,317,342,299,306,265,250,332,296,405,336,290,321,292,317,281,292,257,248,314,290,381,310,277,290,264,287,258,275,245,239,291,277,349,280,259,258,235,257,233,250,227,224,265,260,315,250,238,225,206,225,206,225,206,204,237,237,278,219,213,417,375,392,322,294,231,204,342,250,441,395,283,408,367,385,319,297,236,212,341,257,437,387,284,393,354,372,312,295,238,215,336,260,426,373,281,373,336,355,300,288,235,216,325,261,411,355,275,348,315,333,285,278,229,213,311,254,390,332,264,321,290,308,266,264,219,204,292,246,365,306,250,292,264,281,245,246,206,196,270,234,336,279,231,261,236,252,221,225,191,182,246,217,303,249,212,229,208,222,197,202,172,165,220,198,271,220,190,416,374,389,317,286,221,193,335,238,434,393,275,405,365,379,310,280,217,190,328,235,426,383,269,390,351,363,299,272,210,186,317,229,411,368,261,369,332,344,285,261,202,180,303,222,392,349,250,345,310,322,268,248,193,174,287,214,370,326,236,318,286,297,249,233,182,164,267,202,344,300,221,289,260,270,227,215,169,154,246,191,316,273,204,260,234,244,206,197,156,143,224,176,287,246,186,229,206,215,184,176,140,128,200,160,256,217,167,415,373,386,312,277,210,181,328,225,429,391,267,404,363,372,301,263,197,169,315,212,413,379,254,386,347,354,286,248,184,156,298,198,394,362,239,364,327,332,268,233,171,146,280,186,371,341,224,338,304,308,249,217,158,136,261,174,345,317,208,311,279,283,229,200,147,127,241,162,319,291,192,282,252,257,210,184,134,117,221,150,291,264,176,254,227,229,189,167,123,108,200,139,264,237,160,225,202,204,170,151,111,97,179,126,237,211,144,413,372,383,308,269,200,171,321,214,423,390,259,401,360,366,292,247,178,149,302,190,401,376,239,382,342,344,272,225,157,130,280,169,375,356,218,357,320,319,250,204,141,114,257,151,347,332,199,330,295,292,229,185,127,104,235,137,318,306,181,301,269,265,209,169,114,95,215,126,290,278,165,271,243,240,189,154,105,88,195,115,263,250,150,243,218,215,172,140,96,81,176,107,237,225,136,216,193,190,154,127,88,74,159,98,213,200,123,413,371,380,304,261,192,161,316,204,418,388,252,400,358,361,283,231,161,130,290,170,391,373,225,378,338,335,259,202,134,105,262,141,358,351,199,351,314,306,234,178,113,89,236,120,323,324,175,320,286,275,210,157,100,79,211,106,289,294,156,288,258,246,189,141,91,73,190,97,258,264,140,257,231,219,170,128,83,68,171,90,231,236,127,229,206,196,153,115,78,64,155,84,208,210,115,202,183,175,138,107,72,60,140,79,188,187,105,413,370,378,300,256,185,154,311,196,413,387,247,398,356,357,276,220,147,114,280,154,382,370,215,376,336,329,248,184,113,85,248,118,344,347,182,347,310,295,218,153,92,70,217,95,302,317,154,312,278,259,191,130,82,67,191,85,261,283,134,275,245,225,168,117,77,65,169,80,227,249,121,240,216,199,151,108,73,62,151,77,200,218,111,212,191,177,137,100,69,59,137,73,180,194,102,189,170,159,125,94,66,56,125,70,164,172,95,413,370,377,299,252,181,149,308,191,411,387,244,398,355,354,272,212,137,104,274,142,376,369,206,375,334,325,241,170,98,71,238,101,334,345,170,346,308,290,206,131,81,69,206,84,287,315,140,311,276,250,173,110,79,67,180,80,240,279,120,271,240,206,149,103,76,65,157,77,200,240,109,227,202,178,136,98,72,62,138,75,172,202,102,197,177,160,126,93,69,59,125,72,156,178,96,175,158,145,115,88,66,56,115,69,144,160,90,413,369,377,298,250,179,147,307,189,409,386,243,398,355,354,271,208,133,100,271,138,374,369,204,375,334,324,239,164,92,70,234,96,331,344,165,346,307,289,202,119,81,69,202,81,281,314,135,311,275,249,165,107,79,67,176,80,229,278,117,271,239,204,138,102,76,65,153,77,190,238,105,227,200,167,130,98,72,62,134,75,161,198,100,190,170,152,121,93,69,59,121,72,146,171,94,170,153,140,112,88,66,56,112,69,136,154,89]}