{"c":"17607","n":"境野","la":43.70666666666666,"lo":143.64333333333335,"e":184,"t":[-9.8,-9.1,-3.6,4.2,10.2,14.2,18.0,19.4,14.7,8.2,1.1,-6.3],"s":[95,100,92,21,0,0,0,0,0,0,4,48],"i":[501,478,434,367,307,221,196,366,244,451,471,298,494,474,438,383,339,256,236,386,285,466,469,326,478,459,434,391,363,286,270,399,319,471,458,347,453,437,420,390,378,309,298,403,348,467,437,359,420,407,398,381,383,324,319,399,369,455,408,363,380,370,369,363,380,331,332,387,381,434,373,358,333,327,332,338,367,329,338,367,386,405,331,345,284,279,290,305,346,319,334,340,381,369,284,323,231,229,243,267,316,301,323,306,369,328,235,295,501,478,434,367,306,219,195,365,243,450,471,297,494,473,438,382,337,252,233,385,282,463,468,324,478,459,434,390,360,281,267,396,315,469,457,344,454,438,420,389,374,302,294,400,342,465,437,355,421,408,398,379,379,316,314,395,362,453,409,358,381,371,369,362,375,322,326,383,373,430,374,353,337,329,333,336,363,320,331,363,377,403,333,340,288,283,292,305,341,309,327,337,372,368,287,318,237,235,247,267,311,291,316,304,359,328,240,290,500,476,433,364,303,214,191,363,238,448,470,294,493,472,436,378,330,244,225,379,273,459,467,317,478,459,430,384,350,268,254,389,302,463,455,334,454,438,416,382,361,286,278,391,325,459,436,343,424,409,396,372,364,296,295,386,342,446,409,344,386,374,367,355,359,299,306,373,351,426,376,338,344,335,333,330,345,295,308,353,353,399,338,323,298,292,294,300,323,284,304,327,347,366,295,302,250,247,252,264,294,265,292,297,334,328,250,274,500,476,430,360,296,206,184,358,231,444,468,288,492,470,430,371,318,231,211,371,259,453,463,307,476,457,424,374,334,250,235,377,282,454,453,319,455,437,409,371,341,262,252,377,300,448,434,325,425,409,389,359,341,269,265,369,312,434,408,323,391,378,363,343,334,269,272,357,318,416,377,315,352,341,330,319,320,263,273,337,318,390,341,301,310,300,295,290,298,250,267,313,311,360,302,280,267,260,256,258,270,233,254,285,298,326,261,254,498,474,426,355,288,199,175,352,222,438,466,281,490,467,424,361,303,215,194,359,241,443,461,293,475,454,416,361,312,227,211,362,257,441,448,300,453,433,400,355,315,234,223,358,269,433,429,302,425,408,380,343,313,237,229,349,276,419,404,297,392,377,354,325,303,233,233,335,279,400,375,287,356,343,324,303,289,225,231,317,277,377,341,273,318,306,291,275,269,214,225,294,270,349,305,252,277,268,254,247,243,197,213,268,259,319,267,229,496,472,422,349,278,189,164,345,211,433,463,272,487,463,416,349,285,197,175,346,221,430,455,277,470,449,405,344,288,200,183,343,229,425,441,278,448,428,388,336,285,202,189,336,235,413,421,275,421,401,366,322,279,200,192,325,237,399,396,267,390,373,341,304,269,196,191,311,237,380,368,256,356,341,313,282,252,187,188,292,235,358,336,241,319,305,282,258,236,176,182,272,227,333,302,223,283,271,250,231,213,162,172,249,219,307,268,202,494,470,417,342,268,178,153,337,200,426,459,263,482,458,407,336,265,177,153,331,200,418,449,259,463,441,392,326,260,174,155,323,200,407,432,254,441,419,373,312,252,171,154,312,199,392,411,245,413,393,350,298,243,165,154,299,199,375,385,235,382,363,324,279,231,159,151,283,196,356,357,223,350,333,297,258,217,149,147,266,193,335,327,208,315,300,269,236,200,140,142,247,189,313,295,192,280,266,238,212,183,128,135,227,182,288,261,174,492,467,413,335,257,168,142,329,188,419,457,252,476,453,398,322,245,157,133,317,178,404,443,241,455,432,377,306,231,148,127,302,171,386,422,227,430,408,355,289,219,140,122,286,165,367,397,216,401,380,330,270,206,131,119,271,162,348,370,202,369,350,304,250,193,124,114,254,159,328,341,189,337,319,277,231,180,114,112,238,156,307,311,176,304,288,250,210,165,108,108,221,154,287,281,161,272,258,224,191,151,99,104,204,150,267,250,147,490,463,408,327,247,158,131,322,177,412,454,244,473,447,388,308,225,138,113,302,158,390,436,223,448,423,363,285,204,123,101,281,144,366,411,204,417,394,335,263,186,111,94,261,135,341,382,186,385,363,307,242,170,101,89,243,130,318,352,171,352,332,280,222,157,95,86,225,127,297,321,158,319,301,254,202,145,87,84,210,126,278,291,145,287,271,229,185,133,82,83,195,126,260,262,133,257,242,204,167,123,76,81,181,126,243,234,122,488,463,405,321,238,149,122,315,168,405,451,236,468,443,380,294,206,122,96,289,139,378,430,206,440,415,350,265,177,100,80,262,120,347,401,181,405,381,316,237,154,86,71,238,109,315,367,159,367,344,283,212,137,78,69,217,105,288,331,142,330,310,254,192,125,73,68,199,105,265,298,130,296,279,227,175,115,68,67,185,106,247,267,120,266,250,204,160,106,65,67,172,108,231,240,110,238,224,184,145,99,61,67,162,110,219,215,101,487,461,401,316,231,142,113,310,160,401,450,229,466,438,374,284,191,107,81,278,124,369,426,194,436,409,339,248,154,81,63,246,100,331,395,161,397,371,300,213,125,69,61,219,92,292,356,136,351,327,260,184,109,65,61,196,92,259,313,119,306,286,227,164,100,62,62,177,94,234,273,109,270,252,200,149,94,60,62,164,97,217,241,101,240,225,181,138,89,56,63,154,100,206,216,94,215,202,164,126,84,54,64,146,104,197,194,88,486,459,400,313,225,137,109,307,155,399,449,225,463,438,371,277,180,96,71,271,112,363,424,185,433,407,334,236,134,68,61,237,91,321,391,146,394,368,291,193,101,66,61,209,86,276,351,120,348,323,244,158,92,64,61,184,89,237,305,104,296,273,200,140,88,62,62,164,92,209,256,97,246,229,177,130,84,59,62,150,96,194,218,91,219,204,161,122,80,56,63,142,100,187,195,86,197,186,148,113,76,54,64,136,103,181,177,81,486,459,400,312,224,136,107,306,153,398,449,224,463,437,369,275,175,93,68,269,110,361,424,181,432,405,332,231,126,67,61,234,88,317,390,142,393,367,289,186,93,66,61,204,86,269,350,114,346,322,241,138,90,64,61,180,89,229,303,97,294,272,190,128,87,62,62,159,92,200,252,92,239,221,166,122,84,59,62,144,96,185,209,88,210,197,152,114,80,56,63,137,100,179,187,84,190,180,141,108,76,54,64,132,103,175,170,79]}