{"c":"18038","n":"羅臼","la":44.02333333333333,"lo":145.18666666666667,"e":15,"t":[-4.8,-5.6,-2.3,2.7,7.2,10.8,14.5,17.2,14.9,9.8,3.6,-1.9],"s":[99,100,99,47,1,0,0,0,0,0,8,74],"i":[461,413,372,331,266,167,135,323,196,426,415,254,455,409,374,344,290,189,154,337,222,438,413,274,441,398,369,350,307,206,171,344,244,443,403,288,419,380,357,349,318,218,184,345,261,440,385,295,389,355,339,340,321,225,194,340,274,429,361,295,354,325,314,324,317,227,200,328,281,409,331,289,313,290,285,301,305,225,200,310,283,385,296,277,269,252,250,273,287,217,199,287,279,354,257,259,224,212,213,239,262,204,193,260,270,318,216,235,461,413,372,330,265,167,135,322,195,425,415,254,455,409,373,342,289,187,153,335,220,437,412,273,440,398,368,348,306,202,169,342,241,441,401,285,419,380,356,346,315,215,182,343,258,438,385,292,390,355,338,337,318,221,191,337,269,426,361,292,355,325,314,321,313,223,197,325,276,408,331,286,315,291,285,298,302,220,198,308,277,384,297,273,272,254,250,270,283,211,196,285,274,353,259,254,227,214,215,237,258,198,189,258,264,318,219,231,459,413,371,328,263,164,133,320,192,423,413,250,454,408,371,338,283,181,149,331,214,433,411,268,440,397,366,342,298,195,163,337,233,436,401,278,419,379,353,338,305,204,174,336,247,432,384,283,391,355,335,329,306,210,182,330,257,421,361,281,358,326,311,312,300,210,186,318,262,403,332,274,320,294,283,290,288,206,187,300,262,379,299,261,279,258,252,263,269,197,184,279,258,351,263,243,238,221,218,231,244,183,177,252,248,318,225,220,459,412,369,324,258,160,129,317,188,420,413,247,451,405,368,332,274,174,142,325,204,426,409,260,438,395,361,333,285,184,153,328,220,428,398,267,418,377,348,328,290,191,162,326,231,423,381,269,392,354,329,316,288,193,167,318,238,411,358,266,361,327,307,300,280,191,169,306,241,394,331,257,325,295,279,278,268,186,169,289,240,371,300,244,287,262,250,252,249,176,165,268,234,345,267,225,249,227,218,223,225,163,159,244,225,316,231,204,458,409,366,320,250,155,125,313,182,415,411,242,450,404,363,322,262,164,134,317,194,419,405,249,436,391,355,321,268,170,141,317,204,417,394,252,416,373,340,313,269,173,146,312,211,409,377,252,391,351,323,301,265,173,149,303,214,398,355,246,360,324,300,283,256,169,149,290,215,380,328,236,328,295,274,263,243,162,147,274,213,360,299,223,292,264,246,238,225,153,143,254,208,335,267,204,254,231,217,212,204,141,137,231,200,310,234,185,455,408,363,314,244,149,119,307,175,409,409,236,447,400,357,312,248,152,124,307,181,409,401,238,432,387,347,306,249,154,127,303,185,403,388,236,411,368,331,296,246,153,129,296,188,393,370,231,387,346,312,281,239,151,129,285,189,380,348,224,358,320,290,265,229,146,128,272,188,363,323,213,326,292,265,244,215,138,125,254,185,343,294,199,293,262,239,222,199,129,122,238,180,322,265,183,259,231,212,197,180,118,115,218,174,299,234,165,454,405,360,308,236,142,113,302,168,404,407,229,443,397,351,301,233,140,112,296,167,397,397,225,426,381,338,290,227,137,112,288,166,387,382,218,404,362,321,277,220,134,111,278,165,374,362,210,379,338,300,261,211,128,110,265,164,359,339,200,351,313,278,243,200,122,108,250,161,342,314,188,320,286,254,223,187,114,105,236,158,323,287,175,288,257,229,202,172,106,102,219,155,304,258,160,256,227,202,181,156,97,98,202,150,283,229,145,453,404,356,302,227,136,109,296,160,398,404,222,438,392,344,289,217,128,103,285,153,385,392,211,420,375,328,274,204,121,99,273,147,369,374,200,396,353,308,256,194,113,96,259,143,352,352,188,369,329,287,238,183,107,93,245,140,335,328,176,340,303,264,220,170,101,91,229,137,317,302,164,310,275,240,200,158,94,88,215,134,300,275,151,279,248,216,182,144,87,86,200,132,282,248,138,249,221,193,163,132,80,83,185,129,265,221,125,451,403,353,297,219,129,103,291,153,392,401,215,434,388,338,278,200,115,94,275,140,373,387,199,413,368,318,257,184,105,87,257,129,352,366,182,386,344,295,236,168,97,82,240,123,330,341,167,356,317,271,215,154,90,79,224,119,309,315,153,325,290,247,196,143,84,77,209,117,291,288,141,295,263,225,178,132,78,76,195,114,274,261,129,265,236,202,162,121,72,74,181,114,258,235,118,237,211,180,145,110,67,73,169,113,244,209,107,449,401,351,292,212,124,99,286,147,387,400,209,432,385,332,267,187,106,85,265,128,363,383,187,407,362,309,241,164,92,76,244,113,335,359,166,375,335,282,215,144,82,72,223,106,308,331,147,342,305,254,192,130,76,70,204,103,283,300,133,308,275,229,173,119,71,69,190,102,264,271,121,277,248,206,157,110,67,69,176,103,248,244,111,249,223,186,142,101,63,68,165,104,234,219,102,222,199,167,128,93,57,68,154,105,223,196,93,448,400,349,288,206,120,95,282,142,383,399,204,430,383,328,260,175,98,78,258,118,354,380,178,403,359,302,227,146,81,69,231,101,321,354,151,369,329,271,197,123,72,68,209,95,288,323,131,329,294,240,171,109,69,68,189,94,258,288,115,289,260,212,152,100,66,68,173,95,237,254,106,256,231,190,138,94,62,67,161,97,223,225,98,229,206,172,127,88,59,67,151,99,212,202,91,204,185,155,115,82,55,67,143,101,204,182,84,447,399,348,286,202,117,93,280,139,381,398,202,428,381,326,254,167,91,73,252,111,349,378,171,401,356,298,219,131,73,68,225,95,313,352,141,366,326,265,182,104,71,68,200,91,274,319,119,326,290,229,151,96,68,68,180,92,240,282,105,281,250,195,135,92,65,68,162,94,215,242,97,238,216,175,125,87,62,67,150,96,202,210,91,212,193,159,117,82,57,67,142,98,196,188,86,191,174,145,108,77,55,67,135,100,191,170,80,447,399,347,285,202,115,92,279,138,380,398,200,426,381,325,252,164,89,72,250,109,347,378,169,400,356,297,217,125,73,68,223,92,310,351,138,365,325,265,178,99,71,68,198,91,268,318,115,325,289,227,137,95,68,68,177,92,234,280,100,279,249,189,128,91,65,68,159,94,208,239,95,231,209,169,121,87,62,67,146,96,194,202,90,204,188,155,113,82,57,67,139,98,189,182,85,185,170,142,106,77,55,67,133,100,186,166,79]}