{"c":"18111","n":"能代","la":40.19833333333333,"lo":140.03166666666667,"e":6,"t":[-0.1,0.3,3.2,9.0,14.0,18.5,22.2,24.1,19.6,13.4,7.5,2.6],"s":[60,70,20,0,0,0,0,0,0,0,1,16],"i":[504,471,480,387,302,170,111,337,150,426,484,286,495,463,482,401,326,186,119,344,159,434,480,304,475,448,475,405,343,198,125,345,166,432,466,316,447,424,457,403,352,206,128,339,170,421,443,320,411,392,429,390,354,210,130,326,172,401,411,318,369,353,394,369,346,208,129,306,171,375,372,308,320,309,350,341,331,202,125,281,167,341,326,292,268,261,301,305,309,193,120,252,161,300,277,269,215,212,247,264,279,178,112,218,152,256,225,240,504,471,480,386,301,169,111,337,150,426,484,285,494,463,482,400,324,184,118,344,158,433,480,303,475,448,475,405,340,196,124,344,165,430,466,313,448,424,457,401,349,202,127,337,169,420,443,317,413,393,430,388,349,206,128,324,170,401,412,314,371,355,395,367,341,204,127,305,169,375,374,304,323,312,352,340,325,198,123,281,165,341,329,288,273,266,305,305,302,188,118,252,158,301,281,265,223,219,252,264,273,173,110,219,149,258,231,237,504,470,479,384,297,167,109,335,148,425,484,283,494,463,480,395,317,180,115,341,156,430,480,298,476,448,473,398,331,189,121,340,161,428,466,306,451,425,457,394,337,195,123,334,164,417,444,309,417,395,430,382,336,196,124,320,165,398,413,304,378,360,399,361,327,193,122,302,163,372,379,294,333,319,359,334,310,186,118,278,158,340,337,277,287,277,315,300,287,175,112,250,151,303,293,254,240,233,267,262,258,161,104,219,142,262,247,227,503,469,476,380,292,163,108,333,146,422,483,278,494,462,476,388,308,173,112,336,152,425,478,290,476,447,470,390,317,180,115,334,156,421,465,296,451,425,453,383,320,183,117,326,157,409,444,295,421,398,430,370,316,182,115,313,156,391,416,289,384,364,398,350,306,178,112,295,153,366,382,278,344,327,363,323,289,170,109,272,148,336,345,261,301,288,321,293,266,158,102,246,141,301,304,239,258,247,280,257,240,144,94,218,131,265,261,213,501,468,474,375,285,159,106,329,144,418,480,273,493,459,472,379,295,165,109,330,147,418,475,280,476,445,463,377,299,168,110,326,148,412,461,281,451,424,447,368,299,168,109,317,148,399,441,279,423,397,423,353,292,165,107,302,145,380,413,270,389,366,395,334,280,159,103,285,141,356,384,258,351,331,361,309,263,151,98,263,135,327,348,241,312,294,325,280,242,139,91,239,128,297,310,220,272,258,286,248,218,126,83,213,120,263,272,197,501,466,470,369,277,154,103,325,141,413,479,267,490,457,465,368,280,156,103,322,141,409,471,268,473,441,453,361,279,155,102,315,140,400,455,265,450,420,436,350,273,152,100,304,138,385,434,258,421,394,413,334,264,147,97,289,134,365,409,248,389,363,385,313,250,140,92,271,129,342,379,234,354,331,354,290,235,131,86,250,123,315,346,219,316,297,320,263,215,120,80,227,115,286,311,199,279,261,284,236,193,108,72,204,108,256,275,179,500,463,465,362,269,149,100,321,138,409,476,260,487,453,455,355,263,146,98,314,135,400,465,254,468,436,441,343,256,142,95,303,132,386,448,247,444,413,421,328,247,136,91,290,127,368,426,237,415,387,397,310,233,129,87,273,122,347,400,224,383,357,370,290,220,121,81,254,117,323,370,210,350,325,339,266,202,112,76,235,111,298,338,194,315,293,309,243,187,102,70,215,104,271,305,177,279,260,276,217,167,91,63,193,98,243,271,159,498,463,461,355,260,144,97,316,135,403,474,252,484,449,446,341,247,136,93,305,129,389,459,241,462,429,426,324,233,128,88,290,123,371,438,227,434,404,401,304,218,120,83,273,117,349,413,214,405,376,376,284,204,111,78,256,112,325,386,200,372,345,348,262,189,103,73,237,106,301,355,185,338,314,319,241,174,94,68,217,101,276,324,170,305,282,289,218,158,86,62,198,95,250,292,154,272,252,260,196,143,78,56,179,90,225,261,139,496,461,455,348,252,139,95,312,132,398,471,246,479,445,436,328,231,126,88,296,124,379,453,227,455,421,411,304,210,114,82,277,115,354,429,210,424,392,381,280,191,105,76,257,109,328,399,192,391,361,351,256,173,96,71,237,103,302,367,175,356,329,321,233,158,88,66,217,98,276,335,160,322,298,292,212,145,81,62,199,93,250,304,146,288,267,265,192,131,74,56,181,89,227,273,132,257,237,237,173,120,67,52,164,85,206,244,120,495,459,451,343,244,134,93,308,129,394,469,240,476,441,426,315,216,118,84,288,119,369,448,217,449,413,396,285,189,104,76,265,109,340,420,193,413,381,360,254,165,92,71,241,102,308,385,171,375,345,323,227,146,84,66,218,96,277,348,152,335,310,290,202,131,78,63,198,92,249,311,137,300,277,260,183,120,72,59,179,89,225,279,125,267,247,234,166,109,66,55,163,85,202,250,113,238,220,211,150,101,60,51,148,82,184,223,104,495,458,449,338,239,131,91,305,127,390,467,236,475,438,420,306,204,111,81,282,114,362,444,206,445,409,384,269,170,94,72,254,104,327,413,177,407,373,341,231,140,83,68,227,97,289,374,151,361,331,296,198,121,77,65,202,93,252,329,132,313,288,256,174,109,72,62,179,90,221,286,119,273,252,225,157,102,68,57,161,87,198,250,109,241,223,202,143,95,63,55,147,84,179,223,100,215,199,185,131,89,57,51,134,82,164,200,93,494,458,446,335,235,129,90,304,126,388,466,233,474,438,416,299,196,107,78,278,112,358,443,200,444,409,377,258,155,86,70,249,100,320,409,167,405,372,330,214,120,80,68,220,94,278,369,138,360,329,277,173,104,76,65,192,92,235,322,117,308,280,223,148,98,72,62,166,90,200,270,106,252,231,192,136,94,68,57,147,87,175,225,99,219,202,174,126,88,63,55,134,84,160,198,93,196,183,160,118,83,57,51,124,81,148,179,87,494,458,445,334,234,128,90,303,126,388,466,231,474,438,413,298,192,105,77,277,111,356,442,198,445,409,374,254,149,84,70,247,99,318,409,163,405,373,326,208,108,80,68,217,94,274,368,132,360,329,273,158,102,76,65,189,92,229,321,112,308,281,215,134,98,72,62,163,90,192,268,101,250,227,174,127,93,68,57,142,87,166,218,96,210,196,159,120,88,63,55,129,84,153,188,90,189,177,148,112,83,57,51,120,81,143,171,85]}