{"c":"18281","n":"納沙布","la":43.39333333333333,"lo":145.75833333333333,"e":12,"t":[-3.5,-4.2,-1.6,2.7,6.4,9.6,13.3,16.4,15.4,11.3,5.3,-0.4],"s":[18,39,31,2,0,0,0,0,0,0,0,5],"i":[463,426,398,369,315,219,191,359,249,454,429,301,458,422,400,384,347,254,229,379,291,468,426,328,443,409,395,392,371,282,262,391,326,473,416,348,421,390,382,391,385,303,287,394,353,468,398,360,391,365,362,381,391,317,306,390,372,451,372,363,355,334,335,363,387,323,316,377,381,428,341,358,314,297,303,337,374,320,318,356,381,395,304,344,269,257,265,305,352,310,312,328,371,354,264,322,223,216,224,266,321,292,298,293,352,308,221,293,463,426,397,368,314,218,191,358,248,453,429,300,458,421,399,382,346,250,227,377,288,467,426,326,443,409,394,389,369,278,259,388,322,471,415,345,421,391,381,388,383,298,284,392,348,466,398,356,392,365,361,378,388,311,301,387,365,450,373,359,356,334,334,359,384,315,311,373,373,425,341,353,316,298,303,334,370,312,313,352,373,393,306,339,272,259,266,302,348,302,307,325,363,353,266,317,227,219,227,264,317,283,293,291,344,308,224,288,463,425,396,365,311,214,187,355,243,451,428,296,457,420,397,377,339,243,220,371,279,462,425,320,443,409,391,382,359,266,248,381,308,465,413,336,421,390,378,379,370,283,269,382,331,458,396,344,393,365,359,368,373,292,284,376,345,443,372,344,359,335,333,350,367,295,292,363,351,419,342,338,321,301,302,325,353,290,292,342,348,388,308,323,279,264,268,294,331,278,285,315,337,350,270,301,238,225,231,258,301,259,270,283,318,308,231,273,463,424,394,361,305,206,180,350,236,446,426,291,455,419,393,370,327,229,206,363,265,454,423,309,442,407,386,371,342,248,229,369,287,455,411,321,421,388,373,367,351,260,245,368,304,447,394,326,394,364,353,354,351,266,256,360,314,430,370,324,363,336,329,336,342,265,260,345,316,408,342,315,326,303,299,312,328,259,258,325,312,378,309,300,288,269,267,282,306,247,249,299,300,343,275,278,250,234,233,250,278,229,235,269,281,304,239,252,462,423,391,355,297,199,171,344,225,441,425,284,454,416,388,359,312,215,190,351,246,444,419,295,438,403,379,358,321,225,204,353,262,441,407,302,419,385,364,349,324,233,216,348,272,430,389,302,393,362,345,336,322,235,221,339,276,413,367,298,363,334,321,317,312,231,221,323,275,390,339,287,329,304,294,294,297,223,217,303,269,363,309,271,294,271,263,267,277,211,209,279,257,330,276,252,257,237,231,237,250,195,195,250,240,296,242,227,459,421,387,349,287,190,161,337,215,434,423,275,451,413,382,347,294,197,171,338,225,432,415,279,434,399,371,340,296,202,178,334,231,424,401,279,413,380,355,330,295,202,183,326,236,409,383,276,390,356,334,314,288,200,184,314,236,392,360,267,360,330,311,296,277,196,181,298,231,369,334,256,328,300,284,272,261,186,175,278,224,343,304,240,295,270,256,248,243,175,167,256,213,314,273,222,261,239,227,220,221,160,155,231,198,282,242,200,458,419,384,342,276,180,150,329,202,426,421,266,447,409,374,334,274,178,151,323,202,418,409,262,430,393,360,322,269,175,151,314,200,404,395,254,408,373,342,307,261,172,149,301,198,387,375,247,382,349,321,290,252,166,147,287,194,366,351,236,354,323,297,270,239,159,142,269,188,343,324,223,323,294,272,249,225,150,135,250,180,318,296,208,290,265,245,225,206,139,128,229,171,291,267,191,258,235,218,202,190,128,119,208,159,263,237,173,455,417,380,335,265,169,139,321,190,419,418,256,443,405,367,320,252,159,130,308,179,403,405,244,424,387,349,302,240,150,123,292,169,383,387,231,399,365,328,283,227,141,117,276,161,361,364,217,372,339,305,263,214,133,112,259,154,338,339,202,343,312,281,243,200,125,107,240,147,313,312,190,313,284,256,222,187,117,100,222,140,289,284,175,282,256,231,200,172,108,95,204,133,265,256,160,250,227,206,181,158,99,88,185,124,240,227,146,455,415,377,328,254,160,129,313,178,412,416,247,438,401,360,306,231,140,111,293,157,388,400,225,417,380,338,283,211,125,98,271,140,361,378,206,390,355,313,259,193,112,89,250,128,333,353,188,360,327,288,236,177,104,83,231,119,306,325,172,328,299,262,215,164,96,78,212,112,281,297,158,298,271,238,195,151,89,73,195,106,258,269,145,268,243,214,177,140,82,69,178,102,235,242,133,240,217,191,158,128,76,64,162,97,215,216,121,453,413,374,322,245,151,119,307,168,405,413,240,436,398,353,294,213,124,94,280,137,376,396,210,411,374,327,264,184,103,76,252,113,341,371,184,380,346,298,234,161,89,67,227,99,307,341,161,346,315,269,209,143,80,62,204,91,275,310,144,311,284,242,187,131,75,57,186,87,248,279,131,280,256,217,169,121,69,56,170,83,225,250,120,250,229,196,153,112,65,53,156,81,206,225,110,224,204,176,138,104,61,50,143,78,190,202,101,451,413,371,318,238,144,112,302,160,401,412,233,434,395,348,285,198,110,79,269,120,366,392,198,407,370,319,248,160,84,59,236,92,325,366,164,373,339,286,212,131,71,55,208,79,282,333,138,333,303,250,182,113,67,54,184,75,245,296,121,293,268,221,161,105,64,52,165,73,216,261,110,259,238,198,146,99,61,50,150,72,196,231,102,231,213,178,134,92,57,48,138,71,180,208,94,206,191,161,122,88,54,46,128,70,167,186,88,451,412,370,315,233,140,107,298,154,399,411,229,432,394,346,279,187,100,69,262,108,359,391,188,405,368,315,238,140,71,56,227,80,314,363,150,371,337,279,195,106,68,55,197,72,265,329,123,330,300,239,159,95,66,54,173,72,222,290,107,284,259,200,140,91,63,52,152,71,191,248,98,240,222,179,129,88,60,50,137,70,172,214,93,214,199,163,121,83,56,48,127,70,160,192,87,192,179,149,112,79,54,46,119,69,151,173,82,451,412,370,314,231,138,105,297,152,398,411,227,432,393,346,277,182,96,66,259,104,357,390,185,404,367,315,235,132,70,56,224,77,310,362,146,369,336,279,189,97,68,55,194,72,258,328,118,328,298,238,141,94,66,54,169,72,215,288,100,283,257,195,130,91,63,52,148,71,182,245,95,234,215,172,124,87,60,50,133,70,162,206,90,206,193,158,117,83,56,48,123,70,153,185,86,186,175,145,110,79,54,46,115,69,145,168,81]}