{"c":"18311","n":"厚床","la":43.23166666666667,"lo":145.25833333333333,"e":40,"t":[-6.4,-6.3,-2.2,3.1,7.6,11.0,14.7,17.4,14.9,9.6,3.3,-3.0],"s":[68,85,57,6,0,0,0,0,0,0,1,24],"i":[459,415,386,354,313,238,214,359,267,446,420,302,453,411,388,368,344,277,259,380,314,459,417,330,438,399,383,374,367,309,298,394,354,463,407,350,416,380,370,373,381,334,330,399,386,459,389,363,386,356,351,363,387,350,353,396,409,444,364,367,351,325,325,346,383,357,367,385,422,421,334,362,310,290,294,321,369,355,372,366,426,390,298,348,266,250,258,290,347,344,367,339,419,353,258,327,221,211,218,252,317,324,352,307,403,309,217,298,459,415,386,353,312,236,213,358,266,445,420,300,453,409,388,366,343,274,257,378,311,458,417,327,438,399,382,372,365,304,295,391,349,462,405,347,416,381,370,370,379,328,326,396,379,457,389,359,387,356,350,360,384,343,348,392,401,442,364,362,352,326,324,342,379,349,362,381,413,419,334,357,312,291,294,317,365,346,366,362,417,389,299,343,269,252,258,287,343,335,360,336,409,352,260,321,225,214,221,250,313,315,346,304,393,309,220,293,458,413,385,350,309,231,208,355,260,442,419,297,451,409,386,362,336,264,248,372,300,453,416,321,438,398,379,365,355,291,282,383,334,455,405,337,416,379,366,362,366,310,309,386,361,449,387,346,389,356,348,351,369,321,328,381,379,434,364,347,355,326,322,334,363,325,338,369,389,413,335,340,317,294,293,309,349,320,341,350,390,384,301,326,277,258,260,279,326,308,334,325,382,349,265,304,235,221,224,246,296,287,319,294,365,309,227,276,458,413,383,346,303,224,200,350,252,438,418,291,451,408,382,354,324,250,233,363,285,446,413,310,437,396,374,355,339,271,259,370,311,446,401,322,416,378,362,350,347,285,280,371,331,438,385,327,389,354,342,338,346,292,294,364,345,423,362,325,358,327,318,320,338,292,300,351,351,401,334,317,322,295,290,297,324,285,300,332,350,374,302,302,285,262,259,268,302,272,292,308,340,342,269,281,247,227,225,237,273,252,277,279,324,306,233,254,457,412,380,341,295,215,190,344,241,433,416,284,449,405,377,344,309,233,213,352,264,436,409,296,434,393,368,343,318,245,231,354,283,433,398,302,413,375,354,334,321,254,245,351,296,423,381,303,389,352,335,321,318,257,252,342,304,407,358,299,358,325,311,302,308,254,254,328,306,386,331,288,325,295,285,281,293,245,252,310,303,360,302,273,290,264,254,254,273,231,244,287,294,330,270,252,252,231,224,225,247,214,229,261,279,298,236,229,455,409,377,336,285,204,178,336,229,426,413,275,446,401,371,334,292,212,191,338,241,424,405,279,430,388,360,327,294,218,200,335,250,417,393,279,409,369,344,316,292,219,206,328,257,404,375,276,385,347,324,300,285,219,210,317,260,387,352,268,356,321,302,283,274,213,208,302,258,366,326,256,324,292,276,260,258,202,204,283,254,341,297,240,291,262,248,237,240,191,196,262,246,314,267,223,257,231,220,210,218,175,184,239,234,285,236,200,453,409,373,329,274,193,165,328,216,420,412,265,442,399,364,321,272,191,166,323,216,411,401,262,425,383,350,310,267,188,168,314,217,398,386,254,403,363,333,295,259,185,167,302,215,382,367,246,378,340,312,279,249,179,166,289,214,362,343,235,350,314,288,259,237,172,162,273,210,341,317,223,319,286,264,238,222,162,156,254,206,317,290,208,287,257,238,216,204,151,150,236,200,292,261,191,254,227,211,193,187,139,141,215,191,266,231,173,451,407,370,323,264,181,152,320,202,413,409,256,438,395,357,309,250,169,143,307,191,397,397,243,419,377,340,292,238,159,135,292,182,378,379,229,395,355,320,273,225,150,130,277,176,357,357,216,368,331,297,254,213,141,125,260,171,336,332,202,339,304,274,234,198,134,120,243,167,313,305,189,309,277,249,214,186,125,114,225,162,290,278,175,279,249,225,193,170,114,111,209,159,267,250,159,248,222,200,174,156,106,104,192,153,245,223,145,450,405,367,317,254,170,140,312,190,405,407,247,434,391,350,296,231,148,120,292,167,383,392,225,413,371,329,274,210,131,105,271,150,358,371,204,386,346,306,250,192,118,96,250,139,331,346,187,356,319,281,229,176,108,90,231,133,306,319,171,325,292,256,208,163,100,86,215,129,282,291,157,294,264,231,189,150,93,82,199,126,261,264,144,265,237,209,171,138,86,80,184,125,240,237,132,237,212,186,153,127,80,77,169,123,221,212,120,449,403,364,311,244,160,129,306,178,400,405,238,432,388,344,285,213,129,99,279,145,372,388,209,407,365,320,256,184,106,80,252,122,339,364,182,376,338,292,229,161,91,69,227,109,306,335,160,342,308,263,204,143,82,65,206,103,276,304,143,308,278,237,183,131,76,63,189,101,252,274,130,277,250,213,165,120,71,62,174,101,231,247,119,248,224,192,150,111,67,60,161,102,213,221,109,222,200,172,135,103,63,59,150,104,198,198,100,447,401,362,307,237,152,120,300,169,396,404,231,429,385,340,277,198,113,81,267,127,362,385,196,403,362,312,242,160,84,59,236,98,323,359,162,370,332,280,208,131,71,56,209,87,284,327,137,331,297,247,180,114,66,55,186,86,248,292,120,290,263,218,160,105,63,55,169,87,221,257,109,257,234,195,145,99,61,55,155,90,202,229,101,229,209,175,132,92,57,55,145,93,188,204,94,204,187,158,121,87,55,54,136,95,176,184,88,447,401,361,305,233,147,113,297,163,394,403,227,428,384,338,271,187,102,70,260,113,356,383,187,401,360,309,233,141,69,56,225,86,314,356,148,367,329,274,192,107,67,56,198,80,268,324,122,327,294,236,158,96,65,55,175,82,227,286,106,283,254,199,140,92,63,55,156,85,197,245,98,239,219,178,129,88,60,55,143,88,180,212,93,212,196,161,121,84,56,55,134,91,169,190,87,191,176,147,112,80,55,54,127,94,162,172,82,446,401,361,304,231,145,112,296,161,393,403,227,426,383,337,270,183,98,66,258,110,355,383,183,400,359,308,231,133,68,56,223,83,310,356,144,366,328,273,188,98,67,56,195,80,261,323,117,326,293,235,143,95,65,55,172,82,221,284,101,281,252,193,131,91,63,55,153,85,189,242,95,233,213,170,124,88,60,55,139,88,171,204,91,204,190,157,117,84,56,55,131,91,163,184,86,185,172,144,110,79,55,54,125,94,156,167,81]}