{"c":"18402","n":"秋田","la":39.71666666666667,"lo":140.09833333333333,"e":6,"t":[0.1,0.6,3.6,9.6,14.6,19.1,22.8,24.8,20.3,14.0,7.9,2.8],"s":[51,59,13,0,0,0,0,0,0,0,1,15],"i":[501,442,482,393,315,185,121,341,160,430,475,298,491,434,484,407,341,202,131,349,170,437,470,317,472,420,476,412,358,217,138,350,178,434,455,329,444,398,458,408,368,225,142,343,183,423,433,334,408,368,430,394,369,231,144,330,185,404,401,331,365,332,394,373,361,229,144,311,183,376,364,321,317,292,350,344,345,224,140,286,179,341,320,304,266,248,300,307,321,213,134,256,172,300,271,280,213,202,247,265,290,197,125,222,161,254,221,250,501,442,482,392,314,184,121,340,160,430,475,297,491,434,484,405,338,200,130,348,170,436,470,315,472,421,476,409,355,214,137,348,177,434,455,326,445,398,458,405,364,223,141,342,181,422,433,331,409,369,430,392,364,225,143,329,183,403,403,327,368,334,395,371,355,225,141,310,181,375,366,317,321,294,352,343,339,218,138,285,176,341,322,300,271,252,304,307,315,206,131,254,169,301,276,276,221,208,252,266,283,191,123,222,159,257,227,247,501,442,480,390,311,181,120,339,158,428,474,294,491,434,483,401,332,196,127,345,167,433,470,310,473,420,474,404,345,206,133,344,173,430,455,319,447,399,458,399,352,213,136,338,176,419,434,321,413,371,432,386,350,215,137,325,176,399,405,317,375,338,399,364,340,212,135,306,174,373,371,306,330,300,359,337,323,204,131,282,169,340,330,288,285,261,314,303,298,193,124,254,161,302,287,265,238,220,267,264,268,177,114,223,151,261,242,236,500,441,479,386,305,177,118,336,156,425,473,290,491,434,479,394,322,189,124,340,162,428,468,301,473,420,471,395,331,196,127,338,166,424,455,308,449,399,454,388,334,200,129,330,168,411,434,307,418,373,430,374,329,199,128,317,167,392,407,301,381,341,399,354,319,195,125,298,163,367,374,289,341,307,363,326,301,186,120,275,157,336,337,271,299,270,321,295,277,174,112,249,149,301,297,249,254,231,279,259,249,158,104,220,139,264,256,222,499,438,476,381,298,172,114,333,153,421,472,284,490,432,474,385,309,179,119,334,157,421,465,291,473,418,463,382,312,183,120,329,158,413,451,292,449,397,448,373,312,184,120,320,158,401,430,290,420,372,424,358,304,180,117,306,155,381,405,281,386,343,396,338,292,174,113,288,150,357,375,268,348,310,361,312,275,165,108,265,144,327,340,250,309,276,325,283,252,153,100,241,135,296,303,229,270,241,286,250,227,138,92,215,126,262,265,204,498,438,472,375,290,167,112,328,150,417,470,277,488,429,467,374,293,169,112,326,150,413,461,278,470,413,455,367,292,168,112,318,149,403,446,275,447,394,438,355,285,165,110,307,146,387,426,268,418,369,413,339,276,160,106,292,142,367,400,258,386,340,386,317,262,152,101,273,136,343,371,244,351,310,355,294,245,143,95,252,129,316,339,227,314,278,320,266,224,131,88,229,122,285,304,206,276,244,285,238,200,118,80,206,112,254,268,186,497,437,468,368,281,161,109,324,146,412,467,270,484,426,459,361,275,158,106,317,144,403,455,265,466,409,443,349,268,153,103,306,140,389,438,257,441,388,423,333,258,147,99,292,135,371,417,246,413,363,399,315,244,139,94,276,129,349,391,233,380,335,371,294,229,131,89,257,123,325,362,218,347,305,340,270,212,121,83,237,115,298,331,200,312,274,309,246,195,111,76,216,109,271,299,184,277,243,276,219,175,99,69,193,102,242,265,164,495,434,463,362,272,155,106,319,143,407,465,263,480,422,449,348,258,146,100,308,137,392,451,250,459,403,429,330,243,138,95,293,130,373,430,237,433,380,405,310,227,129,90,276,124,351,405,222,403,353,378,289,213,119,84,258,117,328,378,206,370,325,350,267,197,111,78,238,111,303,348,191,336,295,321,245,181,101,73,219,105,277,317,176,303,265,290,221,165,93,67,199,99,250,286,160,270,236,261,199,149,83,61,179,93,225,256,144,494,433,459,355,263,149,103,315,139,401,462,256,476,418,438,334,242,136,95,299,130,382,445,237,453,397,413,310,220,123,88,279,122,358,421,218,422,370,385,285,199,112,81,259,113,331,392,199,389,341,354,261,181,102,76,238,107,304,361,181,355,311,323,238,165,94,70,219,101,277,330,166,321,281,294,216,151,85,66,199,96,252,298,151,287,252,266,196,137,79,61,181,91,227,268,137,256,224,239,176,125,71,56,164,86,204,240,124,493,432,455,349,256,144,100,311,137,397,459,250,475,415,430,322,225,126,90,291,125,373,440,225,447,391,400,292,197,110,81,267,113,343,413,200,413,361,364,261,172,97,75,243,106,311,379,177,374,327,327,231,152,88,70,220,100,279,343,158,335,294,292,208,137,81,66,199,95,250,307,142,299,263,263,187,125,75,62,180,91,225,275,129,267,235,236,170,113,69,57,164,87,204,246,118,237,209,213,153,105,64,54,149,83,184,220,107,492,430,451,345,250,141,98,308,134,394,458,245,473,413,424,312,213,118,86,284,120,365,436,215,444,387,388,276,177,99,76,257,108,331,405,184,405,354,345,238,147,86,71,229,100,293,368,157,361,315,300,204,126,80,68,202,95,254,325,137,314,275,260,179,113,75,65,180,92,223,283,123,273,242,229,161,105,70,61,162,89,199,248,112,241,214,206,147,98,66,56,147,86,180,220,104,215,191,187,134,92,61,53,135,82,164,197,96,492,430,450,342,246,138,97,306,133,392,457,242,472,411,420,306,204,112,83,280,117,361,434,208,443,385,381,265,163,90,73,250,104,323,403,173,405,351,335,220,125,82,71,221,97,281,364,143,360,311,283,178,107,79,68,193,94,238,318,121,309,267,227,153,101,75,65,168,92,200,268,110,252,221,196,139,97,70,61,147,89,175,223,102,219,194,177,130,91,66,56,135,85,160,197,96,196,174,163,121,86,61,53,124,82,148,178,90,492,430,449,341,245,137,96,305,133,391,457,241,472,411,417,304,202,111,82,279,115,359,434,206,443,384,378,262,156,87,73,248,102,320,401,168,405,350,331,215,112,82,71,218,97,276,362,137,360,310,278,165,105,79,68,189,94,231,316,115,309,265,221,138,101,75,65,163,92,192,265,104,252,217,178,130,96,70,61,142,89,165,216,99,211,185,162,123,91,66,56,129,85,151,186,93,189,167,151,115,86,61,53,120,82,141,169,88]}