{"c":"19021","n":"川湯","la":43.61666666666667,"lo":144.45666666666668,"e":158,"t":[-9.5,-9.4,-4.1,2.8,8.5,12.7,16.4,18.3,14.2,8.0,1.3,-5.8],"s":[99,100,97,49,1,0,0,0,0,0,6,57],"i":[471,436,383,327,272,199,167,333,215,421,430,266,463,432,385,338,296,227,196,349,246,434,426,287,450,420,380,343,313,252,221,358,273,438,417,302,426,400,367,341,323,269,242,360,295,434,398,311,396,374,348,331,325,281,257,355,310,424,373,313,360,342,323,315,321,285,266,344,319,405,342,307,318,304,292,293,309,283,269,326,322,381,305,295,273,263,256,265,289,273,266,302,318,351,264,276,225,220,217,231,264,257,257,274,307,316,221,250,471,436,382,326,271,198,166,332,214,421,430,265,463,432,384,337,294,225,194,347,244,432,426,286,449,419,379,342,311,248,219,356,270,436,416,300,426,400,367,340,320,264,238,357,290,433,398,308,397,374,348,330,322,275,252,352,305,422,373,309,361,342,322,314,317,278,261,341,313,404,342,303,320,305,292,292,305,275,264,323,316,380,306,290,276,265,257,264,285,266,261,300,311,350,266,272,229,223,220,231,260,250,252,272,301,315,224,247,470,436,381,324,268,194,163,330,211,419,429,262,463,430,382,334,288,218,188,343,237,428,425,280,449,419,376,337,302,237,210,350,260,430,415,292,426,399,363,333,310,250,227,350,277,426,397,298,399,374,345,324,310,259,239,344,290,416,373,298,364,343,320,308,304,260,246,332,296,399,342,291,326,309,291,285,291,256,248,315,297,375,309,277,284,270,258,259,271,245,244,292,292,347,271,258,241,231,223,227,246,229,234,265,281,315,231,234,469,434,379,321,263,188,158,326,204,415,428,258,462,429,378,328,279,206,178,336,227,422,423,271,448,416,371,329,290,222,195,340,244,423,412,280,426,398,358,324,294,231,208,338,258,418,394,283,400,373,339,313,292,236,217,331,267,405,371,280,368,344,316,297,284,235,221,319,271,390,343,272,331,311,287,276,270,229,221,301,270,367,310,259,292,275,257,250,250,218,216,280,264,341,275,240,252,239,224,222,227,202,206,254,252,312,239,217,468,433,376,317,257,181,151,322,198,411,426,252,459,426,373,320,267,194,166,327,213,413,420,261,445,413,365,319,273,202,177,327,225,412,408,265,425,394,350,311,273,209,186,323,233,405,390,264,399,371,332,300,269,210,190,314,238,393,367,260,368,342,308,282,259,206,192,301,240,376,340,249,334,311,282,263,246,199,190,285,238,356,309,236,298,278,252,238,227,188,184,264,231,331,276,218,260,243,223,213,204,173,175,242,222,306,242,197,466,430,373,312,249,173,144,316,190,405,424,245,457,423,367,311,252,179,151,316,197,404,416,248,441,409,356,305,254,182,156,313,202,398,401,247,420,389,341,296,250,182,160,305,206,388,383,243,395,365,321,282,243,180,162,295,208,375,360,235,365,338,299,266,231,175,160,281,206,359,334,224,333,308,273,246,217,166,158,264,204,339,305,210,299,276,246,224,200,156,152,246,199,318,273,194,264,245,218,200,182,143,145,225,191,295,242,175,465,429,369,306,241,165,136,310,181,400,421,237,453,419,360,300,238,163,135,304,180,393,411,234,436,403,347,290,231,160,136,296,180,383,395,227,413,382,329,278,225,156,134,286,179,370,375,219,387,357,309,263,215,151,134,273,178,354,351,209,358,330,286,246,202,144,131,259,175,338,325,198,327,302,261,227,189,135,127,243,172,319,297,184,294,271,236,206,174,126,123,225,168,300,267,169,261,240,209,185,158,115,117,208,162,279,237,153,463,426,366,301,233,156,127,304,172,394,419,229,449,413,353,289,222,147,120,292,164,381,405,219,429,396,336,275,210,138,114,279,157,365,387,208,404,373,316,259,198,130,111,265,152,349,365,196,377,347,294,241,186,123,107,250,149,331,339,183,347,319,271,224,173,115,104,236,146,314,312,171,316,290,246,206,161,108,101,220,143,296,284,158,285,262,222,186,147,100,98,204,141,279,256,144,254,233,198,168,134,92,94,190,137,262,229,131,461,425,363,295,225,148,119,298,163,388,416,223,445,409,347,278,206,131,106,281,148,369,400,204,422,388,326,259,189,117,96,263,136,348,379,188,394,363,302,239,173,106,90,245,128,327,353,173,363,334,277,220,158,98,86,229,124,306,325,159,332,306,252,200,146,92,83,213,121,288,297,146,301,277,229,183,135,85,81,199,120,271,269,134,271,249,206,167,123,79,80,185,120,256,242,123,242,222,184,150,112,73,78,172,119,242,216,112,459,423,360,290,218,140,112,292,156,383,413,216,442,405,341,268,193,117,93,270,133,359,396,193,416,382,316,244,169,99,80,248,117,332,371,171,384,353,288,219,149,87,73,227,108,305,342,152,349,321,260,198,133,79,71,208,105,281,310,137,314,290,234,179,122,74,70,193,104,262,279,125,283,260,211,163,112,69,69,179,104,246,250,114,252,234,190,148,103,65,69,167,106,233,225,106,225,209,170,134,95,61,68,157,107,222,202,97,458,422,358,287,213,135,107,288,150,380,413,211,438,404,336,261,181,106,82,262,121,352,393,182,412,378,309,231,151,83,68,236,102,319,366,155,377,346,277,200,127,73,66,212,95,286,333,134,336,309,244,176,112,69,66,192,94,257,296,119,295,272,215,158,103,66,66,175,96,236,261,109,261,242,193,144,97,63,66,163,98,222,231,101,233,216,174,132,90,59,66,153,100,212,208,94,208,194,157,121,84,56,66,145,103,204,186,87,458,421,357,284,209,131,103,286,146,377,412,208,438,401,334,254,173,97,74,256,112,346,391,175,409,376,305,222,136,72,66,227,94,311,363,144,374,343,271,187,109,70,66,204,90,273,329,122,333,305,233,157,100,68,66,183,92,240,290,108,286,262,197,141,95,65,66,165,94,215,248,100,241,225,176,130,90,62,66,152,97,202,214,94,215,200,160,121,85,59,66,144,99,196,192,88,193,181,146,112,79,56,66,137,102,191,174,82,457,421,356,283,208,130,102,285,145,377,412,206,437,401,333,254,170,94,72,254,110,345,390,172,409,375,303,219,130,72,66,225,92,308,362,140,373,342,269,181,103,70,66,200,90,267,328,118,331,304,231,142,99,68,66,179,92,234,288,103,285,261,189,132,94,65,66,161,94,209,245,97,235,218,168,125,90,62,66,148,97,195,206,92,206,195,154,117,85,59,66,140,99,190,185,87,187,177,141,108,79,56,66,135,102,187,168,81]}