{"c":"19052","n":"酒田","la":38.90833333333333,"lo":139.84333333333333,"e":3,"t":[1.6,1.9,4.7,10.2,15.3,19.6,23.3,25.3,21.0,15.1,9.3,4.5],"s":[42,43,7,0,0,0,0,0,0,0,1,12],"i":[512,463,507,396,315,184,123,348,163,438,495,298,501,457,508,409,339,200,132,355,173,443,488,316,480,440,499,413,356,214,138,355,180,440,474,327,451,416,479,408,364,223,143,348,184,426,449,331,415,383,449,394,364,225,144,334,185,405,416,328,370,345,409,372,355,225,143,313,183,377,375,317,320,302,364,342,339,218,139,286,177,340,329,300,268,254,311,305,315,206,132,254,169,298,277,275,214,206,252,263,283,191,123,220,158,250,224,246,512,463,507,395,314,183,122,348,163,437,495,297,501,457,509,407,337,199,131,354,172,442,488,314,482,440,499,411,352,211,137,354,179,438,474,325,453,416,479,405,360,219,141,346,182,426,449,328,416,385,450,392,359,222,142,332,183,405,417,324,373,347,412,370,350,220,141,312,180,376,378,313,325,305,366,341,333,213,136,286,175,340,332,296,273,259,315,305,308,200,130,254,166,299,282,272,222,212,260,263,277,186,121,221,155,254,231,242,512,463,505,392,310,180,121,346,161,436,494,294,501,457,507,403,330,194,129,352,169,440,488,309,483,441,498,405,343,204,134,350,175,434,474,317,455,418,480,400,348,210,137,343,177,423,451,319,421,387,451,386,346,211,137,328,177,401,420,314,381,352,417,363,335,208,135,308,174,374,383,302,335,312,375,335,317,200,130,283,168,340,340,284,288,270,327,301,293,188,123,254,159,301,295,261,240,227,276,262,263,172,113,222,148,259,248,231,512,463,504,389,305,177,119,344,159,433,493,290,501,455,504,396,321,187,125,347,165,434,487,301,484,440,495,396,329,194,128,344,169,429,473,307,458,418,476,389,331,197,130,336,169,416,451,306,426,390,451,374,326,196,128,321,168,396,423,299,388,356,418,353,315,191,125,301,163,369,387,286,347,320,380,325,296,182,120,278,156,337,349,268,303,281,336,294,272,170,112,250,147,301,307,245,259,241,291,258,244,154,103,220,136,263,264,219,511,462,501,384,298,172,117,340,156,429,491,285,501,454,498,387,308,178,120,341,160,428,484,291,483,438,488,384,311,182,121,336,161,421,470,292,458,417,471,375,310,182,121,326,159,405,449,289,428,390,446,359,302,178,118,311,156,386,421,279,394,359,416,338,288,171,113,292,150,361,390,266,355,325,379,312,271,162,108,268,143,329,353,248,315,288,341,282,248,150,100,243,134,297,315,227,274,252,300,250,223,135,91,216,123,262,275,202,509,461,497,378,290,167,113,336,153,425,488,278,499,451,492,376,293,169,113,333,153,420,480,279,480,434,479,369,291,168,112,325,151,409,465,276,457,413,461,356,284,164,111,313,148,393,444,268,426,388,436,340,274,159,107,297,143,372,417,258,394,357,405,318,259,150,101,278,137,347,386,242,358,325,374,294,242,141,95,256,129,319,352,225,320,291,337,266,222,129,87,231,120,287,316,206,282,256,299,238,199,115,79,208,111,256,279,184,509,459,493,371,282,161,111,332,149,420,487,271,496,448,483,364,276,158,108,325,146,411,476,266,476,430,466,352,268,153,105,313,142,396,458,258,451,408,445,335,257,147,101,299,137,377,434,246,422,381,420,317,243,139,96,282,131,355,408,233,389,352,391,295,229,130,89,262,123,329,377,218,355,320,358,271,211,120,83,241,115,302,344,200,319,288,326,247,193,110,76,219,108,274,311,183,283,256,291,220,173,98,69,196,100,244,276,164,508,457,488,365,273,155,108,327,146,415,484,265,493,444,473,351,260,147,103,316,140,401,470,252,471,424,451,333,244,138,97,300,133,381,449,238,444,400,426,313,229,129,91,283,126,359,423,224,413,372,398,291,213,120,85,264,119,334,394,208,379,342,369,268,197,111,79,244,112,308,363,192,344,310,338,246,181,101,73,223,105,281,331,176,310,279,305,222,164,93,68,202,98,254,298,160,276,248,275,200,148,83,61,182,91,227,267,144,505,455,483,359,265,150,105,323,143,409,482,258,488,440,463,338,243,137,97,307,134,391,463,239,463,417,436,314,221,124,90,287,124,366,438,220,434,390,405,289,200,112,83,266,115,338,409,200,399,359,373,264,182,103,77,245,109,310,377,183,364,327,340,240,166,95,72,224,102,283,344,167,329,295,310,218,152,86,67,204,96,257,311,152,294,264,280,197,137,79,61,185,90,231,279,138,262,235,250,177,125,71,56,167,84,208,249,125,505,454,479,353,258,146,102,319,140,405,479,252,487,437,454,326,227,128,92,299,128,381,459,227,459,411,421,296,200,112,83,275,117,352,430,202,424,379,383,265,175,99,77,250,108,319,395,179,384,344,344,236,154,90,72,225,101,286,357,160,344,308,307,211,139,82,67,204,95,256,320,144,307,275,275,190,126,76,63,184,91,229,286,131,273,245,247,172,114,70,57,167,86,206,254,119,243,218,223,155,106,64,54,151,81,186,227,108,505,453,476,349,252,142,100,317,138,403,478,247,484,434,446,317,216,120,89,293,124,375,455,218,455,407,408,280,181,101,78,265,111,340,424,188,418,372,363,242,150,88,73,237,102,301,384,160,372,331,315,208,129,81,69,209,97,262,339,139,323,289,272,182,115,76,66,185,93,229,294,125,281,252,239,164,107,71,62,166,89,202,257,113,247,222,214,149,99,67,57,150,84,182,227,105,220,198,194,136,93,62,54,137,80,166,204,97,504,453,473,346,248,140,99,315,136,401,476,245,484,433,442,311,208,115,86,289,121,370,453,212,455,405,401,270,167,93,75,259,106,333,421,177,417,370,352,225,129,83,72,229,99,290,379,146,371,327,296,183,110,80,69,199,95,245,332,124,318,280,237,156,103,76,66,172,92,206,279,112,261,229,202,142,98,71,62,150,88,178,231,104,224,200,182,132,93,67,57,136,84,162,202,97,200,179,167,123,87,62,54,125,80,149,182,91,505,451,472,345,247,139,99,314,136,400,476,244,484,432,438,309,204,113,85,287,120,369,451,209,455,404,398,267,161,90,75,257,105,330,419,173,417,368,348,221,118,83,72,225,98,286,378,141,371,326,292,171,107,80,69,196,95,238,329,119,319,278,231,140,103,76,66,168,92,198,276,106,262,225,182,133,98,71,62,145,88,168,223,101,216,190,165,125,93,67,57,131,84,153,191,95,193,171,154,118,87,62,54,121,80,142,173,89]}