{"c":"19136","n":"山形","la":40.14833333333333,"lo":141.57166666666666,"e":290,"t":[-3.1,-2.6,0.6,7.2,12.3,15.7,19.5,21.0,16.7,10.4,4.7,-0.3],"s":[27,43,19,1,0,0,0,0,0,0,0,12],"i":[470,432,418,331,300,222,181,346,223,434,440,284,462,426,419,341,324,250,208,359,250,443,436,305,445,412,412,343,341,273,229,364,273,442,423,319,419,390,396,338,350,290,247,362,289,432,401,326,387,362,373,327,352,299,258,353,299,413,374,326,348,328,343,309,344,302,263,337,302,386,340,318,303,288,307,285,329,296,262,313,299,352,300,304,257,246,266,256,307,284,254,284,288,311,256,282,208,202,221,222,277,265,240,250,272,265,211,254,470,432,417,331,299,220,180,345,222,434,440,283,462,425,418,340,323,247,206,357,248,442,434,303,445,412,411,342,339,269,227,363,270,442,422,316,420,390,396,337,347,284,243,360,285,432,401,323,388,363,373,325,347,292,252,351,294,412,374,322,350,329,344,307,340,294,258,334,297,386,341,313,306,290,308,284,324,288,256,311,293,352,302,298,261,250,268,254,301,275,248,283,282,312,260,277,215,206,225,222,272,254,234,250,265,267,216,250,470,432,416,329,296,216,177,343,219,433,438,280,462,425,416,336,316,240,199,353,242,438,434,297,445,412,408,337,330,258,218,357,260,438,422,308,421,391,393,332,336,270,231,354,273,426,401,312,391,364,371,320,335,275,239,343,279,409,375,310,355,332,342,302,326,274,242,327,280,383,343,301,314,296,309,278,309,267,239,304,275,351,306,285,272,258,271,250,286,252,229,277,263,313,267,263,229,218,231,219,258,234,216,245,246,272,225,237,470,430,413,326,291,210,172,339,213,430,438,276,461,424,412,331,307,229,189,347,231,434,433,289,445,409,404,330,316,242,202,348,245,430,420,296,423,391,388,323,319,250,213,343,254,420,400,297,394,365,367,310,315,252,217,332,257,401,375,292,360,335,339,293,305,249,217,315,254,377,345,282,323,302,308,269,288,240,213,293,248,346,311,266,283,265,273,244,266,225,202,267,236,312,274,245,243,229,237,214,239,206,189,238,220,274,236,220,469,430,411,322,284,202,165,335,206,425,437,270,459,422,407,324,294,215,177,338,218,426,430,278,444,408,397,320,298,223,186,336,225,421,417,281,422,389,381,312,298,225,190,329,229,408,397,279,395,364,359,298,291,225,191,316,229,390,373,271,363,336,333,280,279,219,189,299,225,367,344,259,328,304,303,259,263,209,183,278,218,338,312,244,292,271,271,234,242,195,172,254,206,306,278,224,254,237,238,206,218,177,159,227,191,271,243,200,468,428,408,318,276,195,157,329,198,421,434,263,458,420,401,315,279,199,163,328,202,417,426,265,442,405,388,308,278,200,165,322,204,408,412,263,419,385,371,298,273,199,166,312,204,394,392,257,392,361,349,283,264,195,164,298,200,374,367,247,363,333,323,265,250,187,158,280,195,351,340,234,330,303,296,244,235,176,151,260,187,325,310,218,295,271,265,221,216,164,142,237,175,294,277,200,260,240,235,197,193,148,130,213,163,264,245,179,466,426,404,313,268,186,149,323,190,415,432,256,455,416,394,306,263,183,147,316,187,405,422,250,437,400,378,296,256,178,145,306,183,393,405,243,413,379,359,281,246,172,140,293,178,376,384,233,387,355,336,265,234,165,136,277,172,355,359,221,358,327,310,247,221,156,129,259,164,331,332,208,326,298,283,227,204,144,122,239,156,305,302,192,293,268,254,206,187,134,113,218,146,279,272,175,259,238,225,183,169,120,104,196,136,250,241,157,465,425,400,308,259,177,141,317,181,409,430,248,451,413,386,296,246,166,132,305,171,395,417,236,432,394,367,281,231,156,124,290,161,376,398,223,407,371,344,265,218,145,117,273,152,355,374,209,379,346,320,246,204,135,110,254,144,332,348,195,348,318,294,227,189,126,103,236,136,307,320,180,317,288,267,208,174,115,96,217,128,282,291,166,285,260,240,187,159,106,90,197,120,257,262,151,254,231,214,168,144,96,82,178,112,231,233,136,463,424,397,303,250,169,134,312,173,404,428,241,448,409,379,287,229,150,118,294,156,384,412,222,426,388,356,267,210,134,105,273,141,359,390,204,398,362,329,246,191,120,96,252,129,333,363,186,366,334,301,225,173,109,88,231,119,306,334,170,334,305,274,206,159,100,82,213,112,280,304,155,302,275,248,187,145,92,76,194,105,256,275,141,271,247,222,169,132,84,71,177,100,231,247,128,242,220,197,152,120,77,66,160,94,210,220,115,462,422,394,299,244,162,127,306,166,399,426,235,446,405,373,278,215,136,105,283,142,373,408,210,420,383,345,254,188,114,89,258,122,343,383,186,389,353,314,229,165,99,78,234,109,310,352,164,353,321,282,204,146,88,72,211,100,279,319,146,317,289,252,185,132,81,67,191,94,250,286,132,284,259,225,167,120,74,64,173,90,227,256,121,252,231,200,151,110,69,60,158,86,206,227,110,225,206,180,136,101,64,56,144,83,187,204,100,462,421,392,295,238,156,122,303,161,395,425,229,444,404,368,271,202,124,95,275,131,365,405,199,417,379,337,242,169,98,75,246,107,329,378,170,383,347,301,212,141,81,67,218,93,290,344,145,342,310,263,185,121,75,65,193,88,252,305,127,298,272,229,165,110,70,63,172,85,222,266,114,261,239,202,149,102,67,60,155,83,198,234,106,231,212,181,135,95,63,57,142,81,180,208,98,206,189,163,123,89,59,55,130,79,165,186,90,461,421,391,293,234,152,118,300,157,393,424,227,443,403,365,266,195,115,88,270,123,360,404,193,416,378,333,235,155,85,68,238,96,321,376,158,382,345,295,200,120,75,67,209,87,277,341,132,340,307,252,167,104,73,65,183,85,234,300,114,293,265,206,147,98,70,63,160,83,198,254,105,243,222,180,134,93,66,60,142,81,174,215,98,212,195,162,124,88,63,57,130,80,160,190,92,190,175,148,114,83,59,55,121,78,148,171,86,461,421,390,293,233,151,117,299,156,392,424,225,443,403,365,265,192,112,85,268,120,359,404,190,416,377,332,231,149,80,68,235,94,318,375,154,381,345,294,196,108,75,67,206,86,272,340,126,340,307,250,158,102,73,65,180,85,227,299,111,293,264,204,137,97,70,63,157,83,190,254,101,242,218,169,128,93,66,60,138,81,164,210,96,204,189,154,120,88,63,57,126,80,152,182,90,183,170,142,112,83,59,55,118,78,142,165,85]}