{"c":"19151","n":"標茶","la":43.291666666666664,"lo":144.58666666666667,"e":20,"t":[-8.3,-7.5,-2.5,3.6,8.7,12.7,16.3,18.4,15.0,8.7,1.7,-5.0],"s":[86,92,78,15,0,0,0,0,0,0,1,34],"i":[476,413,380,340,308,241,209,356,262,444,424,296,471,409,382,352,338,282,252,377,306,458,421,324,455,398,377,358,361,315,290,390,345,462,409,344,430,379,364,356,374,341,320,396,376,458,392,357,400,355,345,346,379,358,343,393,399,445,367,361,363,325,320,329,375,365,357,382,412,423,336,356,320,289,289,306,362,363,362,363,416,394,299,344,274,250,254,277,340,352,357,338,411,358,259,323,225,211,215,242,310,332,344,306,396,317,217,295,476,413,379,338,307,240,208,355,260,443,423,295,470,409,381,350,337,278,250,375,303,455,420,322,455,398,376,356,358,310,287,388,340,459,409,341,432,379,363,353,371,334,316,392,370,455,392,353,401,355,344,343,376,349,338,389,391,442,367,356,364,325,319,326,371,356,351,378,404,421,336,351,323,290,289,302,358,353,355,360,407,392,301,338,277,252,254,273,336,342,351,334,401,357,262,317,229,214,217,240,306,321,337,303,386,316,221,289,476,413,378,336,304,234,202,352,254,441,423,291,470,408,379,346,330,268,241,370,293,451,419,315,455,397,373,349,348,295,273,380,326,455,408,331,432,378,360,345,359,315,299,383,352,449,390,340,404,355,342,335,361,327,318,378,370,436,367,341,368,325,317,318,355,331,328,367,380,415,337,335,329,293,288,294,341,326,331,348,381,387,303,321,286,257,254,266,319,313,325,323,374,354,266,300,242,221,221,234,289,293,311,294,359,317,227,272,476,412,376,333,298,227,196,348,247,437,421,286,468,407,375,339,318,254,227,361,278,445,417,304,454,395,368,340,333,275,252,368,304,446,405,316,433,377,355,335,340,289,272,368,323,438,388,321,404,353,336,322,339,297,285,361,337,425,365,319,372,326,313,305,331,297,292,349,343,405,337,311,335,295,285,283,317,290,292,331,342,379,305,297,295,261,254,256,295,277,285,307,334,349,270,276,254,227,222,225,267,257,271,280,320,314,235,250,475,411,374,328,290,217,186,342,237,432,420,278,467,404,371,330,304,236,206,350,258,436,413,290,451,392,362,328,312,249,225,352,277,433,401,296,430,373,347,320,315,258,239,349,290,425,384,297,404,351,329,307,312,261,246,340,297,409,361,293,373,324,306,288,301,257,248,327,300,390,334,282,338,294,279,268,286,249,246,309,298,366,304,268,302,263,250,242,266,236,239,287,289,338,272,248,263,229,220,215,241,217,225,262,276,308,238,225,473,409,371,322,280,206,174,335,225,426,417,270,463,401,365,320,287,215,186,336,237,424,409,274,448,387,354,313,288,221,195,333,245,418,396,274,426,369,338,303,286,222,202,327,252,405,378,270,400,346,318,288,279,221,204,316,254,391,355,263,371,320,296,270,268,216,202,301,254,371,329,250,337,291,271,249,252,204,200,284,250,348,300,235,303,261,244,225,235,194,192,263,243,323,269,218,268,231,216,200,212,178,181,241,233,296,238,197,471,407,367,316,270,194,162,327,212,419,415,260,459,397,358,309,267,193,163,321,212,412,405,256,442,382,344,298,262,190,164,313,213,400,390,250,420,362,327,283,254,187,163,302,212,385,370,241,393,339,307,267,244,180,163,289,212,367,346,231,364,313,283,248,231,174,159,273,208,348,320,218,332,285,259,227,217,163,154,256,204,326,292,202,299,256,234,206,200,153,149,238,199,303,263,187,265,227,206,185,183,140,140,218,191,278,233,169,469,405,364,310,260,182,150,319,199,413,413,250,455,394,351,297,247,171,140,306,189,398,400,238,434,376,334,281,234,161,133,292,180,381,382,225,409,354,314,263,222,151,128,277,174,361,360,212,382,329,292,244,209,142,124,261,170,341,335,198,352,303,269,225,194,134,120,245,166,320,308,185,321,275,245,206,182,125,114,227,163,299,280,171,290,248,221,186,166,115,111,212,160,279,252,156,258,221,197,167,152,107,105,195,155,258,225,142,467,404,361,305,250,171,138,312,187,405,411,242,451,390,345,286,227,149,119,292,166,385,395,221,428,369,324,264,208,131,105,271,150,361,374,200,400,345,301,242,189,118,96,252,139,336,349,183,369,319,276,221,173,109,91,234,134,312,321,168,337,291,252,202,160,101,87,217,130,291,293,154,305,264,229,182,148,93,84,202,129,271,266,141,275,237,206,166,136,86,82,187,128,252,239,129,246,211,183,148,125,80,79,173,127,234,213,118,466,401,358,300,241,161,128,305,176,401,409,234,448,387,339,275,210,130,99,279,145,373,391,204,422,364,315,248,182,106,80,252,123,342,367,179,389,337,288,222,159,90,71,229,110,311,338,157,354,307,260,198,141,81,67,209,105,283,307,140,318,277,234,178,129,76,65,192,104,260,276,128,286,249,210,161,119,70,65,178,105,241,248,117,256,223,189,146,110,67,64,166,107,225,223,108,229,199,170,131,102,63,63,154,109,211,199,99,465,401,356,296,234,153,119,300,168,396,407,227,446,384,335,267,196,113,82,268,127,364,388,192,418,361,308,235,159,84,61,237,100,327,362,159,382,331,276,202,131,70,57,211,90,289,330,135,340,296,244,176,113,65,57,189,89,256,293,119,298,262,215,157,104,63,57,172,91,231,258,108,263,233,193,142,98,60,59,159,94,213,229,100,235,208,173,130,92,56,59,149,98,200,206,93,210,187,156,119,87,55,59,141,101,190,184,87,463,400,355,294,229,148,112,296,162,394,405,224,444,383,332,263,185,102,71,261,114,358,386,183,416,359,304,227,141,69,57,227,89,317,359,145,379,328,270,189,107,66,57,200,83,274,326,121,337,293,233,157,97,64,57,178,86,235,288,106,289,254,197,139,93,62,57,160,89,206,247,98,243,218,176,129,88,60,59,147,93,191,212,92,216,195,160,120,84,56,59,139,96,182,190,87,194,176,146,111,80,55,59,132,100,175,172,82,463,400,354,293,227,146,111,295,160,393,405,222,443,382,331,261,181,98,68,258,111,356,386,180,415,358,302,225,132,67,57,225,85,314,358,142,378,327,269,185,98,66,57,198,83,267,325,115,336,292,231,142,95,64,57,175,86,227,286,101,288,252,190,132,92,62,57,156,89,198,243,95,236,212,168,124,88,60,59,143,93,181,204,91,208,190,154,117,84,56,59,135,96,174,184,86,188,172,141,109,79,55,59,129,100,170,167,81]}