{"c":"19162","n":"新庄","la":38.75666666666667,"lo":140.31166666666667,"e":105,"t":[-1.1,-0.7,2.0,8.5,14.3,18.8,22.3,23.9,19.4,12.6,6.4,1.5],"s":[91,96,73,10,0,0,0,0,0,0,5,43],"i":[467,423,445,333,263,160,114,315,157,405,445,252,458,416,446,342,279,172,122,320,166,411,440,264,440,401,437,343,289,180,127,320,173,409,426,271,413,380,420,338,293,185,131,313,177,398,404,272,380,352,394,325,291,187,132,301,179,381,375,268,341,318,361,307,283,184,131,284,179,357,340,258,297,279,321,282,268,178,128,261,176,327,299,243,250,238,276,252,248,168,124,235,171,292,254,223,202,195,227,219,223,155,117,206,164,252,208,199,467,423,445,333,262,159,113,315,157,405,445,250,457,416,446,341,278,171,121,320,165,409,440,263,440,401,437,342,287,179,126,319,172,408,426,269,413,380,420,336,290,183,130,312,176,397,405,270,382,353,394,324,288,184,131,300,178,380,376,265,343,319,362,305,279,181,130,283,177,357,342,254,300,282,323,281,264,175,127,261,174,327,301,240,254,241,279,252,244,165,122,235,169,293,258,220,209,200,231,218,219,151,114,206,161,256,214,196,467,423,444,331,260,158,112,313,156,404,445,250,458,416,445,338,273,167,119,317,163,408,438,259,441,401,436,338,280,174,124,316,168,404,426,264,416,381,420,331,282,177,126,309,172,394,405,263,385,354,395,319,278,177,127,296,173,377,378,258,349,323,365,300,268,173,125,279,171,354,346,247,308,287,328,276,252,166,122,258,168,326,308,231,266,250,288,248,231,155,115,234,162,294,268,212,224,212,244,216,208,142,109,206,154,260,225,189,467,422,443,328,256,155,112,312,154,401,444,246,458,415,442,332,266,162,115,314,159,404,438,254,441,401,433,331,271,167,119,311,163,399,425,256,418,381,417,323,270,168,121,303,165,388,405,254,389,356,394,310,264,166,120,290,165,372,380,246,354,325,365,291,252,161,118,274,162,350,348,235,318,293,331,268,237,153,112,254,158,323,314,219,278,258,293,242,217,142,108,231,152,294,276,200,239,222,254,212,194,129,101,206,144,262,238,178,466,421,441,325,250,152,110,309,151,399,442,243,457,413,437,326,257,156,112,309,155,398,436,246,440,399,428,321,258,157,113,304,156,392,422,246,418,379,412,312,254,156,112,295,156,380,403,241,390,355,389,298,246,152,111,282,154,363,378,231,359,327,362,279,234,146,108,265,151,342,349,220,323,296,330,257,219,138,103,246,146,316,316,204,287,263,296,231,199,127,97,225,140,290,282,186,250,229,260,204,179,113,90,202,133,261,247,166,465,420,437,320,246,148,108,306,149,395,441,238,455,411,432,318,246,149,108,302,149,391,432,238,438,396,420,310,243,147,107,295,148,382,418,234,416,377,403,299,236,143,105,285,147,368,398,225,389,352,381,284,227,138,102,271,143,351,374,216,359,325,354,265,213,130,98,254,139,330,346,202,326,296,325,244,198,122,93,236,134,307,315,188,291,264,292,220,180,112,87,216,128,281,283,171,257,233,260,196,161,100,81,195,122,256,250,152,463,418,434,316,240,144,105,302,146,391,438,233,453,408,425,309,235,141,103,296,144,383,428,227,434,392,409,298,227,136,100,286,140,370,412,220,412,371,390,283,217,130,97,273,136,354,391,210,385,347,368,267,204,123,93,258,132,336,367,198,354,320,342,248,192,114,88,242,128,315,339,185,323,291,312,227,176,106,83,223,123,292,309,170,290,262,283,206,160,97,78,204,118,269,279,154,257,231,252,183,143,87,72,186,112,245,247,138,463,417,430,311,234,140,102,298,143,387,437,227,450,405,417,299,223,133,98,289,138,374,424,218,430,387,398,284,210,125,94,275,132,358,405,206,405,365,375,267,197,118,89,260,127,339,382,194,377,339,351,248,184,109,85,244,122,318,356,180,346,311,324,229,169,101,80,227,118,297,327,166,314,283,296,209,155,93,76,210,112,275,298,152,283,254,267,188,140,85,71,192,109,252,268,138,252,225,240,169,126,76,66,175,105,231,239,124,462,416,426,306,227,136,100,295,140,383,434,223,447,401,409,290,212,125,94,282,133,366,419,209,424,382,386,271,194,114,88,265,125,345,397,193,397,356,359,250,178,106,83,247,119,322,371,178,365,329,330,229,162,97,78,229,113,298,341,163,333,300,302,209,148,90,74,211,110,275,311,149,301,271,274,189,135,82,70,194,106,254,282,135,269,242,247,171,122,75,66,178,103,234,252,122,240,215,221,153,110,68,63,163,100,215,225,111,461,415,423,302,223,132,98,292,138,379,433,219,444,399,401,282,200,119,90,275,128,358,415,200,420,377,374,258,179,106,83,256,119,333,390,181,389,349,342,233,160,96,78,235,112,305,360,163,353,317,308,209,143,88,74,214,108,278,326,146,317,285,276,188,129,81,70,196,104,252,293,133,283,254,247,169,117,75,68,179,102,231,262,121,252,227,222,153,107,69,64,164,100,213,234,110,224,202,200,137,98,63,61,151,98,197,209,99,459,413,420,299,219,130,97,290,136,376,430,216,443,397,396,275,193,113,87,271,124,352,412,194,417,374,364,247,167,98,79,248,113,323,385,171,384,343,326,217,143,88,75,225,107,290,351,149,343,307,286,190,125,81,72,202,104,258,312,132,300,270,249,168,113,77,70,181,102,229,273,120,262,237,220,151,105,72,67,165,101,209,239,109,231,209,197,137,97,67,64,151,99,193,212,100,204,186,178,125,90,62,61,140,98,180,190,92,459,413,418,297,217,128,96,288,135,375,430,214,443,396,392,271,188,110,85,268,122,349,409,190,417,372,359,240,157,93,76,243,110,317,382,163,383,341,318,206,129,84,74,218,105,281,347,140,342,304,272,173,112,81,72,194,103,244,306,122,296,263,222,150,106,77,70,171,102,212,260,111,245,219,191,137,100,72,67,153,101,189,218,103,212,192,172,126,93,67,64,141,99,176,192,95,189,172,158,117,86,62,61,131,98,166,173,88,459,413,418,297,216,128,95,288,135,374,430,213,443,396,391,270,186,109,84,267,121,347,409,188,417,371,356,238,153,90,76,241,109,315,381,161,383,340,315,202,121,84,74,216,104,278,346,136,342,303,268,164,111,81,72,191,103,238,304,119,296,261,217,139,105,77,70,168,102,204,258,107,245,216,175,131,99,72,67,149,101,180,212,101,204,184,159,122,93,67,64,136,99,169,183,94,182,165,147,113,86,62,61,128,98,161,165,87]}