{"c":"19261","n":"中徹別","la":43.19833333333333,"lo":144.14166666666668,"e":80,"t":[-8.1,-7.5,-2.5,3.8,9.1,13.0,16.6,18.6,14.8,8.5,1.7,-4.9],"s":[84,97,76,12,0,0,0,0,0,0,1,28],"i":[484,430,394,352,319,250,221,366,268,451,437,307,479,426,396,365,351,293,269,387,315,463,434,337,463,413,391,371,375,329,310,401,355,469,423,358,438,394,377,369,390,356,343,407,388,463,404,372,407,369,358,359,396,374,368,404,412,450,378,376,368,337,331,342,391,382,383,393,426,428,345,372,324,299,299,317,378,381,388,374,430,398,308,359,277,259,262,287,355,369,384,347,425,361,266,337,227,217,221,250,324,348,369,314,409,318,222,308,484,430,393,351,318,248,220,365,266,450,436,306,478,426,395,364,349,289,266,385,311,463,433,334,463,413,390,370,373,323,306,398,350,467,422,355,438,395,377,368,387,348,338,404,381,462,404,368,408,369,357,358,392,365,362,400,404,448,378,371,370,337,331,340,387,372,376,389,417,426,346,367,327,301,299,316,373,370,381,370,421,396,309,353,280,261,263,286,350,358,376,344,415,360,268,331,231,220,224,250,319,337,361,311,400,318,225,302,484,430,392,349,314,243,215,362,261,448,436,302,478,425,393,361,342,279,256,380,301,459,432,327,463,413,387,365,362,307,291,390,335,461,421,345,438,394,374,361,373,329,320,394,362,455,401,354,409,369,354,351,376,341,340,389,381,442,378,356,373,338,329,334,370,346,351,377,391,420,347,350,334,304,299,310,356,341,354,358,393,392,312,336,289,266,264,281,333,328,348,333,386,357,273,314,245,227,227,247,302,306,332,302,370,319,234,285,484,429,390,345,308,235,206,357,252,444,434,296,476,424,389,354,330,263,240,371,285,451,430,316,462,411,382,356,346,286,268,378,312,451,418,329,440,392,369,351,353,301,289,378,332,445,400,335,411,368,349,339,353,309,304,372,347,430,376,334,378,339,325,323,345,309,311,359,353,411,347,326,340,306,296,300,330,303,311,340,353,383,314,311,300,271,264,272,308,289,303,316,344,352,278,290,259,236,229,241,278,268,288,287,329,316,242,263,483,428,387,341,300,225,196,350,242,438,433,288,475,421,384,345,315,244,219,359,264,442,426,301,459,408,375,344,324,258,239,361,283,438,413,309,438,389,360,337,327,268,252,358,297,430,396,311,411,366,341,325,324,271,262,350,305,416,373,307,379,338,317,307,313,268,264,336,308,395,345,296,344,307,290,286,298,260,262,318,306,370,314,281,307,274,260,259,277,246,254,295,297,341,280,261,268,240,229,231,250,227,239,269,284,310,245,236,480,426,384,335,290,213,183,343,229,432,430,279,472,418,378,335,296,222,196,345,242,430,422,284,455,403,367,329,298,229,204,342,250,424,409,285,433,384,351,320,296,229,213,335,258,412,389,282,407,360,330,306,289,229,216,324,261,396,366,275,377,334,307,288,278,224,215,310,260,376,339,263,343,304,281,267,262,213,211,291,257,352,309,247,308,272,252,244,244,200,202,271,249,325,278,229,273,241,224,218,221,185,191,248,238,298,246,208,479,424,380,329,279,200,170,335,216,426,428,269,468,413,371,323,276,199,171,329,216,417,417,266,450,398,356,313,271,196,172,321,217,405,401,260,426,377,339,299,263,193,171,310,216,390,381,252,400,353,318,284,252,187,171,296,216,372,357,241,370,326,294,266,240,180,167,281,212,352,330,229,338,298,269,245,225,169,162,263,209,329,301,213,304,268,242,224,208,158,155,244,202,305,271,197,270,237,215,200,189,145,146,223,195,280,241,178,476,422,376,323,268,188,156,327,202,419,425,260,463,409,363,310,254,176,146,314,192,404,412,247,443,391,346,295,241,165,138,299,183,386,393,234,417,369,325,278,227,155,132,283,177,366,370,221,389,343,302,259,215,146,128,267,172,345,345,206,358,315,278,241,200,138,123,250,169,324,317,193,327,287,252,222,187,129,118,234,165,302,289,179,295,259,227,200,171,120,113,217,162,281,260,164,263,229,204,182,157,110,108,200,158,259,231,150,475,420,373,316,258,176,144,319,190,412,423,250,459,405,356,298,235,153,122,298,168,390,407,227,434,384,335,277,213,134,107,277,151,365,385,208,405,359,310,254,194,120,98,257,141,340,358,190,374,331,285,235,177,110,92,239,135,316,330,174,342,302,259,215,164,102,88,221,131,293,301,160,310,274,235,196,151,95,85,206,130,273,273,147,279,246,212,179,139,88,82,191,129,252,246,135,250,219,188,161,128,82,79,177,128,235,219,124,474,418,370,311,248,165,132,312,179,405,421,242,455,401,350,287,216,133,101,285,146,378,401,212,429,378,324,260,186,108,80,258,123,347,377,184,395,349,296,233,161,91,70,233,110,315,347,162,359,318,266,209,143,81,66,213,105,286,314,145,323,287,239,189,131,76,64,195,104,262,283,132,290,258,215,172,121,71,63,181,105,242,254,121,260,231,193,156,111,67,62,168,107,225,227,112,231,206,174,142,103,64,61,157,110,211,204,103,473,417,368,307,241,157,123,307,170,401,419,235,453,399,345,277,200,115,82,273,128,369,399,198,425,374,316,245,161,84,59,241,99,331,372,163,388,343,283,212,132,69,56,214,90,292,338,138,345,306,249,184,113,65,56,192,89,257,300,121,302,270,219,164,104,63,56,174,91,231,263,111,266,240,196,150,98,60,56,161,95,213,234,103,237,214,176,137,92,56,56,151,98,200,209,96,213,192,159,126,87,55,56,142,102,190,188,89,472,417,367,304,236,151,115,303,164,400,418,229,451,398,342,271,189,103,70,266,114,363,397,188,422,372,312,234,142,68,56,231,88,321,369,148,386,340,277,195,106,65,56,204,83,276,334,122,342,302,237,161,95,64,56,180,86,236,294,107,293,261,199,144,92,62,56,161,89,206,250,99,245,223,177,133,88,59,56,148,93,190,215,93,217,199,161,124,84,56,56,140,97,181,193,88,196,180,147,114,79,55,56,133,101,174,174,83,472,416,366,303,234,149,113,302,162,398,418,229,451,398,342,269,184,99,67,263,111,361,397,184,421,371,311,231,133,66,56,229,85,318,368,144,384,339,275,189,97,65,56,200,83,269,333,117,340,301,235,144,94,64,56,177,86,229,292,101,291,259,192,133,91,62,56,157,89,198,248,95,238,217,168,126,87,59,56,143,93,180,208,91,209,193,155,118,83,56,56,135,97,173,186,86,189,175,142,110,79,55,56,130,101,168,169,81]}