{"c":"20146","n":"陸別","la":43.468333333333334,"lo":143.73833333333334,"e":207,"t":[-11.5,-10.0,-3.7,3.9,9.7,14.0,17.7,19.0,14.4,7.6,0.3,-7.6],"s":[89,97,85,12,0,0,0,0,0,0,3,44],"i":[480,446,392,336,299,223,200,355,250,443,438,286,475,441,394,348,327,259,240,374,291,457,437,312,459,429,389,354,348,288,275,386,327,462,426,330,436,408,376,351,361,311,303,390,356,457,407,341,404,381,356,342,365,325,324,387,377,445,381,344,367,348,330,325,361,332,338,375,390,424,348,339,323,309,298,302,348,330,342,356,394,395,310,327,277,267,262,273,327,319,339,331,389,359,268,307,227,223,221,239,299,301,327,299,376,318,224,280,480,445,391,335,298,222,199,354,248,442,438,285,475,441,393,347,325,256,238,372,288,455,436,310,459,428,388,352,346,284,271,384,322,459,425,327,436,409,375,350,358,304,299,387,350,455,407,338,405,381,356,340,362,318,319,383,370,442,381,340,368,349,330,324,357,323,331,372,382,421,349,335,326,311,299,300,344,321,336,353,385,393,312,321,280,269,263,272,323,310,332,327,380,358,271,301,233,225,224,239,294,291,320,297,366,318,227,275,480,445,390,333,294,217,194,351,244,440,438,282,474,440,391,344,319,247,229,367,279,451,434,303,459,428,385,347,336,271,259,376,309,454,424,318,436,408,372,344,346,288,283,378,333,449,405,326,407,382,353,334,348,298,300,373,350,436,381,327,371,350,327,317,342,301,310,361,359,415,350,320,332,314,298,294,328,296,313,342,360,388,315,306,289,275,264,267,306,284,308,318,354,355,276,286,244,235,227,235,278,266,295,288,340,318,236,259,480,444,388,330,289,210,187,346,236,436,437,276,473,438,387,338,308,234,215,359,265,444,433,293,458,425,380,339,321,252,239,365,288,445,421,304,437,405,367,334,327,265,257,364,307,438,403,309,408,381,347,323,326,271,270,357,319,425,379,306,375,351,323,306,318,270,276,345,325,405,350,298,338,317,294,284,304,264,276,326,324,379,317,284,298,281,263,258,283,252,270,303,317,349,280,264,258,244,229,229,256,233,257,275,304,315,244,239,479,442,385,326,281,202,178,340,227,430,434,270,471,434,382,329,294,218,198,348,246,434,429,280,455,422,373,328,302,229,214,350,263,432,417,286,434,403,359,321,304,237,225,346,275,424,398,287,408,379,340,309,300,238,233,337,282,409,375,282,376,350,316,291,290,235,236,323,285,390,347,272,341,318,289,271,275,227,234,306,283,366,316,258,304,284,259,245,256,215,227,283,275,338,282,239,266,248,227,219,231,198,215,259,263,308,247,216,476,440,381,320,272,192,167,334,216,425,433,262,467,432,376,319,278,199,178,335,225,423,425,265,451,417,365,314,279,204,186,332,234,417,411,266,430,397,349,305,276,204,192,325,240,405,392,262,404,373,329,291,269,204,195,314,242,390,368,254,374,346,306,274,258,198,193,299,242,370,342,243,340,315,280,252,242,188,190,281,239,348,312,227,305,282,250,231,225,177,184,261,231,322,279,211,270,250,223,206,202,163,174,239,223,296,248,191,475,438,378,315,263,182,156,326,204,418,430,252,463,428,369,309,259,180,156,321,204,409,420,249,446,411,354,299,254,177,158,312,204,398,404,243,423,390,337,285,246,173,157,301,202,384,383,235,396,365,316,271,236,168,156,288,202,366,359,225,366,337,292,252,224,161,153,273,199,346,332,212,335,308,267,233,209,151,149,256,196,325,303,198,301,277,241,212,193,141,144,237,191,302,273,182,267,246,213,190,175,129,136,217,184,278,242,165,473,436,374,309,252,171,145,319,192,412,428,244,459,423,361,297,241,160,136,306,182,397,413,233,438,404,344,282,227,151,129,292,174,379,395,220,413,381,323,266,215,142,124,277,168,360,372,208,385,354,300,248,202,133,120,261,164,340,346,195,354,326,277,229,188,126,115,245,161,319,319,181,323,296,252,211,175,117,112,229,158,298,290,168,292,267,227,191,160,109,109,212,155,278,262,153,260,238,202,173,147,100,104,196,151,257,234,140,471,434,371,303,244,161,134,312,181,405,425,236,455,418,354,286,222,141,115,292,161,384,409,216,430,396,333,266,202,125,103,272,146,359,387,198,403,370,308,245,185,112,95,252,136,335,360,181,371,341,283,225,169,104,90,235,131,311,332,166,339,312,258,206,156,97,86,218,128,290,303,153,307,282,234,188,144,89,84,202,127,270,275,140,276,254,211,171,131,83,83,188,126,250,247,129,247,225,188,154,121,77,80,174,126,234,220,117,470,432,368,298,235,152,124,306,171,399,423,227,451,415,348,275,206,125,97,280,142,372,405,202,425,390,322,250,178,103,81,254,121,341,379,177,392,360,294,224,156,89,72,231,110,310,348,156,356,327,265,202,139,80,69,211,105,282,316,140,320,295,238,182,127,75,68,194,105,260,284,128,288,265,214,166,117,70,67,180,105,241,256,118,258,238,192,151,108,66,67,167,107,225,229,108,229,212,173,136,100,62,66,156,110,211,204,99,469,430,366,294,227,145,115,301,163,395,422,223,449,412,343,267,191,110,82,270,126,363,401,190,421,386,315,236,157,84,63,240,100,326,374,159,385,352,281,204,129,71,61,214,92,288,340,135,342,314,248,179,112,67,61,192,91,254,301,120,299,276,218,160,104,64,61,174,93,229,265,110,265,245,195,146,98,62,62,161,96,213,235,102,236,219,175,134,92,59,62,151,100,200,210,95,211,196,159,122,86,56,63,143,103,191,189,88,468,430,365,292,224,141,111,298,158,393,421,219,447,411,341,261,182,100,72,263,114,357,400,181,419,383,311,227,139,70,60,231,90,316,371,146,382,350,275,190,107,68,61,204,86,273,336,122,339,310,236,159,98,66,61,181,88,234,295,107,291,266,199,142,93,64,61,162,92,206,252,100,244,227,177,131,89,61,62,149,95,191,216,94,217,202,161,122,84,57,62,141,99,182,194,88,195,183,147,112,80,56,63,134,102,176,175,83,468,430,364,291,223,139,109,296,156,392,421,217,447,409,340,260,178,96,69,261,111,355,399,178,418,383,309,224,132,70,60,227,87,313,370,142,381,348,273,185,100,68,61,200,86,266,334,118,338,309,234,143,97,66,61,178,88,227,293,102,289,265,191,133,93,64,61,159,92,198,248,96,237,220,168,125,89,61,62,144,95,182,209,92,209,197,155,117,84,57,62,137,99,175,187,87,189,178,142,109,80,56,63,131,102,171,170,81]}