{"c":"20186","n":"糠平","la":43.36666666666667,"lo":143.19166666666666,"e":540,"t":[-10.9,-10.1,-4.9,2.3,8.5,12.9,16.5,17.5,12.6,6.3,-0.3,-7.2],"s":[97,99,95,49,1,0,0,0,0,0,9,71],"i":[509,491,419,353,300,202,167,359,216,459,473,285,503,486,423,367,328,231,195,375,247,474,471,309,486,472,417,373,350,256,219,384,273,479,458,326,459,448,403,371,362,274,239,386,294,475,437,336,426,418,382,361,367,285,254,380,309,463,409,338,385,380,354,344,362,290,263,367,319,443,373,332,338,335,319,319,349,287,266,346,321,415,331,319,287,287,279,288,328,278,263,320,317,380,284,298,234,237,235,252,299,262,254,288,306,339,235,271,509,491,419,352,299,200,166,358,215,459,473,284,501,486,421,365,327,229,193,373,245,472,470,307,486,471,417,371,347,252,217,382,270,476,458,323,461,449,403,369,359,268,235,384,290,474,438,332,426,418,382,360,363,279,249,377,305,461,409,334,387,381,354,342,358,283,258,364,313,441,374,328,341,338,320,318,344,279,261,344,315,413,333,314,291,291,280,288,323,270,258,318,311,379,287,294,240,241,238,252,294,254,250,287,300,340,240,267,509,490,417,350,296,197,163,355,212,457,472,281,501,484,419,362,320,221,187,369,238,468,468,301,486,471,413,366,337,241,208,376,260,472,457,315,461,449,400,363,347,254,224,376,278,467,437,321,430,420,379,353,349,262,236,369,290,455,409,321,391,384,351,336,342,264,243,355,296,434,376,314,349,344,319,311,328,259,244,336,297,409,337,300,302,299,282,283,306,249,241,311,292,377,294,279,254,252,243,249,278,231,231,281,281,341,250,252,508,488,415,346,290,191,158,352,206,453,471,276,501,483,415,355,309,211,178,362,227,462,466,292,484,469,408,357,322,225,194,366,244,463,454,302,463,448,394,352,328,235,206,364,258,457,434,305,432,420,373,341,327,239,215,356,267,445,408,302,397,387,347,324,319,238,219,342,271,426,377,294,357,349,316,301,304,231,219,323,269,401,341,279,314,308,282,273,283,221,214,299,264,372,301,259,271,266,246,242,256,204,204,272,252,339,261,235,507,487,411,342,282,185,152,346,199,448,468,269,499,480,409,346,295,197,165,352,214,451,462,279,483,466,400,345,302,206,176,352,225,450,449,285,459,444,385,338,304,212,184,348,234,443,430,285,433,418,364,326,300,212,189,338,238,430,405,279,399,387,339,308,290,208,190,324,240,411,375,269,362,351,310,286,276,200,189,305,238,389,341,254,322,313,278,260,256,190,184,283,231,362,305,235,281,274,244,231,231,175,175,259,222,333,266,213,505,484,408,336,273,176,144,340,191,442,466,262,495,476,401,335,279,182,151,340,198,441,458,265,479,459,390,330,280,185,156,337,202,434,443,265,455,438,373,321,276,185,160,329,206,424,423,261,428,412,352,306,269,183,161,317,208,409,397,252,397,382,328,289,258,177,160,302,206,392,369,241,361,349,300,267,243,169,158,285,204,371,337,225,324,312,270,244,225,159,153,264,199,347,302,209,287,277,240,218,202,145,146,242,191,322,268,189,503,483,403,330,264,168,137,334,182,434,463,254,491,471,393,323,260,166,136,328,181,428,451,250,472,453,378,313,254,163,136,319,181,417,434,244,448,430,360,300,247,159,135,308,179,403,413,235,420,403,338,284,236,153,134,294,178,386,387,224,389,372,312,266,224,146,131,278,175,368,358,212,356,341,286,246,209,137,129,261,173,348,327,197,320,307,258,224,193,128,125,243,168,327,295,182,284,272,229,200,175,118,120,223,163,304,262,164,501,480,399,323,254,159,129,327,173,429,459,245,486,465,385,311,241,149,122,315,165,413,445,234,463,444,366,295,227,141,115,300,158,397,425,221,438,419,344,278,215,133,112,285,153,378,400,209,408,390,319,260,202,124,109,269,150,360,372,196,375,359,294,241,189,118,106,252,146,340,343,182,342,327,268,222,175,109,104,237,144,321,312,169,310,295,241,200,161,102,101,220,142,302,282,154,276,264,216,182,147,94,98,204,138,284,252,141,499,478,395,317,244,150,121,320,165,422,457,237,480,459,377,298,223,134,108,302,149,401,438,218,455,434,353,277,202,120,98,282,137,377,415,200,425,405,327,254,185,109,92,263,129,353,386,183,392,373,299,235,169,100,89,244,125,330,355,168,358,341,273,215,156,93,86,227,122,310,324,155,324,309,247,196,144,86,85,212,121,292,294,142,292,278,223,178,131,81,84,197,121,275,264,130,261,248,198,161,121,75,83,184,120,260,236,119,497,475,392,312,236,143,114,315,157,416,455,229,476,455,369,287,206,120,95,290,135,389,434,204,448,426,341,259,179,101,83,265,119,358,405,180,412,392,310,233,156,88,77,242,109,327,371,159,374,355,278,208,139,81,75,221,106,300,336,143,336,319,249,188,127,76,74,204,105,278,302,130,301,287,224,171,117,71,74,189,106,261,271,120,270,257,200,156,107,67,74,177,107,247,243,110,242,229,181,141,100,63,74,166,109,236,217,101,496,474,390,307,229,137,109,310,152,412,453,225,475,451,364,277,192,108,85,281,123,380,430,193,444,421,332,244,157,85,71,252,103,343,399,162,405,383,295,211,130,74,70,225,96,305,361,139,358,338,258,184,113,70,70,202,96,271,318,122,312,296,225,164,104,68,71,184,97,247,278,112,274,261,200,149,98,65,71,170,100,231,245,104,244,233,181,137,92,61,72,160,102,221,219,97,219,209,164,125,86,57,72,151,105,213,197,90,495,473,388,304,225,134,106,308,148,409,451,221,473,450,361,272,183,99,78,275,114,374,428,185,442,419,327,234,140,74,69,244,96,333,396,149,401,380,288,194,108,72,70,215,92,290,356,125,355,334,244,161,98,69,70,191,94,250,311,109,302,283,202,143,93,67,71,170,96,222,262,101,250,239,179,133,89,64,71,156,99,208,223,95,222,213,163,124,84,61,72,148,101,200,199,90,200,192,150,114,80,57,72,142,104,197,181,84,495,473,388,304,223,132,104,307,146,409,451,220,473,450,360,269,179,96,76,273,112,372,428,181,441,418,326,231,132,73,69,241,93,330,395,145,401,379,286,188,100,72,70,213,92,283,355,120,353,333,241,143,97,69,70,188,94,244,309,103,300,282,194,133,93,67,71,166,96,213,259,97,244,229,169,125,89,64,71,151,99,198,214,93,213,204,156,118,84,61,72,143,101,193,191,88,193,186,143,110,80,57,72,138,104,191,174,83]}