{"c":"20276","n":"足寄","la":43.24333333333333,"lo":143.55333333333334,"e":90,"t":[-9.5,-7.9,-1.9,5.1,10.7,14.8,18.4,19.9,15.5,8.7,1.6,-5.7],"s":[76,83,45,0,0,0,0,0,0,0,1,28],"i":[495,445,398,354,315,246,224,374,279,466,446,305,488,441,401,368,347,288,273,397,329,482,443,334,472,428,396,374,371,323,315,412,372,486,432,356,447,407,382,372,385,350,349,417,407,480,412,369,413,380,362,362,390,367,374,413,432,466,386,373,375,347,336,344,386,375,390,401,447,442,352,369,329,308,303,320,373,374,396,382,451,408,313,355,281,265,265,289,350,362,391,354,445,367,270,334,229,222,224,252,320,342,376,319,428,319,225,305,495,445,398,353,315,244,223,373,277,465,446,304,488,440,400,366,345,284,270,395,325,480,442,332,471,426,395,372,368,317,311,409,366,484,430,352,448,408,382,370,382,342,344,413,399,479,412,365,415,380,362,360,386,358,368,409,423,463,386,368,377,348,335,343,382,365,383,398,437,438,353,363,332,310,303,318,368,363,388,378,440,405,315,350,284,268,266,288,345,351,382,350,434,365,273,328,235,225,227,252,315,330,367,316,416,319,229,299,494,444,396,351,311,239,217,370,271,463,445,300,487,438,398,363,338,274,260,389,314,475,441,325,472,426,392,367,357,302,296,400,350,478,430,342,448,407,379,364,368,322,324,403,378,471,411,351,418,381,359,354,371,335,345,398,398,457,386,353,380,349,333,336,365,338,357,386,409,432,354,347,339,313,302,312,350,334,360,365,409,400,318,332,294,274,267,283,328,321,353,338,401,363,279,311,248,234,231,249,297,300,338,306,385,319,238,282,493,443,394,347,305,231,209,365,262,458,444,294,486,437,394,356,326,259,243,379,296,467,438,313,471,424,387,358,341,280,271,387,325,468,426,327,449,405,373,354,349,295,293,387,347,459,409,332,419,380,353,342,348,303,308,380,362,444,384,331,386,350,329,325,340,303,316,367,369,421,355,323,347,317,299,302,325,297,316,346,367,391,321,308,305,280,267,274,303,283,308,321,358,356,284,287,263,243,233,243,274,262,292,291,341,317,246,260,492,442,391,343,296,221,198,358,250,453,442,287,484,434,388,347,311,240,222,367,275,457,436,299,468,421,380,346,320,254,242,369,295,454,423,306,447,401,365,339,323,263,256,366,309,444,404,308,420,378,345,327,319,266,265,357,317,426,381,304,387,349,321,309,309,262,268,343,320,404,352,293,351,317,294,287,294,254,265,323,317,377,320,278,313,283,263,261,273,241,257,299,307,344,286,258,273,248,231,233,247,221,242,271,293,309,250,234,491,440,388,337,287,210,185,350,237,446,438,278,480,430,382,336,293,219,198,352,250,444,430,283,463,417,371,331,295,225,206,349,259,436,417,283,442,397,355,321,292,225,215,342,267,423,398,280,415,372,334,307,285,225,218,330,269,405,374,273,385,345,311,290,274,219,217,315,269,383,347,261,350,314,284,268,258,209,213,296,265,357,316,245,314,281,256,245,240,197,204,273,256,327,284,227,278,249,227,219,217,180,192,249,244,296,250,204,488,438,384,331,276,198,171,342,223,438,437,268,476,426,375,324,273,196,172,336,223,429,426,264,459,411,360,314,268,193,173,327,224,416,409,258,434,390,342,301,260,189,173,315,223,399,389,250,407,365,321,285,249,183,172,301,222,379,364,239,377,337,297,267,237,176,168,284,218,356,337,227,345,308,271,246,221,165,163,266,214,331,308,211,310,277,245,225,204,155,156,246,206,304,277,195,275,245,217,202,186,142,147,224,198,276,246,176,487,436,381,324,266,185,158,333,209,430,434,258,472,423,367,312,252,173,147,319,197,413,421,246,451,404,349,296,238,163,139,304,187,394,401,231,425,380,328,279,225,153,133,287,180,372,378,219,396,354,305,261,213,143,128,271,176,349,352,204,365,326,281,242,198,136,124,252,171,326,324,192,333,296,256,223,185,126,119,235,167,301,295,178,300,267,229,202,169,117,113,217,163,277,266,163,268,238,206,183,155,108,108,199,158,252,237,148,484,434,377,318,254,173,145,325,195,423,432,249,468,418,360,299,233,151,123,303,171,399,415,227,443,396,338,278,211,133,107,281,153,372,392,206,413,370,313,256,192,119,98,260,142,344,365,189,381,341,287,235,176,109,92,240,135,317,336,173,348,311,262,216,162,101,87,222,131,292,307,160,315,282,237,196,150,93,85,206,129,269,278,146,284,252,213,179,137,87,82,190,128,247,250,134,254,225,190,162,126,81,79,175,126,225,223,123,483,432,374,312,246,163,133,318,183,417,430,240,463,413,353,288,214,131,101,289,148,386,411,211,436,390,327,260,184,107,80,261,123,351,384,184,401,359,298,233,160,90,69,235,109,316,353,161,365,326,268,209,142,81,65,213,103,284,320,144,328,294,241,189,130,75,64,195,102,258,288,131,294,265,217,172,120,70,63,179,102,236,259,121,264,237,194,157,110,67,62,166,104,216,231,111,236,212,175,142,103,63,61,154,106,200,208,102,482,430,372,308,239,155,123,312,174,412,428,234,462,412,349,278,198,114,82,277,128,375,407,197,432,385,319,245,161,84,57,243,98,334,379,163,395,352,285,212,131,69,55,215,87,291,344,138,350,314,250,184,113,65,55,191,85,252,305,121,305,276,220,164,104,63,56,172,87,224,267,110,269,245,197,149,98,60,56,158,91,204,237,102,240,219,177,137,92,56,56,147,94,188,212,96,215,196,160,125,87,55,56,138,98,176,190,89,480,430,370,305,234,150,117,308,167,409,426,229,459,409,346,272,188,102,70,269,114,369,405,187,430,383,315,235,141,68,55,233,85,322,376,148,392,350,279,195,106,65,55,204,79,273,340,122,347,310,238,161,96,64,55,179,82,229,298,107,296,266,200,143,92,62,56,159,85,197,254,99,247,227,178,133,88,59,56,144,89,178,217,93,219,202,161,124,84,56,56,136,93,167,194,88,197,183,148,114,80,55,56,129,96,159,176,83,480,430,370,304,231,148,114,307,165,408,426,227,459,409,345,270,183,98,66,266,110,367,405,184,429,383,314,231,133,67,55,229,81,319,375,144,391,349,277,189,98,65,55,200,79,265,339,117,346,309,236,144,95,64,55,175,82,221,297,101,295,265,192,133,91,62,56,154,85,187,250,95,240,220,169,125,88,59,56,139,89,168,210,91,211,196,155,118,84,56,56,131,93,159,187,86,190,178,142,110,79,55,56,125,96,153,170,81]}