{"c":"20432","n":"帯広","la":42.92166666666667,"lo":143.21166666666667,"e":38,"t":[-7.5,-6.3,-1.0,5.8,11.1,14.7,18.2,20.1,16.3,9.9,3.1,-3.8],"s":[85,89,56,3,0,0,0,0,0,0,4,47],"i":[475,415,387,361,330,260,235,380,295,484,426,317,468,411,390,375,364,305,287,405,348,500,423,348,453,399,384,381,390,343,331,421,395,505,412,372,429,379,371,380,405,373,368,428,432,501,393,386,398,354,351,369,412,392,396,426,459,486,368,391,360,324,325,351,408,401,413,415,476,462,336,387,316,288,294,326,394,400,420,396,482,426,299,373,270,249,257,294,371,389,417,368,476,385,259,351,221,208,217,257,338,367,401,333,459,336,216,321,475,415,387,360,329,258,234,379,293,483,425,316,468,409,389,374,362,301,284,403,345,498,422,346,453,398,383,380,387,337,327,418,390,504,411,368,429,380,371,378,401,364,362,425,426,499,393,381,398,354,351,368,408,382,389,422,451,484,368,386,361,324,325,350,403,390,405,411,468,458,337,381,319,289,294,325,389,388,412,391,472,425,301,367,273,250,258,294,365,376,407,364,466,384,261,345,225,211,220,257,332,354,393,329,449,336,219,314,475,413,386,358,325,252,227,376,287,480,425,312,468,409,387,370,354,289,273,396,334,493,421,338,453,398,380,375,375,320,311,409,373,497,409,357,430,379,367,371,388,342,342,413,404,491,392,367,401,355,348,361,391,356,365,409,426,476,368,370,365,325,323,343,385,361,378,398,438,451,338,363,326,292,293,318,370,356,382,378,441,420,304,348,283,256,259,289,346,343,376,351,433,381,266,326,239,219,224,254,314,321,361,319,415,337,227,296,474,413,384,354,318,243,219,370,278,475,424,305,467,408,383,363,342,273,254,386,315,484,419,326,451,395,375,366,358,297,285,395,346,486,408,340,430,378,362,361,367,313,309,396,370,479,390,347,401,354,343,349,366,322,326,390,387,463,366,346,370,326,319,332,359,323,335,378,395,441,338,338,332,295,290,308,343,317,336,358,394,409,306,323,292,260,259,280,319,302,329,333,385,374,271,300,252,225,225,248,289,281,313,302,368,334,235,273,473,412,381,350,309,231,206,363,265,469,422,297,465,405,378,354,326,252,233,373,291,474,416,311,450,392,369,353,335,268,254,377,313,471,404,319,429,374,354,346,339,278,270,374,329,462,386,321,401,352,335,334,336,282,280,366,339,445,363,317,371,325,312,315,325,278,284,352,343,423,336,306,336,295,285,293,310,271,283,333,341,395,305,291,300,263,254,266,288,256,275,309,331,362,273,270,262,231,224,238,260,237,261,282,317,326,239,245,471,409,378,344,299,220,194,355,250,462,420,287,462,401,371,343,306,229,208,357,265,459,412,293,446,388,361,337,309,236,218,355,275,453,398,294,424,370,345,328,306,238,227,349,284,440,380,291,398,346,325,314,300,238,231,338,288,422,356,284,369,321,302,296,288,231,229,322,288,400,331,272,336,292,276,274,271,222,227,304,285,374,301,256,301,262,248,250,252,210,221,282,276,343,270,237,266,231,220,224,227,192,209,258,265,312,239,215,469,408,374,337,288,206,180,346,236,454,417,277,458,398,365,331,284,204,180,340,236,445,407,273,440,383,351,321,279,202,182,332,237,432,391,267,418,363,333,307,271,198,182,320,236,415,371,259,391,340,312,291,260,193,182,306,236,394,348,248,362,313,289,273,248,185,179,290,233,372,321,235,331,286,264,252,231,174,175,272,229,346,294,219,298,257,238,229,215,164,170,252,224,320,264,202,264,227,211,206,195,150,161,231,215,291,234,184,467,407,371,330,276,193,165,337,220,446,415,267,454,394,358,318,262,180,154,323,206,429,401,252,434,377,340,302,248,169,146,307,198,408,384,240,409,355,320,285,234,159,141,291,191,386,361,225,381,330,297,266,221,149,137,274,186,363,336,212,350,304,273,247,206,142,133,257,182,339,309,198,319,276,249,227,192,132,129,240,179,315,281,184,288,249,224,206,176,123,126,222,176,291,254,168,257,222,200,186,162,113,120,204,172,267,225,154,466,405,367,324,265,180,151,328,206,438,413,256,450,390,351,305,241,156,129,306,180,413,397,234,426,370,329,283,218,137,112,283,161,385,375,213,398,346,305,261,198,122,103,262,149,356,350,194,367,319,280,240,181,112,98,242,142,328,322,177,335,291,254,219,167,104,94,225,139,303,294,163,304,264,231,200,154,96,93,209,138,280,266,150,273,237,208,182,141,90,92,193,138,258,239,138,244,211,186,164,130,84,90,179,138,238,213,126,463,403,365,318,254,169,139,321,193,430,411,248,446,387,345,293,221,135,105,290,155,399,393,216,420,365,320,265,189,108,84,262,128,362,368,187,387,337,291,237,163,91,73,235,112,326,338,164,352,306,263,212,145,81,70,213,108,293,307,146,316,277,236,192,131,75,69,196,107,267,276,133,284,249,212,174,121,71,70,181,109,244,248,122,254,223,190,159,112,68,70,168,112,225,222,112,227,199,171,144,104,64,71,157,115,210,199,104,463,401,362,314,247,160,129,315,182,426,409,240,444,385,340,283,204,117,86,278,134,388,390,200,416,361,312,249,163,83,61,243,100,344,363,165,381,331,279,215,132,68,57,214,89,299,330,138,338,296,246,186,112,63,59,190,88,259,293,121,296,261,216,166,103,61,61,172,91,229,258,110,261,231,193,151,97,59,63,159,96,210,227,102,231,206,174,138,92,56,65,149,101,195,204,96,208,185,157,126,87,55,67,141,107,184,183,90,463,401,361,311,242,155,122,311,175,423,408,236,443,384,338,277,192,103,73,270,119,381,388,191,413,359,308,238,143,66,56,231,86,332,360,149,378,328,273,197,105,63,57,202,80,280,327,122,335,292,234,162,93,61,59,178,84,234,287,106,287,252,197,144,89,60,61,158,89,200,246,98,240,216,175,133,86,57,63,145,94,183,210,93,213,193,159,124,82,56,65,137,99,173,188,88,191,174,145,115,79,55,67,131,105,166,170,83,462,401,361,310,240,152,120,309,173,422,408,234,442,383,337,275,187,99,69,267,113,379,387,187,413,359,307,235,133,64,56,227,82,328,360,144,377,327,272,191,94,63,57,198,80,272,325,115,334,292,233,145,92,61,59,174,84,225,286,99,286,250,190,132,89,60,61,154,89,191,243,94,234,210,167,125,85,57,63,140,94,172,204,90,204,187,153,118,82,56,65,133,99,164,181,86,185,170,140,110,79,55,67,128,105,159,165,81]}