{"c":"20506","n":"浦幌","la":42.80833333333333,"lo":143.65666666666667,"e":20,"t":[-7.4,-6.2,-1.2,4.9,9.9,13.4,17.0,19.2,15.9,9.6,2.8,-3.9],"s":[82,91,52,1,0,0,0,0,0,0,2,27],"i":[491,442,405,367,335,267,234,386,293,482,446,323,484,438,408,381,370,314,284,411,347,498,443,355,468,425,401,388,396,353,328,426,392,503,432,379,443,404,388,386,412,383,363,433,429,498,412,394,409,377,368,375,418,403,390,430,455,483,385,399,371,344,340,357,413,412,405,419,472,457,352,394,326,305,307,331,400,409,411,398,476,423,312,381,277,263,268,299,376,398,405,369,471,380,269,358,227,219,225,261,343,375,390,334,453,331,224,326,491,442,405,366,335,265,231,385,291,480,446,322,484,437,407,380,368,310,281,409,342,496,443,353,468,425,401,386,393,346,324,423,386,501,430,375,444,405,388,384,409,374,358,430,421,496,412,389,411,377,367,374,413,392,383,426,447,480,385,394,373,345,340,356,409,400,398,413,462,454,352,388,329,307,307,330,395,398,403,394,466,420,314,374,281,265,269,298,371,385,397,365,459,378,272,351,231,222,229,261,338,362,381,330,441,331,227,320,491,442,403,363,331,259,227,382,285,479,445,318,484,436,405,376,360,298,271,401,330,491,442,345,468,424,398,381,382,329,308,413,369,495,430,364,444,404,385,378,394,352,338,418,399,488,411,375,413,378,365,367,398,366,359,413,421,473,386,377,377,346,338,349,392,371,371,401,432,448,354,370,336,311,307,324,376,366,374,381,434,416,318,355,291,272,271,294,352,352,367,353,425,376,278,332,245,231,234,258,319,329,350,319,407,332,237,302,490,441,401,360,324,250,218,376,276,474,444,311,483,434,401,369,347,281,252,392,312,483,438,333,467,422,393,372,364,305,283,400,342,484,426,347,445,403,379,367,373,322,305,401,366,476,409,354,416,378,359,355,372,331,321,395,382,459,384,353,382,348,334,338,365,332,329,381,389,437,355,344,343,314,304,313,349,325,328,361,388,405,320,329,302,277,271,285,325,310,320,335,379,370,283,306,261,241,236,252,294,287,303,304,361,330,246,278,488,438,398,355,315,239,206,369,263,468,442,303,480,432,395,360,331,260,231,379,289,472,436,317,465,419,386,359,341,276,252,382,310,470,423,325,443,399,371,352,344,286,267,379,325,459,405,327,416,375,351,339,342,290,275,371,335,443,381,323,384,347,327,321,331,286,278,356,338,420,352,313,348,315,298,299,315,278,276,336,336,392,320,297,310,281,268,271,293,263,267,312,326,359,286,276,271,246,235,242,265,242,250,283,311,323,250,250,488,438,395,349,304,227,192,361,249,461,440,293,478,429,388,349,311,236,206,363,263,459,432,299,461,413,377,343,314,243,216,361,273,451,418,300,438,395,361,334,312,245,224,354,281,438,398,297,412,370,340,319,305,245,227,342,285,421,374,290,382,343,316,301,293,238,225,327,284,398,347,278,348,312,289,279,276,227,221,307,280,371,316,261,312,280,260,254,257,215,213,285,271,341,284,242,276,248,231,227,233,197,199,260,260,309,250,219,486,436,391,342,292,213,178,352,234,453,437,283,474,425,381,336,289,212,179,346,234,444,426,279,455,409,367,326,284,208,180,337,235,430,409,273,432,388,348,312,276,204,179,325,234,413,389,264,405,363,327,296,265,198,178,311,234,393,365,252,375,335,302,277,252,191,174,294,229,370,337,240,342,306,276,256,236,179,169,276,225,345,308,224,308,275,249,234,219,168,162,254,220,318,278,206,273,244,221,210,199,154,152,233,211,288,246,188,484,434,387,336,281,199,164,343,219,445,434,272,469,421,373,323,267,186,153,329,206,428,421,258,449,401,355,307,252,174,144,313,197,408,401,244,423,379,334,289,239,164,138,296,190,385,378,231,394,352,310,270,225,154,133,279,185,362,352,216,363,324,286,250,210,146,128,261,180,338,324,202,331,295,260,231,196,135,123,243,177,313,295,187,299,266,234,209,179,126,118,225,173,289,266,172,266,237,209,190,165,115,111,206,168,265,237,157,482,432,384,329,269,186,150,334,204,438,432,262,465,416,366,310,245,161,128,312,179,413,416,238,441,394,344,288,222,141,111,289,160,384,393,217,412,368,318,265,202,125,101,267,148,356,366,197,379,340,292,243,184,114,94,247,141,328,337,181,346,310,266,223,170,106,90,227,137,302,308,166,314,281,241,202,157,98,86,212,136,279,279,153,282,252,217,185,144,92,84,196,135,257,250,140,252,225,193,167,133,85,80,181,134,236,223,128,480,430,381,323,259,175,138,326,192,430,430,252,462,413,359,297,225,139,104,296,154,399,411,220,434,388,333,269,193,112,82,267,128,362,385,191,400,358,303,241,166,94,71,240,112,326,354,167,363,325,272,216,147,83,66,217,107,293,320,149,326,294,244,194,134,77,64,199,106,266,288,135,293,264,219,177,124,72,63,183,107,244,259,124,263,236,197,161,113,69,62,170,109,224,231,114,235,211,177,146,106,65,62,158,112,208,208,106,479,429,378,319,250,166,128,320,182,426,429,245,459,409,354,288,206,120,85,284,134,388,408,204,430,384,324,252,166,86,59,248,101,344,380,168,393,351,290,218,134,69,55,218,88,300,345,141,349,313,254,189,114,64,55,194,87,260,305,123,305,275,223,168,105,62,56,175,90,229,268,112,269,244,198,153,99,60,56,161,94,209,237,104,239,218,178,140,93,57,56,150,98,194,212,97,214,195,161,128,88,56,56,142,103,183,190,91,479,428,377,316,246,160,121,317,175,423,428,240,458,409,352,281,196,107,72,275,120,381,405,195,428,382,320,242,145,68,55,237,86,332,377,151,391,349,283,200,106,64,55,206,79,281,341,124,346,310,241,164,94,63,55,181,83,235,299,107,296,266,200,145,91,61,56,161,87,200,254,99,247,225,178,134,87,59,56,146,92,182,217,94,218,202,162,125,83,57,56,138,97,172,194,89,197,182,148,117,80,56,56,131,102,164,175,84,478,428,376,315,244,157,119,315,172,422,426,239,457,408,351,279,191,102,68,272,113,379,405,191,426,381,319,238,136,65,55,233,82,328,376,146,390,348,281,193,95,64,55,202,79,273,339,118,345,309,239,146,93,63,55,177,83,225,298,101,295,265,194,133,90,61,56,156,87,191,250,95,240,220,169,126,87,59,56,141,92,171,210,91,210,195,155,119,83,57,56,133,97,163,187,86,189,177,142,111,80,56,56,128,102,157,170,82]}