{"c":"20556","n":"糠内","la":42.78666666666667,"lo":143.32833333333335,"e":70,"t":[-10.5,-9.0,-2.7,4.5,10.0,13.6,17.2,19.0,15.0,8.4,1.4,-6.5],"s":[87,90,60,4,0,0,0,0,0,0,4,48],"i":[488,433,394,360,328,265,231,381,290,478,438,317,480,429,396,374,361,310,281,405,342,494,434,348,465,416,391,380,386,348,324,420,387,499,424,371,438,396,377,378,401,377,359,426,423,494,404,386,407,369,357,368,407,397,385,424,449,479,378,390,369,337,331,350,401,405,401,413,466,455,345,386,323,299,298,324,388,405,408,393,471,421,307,372,275,258,261,293,365,393,404,365,465,379,265,350,225,216,220,256,332,371,390,330,448,331,221,319,488,433,394,359,327,262,229,380,288,476,438,316,480,428,396,373,359,306,278,403,338,492,434,346,463,416,390,379,383,342,319,417,380,497,423,368,440,396,377,377,397,369,353,423,415,492,404,381,408,369,357,366,401,387,378,420,440,476,378,385,370,338,330,348,397,395,394,408,455,451,346,380,326,301,299,323,383,392,400,388,459,419,309,366,279,261,262,292,359,380,396,360,453,378,267,344,231,219,223,256,327,357,382,326,436,331,224,313,487,432,392,357,323,256,224,376,282,474,437,312,480,426,393,369,351,294,267,396,326,487,434,338,465,415,387,373,372,325,304,408,363,491,422,357,441,395,374,370,383,347,334,412,393,484,403,367,411,370,354,360,386,361,355,408,413,470,378,369,374,339,328,342,380,365,368,395,426,445,347,362,334,304,298,317,365,361,372,375,428,413,312,347,289,267,263,287,340,347,366,348,420,376,273,325,244,227,227,252,309,324,351,316,403,333,233,295,487,430,390,354,316,247,216,371,273,470,436,306,479,426,390,362,339,278,250,386,308,479,430,326,463,413,382,365,355,301,279,394,338,480,420,340,442,394,369,360,363,318,302,395,361,473,401,347,413,369,349,348,362,326,318,389,376,457,377,345,379,340,324,330,354,327,326,376,384,434,348,337,341,307,295,306,338,321,327,356,383,404,314,322,300,271,263,278,315,306,320,331,374,370,278,300,259,236,229,246,285,284,305,300,358,330,241,272,484,430,388,349,308,237,204,364,261,463,434,298,476,423,385,353,323,257,229,373,286,468,428,311,461,409,376,352,332,272,249,377,306,466,416,319,440,390,361,345,335,283,265,374,321,455,397,321,413,367,341,333,332,286,274,365,331,440,374,317,380,339,317,314,321,282,277,351,335,418,346,306,345,308,290,292,306,274,276,332,332,390,314,291,307,275,260,265,284,260,268,308,323,358,281,270,268,241,227,237,257,239,254,280,309,323,246,244,484,428,384,343,297,224,191,356,247,457,432,288,474,420,378,342,304,234,204,358,260,455,424,294,458,405,367,337,306,241,214,356,270,448,409,294,436,386,351,327,304,242,223,349,278,434,391,291,409,362,331,313,297,242,227,338,281,418,367,284,379,335,307,295,285,236,225,322,281,395,340,272,345,305,281,273,268,225,223,303,278,370,310,256,309,273,252,249,249,213,216,281,270,340,278,237,273,242,224,223,225,195,204,257,259,310,246,214,482,426,381,337,287,211,178,347,231,450,430,278,470,416,371,330,283,210,178,342,231,441,419,274,451,400,357,320,278,206,180,333,233,426,403,268,429,379,339,306,269,202,179,321,231,411,382,259,401,355,318,291,258,196,180,307,231,391,358,248,371,327,294,272,246,189,176,291,229,368,331,235,340,299,269,250,229,177,173,273,225,344,302,219,306,269,242,229,212,167,167,252,219,317,272,202,271,238,215,204,193,153,158,231,212,289,241,184,480,424,377,330,275,197,164,338,217,442,426,268,466,412,364,317,262,184,153,325,204,425,413,254,445,393,346,302,247,173,145,309,196,405,395,240,420,371,325,284,234,163,140,293,189,383,372,227,391,345,302,265,220,152,136,276,184,360,346,213,360,317,278,246,204,145,131,258,180,337,318,199,328,288,252,227,191,135,128,241,177,313,290,184,296,260,227,204,175,125,125,223,174,289,261,169,264,231,204,186,160,115,119,206,170,265,233,154,478,422,374,324,264,185,150,330,204,434,425,258,462,408,357,305,241,160,129,308,179,409,409,235,438,386,335,283,218,140,112,286,160,382,386,214,408,361,311,261,198,125,104,264,149,354,360,195,376,333,285,240,181,114,98,245,142,327,331,178,344,304,260,219,167,106,95,227,139,302,302,164,311,275,235,200,154,98,93,210,138,279,274,151,280,247,212,182,141,92,92,195,138,258,246,138,250,220,189,164,130,86,90,180,137,238,220,127,476,421,371,318,254,173,139,323,191,428,423,249,458,404,351,293,221,139,106,293,155,396,404,217,430,380,325,265,190,112,85,264,129,361,379,189,397,351,296,237,165,94,75,238,113,325,348,165,361,319,267,213,146,84,71,216,109,293,316,147,324,288,240,192,133,78,70,198,108,267,284,134,291,259,215,174,122,73,71,183,110,245,254,123,261,231,193,159,112,70,71,170,112,225,229,113,233,206,174,144,105,66,72,159,115,211,204,105,476,420,369,313,247,165,129,317,181,423,421,242,455,401,346,283,204,120,87,281,135,385,401,202,426,377,317,250,165,86,63,246,102,342,374,167,390,345,284,216,134,70,59,217,91,299,340,140,347,308,250,187,114,65,61,194,90,260,301,123,303,271,220,166,105,63,62,175,93,231,265,112,267,240,196,151,99,61,64,162,97,211,234,104,237,215,176,139,93,59,66,151,102,197,209,97,213,192,159,127,88,56,68,143,108,186,188,91,475,419,367,311,242,159,123,313,175,420,421,237,454,400,344,277,194,107,75,273,121,379,399,193,425,375,313,239,145,69,57,235,88,331,371,151,388,342,278,198,107,65,59,206,82,281,336,124,344,304,238,163,95,64,61,181,86,236,295,108,294,262,200,144,92,62,62,161,90,202,252,100,246,224,177,134,88,61,64,147,95,185,215,94,217,199,161,125,84,59,66,139,101,175,193,89,195,180,147,115,80,56,68,133,106,167,174,84,475,419,367,310,240,156,120,312,172,419,420,236,454,400,343,275,189,102,71,270,115,377,399,189,424,374,312,236,136,66,57,231,84,327,370,146,387,341,276,192,97,65,59,202,82,273,335,118,343,303,236,146,94,64,61,177,86,227,294,101,293,261,193,133,91,62,62,157,90,193,249,95,240,217,168,126,87,61,64,142,95,174,208,91,209,193,154,119,84,59,66,135,101,166,186,87,189,175,142,111,80,56,68,130,106,161,169,83]}