{"c":"20601","n":"上札内","la":42.641666666666666,"lo":143.09666666666666,"e":251,"t":[-8.7,-8.0,-3.1,4.1,9.9,13.4,16.9,18.6,14.7,8.6,1.8,-5.3],"s":[97,99,93,30,1,0,0,0,0,0,5,62],"i":[484,430,397,361,327,254,218,376,274,480,438,314,479,426,399,375,360,296,262,399,320,497,434,343,462,413,393,381,384,331,301,413,360,503,423,365,437,393,380,378,399,357,332,418,392,500,403,378,405,367,359,368,404,375,356,416,416,487,377,382,367,335,333,350,400,383,371,404,430,465,344,377,322,297,300,325,385,381,377,385,436,434,306,364,274,256,262,293,362,369,374,358,430,396,264,341,224,214,221,254,330,348,362,325,416,352,220,311,484,430,396,360,326,250,217,375,272,480,437,312,478,425,398,373,358,292,260,397,317,495,434,341,462,413,392,379,381,325,297,409,355,501,422,362,438,393,379,377,395,349,327,415,386,497,404,374,405,367,359,367,400,365,350,412,409,484,377,377,368,335,332,348,395,372,364,400,423,462,345,372,325,298,300,323,380,369,369,381,426,432,308,358,278,259,263,292,356,357,366,355,422,395,267,335,229,217,224,256,324,336,354,322,407,352,224,305,484,430,395,358,322,246,212,372,267,476,437,309,478,424,396,370,350,281,250,391,307,490,433,334,463,412,390,374,370,309,283,401,341,495,421,351,438,393,376,370,381,329,310,405,368,490,403,360,409,367,356,360,384,342,329,401,387,478,378,362,372,337,330,342,377,345,340,389,398,455,346,355,332,302,300,317,362,340,344,369,400,426,311,340,288,265,265,287,338,327,339,344,393,392,272,317,242,225,227,252,306,305,327,313,378,353,231,288,484,429,393,354,315,238,204,367,259,473,434,302,476,423,392,363,338,265,235,381,291,483,430,322,462,409,385,365,353,287,261,389,317,484,419,335,440,391,371,360,361,302,281,390,338,479,401,341,411,367,351,348,360,309,296,383,353,465,376,339,377,338,326,331,352,310,303,371,360,445,347,331,339,305,297,306,336,303,304,352,359,418,314,315,298,269,265,278,312,289,298,327,352,387,277,293,257,234,231,246,283,268,285,299,337,351,240,265,483,426,390,349,307,227,194,361,248,467,433,295,475,420,387,354,322,246,216,369,270,472,426,307,459,407,378,353,331,260,234,372,289,470,415,315,438,388,363,345,334,269,248,369,303,463,396,316,411,365,343,333,330,272,256,361,311,449,373,312,379,337,319,314,319,268,259,347,315,429,345,300,343,305,291,292,304,260,258,329,313,404,313,285,306,273,261,265,282,246,252,306,305,376,280,264,267,239,229,237,254,225,240,280,293,344,245,239,482,425,387,344,297,216,182,353,236,459,430,286,472,417,380,343,303,225,194,355,248,459,423,290,455,403,369,337,305,231,202,352,256,453,409,291,434,383,353,328,302,231,210,346,264,442,390,287,407,359,333,313,295,231,214,335,267,426,366,280,377,333,309,295,283,224,213,320,267,407,340,268,343,303,283,273,267,215,211,302,264,385,310,252,307,271,254,249,248,202,204,281,257,358,277,233,272,240,225,223,224,185,195,259,248,331,246,211,480,424,383,337,286,204,170,345,223,453,429,276,468,413,373,331,282,202,171,339,223,445,418,272,450,397,359,321,277,199,172,331,223,433,401,265,426,377,341,306,269,195,172,320,222,418,382,256,400,352,320,291,257,188,172,306,222,400,357,246,370,325,296,272,245,181,169,291,219,381,330,233,338,297,270,250,227,170,166,273,217,359,302,216,304,267,244,229,211,160,161,254,212,336,272,200,269,236,216,204,192,146,154,235,204,311,240,181,478,422,379,331,275,191,158,337,209,445,426,266,463,409,366,318,261,179,148,323,198,430,413,252,443,391,348,302,246,168,141,308,189,411,394,239,418,368,327,285,233,158,136,292,183,391,371,225,389,343,304,266,219,148,132,276,179,371,345,211,358,315,280,246,204,140,129,260,175,350,318,197,326,286,254,227,190,130,126,243,174,329,289,182,294,258,229,204,174,121,123,227,171,308,260,167,263,229,204,186,159,112,119,210,168,288,231,152,476,420,376,324,264,179,146,329,197,438,424,256,459,405,359,305,240,156,126,308,174,415,408,234,436,384,337,284,218,138,112,286,157,388,386,213,407,359,312,261,198,123,104,266,147,362,359,194,375,331,287,240,181,112,99,247,141,338,331,178,342,302,261,220,166,105,96,229,138,315,302,164,310,273,237,200,154,97,95,214,138,296,273,150,279,245,213,182,140,91,94,200,139,278,246,138,249,219,189,164,129,84,93,186,139,261,219,126,475,418,373,319,254,169,136,322,186,432,422,248,455,401,353,294,221,137,106,294,152,401,404,217,429,378,327,266,190,111,87,266,129,367,378,189,396,349,298,238,165,94,78,241,115,334,348,166,359,317,268,213,146,84,75,220,111,304,315,148,323,286,241,192,133,78,75,202,111,281,283,134,290,257,216,175,122,73,76,188,112,262,254,123,260,231,194,159,112,70,77,176,117,246,227,113,231,206,174,144,105,66,78,166,120,234,204,105,474,417,371,314,247,161,127,316,177,426,421,241,454,399,348,284,204,120,90,282,135,391,400,202,425,374,319,250,165,88,68,249,105,350,373,168,389,343,286,216,134,72,65,221,95,309,339,141,346,306,250,187,115,67,66,198,94,272,301,123,302,270,220,167,105,65,68,180,98,246,264,112,266,239,196,151,99,63,70,167,102,229,234,104,236,213,176,139,93,60,72,158,107,217,209,97,212,191,159,127,88,57,74,150,112,210,187,91,473,417,370,312,242,156,121,313,171,424,420,236,453,398,346,278,194,107,79,275,122,384,399,193,424,372,315,240,146,71,63,239,93,339,370,152,387,340,279,199,108,67,65,210,87,291,335,125,343,303,239,164,96,66,66,186,91,248,295,108,294,261,200,145,92,64,68,166,95,218,252,100,245,223,177,134,88,62,70,153,101,202,215,95,216,198,161,125,84,60,72,146,106,196,192,90,195,179,147,115,80,57,74,141,112,192,174,85,473,416,369,311,240,153,119,311,169,423,419,235,451,398,345,276,189,103,75,272,118,382,398,189,423,372,314,236,137,69,63,235,89,336,369,147,386,340,277,193,97,67,65,206,87,284,334,119,342,302,237,147,94,66,66,182,91,240,294,102,292,260,194,133,91,64,68,162,95,209,249,96,239,216,168,126,88,62,70,148,101,192,208,92,208,193,154,119,84,60,72,142,106,187,185,88,188,174,142,111,80,57,74,137,112,186,168,83]}