{"c":"21312","n":"登別","la":42.458333333333336,"lo":141.11833333333334,"e":197,"t":[-4.2,-3.9,-0.7,5.1,10.0,13.6,17.4,19.5,16.4,10.6,4.0,-1.7],"s":[89,95,85,18,0,0,0,0,0,0,2,33],"i":[463,401,379,365,306,202,171,345,225,448,413,291,455,397,381,379,335,231,199,361,257,459,411,315,441,386,375,386,356,254,222,370,283,463,400,332,417,367,362,384,369,270,241,371,304,458,382,341,387,343,342,373,373,281,254,365,319,443,357,342,351,313,317,355,368,284,261,353,327,421,327,336,309,279,286,329,354,280,263,333,329,391,291,321,264,241,250,296,332,270,258,307,323,354,252,300,217,202,212,258,302,252,246,276,311,312,211,271,463,401,379,364,305,200,170,344,224,447,413,290,455,397,380,378,333,227,196,359,254,459,411,313,441,385,374,384,353,249,219,368,279,462,400,329,418,367,361,382,365,265,237,369,300,457,382,337,388,343,342,371,368,274,249,363,313,442,357,338,352,314,317,353,362,276,256,350,321,420,327,331,311,280,286,328,348,272,257,330,322,390,292,316,267,244,250,296,326,261,250,305,316,354,254,294,222,204,214,258,296,244,240,274,303,313,214,266,462,401,378,362,301,197,166,342,220,445,413,287,455,396,378,374,325,220,190,355,247,455,409,306,441,384,372,378,342,238,210,361,269,458,399,319,418,366,359,375,352,250,225,361,286,451,381,326,390,343,340,365,353,257,235,354,297,438,358,325,355,315,315,346,346,258,240,341,303,415,328,317,317,282,286,321,331,252,239,322,302,388,295,301,276,248,252,291,309,240,233,297,295,354,259,280,233,212,219,254,279,223,221,268,283,316,221,252,462,400,376,358,295,192,161,338,215,442,413,281,454,394,375,367,314,210,180,347,235,449,408,297,438,382,368,369,327,223,195,351,252,449,396,306,418,365,355,364,333,231,206,349,265,442,379,309,391,342,336,352,331,235,213,341,273,428,356,306,359,315,312,334,323,233,215,327,276,407,329,297,323,285,285,310,307,225,213,308,273,381,297,281,284,252,254,282,285,214,204,285,266,350,263,260,245,219,222,249,258,197,194,258,254,316,229,234,459,399,374,353,287,185,154,333,206,437,411,275,451,392,371,358,300,196,167,338,221,440,405,285,437,379,362,356,306,204,177,338,233,438,393,289,416,362,348,349,309,209,184,333,240,429,375,289,390,339,329,336,304,208,186,323,244,413,353,283,360,313,307,318,293,204,186,309,244,394,327,272,326,284,280,295,278,196,182,291,240,369,296,256,290,254,252,268,257,184,174,269,233,342,265,236,254,223,221,239,231,168,163,244,222,310,233,213,459,397,371,347,278,177,147,327,198,432,409,267,449,389,365,346,283,182,153,327,204,430,401,270,434,375,355,341,284,184,157,323,210,423,388,269,413,357,340,331,280,183,159,315,213,412,370,265,386,335,321,316,273,180,158,303,213,396,347,256,358,309,298,298,260,173,155,288,211,376,322,244,325,282,273,276,245,164,150,270,206,353,294,229,291,252,245,250,225,153,143,250,199,327,263,210,257,223,218,225,204,139,133,227,191,301,233,189,457,395,368,340,269,168,139,320,189,425,407,259,446,386,359,334,264,166,138,314,188,418,397,254,429,371,346,323,258,162,136,306,186,405,382,248,405,351,329,309,250,157,134,294,184,391,362,239,380,328,309,293,238,151,131,280,181,373,339,227,351,303,287,274,225,143,125,265,177,353,313,215,320,276,262,252,210,134,121,247,173,331,286,199,288,248,237,231,194,124,113,229,167,309,258,183,254,220,211,206,175,112,106,210,161,284,229,164,455,394,365,333,259,160,131,313,180,419,405,250,442,382,353,320,246,150,123,302,171,405,392,239,422,365,336,304,231,141,115,288,163,387,375,225,398,344,317,287,218,132,110,272,157,368,353,212,370,320,295,267,204,123,105,257,152,348,328,198,341,294,272,247,190,115,100,240,147,327,302,184,310,267,248,227,176,106,95,224,144,306,275,170,279,240,224,206,161,98,90,206,140,285,248,155,249,214,200,186,147,89,84,190,136,264,221,141,454,392,361,327,249,152,123,307,171,413,401,243,438,379,346,307,227,135,109,289,154,392,388,223,416,359,327,285,206,121,97,270,141,368,367,204,388,336,304,262,187,109,89,250,132,343,342,186,358,309,279,240,171,99,84,233,126,319,315,170,327,283,254,220,156,92,79,216,122,297,288,156,296,256,231,200,144,84,76,200,120,277,261,143,265,229,209,182,131,78,72,185,118,258,235,130,236,204,187,165,121,71,69,171,117,240,209,119,453,391,359,321,241,145,115,302,164,407,401,236,434,376,341,295,210,122,95,278,140,380,384,209,409,354,317,267,181,102,81,254,122,350,361,184,378,327,291,238,157,89,73,231,111,318,332,162,344,298,263,213,139,80,69,210,106,290,302,144,309,269,238,191,126,75,67,193,104,266,272,131,277,242,214,174,115,69,65,179,104,247,244,120,248,217,193,158,107,65,62,166,104,229,219,110,221,193,173,143,99,60,61,154,105,216,196,101,451,390,357,317,234,139,111,298,158,403,399,229,433,373,336,285,196,110,85,269,127,371,381,197,407,351,310,250,160,87,69,240,106,335,356,166,372,322,279,216,131,75,65,215,96,296,325,140,332,289,247,186,112,70,64,192,95,262,289,123,291,254,219,165,103,67,63,174,96,235,254,112,256,225,196,150,96,63,61,161,97,217,225,103,227,202,176,137,91,59,60,150,99,204,202,96,202,181,159,126,85,56,59,141,101,194,181,89,451,389,355,314,229,136,107,295,154,400,398,227,432,372,334,279,186,102,78,263,119,366,379,189,405,349,306,240,142,76,66,231,97,325,353,153,370,320,273,198,108,71,65,204,91,282,321,126,330,286,237,162,96,69,64,181,92,241,284,109,284,248,200,142,92,66,63,162,94,211,244,100,238,212,178,131,88,63,61,148,96,193,210,94,210,189,162,122,83,59,60,139,98,184,187,88,189,171,148,113,79,56,59,132,100,177,169,83,451,389,355,313,227,135,106,294,152,399,398,225,432,372,333,277,182,99,76,261,115,364,379,186,404,349,304,237,135,73,66,229,94,322,352,148,370,319,271,192,98,71,65,202,91,276,320,120,329,285,234,145,95,69,64,178,92,235,283,103,283,247,194,130,91,66,63,158,94,202,241,96,234,206,169,124,87,63,61,144,96,183,202,91,202,184,155,117,83,59,60,135,98,176,181,86,183,167,143,109,79,56,59,129,100,172,164,81]}