{"c":"22141","n":"日高門別","la":42.52166666666667,"lo":142.03666666666666,"e":10,"t":[-5.5,-4.8,-0.4,5.2,10.0,14.0,18.0,20.3,16.6,10.4,3.9,-2.4],"s":[30,47,4,0,0,0,0,0,0,0,0,10],"i":[475,413,405,389,317,212,177,357,240,449,432,306,469,409,408,405,348,242,206,375,276,462,429,332,453,397,401,413,371,267,233,385,307,463,417,351,428,378,389,412,385,286,254,387,330,455,398,361,397,352,367,401,390,297,267,380,346,438,372,363,359,322,340,382,386,302,275,366,353,413,340,356,315,286,306,354,372,298,275,343,352,378,302,341,269,247,267,319,349,288,269,314,342,335,261,318,220,206,225,278,318,270,256,279,325,288,217,288,475,413,405,388,316,210,176,356,238,449,432,304,468,409,408,404,346,239,204,373,273,461,428,330,453,397,401,412,368,263,229,383,303,463,417,348,429,378,388,411,381,280,249,384,325,455,398,357,398,353,367,400,386,290,263,377,339,438,372,359,361,322,340,380,380,293,269,363,346,412,341,351,318,287,307,353,366,289,269,341,344,378,304,336,272,249,268,319,343,278,263,312,335,336,263,313,225,210,227,279,312,260,250,278,317,289,221,284,475,413,404,385,312,206,172,353,234,446,430,301,468,408,405,400,338,231,198,368,265,457,426,323,453,396,400,405,357,250,220,376,290,458,416,338,430,377,387,403,368,265,236,376,309,450,398,345,400,353,366,393,370,272,247,368,321,433,373,345,365,324,340,373,363,273,252,353,325,407,343,337,325,290,308,346,348,268,250,331,321,375,308,321,282,254,272,314,325,256,243,304,311,336,269,298,238,217,235,276,294,237,229,271,293,292,229,269,474,412,403,381,306,200,167,349,227,443,430,296,467,405,403,392,327,220,187,360,252,450,425,313,451,394,396,396,341,235,204,365,271,449,413,324,430,376,382,391,348,244,216,362,285,440,396,328,401,352,363,379,346,248,223,353,292,423,372,325,369,324,337,361,338,247,225,338,294,399,344,315,332,293,308,335,323,240,221,316,288,368,311,299,291,259,274,305,300,227,213,290,276,332,275,277,252,225,240,269,271,209,199,260,259,292,239,250,473,411,400,376,297,192,159,343,218,438,428,288,465,404,398,382,312,204,174,349,235,441,422,300,450,391,390,381,319,215,184,350,248,437,409,305,428,373,375,375,322,220,191,345,254,426,392,306,401,350,356,362,318,220,194,334,258,409,369,300,370,323,332,343,307,215,193,318,257,385,342,288,335,293,303,319,292,206,188,297,250,356,311,273,299,262,273,290,271,194,179,273,238,323,278,252,261,229,240,259,245,177,166,245,222,286,244,227,472,409,397,369,288,184,151,336,208,432,426,280,462,401,392,369,293,189,158,337,216,429,418,284,446,387,381,364,295,192,162,333,221,422,405,284,424,368,366,354,292,192,164,324,223,408,386,279,398,345,346,340,285,189,163,311,221,389,363,271,368,319,322,320,273,182,159,294,217,366,337,258,335,291,296,298,257,173,154,275,210,339,308,242,300,260,267,271,238,161,145,250,198,307,276,224,265,229,238,244,214,147,133,227,185,276,244,200,470,407,393,361,277,175,142,329,197,425,424,271,459,397,385,355,273,172,141,323,196,416,413,267,441,382,371,344,268,169,139,314,193,403,398,260,418,362,354,330,259,164,136,301,189,386,378,250,391,339,333,314,248,157,133,286,185,365,354,240,361,312,309,294,236,150,127,268,178,342,328,227,330,285,284,272,219,140,121,249,171,315,300,210,297,256,257,249,202,130,112,227,161,288,270,194,263,227,229,223,184,118,104,206,151,258,240,175,468,405,389,354,267,165,133,322,186,418,421,262,454,393,377,340,252,155,125,309,175,403,408,249,434,376,360,323,239,145,117,294,165,383,390,236,409,354,339,304,225,136,110,277,157,361,367,222,381,329,317,284,212,127,105,259,150,338,342,208,350,303,293,264,197,119,98,241,142,313,315,194,319,275,268,244,183,110,93,222,135,288,287,179,288,248,242,221,168,102,87,202,128,262,259,164,256,221,217,200,153,92,79,184,120,236,231,149,466,404,386,346,256,156,125,315,176,411,419,252,450,390,369,325,233,138,109,295,156,389,403,231,426,369,348,301,211,123,96,274,139,362,381,212,398,345,324,277,192,111,88,252,127,335,356,193,367,318,298,254,175,101,81,233,118,308,328,177,335,290,273,233,161,94,75,214,112,281,300,162,304,263,248,212,148,85,71,196,106,257,272,149,272,236,225,193,135,79,67,179,101,233,244,136,243,210,200,175,125,73,61,162,97,211,218,124,465,401,383,340,247,149,117,309,167,405,417,245,447,387,363,311,215,124,94,282,138,376,399,217,421,364,337,280,185,103,79,256,115,343,374,189,388,336,308,249,160,89,69,229,102,308,344,166,352,306,278,222,142,80,64,208,94,276,312,148,316,276,250,200,128,74,61,188,89,248,281,134,284,248,225,181,118,69,57,172,86,225,252,123,254,222,204,166,108,65,55,157,84,202,227,112,227,198,184,150,101,60,52,143,82,185,202,104,463,401,380,335,240,143,111,304,160,400,415,239,445,384,357,300,200,111,83,272,123,366,396,204,417,360,328,262,161,86,65,240,96,326,369,170,381,330,294,223,131,73,60,212,84,284,335,143,339,295,259,192,112,68,57,187,80,246,298,124,296,260,227,169,103,65,56,167,78,215,262,112,261,231,202,154,96,62,54,151,77,193,231,104,231,206,184,141,91,57,52,139,77,175,206,97,206,184,166,130,85,55,50,128,76,161,186,90,463,401,379,331,235,139,107,301,155,398,413,235,444,383,354,293,189,102,75,265,112,360,394,195,415,359,323,249,143,74,61,231,86,315,366,155,379,328,286,202,106,70,60,200,77,267,331,126,337,292,245,163,94,67,57,175,77,223,291,108,289,252,204,143,90,65,56,153,76,189,249,99,241,215,182,132,86,61,54,137,76,167,213,93,213,192,165,124,82,57,52,127,76,154,190,88,191,173,152,115,78,55,50,118,75,143,172,83,463,400,378,330,234,138,106,299,153,397,413,234,443,383,352,290,185,99,72,263,110,358,393,192,415,358,321,245,134,72,61,227,82,312,365,150,379,327,283,196,96,70,60,197,77,260,330,120,336,292,242,144,93,67,57,171,77,215,290,101,288,252,197,129,90,65,56,149,76,179,245,94,236,210,170,123,86,61,54,132,76,157,204,90,204,187,156,115,82,57,52,122,76,145,183,85,185,169,144,109,78,55,50,114,75,136,166,81]}