{"c":"22156","n":"新和","la":42.54333333333334,"lo":142.33333333333334,"e":60,"t":[-7.3,-6.4,-1.3,5.1,10.8,15.1,19.1,20.6,15.9,9.0,2.3,-4.1],"s":[70,76,27,1,0,0,0,0,0,0,1,20],"i":[463,404,395,353,286,190,169,336,224,422,421,276,457,400,397,367,311,215,198,351,256,432,418,298,442,388,391,372,329,235,221,359,283,432,407,312,418,369,378,370,340,249,240,359,304,424,388,320,388,345,357,360,343,258,252,352,318,408,363,320,352,315,331,342,337,260,260,339,325,384,332,313,310,280,298,317,324,256,260,318,326,352,296,299,265,243,260,286,304,246,254,292,319,314,256,279,218,204,219,249,276,231,243,260,305,271,214,252,463,404,394,352,285,189,168,335,223,421,421,275,457,399,396,365,309,212,196,349,254,430,417,296,442,388,390,371,327,231,218,357,279,430,407,310,419,369,377,369,337,244,236,357,299,424,389,317,389,345,356,358,339,252,248,350,313,407,363,316,353,315,330,340,333,254,254,336,319,383,333,309,312,281,298,316,319,249,254,316,319,352,297,295,268,245,261,285,299,239,249,290,312,314,258,274,223,206,222,249,271,223,237,259,298,272,217,248,463,403,393,350,281,186,165,333,219,419,420,272,455,398,394,362,303,206,189,345,246,426,416,290,442,387,387,365,317,222,209,351,269,426,405,302,419,369,374,362,325,231,224,350,286,419,387,307,391,345,354,352,326,238,234,342,296,403,363,305,356,317,328,334,319,238,239,327,301,379,334,297,318,284,298,309,304,231,238,308,299,349,300,282,277,249,263,280,283,221,231,282,291,314,263,262,234,213,227,246,256,204,219,252,277,275,225,236,463,401,390,347,276,180,160,329,213,416,419,268,455,397,390,355,293,197,179,338,235,422,413,281,441,385,382,357,304,208,194,341,252,420,403,290,420,367,369,352,308,215,204,338,265,409,385,292,392,344,349,340,306,218,212,329,272,394,362,288,360,317,324,323,298,215,214,314,274,371,334,279,324,286,295,299,283,209,211,295,270,343,302,263,285,252,263,272,262,197,202,271,262,310,267,244,246,220,229,240,237,181,191,243,248,274,231,219,462,401,388,342,269,175,153,324,206,412,417,262,454,394,385,346,281,185,166,329,220,413,411,271,438,382,376,345,286,192,176,328,231,409,399,274,418,364,361,338,287,195,183,323,239,398,381,273,392,342,341,325,282,194,185,312,242,381,358,267,361,315,317,307,271,189,184,297,242,359,331,256,327,286,289,285,257,182,180,278,237,333,301,241,292,256,260,259,237,170,172,254,227,303,269,222,254,224,227,231,214,155,160,229,215,269,236,200,459,400,385,336,262,168,146,318,197,407,415,254,451,392,378,336,265,172,152,318,204,404,407,258,434,378,367,330,266,173,155,313,208,396,393,256,413,360,351,320,261,172,158,305,211,383,375,250,388,337,331,306,254,169,157,292,210,365,352,243,359,312,307,288,242,162,153,277,206,343,326,231,327,284,281,267,227,153,148,258,202,318,297,216,292,254,252,243,210,143,140,237,193,289,266,199,259,225,224,217,189,129,130,215,183,261,236,178,459,398,381,330,252,160,138,312,188,401,412,248,447,388,371,324,249,158,136,306,186,393,401,243,430,373,357,314,243,154,135,297,184,380,387,237,408,353,339,300,235,149,132,285,181,364,367,227,381,331,318,284,224,143,129,271,178,345,343,217,352,305,294,266,212,135,124,254,173,323,317,204,322,278,268,245,197,126,118,236,168,298,289,189,289,250,242,224,181,117,111,217,161,273,261,174,256,221,215,200,164,105,103,196,153,245,231,156,457,396,377,324,244,152,129,306,178,395,409,240,443,384,364,311,231,143,121,294,169,381,397,229,424,367,346,296,219,135,113,280,160,363,379,217,399,346,325,279,206,126,108,264,153,343,357,204,371,322,302,260,194,118,103,248,148,321,332,190,342,296,278,241,180,110,97,231,142,298,305,177,311,269,252,222,167,101,92,213,138,275,277,163,281,242,227,200,152,94,87,196,133,250,250,149,250,215,202,181,139,85,80,178,127,227,223,135,455,394,374,318,236,145,122,300,169,390,408,233,438,381,357,299,216,129,107,282,152,370,392,215,417,361,335,278,197,115,95,263,138,346,371,197,389,337,310,256,179,105,87,244,128,321,346,180,359,311,285,235,164,96,81,225,121,296,318,165,328,284,259,215,150,89,76,206,115,271,290,151,297,257,235,196,138,82,72,191,112,249,263,139,266,231,211,178,126,76,68,175,110,227,236,126,238,204,188,161,114,69,64,160,107,206,210,114,454,393,371,312,227,139,114,294,161,384,405,225,436,378,351,288,200,118,94,271,137,359,388,202,411,356,325,260,175,100,79,248,118,329,364,178,379,329,296,233,153,88,71,224,106,298,335,158,345,300,266,209,136,80,66,204,100,269,304,142,310,271,239,188,124,74,63,186,98,244,273,129,278,243,215,171,113,69,60,170,96,222,245,118,249,218,192,156,104,64,57,156,95,202,220,108,222,194,173,141,97,59,55,144,95,185,196,99,453,392,369,308,222,134,109,290,155,381,405,221,434,376,346,279,188,108,83,263,124,351,385,191,408,353,317,245,156,86,66,235,101,316,359,163,373,324,284,212,130,75,62,209,92,279,327,139,333,290,249,184,112,70,61,186,89,244,291,122,291,256,219,164,104,67,59,168,89,216,254,111,257,227,195,148,97,63,56,153,89,195,225,103,229,202,175,136,91,59,55,141,90,178,202,95,204,181,158,125,85,55,53,131,91,165,181,88,451,392,368,305,219,131,105,288,151,378,404,218,433,375,344,273,180,100,76,257,114,346,384,184,405,351,313,235,141,76,63,227,92,307,357,151,371,321,277,196,110,72,62,200,86,265,323,126,330,287,237,161,98,69,61,176,87,225,285,110,284,249,199,142,94,66,59,156,87,193,244,101,238,213,176,131,89,63,56,141,88,173,209,94,211,190,159,122,84,59,55,131,89,160,187,89,190,171,146,113,79,55,53,123,90,149,169,83,451,391,367,304,217,129,104,287,150,377,404,217,433,374,343,271,176,98,73,254,112,344,383,182,405,350,312,231,134,74,63,224,90,304,356,147,371,321,276,190,101,72,62,197,86,259,322,121,329,286,236,145,97,69,61,173,87,219,284,104,283,248,192,131,93,66,59,153,87,185,241,97,234,206,167,124,89,63,56,137,88,164,202,92,204,185,153,117,84,59,55,127,89,153,180,87,184,167,141,109,79,55,53,120,90,144,164,81]}