{"c":"22241","n":"静内","la":42.343333333333334,"lo":142.36166666666668,"e":10,"t":[-3.7,-3.2,0.5,5.8,10.5,14.3,18.3,20.7,17.4,11.3,5.0,-0.8],"s":[33,49,7,0,0,0,0,0,0,0,0,6],"i":[480,413,399,352,298,199,168,349,234,447,430,283,473,409,401,365,326,225,196,365,268,459,428,306,457,398,395,371,346,248,219,374,297,461,416,322,432,378,381,369,358,264,237,375,319,453,397,330,400,353,361,358,361,274,249,367,333,434,371,331,361,322,333,340,356,277,254,353,340,409,339,324,317,286,300,315,342,273,254,331,338,374,301,310,269,246,262,284,321,262,248,302,329,332,259,289,220,206,221,248,292,246,236,268,312,284,215,262,480,413,398,352,297,198,167,348,233,446,430,282,472,409,400,364,324,223,194,364,266,458,426,304,455,397,394,370,343,244,216,372,293,459,416,319,433,378,381,367,354,259,233,372,314,451,397,327,400,353,360,356,357,267,244,365,327,434,371,327,363,323,333,338,351,269,250,350,333,408,340,320,319,287,301,314,337,265,249,328,331,374,302,305,273,249,263,284,315,254,242,300,321,333,262,284,225,209,224,248,286,238,229,267,304,286,219,257,479,413,397,349,294,194,164,346,229,444,430,279,472,409,398,361,317,217,187,359,258,454,426,298,457,397,391,364,333,234,206,365,282,455,415,310,433,378,378,361,342,246,221,365,299,447,396,316,403,354,358,350,343,252,229,356,310,430,371,315,367,324,331,332,336,252,234,341,313,404,341,307,327,290,300,308,321,246,231,320,310,371,306,292,283,254,265,279,299,235,225,292,299,333,267,271,239,217,227,245,270,217,212,261,282,289,227,244,479,413,394,346,288,189,159,342,222,441,429,274,471,407,394,354,307,206,177,352,245,448,424,289,455,395,386,356,319,219,192,355,263,447,412,298,434,377,372,350,324,227,202,352,276,437,394,301,405,353,352,339,322,229,208,343,283,420,370,297,372,325,327,321,313,227,210,327,284,396,341,288,334,293,298,298,298,221,206,306,278,365,309,272,293,259,265,270,277,209,197,280,267,329,273,252,252,225,231,239,250,192,184,250,250,290,236,227,478,412,392,341,281,182,152,336,214,436,426,268,469,405,388,345,293,194,165,342,229,438,421,277,454,392,380,344,299,200,174,342,241,434,409,281,432,373,365,336,301,204,180,336,248,424,390,281,405,351,345,324,296,204,182,325,250,405,367,275,374,324,320,306,285,200,180,309,249,383,339,263,338,293,292,284,271,192,175,288,242,354,308,249,302,262,262,258,250,180,166,264,229,321,275,229,263,229,229,229,225,164,154,237,215,285,241,206,476,409,388,336,272,175,144,330,204,430,425,261,467,401,382,335,277,179,150,330,212,428,417,264,450,388,371,329,278,181,154,325,216,420,403,263,428,369,355,319,274,180,155,317,218,405,384,258,401,346,334,305,266,177,154,303,216,387,361,250,372,320,310,287,254,170,150,287,212,364,334,237,339,292,284,266,239,161,144,267,204,337,305,222,303,261,254,242,221,150,135,244,193,306,273,204,268,231,225,216,199,136,124,220,180,275,242,184,474,408,385,330,263,167,136,323,194,423,422,252,463,398,375,323,259,164,135,317,192,415,412,249,445,383,361,313,252,160,133,308,190,401,396,242,422,363,342,299,245,155,130,295,186,385,376,233,395,339,321,284,234,149,126,280,181,364,352,222,365,313,297,265,221,141,120,262,174,341,325,209,334,286,271,244,206,132,113,243,167,315,297,194,300,257,244,223,190,122,106,223,158,287,267,178,266,227,217,199,172,111,97,200,148,257,237,161,473,405,381,323,254,158,128,316,184,417,420,245,459,394,367,311,241,149,120,304,173,401,407,234,438,377,349,295,227,140,112,289,163,382,388,221,413,355,328,278,215,131,106,272,155,361,365,208,385,330,305,259,202,122,100,254,148,337,340,194,354,304,281,240,187,113,94,237,140,313,313,181,322,276,254,221,174,105,88,218,134,287,284,167,291,248,229,200,159,97,82,199,126,262,256,152,259,221,204,181,145,88,75,180,119,236,229,138,471,405,378,317,245,150,121,310,174,409,418,237,455,390,361,299,224,134,106,291,154,388,401,219,430,370,338,277,202,120,94,270,138,362,380,200,401,346,313,256,185,108,85,250,126,335,354,183,371,319,287,235,169,99,79,229,118,308,325,168,338,291,261,215,155,91,73,211,111,282,297,154,306,264,237,195,143,84,69,193,106,257,269,141,275,237,213,178,130,77,64,176,101,234,242,128,246,211,190,160,119,71,59,160,96,211,215,117,469,403,375,312,237,144,113,304,165,404,416,231,451,387,354,288,206,121,93,279,138,376,398,204,425,365,328,260,180,102,78,252,115,343,373,181,392,337,299,233,157,89,69,227,102,309,342,160,355,306,269,209,139,80,64,206,94,277,310,143,319,277,241,188,126,75,60,187,90,249,279,130,286,248,216,171,115,69,56,170,87,225,250,119,256,222,194,155,106,65,53,155,84,204,224,109,229,198,174,141,99,60,50,142,82,186,200,100,468,401,373,308,229,138,108,300,158,400,413,225,449,385,350,279,194,110,82,270,124,366,395,194,421,361,320,246,159,87,65,239,98,327,367,164,385,331,286,213,131,75,60,211,85,286,334,139,342,296,250,184,113,70,57,187,81,247,296,123,298,261,220,164,104,66,56,167,79,217,260,111,263,231,196,149,97,63,53,151,78,194,229,103,233,206,176,136,91,59,51,139,77,177,204,95,209,185,159,124,85,55,48,128,77,162,184,88,468,401,371,305,225,135,104,297,154,397,413,222,448,384,347,273,185,102,75,263,113,360,393,186,419,360,316,236,143,76,62,229,87,317,365,151,383,329,280,196,109,71,60,200,78,269,330,126,340,293,239,161,97,69,57,175,78,225,290,109,291,252,199,143,93,66,56,154,77,191,248,100,242,215,176,132,89,63,53,138,77,169,211,94,214,192,160,123,84,59,51,127,76,155,188,88,192,173,146,113,79,55,48,118,76,144,170,83,468,401,371,304,225,134,103,296,152,396,413,221,447,384,346,271,181,99,72,261,111,358,392,184,419,359,315,233,135,74,62,227,84,313,364,147,382,328,278,191,99,71,60,198,78,262,329,120,339,292,237,146,96,69,57,172,78,217,289,104,290,252,193,131,92,66,56,150,77,181,245,96,237,210,167,124,88,63,53,133,77,158,204,92,204,186,153,117,84,59,51,123,76,146,182,86,185,169,141,109,79,55,48,114,76,138,165,81]}