{"c":"22306","n":"中杵臼","la":42.223333333333336,"lo":142.94833333333332,"e":80,"t":[-6.8,-6.1,-1.5,4.7,10.1,14.2,18.1,19.7,15.4,8.9,2.8,-3.3],"s":[88,94,74,5,0,0,0,0,0,0,1,34],"i":[470,424,396,337,267,174,164,331,214,422,430,259,463,419,397,348,289,194,189,344,242,432,426,277,447,407,391,352,304,209,211,351,265,434,415,289,422,387,378,350,312,221,227,350,284,426,396,294,392,360,357,339,313,227,240,343,297,412,370,293,354,328,330,322,308,227,246,329,304,389,338,286,311,291,298,298,295,223,247,309,304,360,300,272,265,250,260,269,275,213,242,283,299,324,259,252,218,208,219,235,250,199,231,252,287,284,215,227,470,424,395,336,267,173,163,331,213,422,429,259,462,419,396,347,287,192,188,343,240,430,426,275,447,405,391,351,302,206,208,349,262,432,415,287,424,387,377,348,309,217,225,348,280,425,396,291,392,360,357,338,310,222,236,340,292,409,370,290,356,329,330,320,304,222,242,326,298,387,338,282,314,292,298,297,290,217,242,306,298,359,301,268,269,252,261,268,271,208,237,281,292,323,261,249,223,212,222,234,246,193,225,252,280,284,219,225,469,424,394,334,264,170,160,329,209,420,429,256,462,418,394,344,282,187,182,339,233,426,425,271,447,405,388,346,294,199,200,343,252,428,413,280,424,387,374,342,299,206,214,341,267,420,395,283,395,361,354,332,299,211,223,333,277,405,370,280,360,331,328,314,291,209,227,319,282,383,339,272,321,296,298,291,277,202,225,300,281,355,305,257,278,259,263,263,258,193,220,275,274,322,267,238,235,221,225,231,233,178,209,247,262,286,227,214,469,422,391,331,260,166,155,325,204,416,428,252,461,417,391,338,273,179,173,333,223,422,423,263,446,404,383,338,282,188,187,335,238,420,411,270,425,386,369,333,285,193,197,331,249,411,393,270,396,361,349,321,281,194,202,322,256,396,369,265,364,332,324,304,273,191,204,307,258,375,340,256,327,300,295,281,259,184,202,288,254,348,308,241,288,265,263,254,239,173,195,265,248,319,272,223,248,229,229,225,215,159,184,239,236,285,236,200,467,421,389,327,254,161,149,321,198,412,426,247,459,413,386,330,263,169,161,324,210,413,420,254,444,401,377,327,266,174,170,323,220,409,407,256,423,382,361,320,266,176,176,317,227,399,389,254,397,359,342,307,260,175,178,307,229,384,366,247,365,332,318,290,250,169,178,292,229,363,338,236,331,301,290,269,236,162,174,273,225,338,307,222,295,269,260,243,217,151,167,252,218,310,275,204,258,235,227,217,196,137,156,227,208,280,240,183,466,420,386,321,247,155,142,315,190,407,424,241,457,411,379,320,250,158,148,315,196,404,416,243,441,397,368,314,249,159,151,310,200,396,401,240,419,378,352,304,244,157,153,301,202,384,383,235,393,354,331,290,236,153,152,289,202,367,360,227,364,328,308,273,225,147,149,273,199,347,333,215,331,299,281,252,210,138,145,256,195,324,304,200,296,267,252,229,194,128,138,235,188,298,272,184,262,237,224,204,174,115,128,214,180,271,241,165,463,418,382,316,239,149,135,310,182,401,421,235,453,408,372,310,235,147,134,304,180,393,411,231,436,392,358,300,229,143,132,295,179,381,395,224,413,372,340,286,221,138,129,283,176,366,375,215,386,348,319,271,210,131,127,269,174,347,351,204,357,321,294,252,198,124,122,252,169,327,324,192,326,293,269,233,183,114,117,236,165,304,296,177,294,264,243,212,168,106,111,217,160,281,267,162,260,233,215,189,152,96,104,198,153,256,236,146,463,416,378,310,231,143,127,304,174,396,419,227,449,404,365,298,221,135,120,293,165,382,405,218,429,386,347,284,208,127,112,279,158,365,387,206,405,363,326,267,196,119,108,264,152,345,365,194,377,338,303,249,184,111,103,248,147,325,339,181,346,311,279,229,170,104,98,231,142,304,312,168,316,283,254,212,158,95,93,215,139,282,284,155,285,254,227,191,143,87,89,198,135,260,256,141,254,227,204,173,130,79,83,181,131,239,227,127,461,413,375,305,224,137,120,299,166,390,417,222,445,400,358,288,206,123,107,282,150,371,401,206,423,379,336,267,189,112,96,264,138,348,379,189,394,354,312,247,173,101,89,245,129,324,353,174,363,326,286,227,158,94,83,227,124,300,325,159,332,298,260,206,145,86,79,210,120,277,297,146,301,270,236,188,133,79,75,194,117,257,269,134,270,242,212,171,121,73,72,179,115,237,241,122,241,216,189,154,110,66,69,165,113,219,215,110,459,413,372,300,218,132,113,294,159,386,415,217,442,396,352,277,194,113,95,273,137,361,397,195,417,373,326,252,170,98,81,250,121,332,372,174,385,344,297,227,150,87,73,227,111,302,342,155,349,313,268,204,134,80,69,206,106,275,310,139,314,282,240,184,122,74,67,190,104,250,279,127,282,254,215,167,112,68,65,175,103,231,250,115,252,227,193,151,103,64,62,162,103,213,224,106,225,202,173,137,95,57,60,150,103,198,200,96,459,412,370,296,213,128,109,290,154,382,413,212,440,394,347,269,183,105,85,265,126,353,394,186,413,369,319,239,154,87,69,238,106,319,367,160,378,338,285,208,130,77,65,213,98,284,334,138,337,302,250,181,114,72,64,191,96,250,296,123,295,265,219,162,105,68,63,173,96,224,260,112,260,235,195,147,98,64,62,159,97,204,229,103,231,210,175,134,91,60,60,147,98,191,204,95,206,187,158,123,85,55,59,138,99,179,184,88,458,411,369,294,210,125,105,288,150,380,413,210,438,393,345,264,176,99,78,260,119,349,392,180,411,367,315,229,141,79,66,231,98,312,364,150,376,336,279,194,112,74,65,204,92,271,330,127,334,298,239,161,102,71,64,182,94,233,291,111,288,257,199,143,97,68,63,162,95,202,248,102,240,218,176,132,91,64,62,147,96,185,212,96,212,194,160,122,86,60,60,137,97,174,189,89,191,175,146,112,80,55,59,129,99,165,171,83,458,411,368,293,209,124,104,287,149,379,412,209,438,392,344,263,173,97,76,258,115,347,392,178,411,367,313,227,135,77,66,229,96,309,364,147,375,335,277,189,105,74,65,202,92,266,329,123,333,298,237,148,101,71,64,179,94,227,289,106,286,256,194,133,96,68,63,159,95,196,245,99,236,212,167,125,91,64,62,143,96,176,204,94,204,188,153,118,86,60,60,134,97,167,182,88,184,170,141,110,80,55,59,126,99,160,165,82]}