{"c":"22327","n":"浦河","la":42.16166666666667,"lo":142.77666666666667,"e":37,"t":[-2.6,-2.4,0.5,5.1,9.3,13.1,17.1,19.8,17.2,12.0,5.8,0.2],"s":[31,32,5,0,0,0,0,0,0,0,0,7],"i":[488,418,413,389,334,218,181,367,247,467,440,314,480,413,416,405,368,250,213,386,286,480,437,341,463,401,409,413,393,276,240,397,318,483,425,361,438,382,395,411,409,295,261,398,342,475,405,372,407,356,374,400,413,307,276,392,359,457,379,374,368,325,345,380,409,312,283,377,366,430,346,367,323,289,311,352,395,308,284,354,364,393,308,352,275,250,271,317,370,297,277,324,354,348,265,328,225,210,227,276,337,279,264,288,335,298,221,297,488,418,413,388,333,216,179,366,246,466,440,313,480,413,415,404,366,247,211,384,283,479,436,339,463,401,409,412,390,271,237,394,314,482,425,358,440,382,395,409,405,289,257,396,337,474,405,368,407,356,373,399,409,300,271,389,352,455,379,369,369,326,345,379,404,303,278,374,359,429,347,362,325,290,311,351,389,299,278,351,357,393,309,346,279,252,272,317,364,288,271,322,346,349,268,323,231,213,231,277,331,269,257,286,327,300,225,292,487,417,412,386,329,212,176,363,242,463,438,309,479,412,413,400,358,238,202,379,274,475,434,332,463,400,405,405,378,259,225,387,301,476,423,348,440,381,392,403,390,274,244,387,321,469,404,355,409,357,371,392,393,281,254,380,333,451,379,355,373,327,343,372,386,283,260,364,337,425,348,347,332,293,311,345,370,277,259,342,333,391,312,331,288,257,274,313,346,264,250,313,321,350,273,308,244,220,236,274,313,246,237,279,302,304,233,277,487,417,409,382,322,206,170,359,234,459,437,303,479,411,409,392,345,227,192,371,260,469,433,321,463,398,401,396,361,242,209,376,281,468,421,333,441,380,386,391,369,252,222,373,295,459,401,338,412,356,365,379,368,256,229,364,303,441,378,334,378,327,339,360,360,254,231,348,304,417,348,325,340,296,309,334,344,248,227,326,298,384,315,308,298,261,275,304,319,235,219,299,285,346,278,286,258,227,239,269,289,216,204,268,267,305,241,258,484,415,405,377,313,198,162,353,225,455,436,296,476,408,403,382,329,212,177,360,243,459,429,308,461,395,394,382,338,221,189,361,256,455,417,314,438,376,378,375,341,227,196,355,264,444,398,314,412,353,357,362,338,227,199,344,267,426,374,309,379,326,332,342,326,222,198,328,265,401,346,297,343,296,303,319,311,214,194,306,258,372,314,281,306,264,272,289,288,200,184,281,245,338,281,260,267,231,238,259,261,184,171,252,227,299,246,234,484,413,403,370,303,189,153,346,214,449,434,287,474,405,396,370,310,195,161,347,223,447,425,292,458,391,385,364,312,198,165,342,227,438,411,292,434,372,368,355,309,198,168,334,229,425,392,287,408,348,346,340,302,195,167,320,229,405,368,279,377,322,322,321,290,188,163,303,224,382,340,266,343,294,294,298,273,179,158,283,216,354,310,250,307,262,264,272,252,167,149,258,204,321,278,231,272,231,234,243,229,152,137,233,190,288,246,208,482,412,399,363,292,180,144,338,202,442,430,278,470,401,389,356,288,177,143,332,200,433,420,274,451,386,374,346,282,174,142,322,199,420,404,267,429,366,355,331,274,169,139,310,194,403,383,258,401,342,333,315,262,162,136,294,190,381,359,246,371,315,308,295,250,154,130,276,182,357,331,233,338,288,281,272,233,144,123,256,175,330,302,216,304,259,254,249,216,134,115,234,164,301,272,200,269,229,225,223,196,122,106,211,153,269,241,180,480,409,395,355,280,170,135,331,191,434,429,268,466,398,381,342,266,159,126,317,179,418,415,256,446,380,363,325,250,149,118,301,169,398,396,242,420,358,340,306,237,140,112,284,160,376,373,227,391,333,316,286,223,131,106,266,152,352,347,213,359,306,291,265,208,123,100,247,144,327,319,199,327,278,265,245,194,112,94,227,137,300,290,184,295,250,238,222,177,105,87,208,129,273,261,168,263,223,213,200,162,95,80,188,120,247,233,153,479,409,392,348,269,161,126,323,180,426,426,259,462,394,374,327,245,142,110,302,159,404,409,238,438,374,351,303,221,126,97,281,141,376,388,217,409,350,325,279,200,112,88,259,128,348,361,198,377,322,298,256,183,104,81,238,119,319,333,181,344,294,271,234,168,96,75,218,111,292,303,166,312,266,246,213,155,88,70,200,105,267,275,152,280,239,221,195,142,81,66,182,100,242,246,139,250,213,197,176,131,75,61,165,95,219,220,127,476,407,389,342,259,153,118,317,170,420,424,250,459,392,367,313,225,127,95,289,140,390,405,221,432,369,340,282,193,105,78,261,115,355,381,194,399,341,310,252,166,91,68,235,101,319,350,170,362,311,279,225,147,81,63,212,92,286,317,151,326,280,250,202,133,75,59,192,87,257,285,137,292,252,224,184,122,70,56,174,83,231,256,125,262,225,200,167,112,66,53,159,81,210,229,114,233,200,180,151,105,61,50,145,78,191,204,106,476,405,387,336,250,147,112,312,163,416,423,245,457,389,363,302,208,113,82,279,124,379,403,208,429,366,332,264,167,87,63,245,95,337,375,173,393,336,296,225,134,74,56,215,81,293,342,145,350,301,260,194,114,68,56,190,76,252,303,126,306,265,227,172,104,65,54,169,74,221,266,113,269,236,202,156,98,62,52,153,73,198,236,105,239,210,182,143,92,57,50,140,72,180,210,98,214,188,164,131,87,55,47,129,71,165,189,91,476,405,385,333,246,143,108,308,158,413,422,241,455,388,360,295,197,104,74,271,112,373,401,199,426,364,328,252,147,74,59,235,83,326,373,158,390,333,290,206,107,69,56,202,73,275,338,128,347,298,248,166,94,67,56,177,72,227,298,109,298,258,206,145,90,65,54,154,72,192,254,100,249,221,182,134,86,62,52,138,71,170,217,94,220,196,165,125,83,57,50,127,71,156,194,89,197,177,151,118,79,55,47,119,70,145,175,84,475,405,385,332,244,141,106,307,156,411,422,239,455,388,359,293,192,101,71,269,109,370,401,195,426,363,326,248,137,71,59,231,79,321,372,152,390,333,288,199,94,69,56,199,73,267,337,121,346,297,246,148,92,67,56,172,72,219,296,102,297,257,200,131,89,65,54,150,72,181,250,95,244,215,172,125,86,62,52,133,71,158,210,91,211,191,158,118,82,57,50,123,71,146,187,86,191,173,145,111,79,55,47,114,70,138,169,82]}