{"c":"23031","n":"長万部","la":42.52333333333333,"lo":140.38166666666666,"e":10,"t":[-4.3,-3.8,-0.4,5.2,9.9,14.2,18.1,20.5,16.9,10.5,3.8,-1.9],"s":[96,100,82,6,0,0,0,0,0,0,2,44],"i":[463,404,393,379,301,180,146,332,193,429,420,287,455,400,395,395,329,202,166,345,215,440,417,309,441,388,389,401,350,220,182,351,234,441,405,324,417,369,376,400,363,233,195,351,249,434,388,332,387,345,356,390,366,240,204,343,260,419,363,332,351,315,329,371,362,242,209,329,265,397,331,325,309,281,296,344,348,237,209,309,265,367,295,310,264,243,259,310,326,227,204,284,261,330,256,288,218,204,219,270,297,213,196,254,250,290,213,260,463,404,393,378,300,180,145,332,192,429,420,286,455,399,394,393,327,200,164,344,214,438,416,307,440,388,389,400,347,218,180,350,231,440,405,322,418,369,375,398,358,229,192,349,246,433,387,329,388,345,355,388,361,236,200,341,254,418,363,329,352,316,329,369,356,237,204,327,260,396,332,321,311,281,297,343,342,233,204,307,260,366,296,306,268,245,261,309,320,223,200,282,254,331,258,284,223,206,222,270,290,208,191,252,246,291,217,256,462,403,392,375,296,177,142,329,189,426,419,283,455,398,393,389,320,196,159,340,208,434,415,302,440,387,386,394,337,210,173,344,224,436,404,313,418,369,373,392,346,220,184,342,236,428,387,319,390,345,354,381,347,224,190,334,244,413,363,317,356,317,328,362,340,224,193,320,247,391,333,309,317,284,298,336,325,218,192,301,246,364,300,293,276,250,263,304,302,208,187,276,240,330,263,271,234,214,227,266,274,193,178,248,231,293,225,244,461,401,390,371,290,173,139,326,185,424,418,278,454,397,389,381,309,187,152,334,200,429,413,292,438,385,382,384,322,198,162,336,212,428,401,301,418,367,369,379,327,204,170,332,221,420,385,303,391,344,350,368,325,206,174,323,225,405,362,300,359,317,325,349,317,204,175,309,227,384,333,290,323,286,296,324,301,197,173,289,225,357,302,274,284,252,264,294,279,186,167,266,219,327,267,252,245,220,231,260,252,170,157,240,209,293,231,227,459,401,388,366,283,167,134,322,180,419,416,272,451,394,385,371,295,176,143,326,190,421,409,281,437,382,376,370,302,183,149,325,198,417,398,285,416,364,362,364,303,185,153,319,202,407,381,284,390,341,343,350,298,184,155,308,204,392,358,277,360,315,319,332,288,179,154,293,204,372,331,266,325,286,291,308,273,172,150,275,200,346,301,250,290,254,262,280,252,160,144,252,194,319,269,231,254,224,231,250,227,146,135,229,185,288,236,208,459,400,384,359,274,161,128,317,174,413,413,265,449,391,379,359,279,164,132,316,178,412,407,267,433,378,368,354,279,165,134,311,181,404,393,266,412,359,353,344,275,164,135,302,182,392,375,261,386,337,333,329,268,160,134,290,181,375,352,252,357,311,310,310,254,153,131,275,179,355,326,239,325,284,284,288,240,145,127,257,175,332,298,225,291,254,256,262,222,135,120,237,169,306,267,206,257,224,227,235,200,122,112,216,162,279,236,186,457,398,381,352,265,153,123,311,167,408,412,257,446,388,372,346,261,151,121,305,165,401,401,252,428,373,359,335,254,147,119,296,164,388,387,245,405,353,341,321,246,142,117,284,161,373,367,236,380,330,321,304,234,136,113,271,158,355,344,225,350,305,298,285,222,129,109,254,155,335,318,212,320,277,272,262,206,120,105,237,151,312,290,196,288,250,246,240,190,111,100,219,146,289,261,180,254,221,219,215,171,100,93,200,141,264,231,162,455,396,377,345,254,146,117,305,160,403,409,249,442,384,365,331,242,138,110,294,153,389,397,237,422,367,348,315,227,129,104,280,146,372,379,224,398,346,328,296,214,122,99,265,141,352,357,211,370,322,306,276,200,112,95,250,137,332,332,197,340,296,282,256,187,106,90,233,133,311,306,183,309,269,258,236,173,97,87,216,130,289,279,169,279,241,231,214,159,90,82,200,126,267,250,154,248,215,208,193,144,81,77,183,123,246,224,139,454,394,374,338,246,140,111,300,154,397,407,241,438,381,358,317,224,125,100,283,141,377,392,222,415,361,337,294,202,112,91,265,130,354,371,202,387,337,313,270,185,102,85,246,123,330,346,186,357,311,288,247,169,94,80,227,118,306,319,170,326,284,264,225,154,87,76,211,114,284,291,155,295,257,240,206,142,80,73,196,112,263,264,143,265,231,217,187,129,74,70,180,111,244,237,130,236,204,194,170,118,67,67,166,110,225,212,118,451,393,371,332,238,134,106,295,149,392,405,235,434,378,352,304,208,113,91,274,131,367,388,209,409,356,327,274,179,98,80,250,117,338,364,184,378,329,299,244,156,86,73,227,108,308,336,162,343,300,270,217,138,78,70,208,104,280,304,144,309,271,244,195,125,73,68,191,103,256,275,131,277,243,220,177,114,68,66,176,102,236,247,120,248,218,198,161,106,63,64,163,102,219,221,110,221,194,178,146,98,57,62,151,102,202,198,101,451,392,369,327,231,130,102,292,144,388,404,229,433,376,347,293,194,105,83,266,122,359,385,198,405,353,319,256,158,85,71,239,105,325,359,167,372,324,287,219,130,75,68,214,98,288,328,141,332,290,252,189,112,70,67,192,97,254,292,124,290,256,223,167,103,67,66,173,97,227,257,112,256,227,199,151,96,63,64,159,98,209,227,103,227,202,179,139,90,59,62,148,99,195,204,96,202,182,163,127,84,55,61,139,100,184,183,89,451,392,367,324,227,127,100,289,142,386,403,225,432,375,344,287,185,98,78,261,115,354,384,190,405,351,315,245,141,76,69,231,99,317,357,154,370,322,280,200,108,72,68,204,95,275,324,127,329,287,241,162,96,69,67,182,95,236,286,109,284,249,202,142,92,66,66,162,96,206,245,100,238,213,180,131,88,63,64,147,97,187,210,94,210,191,164,122,83,59,62,138,98,177,188,88,189,172,150,114,79,55,61,130,99,169,170,83,451,391,367,323,225,126,99,288,141,386,403,225,432,374,343,285,180,96,76,259,113,353,383,187,404,351,313,241,134,74,69,229,97,314,356,150,370,321,278,194,98,72,68,202,95,271,323,121,329,287,238,144,95,69,67,178,95,231,285,103,283,248,196,129,92,66,66,158,96,198,242,96,234,208,170,123,88,63,64,143,97,179,204,91,204,185,156,115,83,59,62,134,98,170,182,86,184,168,144,109,79,55,61,127,99,164,165,81]}