{"c":"23086","n":"八雲","la":42.251666666666665,"lo":140.27166666666668,"e":8,"t":[-3.5,-2.9,0.4,5.8,10.5,14.4,18.4,20.8,17.2,10.9,4.5,-1.1],"s":[96,100,74,5,0,0,0,0,0,0,6,56],"i":[466,411,403,378,294,175,136,332,188,433,426,282,459,405,404,394,320,195,152,344,208,443,423,303,444,394,398,401,339,211,166,350,225,445,412,317,420,375,385,399,351,222,177,348,238,437,393,324,389,350,364,388,354,227,184,340,248,422,367,323,352,319,336,369,348,229,188,325,252,398,336,315,310,283,303,342,335,225,188,305,252,367,298,300,264,245,264,308,313,216,184,279,248,330,258,279,217,204,223,268,285,202,176,248,238,288,215,252,466,411,401,377,293,174,135,332,187,432,426,281,459,405,404,392,318,193,151,343,206,442,423,301,444,394,398,399,336,208,164,348,223,443,412,315,420,375,384,397,347,219,175,346,236,436,393,321,390,350,363,386,349,225,181,338,244,420,368,320,354,320,336,367,343,225,185,323,248,397,337,312,312,285,303,340,329,221,184,303,248,367,300,297,268,247,266,307,307,211,180,277,243,331,260,275,222,208,225,268,279,197,173,248,234,290,219,248,466,409,401,375,290,171,133,330,185,430,426,279,459,405,401,388,311,188,147,340,202,438,422,296,444,393,396,392,327,200,159,343,216,438,411,307,421,375,383,390,335,210,167,341,227,430,393,312,392,350,362,379,335,214,173,332,233,416,368,309,358,321,336,359,328,213,175,317,236,393,338,300,318,288,305,334,313,208,174,297,235,365,304,285,277,252,269,302,291,198,169,272,229,330,266,263,234,216,231,264,263,183,161,244,220,292,227,237,465,409,399,371,284,168,130,327,181,426,424,274,458,403,399,380,301,181,141,334,194,433,420,287,442,391,392,383,313,190,150,335,204,430,408,295,421,373,378,378,317,195,156,331,213,423,391,297,394,350,359,366,314,197,159,321,217,407,367,292,361,321,333,347,306,194,160,306,218,386,338,282,325,290,304,322,290,188,158,287,216,359,306,267,286,257,270,293,268,177,152,263,210,327,271,246,246,223,236,258,243,163,144,237,200,292,235,221,463,408,397,365,277,162,126,322,176,423,423,268,455,401,394,371,288,170,134,326,185,425,417,276,441,388,386,369,293,176,139,324,192,421,405,279,419,370,371,362,294,178,142,318,196,409,387,278,393,347,351,349,289,176,143,307,198,394,364,271,362,321,328,330,278,172,142,292,197,374,337,260,327,290,299,306,263,164,138,273,193,348,306,245,292,259,269,279,242,154,133,250,187,320,273,225,254,227,237,248,219,140,125,227,179,288,240,202,462,405,394,359,269,156,122,317,170,418,421,261,453,398,388,359,272,159,125,316,174,415,413,263,437,384,377,353,272,160,126,311,176,407,399,262,416,365,362,342,267,159,127,302,177,395,381,256,389,342,342,328,260,155,125,290,176,378,358,248,360,316,318,308,248,148,123,274,174,357,331,235,328,288,292,287,233,140,119,256,170,333,303,220,293,258,263,260,214,130,112,236,165,306,271,202,259,227,234,234,193,118,106,215,158,279,240,181,461,404,390,352,260,150,117,312,164,412,418,254,449,394,381,345,254,147,114,306,163,404,408,249,432,379,367,335,248,144,113,297,161,392,393,242,409,359,350,320,240,138,111,285,158,376,373,233,383,336,329,303,227,133,108,271,155,357,349,221,353,310,306,284,216,125,104,254,152,336,323,208,322,282,279,261,200,117,101,237,148,313,294,193,290,254,252,239,185,108,96,219,143,290,266,177,257,225,225,214,166,98,90,200,139,264,236,159,459,403,386,345,250,143,112,307,158,405,416,246,446,391,374,331,238,135,106,295,151,392,403,235,425,373,357,314,224,127,101,282,145,375,385,222,401,351,336,296,210,120,97,266,140,354,363,209,373,327,313,276,197,112,93,250,136,334,338,195,343,301,289,254,183,104,89,234,132,312,311,181,312,273,264,235,169,96,85,217,129,290,283,167,281,245,238,213,155,89,82,200,125,268,254,152,250,219,214,192,140,81,78,183,122,246,227,138,457,401,383,338,242,137,107,301,152,400,413,239,442,387,367,317,221,124,98,285,140,381,398,221,419,367,345,294,200,112,90,267,130,357,377,202,391,343,321,270,183,102,84,248,123,332,351,185,360,316,295,247,167,93,81,229,119,308,324,169,329,288,270,225,152,87,77,213,114,285,296,155,298,261,245,206,140,80,75,197,112,263,268,142,267,234,222,187,127,74,72,181,112,243,241,129,238,208,198,169,117,68,69,167,110,224,215,118,455,400,380,332,234,132,103,297,147,395,412,233,438,384,360,304,206,113,90,276,131,370,394,208,413,362,335,274,178,98,81,252,118,340,370,184,381,334,306,244,155,87,75,229,110,309,340,162,346,304,276,217,138,79,72,210,105,281,309,145,311,274,249,195,125,74,70,192,104,256,278,131,279,246,224,177,114,69,69,177,103,236,250,120,250,220,202,162,105,64,67,164,103,218,224,110,223,197,181,146,97,59,65,152,103,202,200,101,455,399,377,327,227,128,100,293,144,392,411,227,437,382,355,294,193,105,84,268,123,362,391,197,409,358,326,257,159,86,73,242,107,327,365,167,375,329,292,221,131,76,71,216,100,290,332,143,334,294,257,189,113,72,70,193,98,254,295,125,292,259,227,167,104,68,69,175,99,227,259,112,257,229,202,151,97,65,67,160,99,208,229,104,229,204,182,139,91,61,66,149,100,194,204,97,204,183,165,128,85,56,65,139,101,181,184,90,455,398,376,324,224,125,98,291,141,390,409,224,436,381,352,288,184,99,80,263,117,357,389,190,408,357,321,246,143,78,71,234,101,319,362,155,373,327,285,202,110,74,71,206,96,277,328,128,332,291,245,163,98,71,70,183,97,236,289,111,286,252,204,143,94,68,69,163,98,204,247,101,239,215,181,132,89,64,67,148,99,186,212,95,211,191,165,123,84,61,66,138,100,175,189,89,189,173,151,114,80,56,65,130,101,166,171,84,455,398,375,323,223,124,97,290,140,389,409,223,434,381,351,286,180,97,78,262,114,356,389,188,408,356,319,242,136,76,71,231,99,316,361,151,373,326,283,195,101,74,71,204,96,272,327,123,332,291,242,146,97,71,70,180,97,231,288,105,285,250,197,130,93,68,69,159,98,197,245,97,235,210,171,123,89,64,67,143,99,177,204,92,204,186,157,117,84,61,66,134,100,168,182,87,184,168,144,110,80,56,65,127,101,161,166,82]}