{"c":"23166","n":"森","la":42.06666666666667,"lo":140.58833333333334,"e":125,"t":[-3.1,-2.6,0.7,6.1,10.8,14.6,18.6,20.9,17.5,11.5,5.0,-0.7],"s":[93,97,64,4,0,0,0,0,0,0,5,46],"i":[486,428,417,387,308,193,154,349,211,447,443,296,478,423,419,403,337,218,176,364,237,458,440,319,461,409,413,409,358,238,195,371,259,459,428,335,436,390,399,408,370,252,209,370,277,451,408,343,403,363,377,397,374,260,219,362,289,436,381,344,364,330,348,377,368,263,224,347,295,411,347,336,319,293,313,350,354,259,225,326,296,379,308,321,270,252,272,315,332,248,220,298,290,339,265,298,220,209,227,273,302,231,211,266,279,295,219,269,486,428,417,386,307,192,153,349,210,446,443,295,478,423,419,401,334,216,174,362,235,457,440,317,461,409,413,408,354,235,192,369,256,458,428,333,437,390,398,405,366,248,206,368,273,451,408,340,404,363,377,395,369,256,215,360,284,434,381,340,366,331,348,375,363,258,220,345,290,409,348,332,321,294,313,348,348,254,220,324,290,378,310,317,275,254,274,314,325,243,215,296,284,340,268,294,225,213,231,274,295,227,206,265,273,297,224,265,484,426,416,383,303,190,151,346,206,444,443,292,476,422,417,397,327,210,169,358,229,453,438,311,462,409,411,401,344,227,185,363,247,454,426,324,438,390,397,399,353,238,196,361,261,446,408,330,407,364,376,388,354,243,204,353,270,430,383,328,371,334,348,368,347,243,206,338,274,405,351,319,329,298,316,342,331,238,206,317,273,376,315,304,285,261,279,309,308,227,200,291,267,340,275,281,240,222,239,271,279,210,191,261,256,300,234,252,484,426,413,379,297,185,147,343,202,441,442,287,476,421,413,389,316,200,161,351,219,447,437,302,461,408,407,392,329,213,173,354,233,446,425,311,438,389,393,387,334,220,181,350,244,437,407,314,409,364,373,375,332,223,186,341,250,421,382,310,375,335,346,356,323,221,188,325,252,399,352,300,337,302,316,330,307,214,185,305,249,370,318,284,296,267,281,300,284,202,179,281,242,337,281,262,254,231,245,264,257,186,169,252,231,301,244,236,483,425,411,373,289,178,142,338,195,436,440,280,475,418,409,379,302,189,151,342,206,438,434,290,459,405,400,378,308,196,159,342,216,434,421,294,437,386,386,371,310,199,163,336,222,424,403,293,409,362,365,357,305,199,165,325,225,408,379,287,377,334,341,338,294,194,164,309,225,386,351,275,341,303,311,314,278,186,160,289,221,359,318,260,304,270,280,286,257,174,154,267,214,330,285,239,266,237,247,254,231,159,144,241,204,296,250,215,482,423,408,367,281,171,136,332,188,430,438,273,472,415,403,367,285,175,140,332,193,428,430,276,455,401,392,361,286,177,143,327,197,420,416,275,433,381,376,351,281,176,144,318,199,408,397,269,405,358,356,336,274,173,143,305,198,390,373,261,376,330,331,316,261,166,140,289,196,369,346,248,342,301,304,294,246,157,135,271,192,344,316,231,306,270,274,267,225,146,129,249,185,315,283,213,270,238,244,240,204,133,120,227,177,287,250,192,480,422,404,360,271,163,129,326,180,425,434,265,468,411,395,353,266,161,128,320,179,416,425,260,450,395,381,342,260,157,126,311,177,404,409,252,426,375,363,327,250,152,124,298,174,388,388,244,399,351,342,310,239,146,121,284,172,369,364,231,368,323,318,291,227,138,115,267,168,346,337,219,337,295,291,268,210,129,112,249,164,323,307,202,303,265,264,245,194,120,106,229,158,298,277,186,269,235,235,219,175,109,99,209,153,271,246,168,478,420,400,352,261,155,123,320,173,418,433,256,463,407,387,338,248,146,115,308,164,404,420,244,443,389,369,321,234,137,110,293,157,385,400,231,418,366,348,302,219,129,105,277,151,365,377,217,389,341,325,282,206,120,100,261,147,343,351,202,358,313,300,261,191,112,95,244,142,321,324,188,325,285,275,241,177,104,92,225,139,297,295,174,293,256,248,218,162,96,87,209,135,274,266,159,261,227,223,197,147,88,82,191,132,250,237,144,476,418,396,345,252,148,117,314,165,412,430,248,459,403,379,324,229,133,105,296,150,391,413,229,436,382,357,300,208,119,95,276,138,367,392,209,405,357,332,275,189,108,89,256,130,340,365,191,375,329,305,252,172,98,84,238,124,315,336,174,342,300,279,231,157,91,80,220,121,291,307,160,309,271,254,210,145,84,77,202,119,269,278,146,278,244,229,191,132,78,74,187,117,248,250,134,248,217,206,173,121,71,71,172,115,227,223,122,475,416,393,339,243,142,112,309,159,407,428,241,457,400,372,311,213,120,95,285,138,380,409,214,429,376,346,279,184,102,83,261,122,348,384,188,396,347,315,249,159,89,76,237,112,316,353,166,359,315,284,221,141,81,72,215,107,286,319,148,322,284,256,199,127,75,70,197,106,260,287,134,289,254,231,180,117,70,68,181,105,239,258,123,258,227,208,164,107,66,66,167,106,220,231,112,229,202,187,149,100,61,65,155,106,204,206,103,474,416,390,334,237,137,107,305,154,403,426,236,454,398,367,300,198,110,86,277,128,371,405,202,426,372,336,262,162,88,73,248,108,334,378,171,389,341,301,224,133,76,69,221,100,294,344,144,346,304,264,192,113,71,69,197,98,258,304,126,301,267,231,169,104,68,67,177,99,229,266,113,264,236,206,153,97,65,66,162,100,209,235,105,234,210,186,141,91,61,65,151,101,194,210,98,209,188,169,129,86,57,64,141,103,181,189,91,474,415,389,331,231,134,105,302,151,400,426,231,454,396,363,293,189,102,81,271,121,366,404,195,424,371,331,250,145,77,70,240,100,325,375,157,387,339,293,204,110,73,69,211,95,280,340,129,343,301,250,164,97,70,69,186,96,238,298,111,294,259,206,143,93,68,67,164,97,204,252,101,244,219,183,132,89,64,66,148,99,184,215,95,214,195,166,123,84,61,65,139,101,173,192,90,193,176,152,115,80,57,64,131,102,164,174,84,474,415,388,330,231,133,104,301,149,400,425,231,453,396,362,291,185,100,79,269,118,364,404,192,424,371,329,246,137,75,70,237,98,322,374,153,387,338,290,198,99,73,69,208,95,275,338,123,343,300,246,147,96,70,69,182,96,231,296,104,293,258,199,130,92,68,67,160,97,196,250,96,240,213,171,123,88,64,66,143,99,175,208,92,206,189,157,117,84,61,65,134,101,165,184,87,186,171,145,110,80,57,64,128,102,159,167,82]}