{"c":"23226","n":"北斗","la":41.88666666666667,"lo":140.65333333333334,"e":25,"t":[-3.7,-3.1,0.5,6.5,11.4,15.3,19.1,21.2,17.5,11.1,4.7,-1.1],"s":[83,91,59,2,0,0,0,0,0,0,3,33],"i":[482,422,408,370,305,183,147,340,200,434,437,286,474,417,409,385,332,204,166,352,224,445,434,307,458,404,403,391,352,221,182,358,244,446,422,321,432,384,389,388,364,233,195,357,259,438,401,329,400,358,368,378,367,240,202,348,269,422,375,328,361,325,340,359,362,241,206,333,274,398,342,321,316,288,305,332,348,237,206,312,273,365,303,306,268,248,266,299,326,227,200,285,267,327,261,284,219,206,223,260,296,212,191,252,256,284,216,256,482,422,407,369,304,182,146,339,200,434,437,285,474,416,409,383,330,202,165,351,222,444,433,305,458,404,403,389,349,219,180,357,241,445,421,319,433,384,389,387,360,229,192,355,254,437,401,326,401,358,367,376,363,236,199,346,265,420,375,325,363,327,340,356,356,237,202,331,269,397,343,317,319,290,306,331,342,231,202,310,268,365,305,302,272,250,268,298,319,222,196,283,262,328,264,280,225,210,227,260,290,206,187,252,250,286,220,252,482,421,405,367,300,179,144,337,197,432,436,282,474,416,408,379,323,198,160,347,217,441,432,300,458,403,401,383,339,211,173,351,233,441,421,311,434,384,387,380,348,221,183,349,245,432,401,316,404,359,367,369,348,225,189,340,252,416,376,314,367,329,340,350,341,224,191,324,254,392,345,305,326,294,308,324,325,218,189,304,252,363,309,289,283,257,272,293,302,206,183,278,246,328,271,268,238,219,233,256,273,192,173,249,235,289,229,241,480,420,404,363,294,175,140,334,193,429,434,277,473,413,404,372,313,189,153,341,208,434,430,291,457,401,397,374,324,199,163,343,220,433,418,299,434,383,383,369,329,204,170,338,229,424,400,301,405,359,363,357,327,206,173,329,234,408,376,297,372,329,337,338,318,204,173,313,235,385,346,287,334,298,308,313,302,197,170,293,231,357,313,271,294,263,273,284,279,186,163,269,224,325,277,250,252,227,239,250,252,170,153,242,213,289,240,225,480,419,401,358,286,170,135,329,187,425,433,271,471,412,399,363,299,178,144,333,197,426,426,280,455,399,391,361,304,184,150,331,204,422,415,283,433,380,376,354,306,187,153,325,210,412,396,282,405,356,356,340,300,185,154,314,212,395,373,275,374,329,332,322,289,180,152,298,210,373,345,264,338,298,303,298,274,172,148,278,206,346,313,248,302,266,273,271,252,161,141,256,198,317,280,227,263,233,240,241,227,146,131,231,188,285,246,204,478,417,399,352,278,163,130,324,180,420,430,264,468,409,393,352,282,167,133,323,185,417,424,267,451,395,383,346,282,167,135,318,188,409,409,265,430,375,367,335,278,166,136,309,189,396,391,260,403,352,347,321,270,162,134,296,187,378,367,250,373,325,323,301,257,155,130,280,184,357,340,238,339,296,296,279,242,147,125,261,179,332,311,223,303,265,267,254,223,136,118,240,172,304,279,204,268,234,237,227,200,123,109,218,164,276,246,184,476,415,395,346,269,156,124,318,173,413,429,257,465,405,387,339,264,154,122,312,172,405,419,252,447,389,373,328,257,150,120,303,169,393,403,245,424,369,355,314,249,144,117,290,166,377,383,236,396,345,334,297,237,138,113,276,163,358,359,224,365,319,310,278,224,130,108,259,158,336,331,211,334,290,284,256,208,122,104,241,154,312,303,195,301,261,257,234,192,112,97,222,148,287,273,179,266,231,229,209,173,101,90,202,142,261,242,161,475,413,392,339,259,149,118,313,167,408,426,249,461,401,379,325,246,141,112,301,159,394,413,237,440,383,361,309,231,132,106,287,151,376,395,224,415,361,341,291,218,124,100,271,145,355,372,211,386,336,318,271,204,115,95,254,140,333,346,197,355,309,294,250,190,108,90,237,135,311,319,183,323,281,268,231,175,99,85,220,131,288,290,168,291,252,242,209,160,92,81,202,127,265,262,154,259,225,217,189,145,83,75,185,123,242,234,139,473,412,388,332,250,143,112,307,160,401,424,242,457,398,371,312,227,128,101,290,146,382,409,223,433,377,350,290,206,115,92,271,135,358,387,204,404,352,325,266,188,105,85,250,126,332,360,186,372,324,299,244,171,96,80,233,120,307,332,171,340,296,273,223,156,89,76,215,115,283,303,156,307,268,249,202,144,81,72,198,112,261,275,143,276,240,225,184,131,75,68,182,111,240,247,130,246,213,200,167,120,69,65,167,109,220,220,119,472,409,385,327,242,137,108,302,154,397,422,235,454,394,365,300,212,118,92,280,135,371,404,210,426,371,339,271,183,101,81,256,120,341,379,185,394,343,310,242,159,89,74,233,110,309,349,163,357,311,280,216,141,81,70,212,105,280,316,146,320,281,252,194,128,75,67,193,103,254,284,132,287,252,227,176,117,70,64,178,101,233,254,121,257,225,204,160,107,65,62,164,101,214,229,111,229,200,184,145,100,60,59,151,100,198,204,101,471,409,382,322,235,133,104,298,150,393,421,229,451,392,360,290,198,108,85,272,126,363,401,199,423,367,330,254,162,88,72,244,107,327,374,169,387,337,296,219,133,77,68,218,99,289,340,143,344,300,260,189,114,72,67,194,96,254,302,125,300,264,229,167,105,69,65,175,96,225,264,113,263,234,204,151,98,65,63,160,96,204,234,104,233,208,184,139,92,61,60,148,97,189,208,97,208,186,166,127,86,56,57,138,97,177,187,90,470,409,381,319,231,130,102,296,147,391,420,227,450,391,356,284,189,102,80,267,119,358,399,192,422,366,325,244,146,79,69,237,100,319,371,156,385,335,289,202,111,74,68,209,94,276,336,129,342,298,247,164,98,71,67,184,94,234,296,111,293,257,206,144,94,68,65,163,95,202,252,102,243,217,182,132,89,65,63,147,95,182,214,95,214,193,165,123,85,61,60,137,96,170,191,90,192,174,151,114,80,56,57,128,97,161,173,84,470,409,380,318,229,129,101,295,146,390,420,225,450,391,355,282,185,100,78,265,117,356,399,189,422,366,323,241,139,76,69,234,98,316,370,152,385,334,286,196,100,74,68,206,94,271,335,123,341,297,244,148,97,71,67,181,94,229,294,105,292,256,199,131,93,68,65,159,95,194,249,97,240,212,171,124,89,65,63,142,95,173,206,93,206,188,156,117,85,61,60,132,96,163,183,88,186,170,144,110,80,56,57,125,97,155,167,82]}