{"c":"23232","n":"函館","la":41.81666666666667,"lo":140.75333333333333,"e":35,"t":[-2.6,-2.0,1.4,7.2,11.9,15.7,19.6,21.9,18.3,12.1,5.6,0.0],"s":[70,79,33,1,0,0,0,0,0,0,4,28],"i":[490,426,409,377,322,208,173,354,227,444,442,302,483,422,411,393,353,236,199,369,256,455,438,327,465,409,404,399,376,258,221,377,281,455,426,344,438,388,390,397,390,274,238,377,300,447,405,354,405,361,369,386,394,284,250,369,313,430,378,355,365,328,340,367,389,287,256,354,320,404,344,348,319,290,306,340,375,283,256,332,319,370,305,332,270,249,266,305,351,272,250,303,312,329,261,310,218,206,223,265,319,254,239,269,298,283,216,280,490,426,408,377,321,206,172,353,225,443,442,301,482,421,409,391,351,231,197,367,254,453,438,325,465,409,404,398,373,252,218,375,278,455,426,341,440,388,390,395,385,269,235,375,296,446,405,350,407,362,368,384,389,277,246,366,308,429,379,350,367,329,340,365,383,279,250,351,313,403,346,342,322,292,306,338,368,275,250,329,313,370,307,327,274,252,268,305,344,263,244,301,305,330,265,304,225,210,225,266,312,246,233,268,291,285,220,275,490,426,407,374,317,202,169,350,222,441,441,298,482,421,409,387,343,225,191,363,247,450,437,318,466,408,401,392,361,242,209,369,267,450,425,332,442,389,389,389,372,254,223,367,283,442,405,338,409,363,368,377,373,261,231,359,292,425,380,337,373,332,341,358,366,261,236,343,296,399,348,328,331,296,309,332,350,254,234,321,294,368,312,312,286,259,272,300,325,243,227,294,285,330,272,290,240,220,234,263,294,225,215,263,271,288,231,261,488,425,405,370,311,197,164,347,217,438,440,292,480,419,405,379,331,215,181,356,236,444,434,308,465,407,398,382,345,227,195,359,252,442,423,318,443,388,384,377,351,235,204,355,263,433,405,321,413,363,365,365,349,238,211,346,269,416,380,318,378,333,339,346,341,236,212,330,270,392,350,308,340,301,309,321,324,229,209,309,266,362,317,291,298,265,275,292,300,216,200,283,257,327,279,269,256,229,240,257,272,199,188,254,244,289,242,242,488,424,403,365,302,190,157,342,209,433,438,286,480,417,400,370,316,200,169,346,223,434,432,296,463,404,392,369,323,209,178,346,233,430,420,300,441,385,378,362,325,213,184,340,238,420,401,300,413,361,358,348,321,212,185,329,241,401,378,294,381,334,334,330,309,206,184,313,240,380,350,282,344,302,305,306,293,199,179,292,234,351,317,266,307,269,275,278,271,186,171,268,225,320,284,245,268,236,242,248,245,170,159,242,213,285,248,221,487,422,400,359,293,182,150,336,200,426,436,278,476,413,394,358,298,187,156,335,206,425,428,281,459,400,384,352,299,188,159,330,211,416,415,280,438,381,369,342,294,188,160,321,212,403,396,275,409,357,349,328,287,184,158,308,210,385,372,266,380,330,324,308,274,176,155,292,206,362,345,252,346,301,298,286,258,168,149,272,200,336,315,237,309,269,269,260,239,156,141,250,193,306,282,218,273,238,239,233,215,141,130,225,183,276,250,197,484,421,396,352,282,174,143,329,192,421,434,269,473,409,387,345,278,171,141,323,190,413,424,265,455,394,374,334,271,167,139,313,188,400,408,258,432,374,356,320,263,161,136,301,184,383,387,248,404,350,336,303,250,155,132,286,180,363,363,236,373,323,312,284,238,147,126,268,175,340,336,223,341,294,285,261,220,137,121,249,170,314,307,206,307,265,259,239,204,127,113,229,162,288,277,190,272,235,231,213,184,114,105,208,155,260,246,171,483,419,392,344,272,165,135,323,183,415,430,260,469,405,380,331,258,155,127,310,174,400,418,248,448,388,362,314,243,145,120,295,165,381,399,234,422,365,342,296,227,136,112,279,158,360,376,220,393,340,319,276,214,127,108,261,152,337,351,206,362,313,295,254,199,119,101,243,146,313,323,191,329,284,270,235,184,109,96,225,141,289,294,176,297,256,243,213,169,101,91,206,136,264,265,161,265,227,219,193,153,92,84,188,131,240,237,146,482,417,388,338,261,157,128,316,175,409,429,252,465,401,372,317,238,140,112,298,158,387,413,231,440,381,350,294,215,125,102,277,144,362,391,211,411,356,326,270,195,112,93,256,134,335,364,193,378,328,300,248,177,103,87,237,127,309,335,176,345,299,274,225,162,95,82,218,122,283,306,161,312,271,249,206,149,87,78,200,118,260,277,148,280,243,225,187,136,81,74,184,114,238,250,135,250,216,202,169,125,74,70,169,112,216,223,123,480,415,385,332,252,150,121,311,168,403,426,245,461,399,365,304,219,126,101,286,144,376,408,217,434,375,339,274,189,107,86,261,125,344,383,190,400,346,310,245,163,93,78,236,113,311,352,167,362,314,279,218,143,84,73,213,107,279,318,148,325,283,250,196,130,78,70,194,104,252,286,134,291,254,227,177,119,72,67,178,103,229,257,123,260,227,204,162,109,68,64,164,102,209,229,112,231,202,184,146,102,63,62,151,101,192,206,104,479,413,383,327,245,145,115,306,162,399,426,239,459,397,360,294,204,114,91,277,132,367,405,204,430,371,330,257,165,91,74,247,110,329,377,171,393,339,295,221,134,78,69,219,99,289,342,144,348,302,259,189,114,73,68,194,96,250,303,125,302,265,227,167,104,69,66,174,96,221,265,113,265,234,202,151,97,66,64,158,96,199,234,105,235,209,182,139,91,62,63,146,97,183,209,97,210,187,165,127,86,59,60,136,97,169,187,91,479,413,381,324,240,141,112,304,158,397,425,235,458,396,356,288,194,107,84,271,124,362,403,196,429,370,325,246,147,80,70,238,100,320,374,158,391,338,287,202,109,74,69,209,93,274,339,128,346,300,245,163,95,72,68,183,94,229,297,110,295,257,204,142,91,69,66,161,94,196,252,101,244,217,179,131,87,66,64,144,95,174,213,95,214,193,163,122,83,62,63,134,96,162,190,89,192,174,150,113,79,59,60,126,97,151,172,84,479,413,380,323,239,140,112,303,157,396,424,234,458,395,355,286,189,104,82,269,121,360,403,193,429,370,323,243,138,76,70,235,98,317,374,152,390,337,285,196,96,74,69,204,93,268,337,122,346,299,242,146,93,72,68,179,94,223,296,104,295,257,196,128,90,69,66,157,94,187,249,96,240,211,167,122,87,66,64,139,95,164,206,92,204,187,154,115,83,62,63,129,96,153,182,87,185,169,142,109,79,59,60,122,97,145,165,82]}