{"c":"23376","n":"松前","la":41.42333333333333,"lo":140.08666666666667,"e":30,"t":[-0.7,-0.4,2.7,7.9,12.1,16.2,20.1,22.7,19.5,13.9,7.5,2.0],"s":[79,89,63,8,0,0,0,0,0,0,0,21],"i":[490,445,449,393,301,158,106,327,146,418,462,284,482,440,451,409,327,173,114,336,155,426,458,303,465,426,446,416,346,185,121,337,162,426,445,315,438,404,430,413,357,192,125,332,167,417,424,321,405,375,405,401,359,196,126,321,169,401,395,319,365,340,373,381,353,195,125,304,169,378,359,310,318,300,334,353,339,190,123,281,166,347,317,294,269,256,289,317,317,180,117,254,160,311,271,271,218,211,240,275,287,167,110,222,153,271,223,243,490,445,449,392,300,158,106,327,145,417,462,283,482,438,451,407,325,172,113,335,154,425,458,301,465,426,445,413,343,183,120,336,161,425,445,313,438,404,430,411,353,190,123,331,165,416,424,318,405,376,405,400,354,193,125,319,167,400,396,315,367,342,374,379,348,192,124,302,166,377,361,306,321,302,335,352,333,186,121,280,163,347,320,290,274,260,292,316,310,177,114,252,158,312,275,268,225,216,245,275,281,164,108,223,150,272,227,240,490,445,448,389,296,156,105,325,144,416,461,280,482,438,450,403,318,168,112,332,151,422,457,296,465,425,443,407,333,177,117,332,157,421,445,306,441,405,429,404,341,183,119,327,160,412,425,309,409,377,405,392,340,184,120,315,162,396,397,306,372,345,376,372,332,182,119,298,160,373,364,295,330,307,340,345,317,176,114,277,157,345,326,279,285,268,299,312,294,166,110,250,151,311,284,257,240,227,254,272,265,153,102,222,144,275,241,229,488,444,446,385,291,153,103,323,142,413,459,276,480,437,447,395,308,162,109,327,148,417,455,288,465,424,440,398,319,169,112,326,152,413,443,295,442,404,424,392,323,172,112,319,153,404,423,295,412,378,403,380,319,171,112,307,153,389,398,290,377,347,374,360,310,167,110,291,151,366,366,279,339,313,341,333,294,160,106,270,147,340,331,262,297,276,303,302,271,150,100,246,141,309,292,241,254,237,264,266,245,137,93,219,133,275,252,216,488,442,443,379,283,149,101,319,140,409,458,271,479,434,441,385,295,154,104,321,143,409,451,278,463,421,433,383,300,158,106,317,145,404,438,280,440,401,418,376,300,158,105,309,144,393,420,278,413,376,396,362,294,155,103,296,143,377,395,270,380,347,370,343,283,150,100,280,140,356,366,258,343,315,338,317,267,142,95,260,135,330,332,242,306,280,304,289,246,131,89,237,128,302,297,222,267,245,267,257,222,119,81,213,121,272,260,199,487,441,438,373,275,144,99,315,137,404,455,264,476,432,434,373,279,146,99,313,137,401,447,266,459,417,423,367,279,145,99,306,137,392,433,263,437,397,407,356,273,143,97,296,135,379,413,257,409,372,385,341,265,138,93,283,131,362,389,248,379,344,359,320,252,131,89,266,127,341,360,234,345,313,330,297,237,123,84,247,122,318,329,219,308,281,298,270,218,112,78,225,115,291,296,200,272,248,265,242,196,101,71,204,110,264,262,180,484,438,434,365,266,139,96,311,134,399,453,257,473,428,426,359,262,137,94,304,131,391,442,252,455,411,411,348,254,132,91,294,128,378,426,245,430,390,392,332,246,127,88,282,125,363,404,235,403,365,370,315,233,121,84,267,120,344,379,223,372,337,345,295,221,112,79,250,115,323,351,210,340,307,315,271,204,105,74,231,111,300,321,193,306,277,287,248,188,96,68,212,105,276,290,177,271,245,256,222,169,86,62,192,100,250,257,159,483,437,430,358,257,134,93,306,131,394,450,250,469,424,417,344,244,127,89,295,126,381,437,238,448,405,398,327,229,120,84,281,120,363,417,225,422,381,375,307,216,112,80,266,114,344,393,212,393,354,351,287,202,104,75,249,111,322,366,198,361,326,325,265,187,97,70,231,106,301,337,183,328,296,297,244,173,89,66,214,101,279,307,168,296,266,269,221,158,81,61,196,97,256,277,153,264,238,242,200,143,73,55,178,93,234,248,138,482,434,426,351,248,129,91,302,128,389,448,243,465,420,408,329,227,118,84,287,120,370,430,225,441,397,384,305,206,108,78,269,112,348,407,206,411,371,356,280,187,98,73,250,107,323,379,189,379,341,328,257,171,90,69,231,102,299,349,172,345,311,300,234,155,83,64,213,98,276,319,158,312,282,273,213,143,76,60,196,94,254,289,144,280,252,247,193,130,70,56,179,91,235,260,131,250,225,222,175,119,63,52,164,88,215,231,119,480,433,423,345,241,125,89,298,125,385,445,237,462,416,400,316,212,110,80,279,115,361,426,213,434,391,370,285,184,97,73,257,107,333,399,188,400,360,337,252,160,86,68,234,100,303,366,167,363,327,303,225,142,79,64,213,96,275,331,149,325,294,272,202,128,73,61,194,93,250,297,134,291,263,245,183,117,68,56,177,91,229,267,123,260,235,221,166,107,63,54,163,88,211,239,112,231,210,199,151,99,56,50,149,86,195,214,102,479,432,420,340,235,122,87,295,124,381,444,231,459,413,393,305,199,104,77,273,112,354,422,202,430,387,359,267,164,88,69,247,102,321,392,173,394,353,320,227,135,78,66,221,96,286,356,147,350,314,279,195,117,73,63,197,94,252,314,128,304,275,243,172,106,69,60,176,92,225,274,115,266,242,216,155,99,65,56,160,90,204,241,106,236,215,194,142,92,60,54,148,88,189,215,98,210,193,176,130,86,55,50,137,86,176,193,91,479,432,418,337,231,120,86,294,123,379,443,229,459,413,389,299,190,99,75,269,109,350,420,196,430,386,353,254,148,81,68,241,99,314,389,162,392,351,310,209,113,76,66,213,94,274,351,133,348,311,262,167,100,73,63,187,93,235,307,112,298,267,214,145,95,69,60,164,91,204,259,103,246,223,187,134,91,65,56,147,90,184,219,96,215,198,169,124,86,60,54,136,88,172,194,90,193,178,156,117,81,55,50,127,86,162,176,84,479,432,417,336,229,120,86,293,122,379,443,227,459,413,388,297,186,98,74,267,109,348,420,194,430,386,350,252,142,79,68,239,98,312,388,157,392,351,307,202,102,76,66,211,94,271,350,127,348,311,258,150,99,73,63,184,93,231,306,107,298,266,206,130,95,69,60,161,91,197,256,98,243,218,172,124,91,65,56,142,90,175,211,93,206,191,158,118,86,60,54,132,88,165,186,88,187,173,146,111,81,55,50,124,86,158,169,82]}