{"c":"24051","n":"今金","la":42.428333333333335,"lo":140.00833333333333,"e":19,"t":[-3.7,-3.1,0.1,5.8,10.8,15.1,19.1,21.1,16.8,10.5,4.2,-1.3],"s":[97,100,88,15,0,0,0,0,0,0,5,59],"i":[475,409,400,381,281,145,104,316,148,419,428,269,468,405,401,397,305,159,111,324,158,428,425,287,451,393,396,404,322,169,117,327,167,429,413,298,428,375,382,403,332,175,122,323,173,422,395,303,396,349,361,392,334,178,124,313,176,407,369,302,359,319,334,373,329,177,125,298,178,385,337,293,315,284,301,346,316,173,123,278,176,357,300,278,268,245,263,311,296,165,120,252,172,322,259,257,220,204,222,271,269,153,113,224,166,284,215,231,475,409,399,380,280,145,103,315,147,418,428,268,468,405,401,395,303,158,111,323,157,426,425,285,451,393,395,401,319,167,115,326,165,428,413,296,428,374,381,400,328,173,121,322,171,421,395,301,397,350,361,390,330,176,123,312,175,405,369,298,360,320,334,371,324,175,123,297,176,384,338,290,317,285,301,344,310,170,121,277,174,356,301,275,272,248,264,311,290,162,118,252,170,323,261,254,225,208,224,271,263,150,112,224,163,285,219,227,475,409,398,377,277,143,102,314,146,416,426,266,467,404,399,391,296,154,109,321,155,423,424,281,451,392,393,396,310,162,113,322,162,423,412,290,429,374,380,393,317,167,117,317,167,416,394,293,400,350,360,382,317,168,119,307,169,401,370,289,364,321,334,363,310,166,118,292,169,380,340,280,324,288,302,337,295,161,115,273,167,354,305,265,282,252,267,305,274,152,112,249,163,322,267,244,238,216,229,267,248,141,107,223,156,287,227,219,474,408,396,373,271,141,101,311,144,413,426,262,466,403,396,383,287,149,106,316,151,418,422,273,451,390,389,386,297,154,109,315,156,416,409,279,429,372,375,381,300,157,111,310,159,408,392,279,401,349,356,369,298,157,112,299,160,394,369,275,368,321,330,351,289,153,111,284,159,373,340,264,331,290,302,325,274,147,108,265,156,348,308,249,291,257,268,296,252,138,104,243,152,319,272,229,250,223,234,261,229,126,98,218,145,287,236,204,472,407,394,368,265,137,99,308,142,409,424,256,463,400,391,373,275,142,102,310,146,411,418,263,449,388,383,372,279,145,103,307,149,405,405,265,426,369,368,365,280,145,104,299,150,396,388,263,401,346,348,352,274,142,103,288,149,381,365,256,369,320,325,333,264,138,101,273,147,362,338,245,334,290,296,309,249,131,97,254,144,338,307,229,298,259,267,281,229,121,93,234,139,312,275,211,260,227,235,250,206,110,88,211,133,282,241,189,471,405,391,361,257,133,96,304,138,404,422,250,461,397,385,361,260,134,97,302,140,401,413,252,445,383,374,355,260,134,97,296,140,394,401,250,424,365,359,345,254,131,96,287,139,382,382,244,397,342,339,331,247,127,94,274,137,366,359,235,367,316,315,311,235,121,91,259,134,346,333,222,334,288,289,289,221,113,87,242,130,325,304,208,299,258,261,262,202,105,82,222,126,299,273,190,264,227,231,236,183,94,78,202,121,274,241,171,469,404,387,354,249,128,94,300,135,399,420,244,458,394,378,347,245,126,92,294,133,391,409,239,440,378,365,337,238,122,90,284,131,380,394,231,417,359,347,322,229,117,88,273,128,365,374,223,390,335,326,305,218,112,85,259,125,347,351,212,360,309,303,286,206,105,81,243,122,327,324,199,329,282,277,263,191,98,78,225,118,306,296,184,296,254,250,241,175,90,73,208,113,284,267,169,262,225,223,215,158,81,69,190,110,261,237,151,467,401,384,347,241,124,91,295,132,394,418,237,454,390,371,333,229,118,88,285,127,381,405,225,433,372,354,316,216,111,84,272,122,364,386,214,408,351,333,297,202,104,80,257,118,345,364,200,380,326,311,278,190,97,77,242,113,325,339,188,349,300,287,256,176,91,73,225,111,305,312,174,317,273,262,237,162,83,70,209,108,285,284,161,286,245,236,215,148,77,67,193,104,264,256,147,254,218,212,194,134,69,63,176,101,244,227,132,466,400,380,340,233,120,89,291,129,389,415,231,449,386,364,319,213,110,83,276,121,370,400,214,426,366,342,295,194,100,78,259,113,348,378,196,397,342,318,271,176,92,74,242,109,325,352,180,366,315,293,248,161,85,71,224,105,302,325,165,334,288,267,227,147,79,68,208,102,280,296,151,302,261,243,206,135,73,65,192,100,260,269,138,271,234,220,188,123,67,63,177,97,242,242,126,242,208,197,170,112,61,60,163,96,224,215,113,463,399,377,334,225,115,87,287,126,384,413,225,446,383,357,306,199,103,80,269,115,361,396,202,420,361,332,275,173,91,74,248,108,333,371,180,387,334,303,245,151,82,70,227,102,304,341,160,351,303,274,218,135,76,67,206,98,278,310,143,316,274,247,196,122,71,65,190,96,254,279,130,283,246,223,177,112,66,63,175,95,236,250,119,252,220,200,162,103,61,61,162,94,219,225,109,225,196,180,147,95,56,59,149,93,204,200,99,463,398,375,329,220,113,86,284,124,381,412,221,444,381,352,295,187,97,77,263,112,353,392,193,416,358,324,257,155,84,70,239,102,321,366,165,381,328,290,220,129,76,68,215,97,287,333,142,339,293,256,189,112,71,67,193,95,254,296,125,296,259,225,167,104,68,65,174,94,229,260,112,260,229,200,151,96,64,63,160,94,211,229,104,231,204,181,139,90,59,61,148,93,197,206,96,206,183,164,128,84,55,59,138,92,186,185,89,463,397,373,326,216,112,85,283,123,379,411,218,443,380,349,288,179,93,75,259,109,349,391,187,415,356,319,246,141,78,69,233,99,314,363,155,379,326,283,200,111,74,68,206,95,275,329,129,337,290,243,162,100,71,67,183,94,238,290,111,289,250,204,142,95,68,65,163,94,209,248,101,241,215,181,131,90,64,63,148,93,191,212,95,212,191,164,122,85,59,61,138,93,181,189,89,191,173,150,114,80,55,59,130,92,173,171,83,463,397,373,325,215,111,84,282,122,378,411,217,443,380,348,286,176,92,74,258,108,348,390,185,415,356,317,243,135,77,69,231,98,312,363,151,379,325,281,195,102,74,68,204,95,271,328,124,336,290,240,144,99,71,67,180,94,233,289,105,288,250,197,129,94,68,65,159,94,202,245,97,237,209,170,123,90,64,63,143,93,183,204,92,204,186,156,115,85,59,61,134,93,174,183,87,185,168,144,109,80,55,59,127,92,168,166,81]}