{"c":"24101","n":"奥尻","la":42.248333333333335,"lo":139.55666666666667,"e":5,"t":[-1.8,-1.3,1.8,6.9,11.1,15.4,19.4,21.9,18.5,12.6,6.0,0.5],"s":[69,74,1,0,0,0,0,0,0,0,0,0],"i":[505,463,447,386,273,148,105,327,141,426,472,269,499,458,451,401,295,162,113,335,151,434,469,286,480,443,445,409,311,172,120,336,158,434,455,297,454,421,430,408,319,178,125,331,163,424,434,302,419,391,405,397,321,181,126,319,165,405,405,300,378,355,374,377,315,180,126,301,164,379,369,291,330,313,336,350,302,175,122,277,161,345,326,276,279,267,291,315,282,167,117,248,155,304,279,254,225,219,243,274,256,155,109,216,147,259,229,227,505,463,447,385,271,147,105,327,141,425,472,268,498,457,450,400,293,160,112,334,150,433,469,285,480,443,445,407,308,170,119,335,157,433,455,295,455,421,429,405,316,176,123,329,161,423,434,299,421,392,405,394,316,179,125,317,163,404,405,296,380,356,375,375,310,177,124,300,162,378,371,288,333,315,337,348,297,172,120,276,159,344,328,272,284,271,294,314,277,164,114,248,153,305,283,252,231,224,247,274,250,152,106,216,145,261,235,225,505,462,446,382,269,146,104,325,140,423,471,265,498,457,449,396,287,157,111,331,148,430,468,280,482,443,442,401,299,165,115,331,153,428,455,288,457,422,428,398,305,170,119,325,156,418,436,291,424,394,405,387,304,171,120,313,157,400,408,288,386,360,376,367,297,169,118,295,156,374,374,278,342,321,341,341,282,163,113,273,152,343,334,262,296,279,300,309,262,154,108,246,146,305,292,242,248,237,257,270,237,142,100,216,138,264,247,216,505,461,444,378,264,143,102,322,138,420,470,262,497,455,445,388,278,151,107,327,144,424,466,272,480,442,438,391,287,157,111,325,148,421,454,278,457,421,423,386,289,160,112,318,149,409,434,278,426,394,401,374,286,159,112,306,149,392,408,273,391,362,374,355,277,155,109,288,146,367,375,263,351,327,341,329,263,149,104,266,142,337,340,247,308,288,303,299,242,139,98,241,135,302,300,227,264,248,265,263,219,127,90,213,127,264,259,202,504,459,441,372,258,139,100,319,135,416,468,256,495,451,438,378,267,144,103,320,139,417,462,263,479,438,430,377,270,147,104,316,140,411,449,265,455,418,416,370,270,147,104,308,140,398,430,262,426,392,394,356,264,144,102,294,138,380,405,254,394,363,369,337,252,139,98,277,134,356,375,243,356,329,337,313,239,132,93,256,129,327,340,227,317,293,304,285,219,122,86,233,122,296,304,209,277,256,267,252,198,110,78,206,114,260,267,187,501,458,437,366,250,135,97,315,132,411,466,250,492,449,432,365,252,136,97,312,133,407,458,252,475,434,421,360,252,136,97,305,132,398,443,249,451,413,405,349,247,133,94,295,130,383,423,243,424,388,384,335,239,129,91,281,126,364,398,234,392,358,357,314,227,122,86,263,122,340,369,221,357,327,329,292,212,114,81,243,115,313,338,206,319,293,297,265,195,105,74,221,110,283,303,188,282,258,264,238,175,94,66,198,103,252,268,169,500,455,433,358,243,130,94,310,129,405,463,244,488,444,423,351,238,128,92,304,127,396,451,239,469,426,409,340,231,124,89,293,124,382,434,231,445,405,390,326,223,119,85,280,120,365,413,223,416,379,368,308,212,112,81,264,114,344,388,211,384,350,342,289,199,106,75,247,110,320,359,198,351,319,314,266,184,98,70,227,105,294,328,183,316,288,285,243,169,90,63,206,98,267,296,167,280,256,254,218,152,80,56,186,93,238,264,150,498,453,428,351,235,126,91,306,126,400,459,237,483,438,413,337,223,119,86,294,121,385,446,225,462,419,395,319,211,112,81,280,114,366,425,214,434,395,372,301,197,105,76,264,110,344,401,200,404,367,348,281,185,98,71,247,105,321,373,188,372,338,322,259,171,91,66,227,100,296,344,174,338,308,295,239,158,83,61,210,95,271,314,160,305,277,267,217,144,76,55,191,90,245,283,146,272,247,240,195,130,68,49,172,85,220,252,131,496,451,423,344,227,122,88,301,123,394,457,231,479,434,404,322,209,111,81,286,114,374,438,214,453,411,380,298,190,102,75,267,108,349,415,197,422,383,353,274,174,93,69,248,102,322,386,180,389,353,325,250,159,85,64,227,96,295,355,165,355,322,297,229,145,79,59,209,92,269,324,151,321,291,270,209,133,72,55,191,88,245,294,138,288,262,245,189,121,66,50,174,84,221,265,125,257,233,220,172,110,60,45,157,80,199,237,113,495,450,420,337,221,118,86,298,121,389,455,225,475,430,396,309,196,104,77,278,111,363,434,202,446,404,367,278,171,92,69,254,102,333,405,180,409,371,333,247,150,83,64,231,95,300,372,160,371,336,300,220,134,76,60,210,91,269,336,143,333,302,269,197,122,70,56,190,87,241,301,130,298,270,243,178,112,65,52,173,84,217,270,119,266,242,219,163,102,60,47,157,81,196,242,108,238,216,197,148,94,55,43,143,78,177,217,99,494,449,417,333,216,114,84,295,119,386,453,221,473,428,390,298,185,98,73,271,107,356,430,194,442,399,355,260,154,84,65,245,97,319,399,166,403,363,315,223,130,76,62,219,91,281,361,143,356,321,275,191,113,71,59,194,88,243,317,125,309,280,240,168,104,67,55,172,85,213,276,112,270,247,213,152,97,63,51,155,83,190,243,104,240,220,192,140,91,57,47,141,80,172,217,96,214,197,175,128,84,54,43,129,78,156,195,89,494,448,415,329,212,112,83,293,118,384,451,218,472,426,386,292,177,94,71,268,104,351,428,188,441,398,349,248,141,78,64,239,94,312,396,156,401,361,306,202,112,74,62,211,89,268,356,130,354,319,258,163,101,71,59,184,88,225,310,112,301,271,211,142,96,67,55,160,85,191,261,102,248,227,185,132,91,63,51,141,83,168,220,95,218,200,168,123,86,57,47,129,80,153,196,89,196,182,155,114,80,54,43,120,78,141,178,83,494,448,413,329,211,112,82,292,117,383,451,218,472,426,384,290,174,93,70,267,103,350,428,186,441,398,347,245,136,77,64,238,93,310,395,152,401,361,303,197,104,74,62,208,89,264,355,125,354,319,254,145,100,71,59,181,88,220,309,105,301,271,202,129,96,67,55,156,85,183,258,97,244,221,171,123,91,63,51,137,83,159,212,92,210,195,157,115,86,57,47,125,80,146,187,87,190,177,146,110,80,54,43,115,78,136,171,81]}