{"c":"24217","n":"江差","la":41.86666666666667,"lo":140.12333333333333,"e":4,"t":[-0.8,-0.5,2.6,7.6,11.8,16.0,20.0,22.5,19.1,13.4,7.2,1.7],"s":[45,61,16,0,0,0,0,0,0,0,0,17],"i":[496,443,441,391,295,153,103,325,142,421,459,280,488,438,444,407,320,168,111,334,151,429,457,298,471,425,437,415,339,179,117,335,158,429,444,311,444,403,422,413,350,186,120,330,162,419,423,316,409,375,399,401,352,189,122,319,164,401,395,314,370,340,367,381,346,188,121,301,163,376,359,305,323,300,329,353,333,183,118,277,160,343,318,290,273,257,286,318,311,174,112,249,153,304,272,268,221,212,238,276,283,162,106,217,145,260,224,240,496,443,441,390,294,153,103,325,141,420,459,279,488,438,443,405,318,167,110,333,150,428,455,297,471,424,437,413,336,177,115,334,157,428,444,309,445,403,422,411,346,184,119,329,161,418,423,313,412,375,399,399,347,186,120,317,163,400,395,311,372,342,368,379,341,185,119,300,161,375,361,302,326,302,331,352,327,180,115,277,157,343,320,286,278,261,288,317,305,171,111,249,151,304,275,264,227,217,242,276,276,158,104,217,142,262,229,237,496,443,438,388,290,151,102,323,140,418,459,276,487,437,442,401,312,163,108,330,148,425,455,292,471,424,434,405,326,172,112,330,153,423,443,301,447,404,421,404,334,177,115,325,156,413,424,305,415,377,398,392,334,178,115,313,157,396,397,301,377,344,369,372,326,176,113,295,155,371,364,291,334,307,334,345,311,170,111,273,151,341,325,275,289,268,294,312,289,160,105,247,144,304,284,254,243,227,252,273,261,148,98,217,135,265,241,227,495,442,437,383,285,148,100,321,138,415,458,272,487,436,438,393,302,157,105,325,144,419,453,284,470,422,430,396,312,163,108,324,148,416,441,291,447,403,416,391,316,166,110,317,149,405,422,291,418,377,395,379,313,166,109,305,149,388,397,286,382,346,367,360,304,162,106,288,146,364,365,275,344,312,335,333,289,155,102,266,141,335,330,259,301,275,298,303,267,145,96,241,134,301,292,238,259,238,260,267,241,132,89,214,125,265,252,213,493,440,434,378,278,144,98,317,136,411,455,267,484,433,432,383,289,150,101,319,139,412,450,274,469,420,424,382,294,153,102,315,141,405,438,276,446,400,409,375,294,153,102,307,140,394,418,274,418,375,388,361,288,150,100,294,138,376,394,266,385,346,362,342,277,145,96,277,134,353,365,254,348,314,331,317,262,137,92,256,128,325,331,239,310,280,298,289,241,127,85,233,121,295,296,219,271,245,262,257,218,114,78,208,112,261,259,197,492,438,430,371,270,140,96,313,133,405,454,260,482,430,426,371,273,141,96,311,133,401,446,262,465,415,415,365,273,141,95,304,132,393,432,260,442,395,399,354,268,138,94,294,130,379,412,252,413,371,377,340,260,134,90,280,126,360,388,244,384,342,352,319,247,127,86,262,122,337,359,231,349,312,324,297,231,119,81,243,115,312,328,216,312,280,292,269,213,110,75,221,109,282,295,197,276,247,260,242,192,98,68,198,101,252,261,177,490,437,426,364,261,135,93,309,129,401,451,252,478,426,418,357,256,132,91,302,127,392,441,248,459,409,403,346,249,128,89,292,124,379,424,241,436,388,385,331,241,123,85,279,120,361,403,231,408,363,363,313,229,117,81,263,114,341,378,220,376,335,337,294,216,110,76,246,110,318,350,206,344,306,309,270,200,102,71,227,104,293,319,191,310,275,281,247,184,93,65,206,97,266,289,175,274,244,250,221,166,83,59,186,91,239,256,157,488,434,422,356,252,130,91,304,126,395,449,246,474,422,409,342,239,123,86,293,121,381,434,235,453,403,390,325,225,115,82,279,115,362,415,222,426,379,368,306,211,109,77,263,110,341,391,209,397,353,343,285,198,101,73,246,105,319,364,195,365,325,318,263,184,94,68,227,99,295,336,180,332,295,291,243,170,86,63,209,94,270,306,166,299,265,263,221,155,79,57,190,88,246,276,151,267,237,236,199,140,71,53,172,83,221,247,137,487,433,418,349,243,126,88,300,123,390,446,239,469,417,400,327,223,114,82,284,114,370,429,221,445,395,376,303,202,105,76,266,108,346,405,202,415,369,349,278,184,96,71,246,101,320,377,186,382,340,321,254,168,88,66,227,96,294,348,170,348,310,294,233,153,81,62,208,91,269,317,156,315,280,267,212,141,74,57,190,86,245,288,142,283,252,242,193,128,68,53,173,82,223,259,129,252,224,217,174,117,62,49,157,77,200,231,118,484,430,413,343,236,122,86,296,121,385,444,233,466,413,392,314,206,107,78,276,110,360,424,210,438,389,363,283,180,94,71,252,101,330,397,186,404,358,331,250,157,85,66,229,94,298,364,164,365,325,298,223,139,78,62,208,89,268,329,147,328,292,268,200,126,72,59,189,85,242,296,133,294,262,241,181,115,67,55,172,82,219,266,121,262,234,217,165,106,61,52,156,78,198,238,111,234,209,196,150,98,56,48,142,75,179,213,101,484,430,412,338,229,119,85,293,119,381,442,229,463,411,386,303,195,101,75,270,106,352,420,200,434,385,352,265,161,86,67,244,96,317,391,170,397,351,314,225,133,77,64,217,90,280,354,145,352,312,274,194,114,72,61,192,86,244,313,127,306,273,240,171,105,68,57,171,83,214,273,114,268,241,213,154,98,64,55,154,80,192,240,105,237,215,192,141,92,59,52,141,77,175,215,97,212,192,174,130,86,55,48,129,74,160,193,90,484,430,409,335,225,117,83,291,118,379,441,225,463,409,382,296,186,97,72,266,104,348,418,193,433,383,346,252,145,80,66,237,93,310,388,159,395,349,305,206,112,75,64,209,88,267,350,131,350,309,258,166,100,72,61,182,85,225,306,112,298,265,212,144,95,68,57,159,83,193,258,102,246,223,186,133,90,64,55,141,80,171,218,96,216,197,169,124,85,59,52,129,77,157,194,90,194,178,155,115,81,55,48,120,74,145,176,84,484,430,409,334,225,115,83,290,117,379,441,225,463,409,380,294,183,95,72,264,103,346,418,191,433,383,344,249,139,78,66,235,92,307,387,155,395,349,302,200,102,75,64,206,88,263,348,126,349,309,254,148,98,72,61,179,85,221,304,106,298,264,202,130,94,68,57,155,83,185,254,97,243,217,172,124,90,64,55,136,80,162,211,93,208,191,158,117,85,59,52,125,77,150,186,87,188,173,146,111,81,55,48,115,74,140,169,82]}