{"c":"31001","n":"大間","la":41.526666666666664,"lo":140.91166666666666,"e":14,"t":[-0.3,-0.1,2.7,7.4,11.2,14.7,18.6,21.5,19.0,13.7,7.6,2.3],"s":[30,48,16,0,0,0,0,0,0,0,0,5],"i":[500,454,447,396,313,177,117,343,163,447,467,295,492,449,450,413,341,196,127,354,176,458,463,317,475,434,443,420,362,211,136,357,187,458,451,331,447,412,428,418,374,222,141,352,194,448,429,338,413,382,404,405,377,227,144,341,198,429,400,337,372,347,372,386,372,227,144,323,197,401,363,328,324,305,333,357,357,223,141,298,193,367,321,312,273,261,288,321,334,213,135,268,185,324,274,289,221,214,240,278,303,198,126,234,174,277,225,260,501,454,447,395,312,176,115,343,162,447,467,294,492,448,450,411,339,194,126,352,175,455,463,315,475,434,443,418,359,208,134,355,185,457,451,329,449,412,428,416,370,218,140,351,192,447,429,335,413,383,404,404,373,223,142,339,195,428,400,333,374,348,373,384,366,223,142,321,194,401,365,324,327,308,334,356,351,217,138,297,190,367,323,308,278,264,291,321,328,206,132,267,182,325,278,285,227,219,244,279,297,192,123,234,171,279,229,256,500,454,446,393,308,173,114,341,160,445,467,291,492,448,448,407,332,189,124,349,172,453,463,309,475,434,442,412,348,200,130,351,180,451,450,320,450,413,426,409,357,208,135,346,186,443,430,325,418,385,404,397,358,211,136,334,188,425,401,322,379,352,374,377,350,209,135,316,186,398,368,312,336,313,339,349,334,202,131,293,181,365,329,296,290,273,298,316,310,192,124,265,172,326,287,273,244,231,254,276,280,177,115,233,161,283,243,245,500,453,444,389,302,169,112,338,158,442,465,287,491,446,445,399,321,181,120,344,166,447,461,300,475,432,438,401,333,190,124,343,172,445,448,308,451,412,423,397,338,194,126,337,176,434,429,310,421,386,401,384,336,195,126,325,176,416,403,305,385,354,373,365,327,191,124,307,173,391,371,294,346,319,340,338,310,184,119,285,166,360,335,277,303,281,302,307,287,173,112,258,158,324,295,256,260,242,263,270,259,158,103,229,147,285,254,229,499,451,441,383,294,164,110,334,154,437,463,280,490,444,438,389,307,172,113,336,159,438,458,289,473,430,430,388,313,176,115,333,163,434,445,292,450,409,416,381,314,178,115,325,163,421,425,291,422,384,394,367,309,175,113,312,161,403,400,284,389,355,368,347,297,170,111,294,157,379,371,271,351,321,337,322,281,162,105,273,150,349,336,254,313,286,303,293,260,150,98,248,141,317,301,234,273,250,267,261,235,136,89,221,130,281,263,211,497,449,438,376,285,158,106,329,150,432,461,273,487,440,433,376,290,161,108,327,151,428,453,276,470,425,422,370,290,161,107,321,151,419,438,274,447,405,405,360,285,159,105,310,149,405,419,268,419,380,384,345,278,154,102,296,145,386,394,259,388,351,358,324,265,147,97,278,140,362,366,245,353,320,330,301,249,139,91,258,132,335,334,229,315,287,297,274,229,128,84,234,124,303,300,210,279,252,265,246,206,114,76,211,114,273,265,189,495,447,433,369,276,152,103,324,145,425,459,265,483,436,424,362,271,149,101,317,143,417,448,261,465,420,409,351,264,145,98,307,139,403,430,254,441,398,391,336,254,140,94,293,134,385,409,244,412,373,369,319,243,133,89,277,129,364,385,231,381,344,344,299,229,125,83,259,123,340,356,218,348,314,315,275,213,115,78,239,115,314,325,200,313,283,287,252,197,107,71,218,108,286,294,185,277,250,256,225,177,96,64,196,100,257,261,166,494,445,429,361,266,146,99,318,141,419,455,258,479,432,415,347,252,138,94,306,134,404,442,246,458,413,396,330,238,129,89,292,127,385,422,231,430,389,374,310,223,121,83,275,121,362,398,218,401,362,350,290,209,112,78,257,113,339,371,204,369,333,324,268,194,105,72,238,108,314,342,189,336,302,297,247,180,96,67,219,101,288,312,174,303,272,268,224,164,88,61,199,95,263,281,159,270,243,241,202,149,80,55,180,88,237,252,144,492,443,425,354,256,140,96,313,136,413,453,250,475,428,405,332,234,127,88,296,126,392,436,231,450,405,383,308,212,113,81,277,115,366,413,211,419,378,355,283,192,104,75,256,108,338,384,193,386,348,327,259,175,95,69,236,101,311,354,176,352,317,299,237,160,88,64,216,95,284,323,162,319,287,273,215,147,80,59,198,90,260,293,148,286,258,247,196,134,74,54,180,84,236,264,135,256,229,222,177,123,67,49,163,79,213,236,122,490,442,421,348,248,135,93,309,133,408,451,244,471,424,398,319,217,117,83,287,119,380,430,217,443,398,369,287,188,101,74,263,107,348,404,192,408,367,336,254,163,90,68,238,98,314,370,169,370,332,302,227,144,81,63,215,91,281,335,151,331,299,272,204,130,75,59,194,86,252,301,136,297,268,245,184,119,70,55,176,82,229,270,125,265,240,221,168,109,65,51,160,78,208,242,113,237,214,199,152,101,59,47,146,74,189,217,104,490,441,418,342,241,131,91,305,130,404,450,238,469,421,392,307,202,109,78,279,112,371,428,206,438,394,358,269,166,90,69,250,99,333,397,175,401,359,319,229,136,79,65,223,90,292,360,148,356,319,278,196,117,74,62,196,86,252,317,129,309,279,243,173,106,70,57,174,82,222,277,115,270,245,216,156,99,65,55,157,79,198,244,107,239,218,194,143,93,61,51,143,76,180,217,99,214,195,176,131,87,56,47,131,73,166,195,92,488,440,416,339,237,129,90,303,128,401,449,235,468,421,388,300,193,103,75,275,109,366,425,199,438,393,352,256,149,81,67,244,94,324,394,162,400,358,309,209,112,76,65,213,86,277,355,133,354,316,261,168,98,73,62,185,84,231,310,112,302,270,213,145,94,69,57,161,81,196,262,103,248,225,187,134,90,65,55,142,79,173,220,96,217,200,170,125,85,61,51,130,76,159,196,90,195,180,156,117,81,56,47,121,72,148,177,85,488,440,415,338,235,128,89,302,127,400,448,234,468,420,386,298,189,101,74,273,107,364,425,196,438,392,349,252,141,79,67,241,92,321,393,158,399,357,306,202,100,76,65,210,86,272,354,126,353,316,257,150,97,73,62,181,84,225,309,106,301,270,204,130,93,69,57,156,81,187,259,97,245,220,172,124,89,65,55,137,79,162,212,93,209,193,158,117,85,61,51,125,76,150,187,88,188,175,146,111,81,56,47,117,72,142,170,83]}