{"c":"31147","n":"銚子","la":35.73833333333333,"lo":140.85666666666665,"e":20,"t":[6.4,6.5,9.1,13.4,16.9,19.4,22.9,25.1,22.9,18.7,14.0,9.1],"s":[0,0,0,0,0,0,0,0,0,0,0,0],"i":[448,484,535,401,322,270,264,394,303,451,488,331,438,475,533,411,344,301,306,408,343,457,482,352,419,455,520,413,357,325,339,413,374,451,465,365,392,426,496,405,363,342,364,411,397,438,438,370,360,391,462,389,360,350,380,399,409,413,404,366,322,349,418,365,349,350,386,378,411,383,363,354,279,302,366,333,330,340,382,349,401,344,316,335,235,252,308,295,304,323,368,313,384,298,265,307,190,200,246,252,272,298,344,272,355,249,212,274,448,484,534,400,321,268,263,393,301,451,488,330,437,475,533,409,342,298,302,407,339,455,482,350,419,455,521,411,354,320,335,412,369,451,465,362,393,428,497,404,359,335,358,408,390,437,438,366,361,393,463,388,356,342,373,396,401,413,405,362,324,352,421,364,344,340,377,375,401,383,365,349,283,306,370,333,325,330,373,346,393,344,319,329,239,257,315,295,299,313,358,312,373,300,270,302,196,209,254,252,266,287,335,272,345,252,220,269,448,484,532,398,318,264,258,390,296,449,488,327,438,475,531,407,336,289,292,401,329,453,480,344,420,457,517,405,346,307,320,405,355,447,465,353,396,430,496,399,349,318,340,400,372,434,441,355,365,397,463,383,344,322,351,387,380,411,408,350,330,359,424,359,331,318,353,367,378,381,371,336,291,316,377,329,312,307,346,339,367,345,328,316,250,271,326,293,285,288,330,305,347,304,283,289,211,227,272,254,254,263,306,268,318,260,237,257,448,484,530,395,313,257,250,386,288,446,488,322,438,475,526,400,327,276,277,394,314,448,480,334,421,458,514,399,334,290,297,395,333,441,463,341,398,433,491,389,333,296,310,388,345,426,441,340,369,403,462,373,325,296,316,374,348,405,411,331,336,366,423,350,312,290,315,353,343,376,375,317,300,327,381,321,293,277,305,326,330,342,336,297,263,286,334,289,267,258,288,295,310,304,295,271,225,245,287,252,238,233,265,260,282,264,252,241,448,484,527,390,307,249,240,381,278,442,486,315,438,474,520,392,315,261,256,384,295,441,478,323,421,458,505,388,317,267,269,381,307,432,462,324,399,434,484,377,313,270,276,372,312,417,438,320,372,405,455,360,304,266,276,356,310,394,409,310,341,372,421,337,289,256,271,335,302,367,378,294,307,335,380,310,270,243,260,309,288,335,341,274,272,297,338,280,246,225,243,280,268,301,302,250,238,259,295,247,220,202,221,249,244,264,264,223,447,483,523,385,300,240,227,374,266,438,484,308,437,473,513,383,301,243,235,372,273,433,474,309,421,455,496,374,298,244,238,365,276,421,458,305,399,433,474,361,290,239,238,352,275,403,434,297,372,405,445,343,278,231,234,335,268,381,407,284,343,373,409,320,263,221,224,314,258,354,375,268,311,339,374,295,244,206,213,289,244,324,341,248,277,303,335,266,222,191,198,262,225,291,305,225,244,266,295,238,199,170,179,233,204,258,268,202,447,482,518,379,292,229,215,367,254,433,482,300,436,471,504,372,286,225,211,359,250,423,470,294,419,453,484,359,277,217,206,347,244,407,451,284,396,429,459,341,265,209,198,330,235,387,428,272,370,401,429,322,250,197,190,311,225,363,400,257,340,369,395,300,234,186,179,289,212,336,368,240,310,336,359,274,215,171,168,265,199,307,335,220,278,302,324,249,196,157,154,240,182,277,301,200,246,267,286,221,175,140,138,214,165,246,266,179,446,480,514,373,284,219,202,360,241,428,480,292,434,468,495,360,270,206,187,346,225,413,466,279,416,448,470,342,254,192,173,327,211,392,444,263,392,422,440,321,239,177,161,307,197,368,418,246,364,393,408,298,221,164,148,285,182,342,388,227,334,361,374,275,202,151,138,262,169,314,356,210,304,327,338,250,187,138,126,239,156,285,323,192,273,294,303,225,169,126,115,216,143,257,290,174,242,262,270,204,152,112,104,193,129,229,258,156,446,480,509,368,276,210,190,354,229,423,478,285,432,465,486,348,254,188,165,332,202,401,461,263,412,442,455,324,233,167,143,308,179,376,437,241,386,413,420,299,212,149,125,283,159,347,405,220,356,381,383,273,192,133,111,258,143,317,373,200,325,347,346,248,175,120,101,234,130,288,339,181,293,313,311,224,158,109,92,212,118,260,306,164,262,280,277,202,143,99,85,191,109,233,273,148,233,249,245,181,129,90,77,171,98,208,242,134,445,479,505,363,269,202,180,348,219,419,476,278,430,462,478,337,241,172,145,321,182,393,457,250,409,437,441,307,213,144,115,291,150,362,429,221,380,405,399,276,186,122,95,261,125,327,395,195,347,368,355,246,164,106,81,231,109,292,357,172,312,329,314,220,147,95,74,206,97,259,319,154,278,293,277,197,132,87,69,186,90,231,283,139,247,261,246,177,121,81,64,167,83,206,250,126,219,231,219,159,110,75,61,150,78,185,223,114,445,478,503,359,264,196,171,343,210,416,475,273,430,461,471,329,231,159,128,311,165,386,454,239,407,434,430,294,196,124,92,276,125,350,424,204,377,398,382,256,163,100,71,241,97,309,386,173,340,356,329,220,139,87,64,211,84,268,342,149,299,311,280,191,123,80,62,184,78,231,296,131,261,270,240,170,112,76,60,163,74,202,257,120,229,237,211,153,104,72,57,147,71,180,225,110,202,210,188,140,97,68,56,133,68,162,200,102,445,478,501,356,261,192,166,340,204,413,475,269,430,459,469,323,223,149,115,305,153,381,453,231,407,432,425,284,183,109,75,265,106,342,421,192,377,396,374,241,144,84,65,229,83,297,382,156,339,353,315,197,117,82,64,199,76,250,336,132,297,304,250,164,108,79,62,171,74,208,284,117,250,250,202,147,103,75,60,148,72,176,234,108,211,212,178,136,97,72,57,132,69,158,200,101,187,189,162,126,91,68,56,121,66,144,179,95,445,476,501,355,260,190,164,340,202,413,474,268,430,458,468,321,220,146,112,302,149,380,451,229,407,430,425,281,177,103,69,262,100,340,421,187,377,394,373,236,134,84,65,225,79,293,381,151,340,351,313,188,112,82,64,195,76,242,335,127,297,302,249,144,107,79,62,167,74,200,283,110,250,248,184,135,102,75,60,143,72,167,227,104,204,200,163,128,97,72,57,126,69,148,189,99,181,178,151,120,91,68,56,117,66,137,170,93]}