{"c":"31212","n":"千葉","la":35.60166666666667,"lo":140.10333333333332,"e":4,"t":[5.6,6.1,8.9,14.1,18.2,21.3,24.9,26.6,23.3,18.0,12.9,8.2],"s":[1,1,0,0,0,0,0,0,0,0,0,0],"i":[403,430,463,348,303,275,277,370,313,424,432,308,394,421,462,355,322,307,320,385,355,429,426,328,377,404,451,355,334,333,356,391,388,424,411,340,354,380,430,348,338,350,383,389,411,411,388,345,326,349,401,333,335,359,399,379,424,389,358,342,292,312,364,312,324,359,405,360,426,360,323,332,254,271,320,285,306,350,401,334,417,323,282,314,215,227,271,252,282,332,386,302,398,281,238,289,176,183,219,217,252,307,362,264,368,235,193,259,403,430,463,347,302,273,275,369,312,424,432,308,394,421,462,354,320,305,317,383,352,428,426,326,378,405,451,354,331,329,350,389,384,424,411,338,355,380,430,346,335,345,375,387,405,409,388,342,327,350,401,332,331,353,391,376,417,388,360,339,294,314,366,311,320,352,396,358,418,360,325,328,257,274,323,285,302,343,391,332,409,324,285,310,219,231,276,252,277,325,376,300,389,283,242,285,181,189,225,217,247,300,351,263,359,238,199,254,403,430,462,346,299,269,269,366,307,422,432,305,394,422,459,351,315,297,306,379,342,426,425,321,378,405,448,350,323,317,335,383,369,421,411,330,357,383,429,342,325,331,356,379,387,408,390,333,329,353,401,327,320,336,367,367,395,386,361,328,298,320,367,306,308,333,369,349,393,358,329,316,264,282,327,281,289,323,362,324,382,324,291,297,227,243,284,250,264,304,345,293,361,286,252,273,193,204,239,217,235,279,320,258,331,245,212,244,403,430,459,343,295,263,261,362,299,420,430,300,394,421,455,346,306,285,289,371,326,421,424,313,379,405,445,344,312,301,311,372,346,415,409,319,358,384,425,334,311,310,324,367,358,401,389,318,333,357,399,319,303,311,331,354,362,381,363,311,303,325,366,299,290,306,329,335,356,354,331,299,271,291,331,274,272,295,319,311,343,323,298,280,238,254,290,246,248,276,301,281,321,287,261,256,204,219,249,215,221,250,276,249,293,250,224,229,401,429,458,340,289,254,250,357,288,417,430,294,394,421,451,340,296,270,268,361,306,415,422,302,379,405,438,335,297,279,281,359,318,407,408,304,359,385,420,324,293,284,288,351,323,393,388,300,334,359,393,308,283,282,288,337,321,372,362,291,307,330,364,289,269,274,283,318,314,347,333,277,276,297,329,265,250,262,271,294,298,316,301,259,245,263,293,239,227,244,254,267,278,285,267,237,214,229,256,210,204,221,231,237,252,250,233,212,401,429,454,335,282,246,237,351,275,413,428,288,393,419,446,332,283,252,245,350,283,408,419,289,378,404,430,324,280,254,248,343,285,397,404,286,358,384,411,311,272,252,248,332,284,381,384,279,334,359,385,295,260,248,243,316,277,360,359,268,308,330,355,275,245,238,234,296,267,335,331,252,279,300,324,252,227,225,222,274,252,307,301,235,249,268,290,227,206,209,206,248,233,276,269,214,219,235,254,202,185,189,186,221,211,245,236,192,401,428,451,331,275,236,223,344,262,408,426,281,392,417,438,323,269,233,220,337,258,399,416,275,376,401,421,312,261,227,214,326,252,385,399,267,356,380,398,296,249,222,206,311,243,366,378,256,332,355,373,279,235,212,198,293,233,344,353,242,305,327,343,259,220,202,186,272,219,319,325,227,278,297,312,236,200,188,174,250,204,292,296,209,249,267,281,214,184,174,160,227,188,264,266,191,220,237,248,190,164,157,144,202,170,235,235,170,401,426,447,326,268,225,210,338,249,403,425,273,390,415,430,314,254,213,194,324,233,390,412,261,374,397,409,299,241,200,180,307,217,371,393,247,352,374,384,280,225,189,167,288,202,349,370,231,327,348,356,260,209,177,153,268,188,325,344,215,300,320,326,240,192,165,142,247,174,298,315,199,272,290,295,219,176,152,130,225,160,272,286,182,245,261,264,196,159,141,120,202,147,245,256,165,217,231,235,176,143,128,107,182,133,219,227,149,400,426,444,322,261,215,198,331,237,399,423,266,389,413,424,305,242,194,171,311,209,380,409,247,371,393,398,285,221,175,148,289,185,356,387,227,347,367,368,263,200,158,129,265,164,330,361,208,321,338,336,241,183,144,113,242,146,302,332,189,292,308,304,219,166,131,104,220,133,275,302,172,263,278,273,198,151,121,94,199,121,249,272,156,236,248,244,178,136,111,87,180,111,223,243,142,209,221,216,160,123,102,79,161,101,200,215,128,400,425,441,318,254,206,187,326,225,395,422,260,388,409,418,297,229,177,150,300,188,372,405,235,368,388,388,273,202,150,119,272,154,343,381,208,343,360,352,246,179,128,97,244,128,311,352,185,313,328,315,221,158,113,83,218,111,279,319,164,282,294,279,198,141,103,75,195,99,249,285,147,252,262,247,177,127,94,70,175,91,222,254,133,223,233,219,159,115,88,65,158,85,199,225,121,198,206,195,143,106,82,62,142,79,178,200,110,400,424,438,315,250,199,178,321,217,392,421,254,387,409,413,291,220,162,132,290,170,365,403,224,367,386,379,262,188,128,94,257,128,332,377,193,340,355,339,231,158,103,72,225,99,294,344,164,308,318,295,200,135,90,65,198,85,257,307,142,271,279,252,176,120,83,63,174,79,223,268,126,237,242,219,157,110,79,61,155,75,196,233,114,209,213,193,142,101,75,59,139,72,175,204,106,185,189,172,129,94,71,56,127,69,158,182,98,400,424,438,313,248,194,173,318,211,390,421,252,387,408,411,287,213,152,119,284,157,361,401,217,366,384,375,254,176,111,76,247,108,325,375,181,340,353,333,220,141,86,66,214,84,283,342,149,307,316,284,184,115,83,64,187,77,240,302,128,270,273,229,156,107,80,63,162,75,200,258,113,229,227,190,140,101,76,61,141,73,172,215,106,194,193,167,129,95,73,59,127,70,154,185,99,172,172,152,119,89,69,56,117,68,140,165,92,400,424,438,312,246,193,171,317,209,389,420,250,387,407,411,285,211,148,115,282,153,359,401,215,367,383,375,252,172,105,70,244,101,322,375,177,340,352,332,217,132,86,66,211,80,279,341,145,307,315,283,177,111,83,64,183,77,231,302,124,270,272,229,141,106,80,63,159,75,194,257,109,229,225,176,132,101,76,61,137,73,162,210,103,189,184,156,124,95,73,59,122,70,144,176,97,167,163,144,114,89,69,56,112,68,133,158,91]}