{"c":"31296","n":"五所川原","la":40.80833333333333,"lo":140.45833333333334,"e":9,"t":[-1.5,-1.0,2.1,8.4,13.6,17.5,21.3,23.2,18.8,12.7,6.5,1.2],"s":[88,92,59,2,0,0,0,0,0,0,4,45],"i":[508,475,470,383,293,168,112,339,154,438,484,281,499,468,473,398,317,185,120,347,164,446,480,300,480,453,465,404,333,197,127,348,172,445,466,311,451,429,449,400,342,206,131,343,177,434,443,316,417,396,422,388,344,210,134,331,180,417,412,314,374,358,388,368,337,209,134,312,180,391,373,304,324,314,346,340,322,204,131,288,178,357,328,289,273,266,298,305,300,194,127,259,173,317,279,267,219,216,246,264,272,180,120,225,165,273,227,239,508,475,470,382,292,167,112,339,153,438,484,281,499,468,472,396,315,183,120,346,163,445,480,298,480,453,465,401,330,195,126,347,170,444,466,309,453,429,448,398,339,202,130,342,175,434,443,313,418,398,423,386,339,206,132,329,178,416,413,310,376,360,389,366,332,204,132,311,178,390,375,301,328,317,348,339,317,199,129,287,175,357,331,285,278,270,302,305,295,189,125,259,170,319,283,263,225,222,252,265,266,175,118,227,163,276,233,235,508,474,468,380,288,165,111,337,152,436,484,278,499,468,471,392,308,178,118,344,160,442,479,293,482,453,463,396,321,188,123,344,167,440,466,302,455,430,448,392,327,194,126,338,171,430,445,304,422,400,424,380,326,196,127,325,172,413,415,301,383,365,392,359,318,194,127,307,171,387,380,290,338,324,354,333,302,187,124,284,168,357,338,274,291,281,311,300,280,177,119,257,163,320,294,252,244,237,264,262,252,163,112,227,155,280,248,225,507,473,467,376,283,162,109,335,150,433,482,274,499,466,467,385,299,172,113,339,156,437,476,285,480,451,459,387,308,179,118,338,161,434,463,291,457,430,444,381,311,182,120,330,163,423,444,291,426,401,422,368,307,182,120,318,163,405,417,286,389,368,391,348,297,178,118,300,161,382,383,275,349,331,357,322,281,170,114,278,158,353,346,258,305,291,316,292,259,160,109,252,152,319,304,237,261,250,275,256,234,146,102,225,144,283,262,212,505,472,463,371,277,157,107,331,147,429,480,268,497,463,462,376,287,164,110,333,151,430,474,275,480,449,453,373,290,167,112,329,153,424,461,277,455,428,438,366,290,168,112,320,153,412,441,275,428,401,415,351,284,165,110,307,152,394,413,267,394,370,388,332,272,159,108,290,149,372,384,254,355,335,354,307,256,151,103,269,145,344,348,238,316,298,319,279,235,140,98,246,139,314,311,218,276,261,281,248,212,127,91,220,132,281,272,196,505,470,459,365,269,152,104,327,144,424,478,262,495,461,455,364,272,154,105,325,145,421,470,263,476,445,443,358,271,154,104,318,144,412,455,261,454,424,426,347,265,151,103,308,143,398,434,254,425,397,404,331,257,147,100,293,140,379,409,245,393,367,377,311,244,139,96,276,136,357,379,231,358,335,347,288,227,131,92,256,131,332,347,216,320,300,313,262,210,121,86,234,126,303,311,197,282,264,279,235,188,109,80,212,120,274,275,177,503,468,455,358,261,147,101,323,141,419,476,254,491,457,446,351,256,144,99,316,139,409,465,250,472,438,430,340,249,140,97,306,136,397,447,243,448,416,412,325,240,135,94,293,132,380,425,233,419,390,389,307,227,128,90,277,128,361,399,221,386,360,362,288,214,120,86,260,124,338,369,208,353,328,332,264,198,112,81,240,119,313,338,191,318,296,302,241,182,103,76,221,113,288,305,175,281,262,270,215,163,92,71,200,109,261,271,157,501,466,451,351,252,142,98,318,138,413,473,248,487,451,436,338,240,134,94,307,132,400,459,237,465,432,417,321,225,126,90,293,127,381,438,224,438,407,393,302,212,119,85,276,122,360,413,211,408,378,368,281,198,110,81,259,117,338,385,197,375,348,341,260,184,103,77,241,112,315,355,182,341,317,312,239,169,94,73,223,109,291,323,167,308,285,283,216,154,87,69,204,105,267,292,152,274,254,254,195,139,78,64,186,101,243,261,138,500,463,446,345,244,137,96,314,134,408,470,242,483,447,426,324,224,125,89,298,126,388,451,224,458,424,401,301,204,112,83,279,119,365,428,206,426,395,373,276,186,103,79,260,112,339,398,189,393,363,343,252,169,95,74,240,108,313,367,173,358,331,314,231,154,88,70,221,104,288,335,158,324,300,286,210,142,81,67,202,101,265,303,144,291,269,259,190,128,74,64,186,98,243,273,131,259,239,233,172,117,68,60,170,95,222,244,119,499,462,442,339,237,132,94,310,132,404,468,236,480,443,418,312,210,115,85,290,121,379,447,213,451,417,387,282,183,102,78,267,112,349,418,189,416,383,352,250,160,91,73,243,106,317,384,168,376,346,316,224,142,83,70,221,101,287,346,150,337,311,284,200,129,77,67,200,99,260,311,136,301,278,254,181,118,72,64,184,96,237,278,124,269,249,229,165,107,67,61,169,94,217,249,112,240,222,208,149,99,61,59,155,93,200,223,103,498,461,438,334,231,129,92,307,130,400,466,231,478,441,411,302,198,109,82,284,117,371,443,202,447,412,375,265,165,92,74,257,107,336,412,174,409,375,333,227,137,82,71,229,101,298,372,149,362,332,289,196,119,76,69,204,98,261,328,130,314,289,252,172,108,72,67,182,96,231,285,118,274,252,223,155,100,68,64,165,95,209,250,108,242,225,200,142,94,64,61,152,94,192,222,100,216,200,182,130,87,59,59,141,93,178,200,92,498,461,437,331,227,127,91,305,129,398,465,229,476,440,407,295,190,104,79,280,114,367,441,197,446,411,368,254,151,85,72,250,103,329,408,163,407,373,323,210,118,79,71,222,98,286,368,136,361,329,271,170,103,76,69,194,97,243,321,115,308,280,219,147,98,72,67,170,96,208,269,106,252,231,190,135,93,68,64,151,95,185,225,98,219,204,172,125,88,64,61,139,94,172,199,92,197,184,159,117,82,59,59,130,92,162,180,86,498,461,436,330,227,126,91,305,128,398,465,227,476,440,404,294,187,103,79,279,113,365,441,194,446,411,365,250,145,82,72,249,102,327,407,160,407,373,319,204,106,79,71,219,98,282,367,130,360,330,267,155,102,76,69,191,97,238,319,111,307,280,211,133,97,72,67,166,96,200,266,101,250,227,173,126,93,68,64,146,95,175,217,95,211,197,159,119,88,64,61,134,94,164,189,90,189,178,148,112,82,59,59,126,92,156,172,84]}