{"c":"31482","n":"酸ケ湯","la":40.64833333333333,"lo":140.84833333333333,"e":890,"t":[-7.6,-7.2,-3.9,3.1,8.7,13.3,17.2,18.5,13.7,7.3,0.8,-4.8],"s":[100,100,100,99,56,1,0,0,0,4,48,98],"i":[465,421,404,314,254,149,104,304,137,409,430,239,457,416,405,322,272,161,110,309,143,417,426,252,441,401,398,324,283,170,113,310,148,419,413,259,416,382,383,319,288,176,118,305,151,415,394,261,385,355,361,309,288,178,120,296,153,405,367,258,347,322,333,292,281,178,120,282,153,391,334,250,304,285,299,269,268,175,119,264,151,371,296,237,259,244,260,242,249,168,117,242,148,347,254,220,212,202,218,211,225,159,112,218,143,320,211,199,465,421,404,313,254,149,104,304,137,409,430,239,457,415,405,321,270,160,109,309,143,416,426,250,441,401,398,323,281,168,113,309,147,418,413,257,417,382,383,318,286,174,117,304,150,413,394,259,386,355,361,307,284,176,119,295,152,404,367,256,349,323,333,290,277,176,119,281,151,390,335,248,307,286,299,268,264,172,118,263,150,371,298,235,263,247,262,241,245,166,115,242,146,347,257,217,218,206,221,210,221,156,112,218,141,321,215,196,465,421,403,311,252,147,103,302,136,407,429,237,457,415,403,318,266,157,108,307,141,413,425,247,441,401,396,318,274,164,112,306,145,413,413,252,418,382,382,313,277,168,113,301,147,409,394,252,388,356,360,302,275,170,115,292,148,401,368,249,354,326,333,284,266,169,115,278,148,387,338,240,314,291,302,262,252,164,113,261,145,369,302,225,273,254,266,237,233,157,112,240,142,347,264,209,231,216,227,206,210,148,108,218,136,323,225,188,463,420,401,309,248,145,102,300,134,405,428,234,455,413,400,313,259,152,106,303,138,409,423,241,440,400,392,312,264,157,108,301,141,409,411,244,419,381,378,305,265,160,110,296,143,404,392,243,391,357,358,292,260,160,110,286,142,395,368,237,358,327,331,276,250,157,110,272,141,381,339,227,322,295,302,254,236,152,108,256,138,364,306,214,283,260,268,229,217,145,105,237,134,345,270,197,244,225,234,202,196,135,101,216,129,324,234,178,463,419,399,305,243,142,100,298,133,401,426,229,455,411,396,306,249,146,103,298,135,403,421,234,438,398,387,303,250,149,104,295,136,401,408,234,417,379,372,294,249,149,104,288,136,395,389,231,391,355,351,281,242,147,103,277,135,385,366,223,360,327,327,264,231,144,102,264,133,373,338,213,326,296,298,243,217,138,100,248,129,357,307,199,290,264,268,220,199,131,97,231,125,340,274,183,254,231,236,195,179,122,93,212,120,321,240,165,462,417,396,301,237,138,99,295,131,398,425,225,451,409,390,299,238,140,99,292,131,396,417,225,436,394,379,292,236,139,99,287,130,391,403,222,415,375,363,281,229,137,98,278,129,384,384,216,388,351,343,267,222,134,96,267,126,373,361,208,359,324,318,249,210,129,94,254,124,360,334,196,327,295,292,229,195,123,92,239,120,347,305,183,292,264,263,208,179,117,89,222,115,331,273,168,259,233,233,185,161,108,85,204,112,315,242,151,461,416,393,297,231,135,97,292,129,394,423,221,449,405,384,290,225,133,95,286,127,388,413,216,432,390,370,280,220,129,94,278,125,380,397,210,409,369,352,266,211,125,92,267,122,370,377,200,383,345,331,250,199,121,89,254,119,358,353,190,353,318,307,233,187,114,87,241,114,345,326,179,323,290,280,213,173,109,84,227,112,332,298,165,291,261,254,194,158,103,82,212,108,319,268,152,258,231,225,172,142,96,79,196,105,305,238,137,459,413,389,292,225,131,95,288,126,390,421,216,446,401,377,281,215,125,92,279,123,380,408,206,426,384,360,267,202,120,89,268,119,368,390,196,401,362,339,250,190,113,86,254,114,354,367,185,374,336,316,233,178,108,83,242,111,341,342,173,344,309,292,215,164,103,81,227,108,328,315,161,313,281,266,197,151,97,79,214,105,315,287,148,282,252,240,177,138,92,77,200,102,303,258,136,252,225,215,159,125,87,75,186,100,292,229,124,458,413,386,288,219,127,93,285,125,386,419,211,442,398,370,273,202,118,89,273,119,372,404,198,420,378,349,254,186,110,84,259,113,355,382,184,392,353,325,235,171,103,81,243,109,338,357,170,362,325,299,215,156,97,79,227,106,322,329,156,331,297,273,197,143,93,77,214,103,308,300,144,299,268,248,178,131,88,75,200,100,296,272,132,269,240,224,161,119,84,74,187,99,285,244,121,240,214,200,145,109,80,72,175,97,277,218,111,457,411,383,284,214,124,92,282,123,383,417,206,440,395,364,265,192,112,86,267,115,365,400,190,415,373,339,242,171,102,81,250,109,344,375,172,384,344,310,219,152,94,78,231,105,322,346,155,349,313,280,197,137,89,76,215,102,303,314,141,314,282,252,177,125,85,75,200,100,287,283,129,281,252,227,161,113,82,74,187,98,275,254,119,252,225,204,145,104,79,73,175,97,267,227,110,224,200,183,131,96,76,72,165,96,261,202,101,455,409,381,281,210,122,91,280,122,380,416,204,438,393,359,258,184,108,84,263,112,359,397,183,412,369,331,231,158,95,78,243,106,335,371,162,378,338,298,204,135,88,77,223,102,309,338,143,338,303,262,179,120,85,76,202,100,284,301,128,296,266,229,160,110,82,75,187,99,266,264,117,260,235,204,145,102,80,75,174,98,254,233,109,231,208,184,132,95,77,74,164,97,248,208,101,206,186,167,120,89,75,73,155,96,245,186,94,455,409,379,279,206,121,90,279,121,379,415,202,437,392,356,254,178,104,82,261,112,356,395,179,411,368,326,225,148,90,77,239,104,330,368,155,377,337,291,194,121,86,77,217,101,300,335,134,336,300,250,164,109,84,76,197,100,272,296,119,291,259,209,145,103,82,75,178,99,250,252,110,242,218,184,133,97,80,75,163,98,238,215,103,212,193,166,123,92,77,74,155,97,234,191,97,191,174,152,112,85,75,73,148,96,234,172,91,455,409,379,279,206,120,90,279,121,378,415,202,437,392,355,252,176,103,82,260,111,355,395,177,411,368,324,224,144,88,77,238,103,328,368,152,377,337,288,190,112,86,77,216,100,298,334,130,336,300,248,155,108,84,76,195,100,268,294,115,290,259,204,136,103,82,75,175,99,243,250,107,240,215,172,128,97,80,75,160,98,229,209,102,204,187,158,120,92,77,74,151,97,229,183,96,185,169,145,111,85,75,73,146,96,229,166,90]}