{"c":"31662","n":"休屋","la":40.42666666666667,"lo":140.89833333333334,"e":414,"t":[-3.9,-3.5,-0.6,5.3,10.8,15.0,19.1,20.9,16.5,10.4,4.3,-1.0],"s":[99,99,81,7,0,0,0,0,0,0,6,55],"i":[478,424,422,339,285,185,133,330,178,432,441,269,470,418,424,350,306,204,146,339,193,440,437,287,451,404,416,353,321,220,157,342,204,438,424,298,426,383,401,348,329,229,165,338,215,430,403,303,393,356,378,337,330,236,170,328,221,413,375,301,354,323,348,319,323,236,172,312,223,390,341,292,308,285,311,294,308,231,170,290,221,358,301,277,261,244,269,264,287,220,166,263,217,321,258,257,211,202,225,229,259,204,158,233,208,280,213,231,478,423,422,338,284,183,132,329,177,430,441,269,469,417,423,348,305,202,145,338,192,438,437,285,451,404,416,351,319,217,155,340,204,438,424,296,426,383,401,347,326,225,163,336,212,430,404,300,394,356,377,335,326,231,167,326,218,413,376,297,356,324,348,317,318,231,169,310,220,389,343,288,311,287,312,293,303,225,167,288,218,359,304,273,265,247,272,263,282,214,163,262,213,322,261,252,218,206,229,229,254,199,155,233,204,282,217,227,478,423,421,337,281,181,131,328,175,429,441,266,469,417,422,345,299,197,142,335,188,436,436,280,453,404,413,346,310,209,151,336,198,434,424,288,428,384,400,341,316,216,157,332,206,426,404,291,397,358,377,329,314,219,160,321,210,409,377,287,361,327,349,311,305,217,161,305,211,386,346,278,319,291,315,287,289,211,159,284,208,357,309,262,276,254,277,259,268,199,154,259,202,323,269,242,231,216,237,225,241,184,146,231,194,286,229,217,476,422,419,334,276,177,128,325,173,426,438,262,469,416,419,339,290,189,137,330,183,430,434,273,451,401,411,339,298,198,143,329,190,428,422,278,430,383,396,332,300,202,148,324,195,418,403,278,400,358,375,319,296,202,149,313,197,401,378,273,366,328,348,301,286,199,149,297,197,380,347,262,329,296,317,278,270,191,145,277,193,353,314,246,288,261,281,252,248,179,140,252,188,321,277,227,247,225,245,221,224,164,132,227,179,288,239,202,476,421,417,330,270,172,125,321,169,422,438,257,467,413,413,332,279,179,130,323,175,424,432,263,451,400,405,329,282,184,134,320,180,418,419,265,428,381,390,320,281,185,136,313,182,408,400,262,401,357,369,306,274,183,136,301,182,391,376,254,369,329,344,288,262,177,134,285,180,370,347,242,333,298,313,266,247,169,129,265,176,344,315,227,297,265,282,241,225,157,124,244,170,316,281,208,259,231,248,214,204,143,115,220,162,285,246,187,475,420,413,325,263,166,121,317,164,418,436,250,465,411,408,323,265,168,123,315,167,415,428,252,448,396,397,316,263,168,124,309,168,405,413,249,426,377,381,305,258,166,123,300,167,394,395,243,399,353,360,290,249,162,121,286,165,376,371,234,369,326,335,272,236,154,118,270,162,355,343,221,335,297,307,250,220,145,112,252,158,332,313,206,299,266,277,227,202,134,108,231,152,305,281,188,264,234,246,202,181,121,101,210,146,278,248,169,474,418,409,320,254,159,117,313,160,413,434,245,462,408,401,313,250,157,114,306,158,405,424,240,444,392,387,302,243,152,112,297,155,392,408,231,421,371,369,288,234,147,110,285,152,376,387,223,393,347,347,272,221,140,107,270,149,358,363,211,363,320,322,252,208,132,102,252,145,337,335,198,331,291,295,231,192,122,98,236,141,314,306,182,298,262,267,211,176,112,93,217,136,290,276,167,263,231,238,188,158,102,87,197,131,265,245,149,472,416,407,314,247,153,112,308,155,407,432,238,458,404,394,302,235,145,108,297,149,394,419,227,438,386,376,287,222,136,103,284,143,377,400,215,413,364,354,270,208,128,98,268,138,357,377,202,384,338,331,250,194,119,94,252,133,336,351,188,353,311,306,231,180,111,89,235,129,314,323,174,321,282,279,212,166,102,85,218,125,292,294,160,289,254,252,192,150,94,81,200,122,270,265,145,258,225,225,172,136,85,77,184,118,248,237,131,471,415,403,309,240,147,109,304,150,401,429,231,455,401,386,292,221,133,101,288,140,383,413,215,432,380,364,272,200,121,93,271,131,360,392,198,403,355,339,250,183,110,88,252,125,336,365,181,371,327,312,229,167,101,83,233,120,312,337,166,339,298,285,210,153,93,79,216,115,288,307,152,306,270,259,190,140,85,76,199,112,267,278,138,274,242,234,172,126,79,73,183,111,247,250,126,245,215,209,155,114,72,70,169,109,227,223,113,469,413,400,305,233,142,106,300,147,398,428,227,451,398,380,283,206,123,94,280,133,374,409,204,426,375,353,258,182,107,85,258,122,345,385,182,394,346,323,231,160,95,79,236,113,315,354,162,357,315,291,208,142,86,76,216,110,286,321,145,320,283,262,187,129,80,73,197,107,261,288,132,287,254,235,169,118,74,71,181,106,240,259,120,256,227,211,153,107,69,69,167,105,222,231,110,227,202,190,138,99,64,67,154,104,206,206,100,469,413,397,301,227,138,103,297,144,394,426,222,450,396,374,275,196,114,89,274,127,366,407,196,423,371,344,245,165,95,79,249,112,333,379,169,388,340,308,214,138,83,75,223,106,297,346,145,346,304,271,187,121,78,73,200,104,262,307,128,301,267,237,166,109,73,72,180,103,234,269,115,264,236,211,150,101,69,70,165,103,213,237,107,233,209,189,136,94,65,69,152,103,198,211,99,208,187,171,124,88,61,67,142,103,186,189,91,468,412,396,299,225,136,102,295,142,392,425,220,450,395,371,271,189,109,86,270,123,362,405,190,422,370,339,237,152,86,76,242,108,325,377,159,386,339,301,200,120,79,75,216,103,285,342,134,344,302,258,167,105,77,73,191,102,245,301,115,296,261,213,147,100,73,72,169,102,212,256,106,245,219,186,134,94,69,70,152,102,191,217,99,213,194,168,125,89,65,69,142,103,179,192,93,191,174,154,114,83,61,67,133,103,170,173,87,468,412,395,298,223,135,101,294,141,392,425,219,449,395,369,269,186,107,84,269,121,361,404,188,422,370,337,235,147,83,76,240,106,323,376,155,386,339,298,197,109,79,75,213,102,281,341,129,344,302,254,157,104,77,73,188,102,239,300,112,296,260,206,136,99,73,72,166,102,204,254,103,243,216,173,128,94,69,70,148,102,181,211,97,204,188,158,120,89,65,69,137,103,172,184,91,185,170,146,112,83,61,67,130,103,165,167,85]}