{"c":"31721","n":"三戸","la":40.38333333333333,"lo":141.25666666666666,"e":60,"t":[-2.1,-1.5,2.1,8.5,13.9,17.6,21.3,22.9,18.4,11.8,5.7,0.7],"s":[64,87,48,1,0,0,0,0,0,0,0,15],"i":[454,422,417,343,304,217,170,341,214,430,430,288,446,416,418,353,329,245,193,354,239,440,426,309,430,403,411,356,347,267,213,359,259,440,413,323,405,382,396,352,356,283,227,358,275,430,394,331,375,355,373,341,358,292,238,349,285,413,367,330,338,322,343,322,351,294,242,334,289,388,334,323,296,284,307,297,336,289,240,312,287,355,296,307,252,243,266,267,313,277,233,284,280,316,254,286,206,200,222,231,283,258,221,252,267,273,210,258,454,422,416,342,303,215,169,340,213,430,430,287,446,416,417,352,327,242,192,352,237,438,426,307,430,403,409,355,344,263,210,357,256,438,413,321,405,382,395,351,353,277,225,356,271,430,394,327,376,355,372,339,353,286,234,346,280,412,368,326,340,323,343,320,346,287,237,331,284,387,336,318,299,286,308,296,330,281,235,309,282,355,298,302,256,246,268,266,307,268,227,282,274,317,257,281,212,204,225,231,277,249,215,250,261,275,214,252,453,421,415,340,299,212,166,338,210,429,430,284,445,416,415,349,321,234,186,348,231,436,425,301,430,401,407,350,334,252,202,352,248,434,413,312,407,382,393,345,341,263,214,349,260,426,394,317,378,356,370,333,340,269,221,340,267,409,368,314,344,326,342,315,331,268,223,324,269,384,337,305,306,290,309,290,315,261,220,302,266,354,302,289,265,252,271,262,292,247,212,276,257,318,263,267,224,215,231,229,263,227,199,246,244,279,224,240,453,421,413,337,294,206,161,335,204,426,429,279,445,413,411,343,310,224,177,342,221,430,423,292,429,401,403,343,321,237,189,343,234,428,411,300,408,382,387,336,324,244,197,338,243,418,392,301,380,357,366,323,320,246,200,328,247,401,368,296,348,327,339,305,310,243,200,312,247,377,338,286,313,295,308,281,294,234,196,291,242,349,305,270,275,260,272,254,271,220,187,267,233,316,269,249,237,225,237,224,244,202,174,239,220,280,233,223,451,420,409,333,287,199,155,330,199,422,426,273,443,412,405,335,298,210,166,334,210,423,421,281,428,399,396,332,302,218,173,332,218,418,408,284,405,379,380,324,302,221,177,325,222,405,389,282,381,356,358,310,296,219,178,313,223,389,365,275,350,328,333,292,284,213,175,297,221,367,337,263,316,297,302,269,268,204,169,277,215,339,305,247,282,264,271,244,246,190,160,254,206,310,272,227,246,231,237,216,222,173,147,227,194,277,238,204,451,418,407,328,279,191,148,325,192,417,425,266,441,409,400,326,282,195,153,324,197,413,417,268,425,395,387,319,281,197,155,318,199,405,403,266,404,376,370,309,276,195,155,309,199,392,383,260,378,352,348,294,267,191,153,295,197,373,359,250,349,325,323,275,254,183,148,278,193,351,332,237,317,296,295,254,238,173,141,259,187,326,303,221,284,265,264,229,219,160,133,237,178,297,271,202,250,234,234,204,196,144,121,215,168,269,239,182,449,417,403,323,270,182,141,319,184,411,423,258,438,405,393,316,265,179,139,313,182,403,413,254,421,390,377,305,258,174,137,303,179,390,396,246,399,370,358,291,249,169,133,290,175,374,376,236,373,346,335,275,236,161,128,275,171,354,351,224,344,319,310,256,223,152,122,258,165,332,324,211,314,291,282,235,206,141,114,239,159,307,295,194,282,262,254,214,190,130,107,219,152,282,266,178,249,231,225,190,171,118,98,199,144,254,235,159,448,415,399,317,261,174,134,313,177,405,421,250,434,403,385,305,248,163,126,302,168,392,408,239,416,385,366,290,234,153,118,287,160,374,389,225,392,363,343,273,220,143,111,271,152,353,366,212,365,337,319,254,206,132,105,254,146,331,340,197,335,310,293,234,190,124,98,236,140,308,313,183,304,281,266,215,176,112,92,218,135,284,284,168,274,252,239,194,160,104,86,199,129,261,254,153,244,225,213,174,145,94,79,182,124,237,227,138,447,413,396,312,252,165,127,308,170,400,419,243,432,399,378,295,231,147,112,291,154,381,403,225,409,379,355,275,211,131,102,271,142,357,381,206,383,354,328,252,192,118,93,250,131,331,355,188,353,326,300,231,174,108,85,231,124,306,327,171,322,298,273,212,159,99,80,214,119,281,298,157,291,269,247,192,146,90,75,196,114,259,269,143,261,241,221,174,132,83,70,180,111,237,241,130,233,214,197,156,121,76,65,164,108,216,215,118,446,412,393,308,245,158,121,303,164,396,417,237,429,396,372,285,217,134,102,281,142,371,399,212,405,374,344,260,189,112,87,257,125,341,375,187,375,346,313,234,165,97,77,233,113,310,345,165,341,314,281,210,146,87,71,212,107,280,312,148,307,283,250,188,132,80,67,193,103,254,280,133,275,252,224,170,120,74,64,176,101,231,250,121,245,225,200,154,110,69,60,161,100,211,224,111,218,202,180,139,101,63,56,149,99,194,200,101,445,411,391,304,239,153,117,300,159,392,416,231,428,394,367,277,204,122,93,273,133,363,396,200,403,370,336,247,169,96,75,245,112,328,370,171,370,340,300,216,140,81,68,218,101,290,337,146,331,304,262,188,121,74,66,195,97,254,299,127,290,267,227,166,109,70,63,175,96,225,262,114,254,235,202,150,101,66,61,159,96,202,231,106,225,209,180,137,94,63,57,146,95,187,204,98,200,186,163,125,88,59,55,136,95,173,183,91,445,411,390,302,235,149,113,297,155,390,415,229,426,394,364,273,196,113,86,268,126,358,395,194,401,369,332,239,154,84,69,237,103,320,367,159,369,338,294,202,119,75,68,210,95,278,334,132,329,301,250,168,103,73,66,185,95,236,294,113,285,260,206,147,97,69,63,163,95,202,250,105,238,219,180,135,93,66,61,146,95,180,212,98,208,193,162,125,88,63,57,136,95,167,188,92,187,174,148,115,83,59,55,127,95,157,169,86,445,411,389,301,234,148,112,296,154,389,415,227,426,393,364,271,192,111,84,266,123,356,395,191,401,369,331,237,148,80,69,235,101,317,367,155,368,338,293,198,106,75,68,206,95,273,333,127,329,301,250,157,101,73,66,182,95,229,293,110,285,260,202,136,97,69,63,160,95,194,249,101,237,215,169,128,92,66,61,142,95,171,206,95,200,187,154,120,88,63,57,131,95,160,181,90,181,169,142,112,83,59,55,124,95,152,164,84]}