{"c":"32056","n":"八森","la":40.388333333333335,"lo":139.98166666666665,"e":31,"t":[0.5,0.7,3.5,9.1,13.8,18.1,21.9,23.9,19.9,14.3,8.4,3.2],"s":[55,66,20,1,0,0,0,0,0,0,0,11],"i":[492,450,455,377,288,163,107,322,143,405,466,276,483,443,458,390,311,178,113,329,151,411,462,293,463,429,451,395,326,189,120,329,157,409,448,303,437,405,434,391,334,196,123,323,160,398,426,307,403,376,409,379,335,199,124,310,161,380,396,304,362,340,375,359,327,197,122,292,160,354,359,294,315,299,335,331,313,191,119,268,156,322,316,278,265,254,288,297,291,182,112,240,149,285,269,257,214,208,238,257,263,168,105,209,141,243,220,229,492,450,455,376,287,162,107,322,143,404,466,275,482,443,458,388,309,176,113,328,150,409,461,291,463,429,451,393,323,187,119,328,156,408,448,301,438,405,434,389,330,193,122,321,159,397,426,304,404,377,409,377,330,195,122,309,160,379,397,301,364,342,376,357,322,193,121,291,158,354,361,291,318,301,336,330,308,187,117,267,153,322,319,275,270,258,292,296,286,177,111,240,147,286,273,252,221,213,243,257,258,164,103,209,138,245,225,225,491,449,455,373,284,160,106,321,142,403,465,273,483,443,457,384,302,172,112,326,148,407,461,286,465,428,449,387,315,181,115,325,153,404,447,294,440,407,434,383,320,185,118,318,155,393,426,296,408,379,409,371,318,186,118,305,155,375,399,292,370,346,379,350,309,183,115,287,152,351,365,281,327,307,342,324,293,176,112,265,148,321,325,265,282,267,300,292,271,166,106,238,141,286,283,243,237,225,254,254,244,152,98,209,132,248,239,217,491,448,453,370,279,157,104,318,140,400,463,269,482,442,453,377,294,166,109,321,145,403,459,279,465,428,446,379,302,172,112,319,148,398,446,284,442,407,429,372,304,174,112,311,148,386,426,283,412,381,408,359,300,173,111,298,147,369,400,277,376,348,378,340,290,169,108,280,144,345,367,266,337,314,344,313,273,161,103,259,138,317,332,249,295,276,305,284,250,150,97,234,131,284,292,229,252,237,265,250,227,137,89,206,122,250,252,204,490,447,450,365,273,153,102,315,138,397,462,264,480,438,448,369,282,159,105,315,140,396,455,270,463,425,438,366,285,161,106,311,141,389,443,271,441,405,423,358,284,161,105,302,140,377,423,268,413,379,401,343,277,158,102,288,137,358,398,259,380,350,374,324,265,152,98,271,133,336,368,247,343,317,341,300,250,144,93,250,127,308,334,231,305,282,307,272,229,133,86,227,120,279,298,211,266,246,270,241,206,120,78,202,112,247,261,189,488,446,447,359,266,149,100,311,135,392,459,258,478,436,441,358,268,150,100,308,135,388,451,259,461,421,430,351,266,149,99,301,134,379,437,256,438,401,413,340,260,146,97,290,131,364,417,249,409,376,391,324,252,141,93,276,127,345,392,239,379,347,364,304,238,133,88,258,122,322,363,225,345,316,335,282,223,125,82,239,114,297,332,210,308,283,302,254,204,114,76,217,108,269,298,191,272,249,268,227,183,103,69,194,101,240,263,171,487,444,443,352,258,144,97,307,132,388,458,250,475,433,433,345,252,141,95,300,129,379,447,246,457,416,418,334,245,136,92,290,126,366,430,239,433,394,399,319,236,131,88,277,121,349,409,229,405,369,376,301,223,124,84,261,115,329,383,216,373,340,350,282,210,115,78,243,111,306,354,202,340,310,321,258,194,107,73,224,105,281,324,186,306,279,291,236,178,98,67,204,98,256,292,171,271,248,260,210,159,88,60,183,92,229,260,152,486,442,438,346,250,139,95,303,129,383,455,245,471,429,424,332,238,131,90,292,124,370,442,234,450,409,405,316,224,124,85,278,118,352,422,221,424,386,382,297,210,115,80,262,112,331,397,208,395,359,357,276,196,108,76,245,107,309,370,193,363,330,330,254,181,100,70,227,101,286,341,179,329,300,302,234,167,91,65,208,96,262,311,164,297,269,273,212,152,83,59,189,90,238,280,149,265,240,246,191,137,75,54,171,85,214,250,134,484,440,434,340,242,134,92,299,127,379,453,239,467,425,415,320,223,123,86,284,119,360,436,222,443,403,391,297,202,112,80,266,112,338,412,204,413,376,363,273,185,102,74,247,105,313,384,187,381,346,334,250,168,94,69,227,99,288,354,171,348,315,305,227,153,86,64,209,94,263,323,156,314,285,278,206,140,79,59,191,89,240,292,142,281,256,252,187,127,72,55,174,85,217,263,129,250,227,225,169,115,65,50,157,80,196,235,117,483,438,430,334,235,130,90,296,124,375,451,233,465,421,407,308,209,114,82,277,114,352,430,211,438,397,378,279,183,101,75,256,106,325,404,188,404,366,344,249,161,91,69,233,99,295,371,167,366,331,309,222,143,83,65,211,94,266,336,149,328,298,277,199,129,76,61,191,89,240,301,135,293,266,250,180,118,70,56,174,85,216,270,123,262,238,224,163,107,65,53,158,82,196,241,112,233,212,202,147,99,59,49,143,78,177,216,102,482,438,426,330,229,127,89,293,123,372,449,229,463,419,401,298,198,109,79,271,111,346,428,202,434,392,367,263,166,93,71,247,101,314,398,174,398,359,327,227,138,82,67,221,94,279,361,149,353,319,285,195,121,76,64,196,91,244,319,131,307,279,248,172,109,72,60,175,88,215,278,118,268,245,219,155,101,67,56,157,84,193,244,108,237,217,197,142,94,62,53,143,81,175,217,99,211,194,179,129,88,56,49,131,78,160,195,92,482,438,425,327,227,125,88,292,122,370,448,225,462,419,397,293,190,104,77,268,109,342,426,196,434,391,361,252,153,86,69,241,98,308,395,164,396,357,317,210,120,79,67,214,92,269,357,137,352,317,269,171,105,76,64,187,90,229,312,117,302,271,218,148,99,72,60,163,87,196,264,106,248,225,189,135,94,67,56,144,84,173,221,99,216,199,171,126,89,62,53,132,81,158,195,92,194,179,157,117,83,56,49,122,78,146,177,86,482,438,424,326,225,125,87,291,121,369,448,225,462,419,395,291,187,103,76,267,108,341,425,194,434,392,358,250,147,83,69,239,97,306,394,160,396,357,314,204,109,79,67,211,92,266,356,131,352,317,265,157,103,76,64,185,90,225,311,112,302,271,211,134,99,72,60,160,87,190,261,101,247,222,173,127,94,67,56,140,84,165,214,96,208,192,159,120,89,62,53,127,81,152,186,90,187,174,147,112,83,56,49,118,78,142,169,84]}