{"c":"32126","n":"鷹巣","la":40.22666666666667,"lo":140.37166666666667,"e":29,"t":[-1.8,-1.2,1.9,8.3,13.7,18.4,22.0,23.6,18.6,11.7,5.6,0.8],"s":[87,94,56,1,0,0,0,0,0,0,1,35],"i":[494,455,459,360,285,174,120,333,169,419,469,273,484,448,461,372,306,191,130,341,182,426,465,290,466,433,453,376,321,204,138,342,193,425,451,300,438,409,436,372,329,213,143,337,200,415,428,304,404,379,409,360,329,217,146,325,204,398,398,302,363,343,377,341,322,216,146,308,204,373,361,293,315,301,336,314,307,210,143,285,202,341,317,277,265,254,289,282,286,200,138,257,197,304,270,256,214,209,239,244,258,185,131,225,189,262,220,229,494,455,458,360,284,173,120,332,169,418,469,272,484,448,459,371,305,189,129,340,181,425,463,288,467,433,453,375,319,200,137,341,191,424,451,298,440,409,436,370,325,209,142,336,198,413,429,302,405,380,409,358,325,212,144,324,202,396,399,298,365,344,378,339,317,211,144,306,202,372,362,289,319,303,337,313,302,204,141,284,200,341,320,273,270,260,292,281,280,195,136,256,194,305,274,252,221,214,244,244,252,180,128,225,186,264,225,225,494,454,457,358,281,171,118,330,167,417,468,270,484,448,459,367,299,185,127,337,178,422,463,284,467,433,451,369,310,195,133,337,186,420,450,291,442,411,436,365,315,200,137,331,192,409,430,293,409,382,411,352,313,202,138,319,195,393,401,289,371,349,380,333,304,200,138,302,194,369,367,279,328,310,343,307,288,193,134,280,191,340,327,263,283,269,301,277,266,181,129,254,185,305,284,242,237,227,256,242,240,167,121,225,176,268,240,216,493,453,455,354,276,167,115,328,165,413,467,266,484,446,455,361,290,178,123,332,173,417,462,276,467,432,448,361,298,185,127,331,179,413,449,281,444,411,432,354,300,188,129,324,183,403,429,281,413,384,409,342,295,188,130,312,184,386,401,275,377,352,380,323,285,183,128,295,182,363,369,264,338,317,346,298,269,175,124,273,178,335,334,247,296,278,306,269,247,164,118,249,172,303,294,227,254,239,267,237,223,149,110,222,163,269,252,202,492,451,453,350,270,163,113,324,161,409,466,261,483,444,450,353,279,169,118,326,166,409,459,267,467,430,442,350,281,173,120,322,170,404,446,268,443,409,426,341,280,173,120,314,171,393,426,265,415,383,403,327,273,170,119,301,170,375,400,257,382,354,376,308,261,164,115,284,167,354,371,244,344,320,343,285,246,155,111,263,162,327,336,229,306,285,309,258,225,144,104,241,156,298,300,209,267,249,272,229,202,130,97,216,148,267,263,187,491,450,449,344,263,158,111,320,157,405,463,254,480,441,444,343,265,159,112,318,159,401,455,256,463,426,432,336,263,159,111,311,159,393,441,252,441,405,416,325,257,156,110,301,158,379,421,246,412,380,393,310,249,151,107,287,155,361,395,236,381,351,366,290,235,143,102,270,151,339,366,223,347,320,337,268,220,135,97,250,146,315,335,208,310,286,304,243,200,124,91,229,140,287,300,189,273,252,270,217,181,111,84,206,134,260,265,170,490,449,445,338,256,152,107,316,153,401,461,249,478,438,436,331,250,149,105,309,151,392,450,244,459,421,421,321,243,145,103,299,148,380,434,236,434,399,401,306,234,139,99,286,145,363,412,225,407,373,379,289,221,132,95,271,141,344,386,214,375,344,352,269,208,124,90,254,136,322,357,200,343,314,323,247,192,113,85,235,131,298,326,184,308,283,294,225,176,105,80,216,126,273,295,169,273,250,262,200,158,94,73,195,120,248,262,151,488,447,441,332,248,146,104,311,149,396,459,242,474,434,426,320,236,139,99,300,143,382,445,231,453,413,408,304,222,130,94,286,137,365,425,219,426,390,385,285,208,122,90,271,132,345,401,204,397,363,359,266,195,112,85,254,127,323,373,191,365,334,333,245,180,105,80,236,122,301,344,177,332,303,305,225,165,96,75,218,118,277,313,162,299,273,275,202,150,88,70,199,113,254,282,147,267,243,248,183,136,79,65,181,110,231,252,133,487,445,436,327,240,141,101,307,145,391,455,236,470,430,418,308,221,128,94,292,136,372,438,219,446,407,394,287,202,117,87,274,127,350,416,202,416,380,366,264,184,106,81,254,120,325,387,185,383,350,337,242,167,97,76,235,114,300,357,169,350,319,308,220,153,90,72,217,111,276,325,154,316,288,280,200,140,82,68,199,107,254,295,141,283,259,252,181,126,75,64,182,104,233,265,128,252,229,227,163,114,68,60,167,102,212,237,115,486,444,433,322,234,137,98,303,142,387,454,231,467,426,409,298,208,120,89,284,129,363,434,209,440,401,380,270,183,105,80,262,118,335,407,186,405,370,346,242,161,93,75,239,111,305,374,165,368,335,312,217,143,85,71,217,106,277,338,148,330,301,279,194,129,78,68,198,103,250,303,134,295,269,250,176,118,72,64,181,101,229,272,122,263,240,225,159,107,67,61,166,99,209,243,111,234,214,204,144,99,61,57,152,98,192,217,101,484,443,430,318,229,133,96,300,139,383,453,227,466,424,403,289,197,112,85,278,124,356,430,200,437,397,369,256,166,95,75,252,111,324,401,172,400,362,329,223,139,83,71,225,104,288,364,148,355,322,287,192,121,77,69,202,101,254,321,130,309,281,249,170,110,73,67,180,99,225,280,118,270,247,221,153,102,68,64,164,98,204,246,108,238,219,198,140,95,64,61,150,97,187,218,99,212,195,180,127,88,59,57,139,96,173,196,92,484,442,428,315,225,131,95,299,138,381,451,224,465,423,399,284,190,108,82,274,121,352,429,194,436,396,363,247,153,87,73,246,106,317,398,162,399,361,319,206,121,80,71,218,100,277,360,136,354,320,270,170,106,76,69,192,99,238,315,118,303,273,220,148,100,72,67,169,99,204,265,107,249,227,190,135,95,68,64,150,98,182,222,100,217,200,172,126,89,64,61,139,97,169,196,93,194,180,158,117,84,59,57,130,96,159,177,86,484,442,426,315,224,130,95,298,137,381,451,223,465,423,397,282,187,106,81,273,119,351,429,192,436,396,360,244,148,84,73,244,105,315,397,159,399,361,316,202,111,80,71,216,100,274,359,131,354,320,266,158,104,76,69,190,99,231,313,112,303,274,213,135,100,72,67,166,99,197,263,102,248,224,174,128,95,68,64,146,98,174,215,97,208,193,159,120,89,64,61,134,97,162,187,91,187,174,147,112,84,59,57,126,96,154,170,85]}