{"c":"32266","n":"八幡平","la":40.013333333333335,"lo":140.80166666666668,"e":578,"t":[-5.0,-4.6,-1.3,5.1,10.8,15.1,18.7,20.0,15.3,9.0,3.1,-2.2],"s":[89,92,50,3,0,0,0,0,0,0,7,52],"i":[476,432,430,342,274,171,117,324,161,425,446,263,469,426,430,352,293,188,126,331,171,430,442,278,451,412,424,355,306,200,133,331,180,429,429,287,425,390,408,351,313,208,137,326,186,419,408,290,392,361,384,339,312,211,140,314,189,401,379,287,352,327,353,320,304,211,140,297,189,375,344,278,306,288,315,295,290,204,138,274,187,342,303,263,259,246,272,265,270,195,134,247,182,304,259,243,209,202,225,229,244,181,127,216,174,261,213,218,478,432,430,341,273,171,117,323,160,424,446,262,468,425,430,351,292,186,125,330,170,430,442,276,451,412,424,354,304,197,131,330,178,429,429,285,426,390,408,349,310,204,136,324,184,418,408,288,393,362,384,337,308,208,138,313,187,400,380,284,354,329,353,319,300,206,138,295,187,374,345,275,310,290,316,294,286,200,136,273,184,342,305,260,263,249,275,264,265,191,131,246,179,305,263,240,216,206,231,229,239,176,125,217,171,263,218,215,476,432,429,340,270,168,115,322,159,422,446,259,468,425,430,348,286,181,123,327,168,428,441,272,451,411,422,349,296,191,128,327,174,425,428,279,426,391,407,344,300,197,132,321,179,415,408,280,396,364,384,331,298,198,133,309,181,397,381,276,359,332,355,313,288,195,133,292,180,372,349,265,318,295,320,289,273,189,130,270,177,342,311,250,275,257,281,260,252,178,125,245,171,306,271,229,231,218,240,227,225,164,118,217,163,268,229,206,476,430,426,337,266,165,113,319,157,420,445,256,468,424,426,342,278,175,119,323,163,423,440,265,451,409,419,342,285,182,123,321,168,419,426,269,429,390,403,335,286,185,125,314,171,408,407,268,400,365,382,322,281,184,126,302,171,390,382,262,365,334,354,303,271,180,124,285,169,367,351,250,327,301,322,279,254,172,120,264,165,338,317,236,287,265,286,252,234,161,114,240,160,305,279,216,246,227,249,222,211,147,108,214,152,270,241,193,476,429,425,333,260,161,111,316,154,416,443,250,467,422,422,335,268,167,114,317,158,416,437,256,451,408,413,331,270,170,117,313,160,409,424,257,428,388,398,323,268,170,117,304,161,398,405,254,401,364,376,309,261,167,115,291,160,380,380,246,369,335,350,290,249,162,112,275,157,358,351,234,332,303,319,268,234,153,109,254,152,330,318,218,296,270,287,242,214,143,103,233,146,301,284,200,258,236,252,215,193,129,97,209,139,269,249,179,475,428,422,328,254,156,109,312,150,412,442,246,465,419,416,326,256,158,110,310,152,408,433,246,448,405,405,319,254,157,109,303,151,399,419,243,426,385,389,308,247,154,108,293,150,385,400,236,398,360,367,293,238,149,105,279,147,366,375,227,368,333,341,274,225,142,101,262,143,344,347,214,335,303,313,252,210,134,97,243,138,319,317,199,299,271,282,229,192,123,92,222,132,290,284,181,264,239,250,204,172,111,86,200,126,262,250,163,474,426,418,323,247,151,106,308,147,407,438,240,462,416,409,316,242,148,104,302,145,398,429,235,444,400,395,305,235,143,102,292,142,385,413,227,421,379,376,290,225,138,98,279,138,368,392,218,393,354,354,274,213,131,95,264,134,349,367,206,363,327,329,254,200,123,91,247,130,326,339,193,331,298,301,234,184,113,86,229,125,302,310,177,298,268,273,213,169,105,81,210,120,277,279,162,263,237,243,189,151,95,76,190,114,250,248,145,472,425,413,317,240,145,103,304,144,401,437,234,459,413,401,305,229,138,99,294,138,388,424,224,438,394,383,290,215,130,94,280,133,371,405,212,413,371,362,272,202,122,90,265,127,350,382,199,384,345,338,252,189,112,86,248,123,328,356,185,353,317,312,234,174,106,81,229,118,305,327,171,321,288,285,214,160,97,77,213,113,281,298,157,289,259,257,193,145,89,73,195,110,257,268,143,258,231,231,174,131,81,69,177,106,234,240,129,471,423,411,312,233,140,100,300,140,397,434,229,455,409,394,295,215,128,94,286,132,378,419,213,432,388,371,275,197,117,88,268,124,355,397,196,403,362,345,252,180,107,82,250,118,330,370,180,372,334,318,231,164,98,78,231,112,305,341,165,339,304,290,212,150,91,75,213,109,280,311,151,306,275,264,192,137,83,71,196,106,257,282,137,274,247,238,174,124,77,68,179,103,235,252,125,245,219,213,156,112,70,65,163,100,215,225,112,470,422,408,308,227,136,98,297,138,393,433,224,451,405,387,286,202,120,89,278,127,369,415,202,426,383,360,260,179,106,82,257,117,341,390,182,394,353,329,234,159,94,77,235,110,310,359,162,358,321,297,210,141,86,73,214,105,281,325,146,321,289,266,189,128,80,71,195,103,254,292,132,287,258,239,170,117,74,68,178,100,231,262,121,256,231,215,154,106,69,66,164,99,211,234,110,227,204,194,139,98,64,63,150,97,194,209,100,469,421,405,304,222,133,96,294,136,390,432,220,451,404,381,278,193,112,86,273,122,362,412,195,424,379,350,248,164,96,78,248,111,329,384,169,388,347,314,217,139,84,74,223,104,293,350,147,346,310,275,188,122,79,72,200,101,257,311,130,302,272,241,167,110,75,70,179,100,227,271,117,264,239,214,150,102,70,68,163,99,204,239,108,234,212,192,137,95,66,66,149,98,188,212,99,208,189,174,125,88,62,63,138,97,174,190,92,469,421,403,302,219,131,95,292,134,388,430,217,450,403,378,273,187,108,83,269,120,358,409,190,423,378,345,240,153,88,75,243,107,322,382,160,387,346,306,204,122,81,74,216,101,282,346,136,345,308,262,169,108,78,72,191,100,241,305,118,297,265,216,148,102,74,70,168,100,206,259,108,245,222,188,135,96,70,68,150,99,183,218,100,213,195,170,125,90,66,66,138,98,169,193,94,191,175,155,115,84,62,63,129,96,159,174,87,469,421,403,301,219,130,95,292,134,387,430,217,450,403,376,272,184,107,82,268,118,357,409,188,422,378,343,238,148,85,75,241,106,320,381,157,387,345,303,199,112,81,74,214,101,278,345,131,345,307,258,159,106,78,72,188,100,236,304,113,297,265,210,136,101,74,70,165,100,199,257,104,244,219,173,128,96,70,68,146,99,174,212,98,204,189,159,120,90,66,66,134,98,162,184,92,184,171,146,112,84,62,63,126,96,153,167,86]}