{"c":"32311","n":"阿仁合","la":39.99333333333333,"lo":140.40333333333334,"e":120,"t":[-2.2,-1.8,1.1,7.6,13.5,18.1,21.8,23.1,18.2,11.5,5.4,0.4],"s":[95,100,83,13,0,0,0,0,0,0,6,50],"i":[491,450,445,346,276,167,113,321,155,403,462,263,482,444,446,356,296,182,122,327,164,409,457,278,463,429,438,360,310,193,129,327,171,407,443,287,436,405,422,355,316,200,133,321,176,397,421,290,401,375,397,343,315,204,135,310,179,381,391,287,360,339,364,324,308,202,135,292,179,358,354,278,313,298,325,299,294,197,133,270,177,329,312,263,263,252,280,268,273,187,128,244,172,295,265,243,212,206,231,233,246,173,122,214,165,258,217,217,491,450,445,345,275,166,113,320,154,403,462,262,480,443,446,355,294,180,122,326,163,408,457,277,463,429,438,358,307,191,128,326,170,405,444,285,437,405,422,353,313,198,132,320,175,396,422,288,403,377,397,341,312,200,134,308,177,380,392,284,362,341,365,323,304,198,133,291,177,358,356,275,316,300,327,298,289,192,131,269,175,329,314,260,268,257,283,267,268,182,126,244,170,296,269,239,219,212,237,231,241,169,120,215,163,260,223,214,491,450,443,343,273,164,112,319,153,401,461,260,482,443,445,352,289,176,120,324,161,405,457,272,463,429,437,353,299,185,125,323,167,403,443,279,438,407,421,348,303,190,128,317,170,393,423,280,405,379,398,336,301,191,129,305,172,377,394,276,368,345,367,317,292,188,128,288,171,355,360,265,325,306,331,292,276,181,125,267,168,328,321,250,281,266,291,263,254,171,120,242,163,297,279,229,235,225,248,229,229,157,113,215,156,263,236,204,490,449,442,340,268,161,111,317,151,399,459,256,480,442,442,346,281,170,115,320,157,401,455,266,463,428,434,346,288,176,120,317,161,397,442,270,441,407,418,338,289,179,122,310,163,387,422,269,409,380,396,326,284,178,122,298,163,371,396,262,374,348,367,307,274,174,120,281,162,350,363,250,336,313,334,283,258,166,115,261,158,324,328,236,294,275,296,256,237,155,111,238,152,295,288,216,252,237,258,225,213,141,104,213,145,265,249,193,488,448,438,336,263,157,109,314,149,396,459,252,480,440,436,338,270,162,112,314,152,395,451,257,463,426,428,335,273,165,113,310,154,390,438,258,440,405,412,326,271,165,113,301,154,378,419,254,412,379,390,312,263,162,112,288,153,362,394,246,379,350,363,294,252,156,110,272,150,342,364,234,342,316,331,271,236,148,105,252,146,317,330,218,304,281,298,245,216,137,100,231,140,291,294,200,265,246,262,217,194,124,93,208,133,263,258,179,488,446,436,331,256,152,106,310,146,392,457,246,478,437,430,329,258,154,107,308,146,388,449,247,461,422,419,322,256,153,107,301,146,379,434,244,438,401,401,311,249,150,105,290,144,367,413,237,409,376,381,296,240,145,102,277,141,350,389,227,379,347,354,277,227,138,99,260,138,329,360,214,344,316,325,256,212,129,94,242,133,307,329,199,308,283,293,231,194,119,89,221,128,282,295,181,271,250,261,206,174,107,83,200,122,257,261,162,487,445,432,326,249,147,104,306,143,388,454,241,475,434,423,319,244,144,102,300,140,380,444,236,455,417,408,308,237,140,100,290,138,368,426,227,433,395,389,294,227,134,96,278,134,352,405,218,404,370,367,277,215,128,93,263,130,335,380,206,373,341,341,258,202,120,88,246,126,314,352,193,340,311,312,236,186,111,84,227,122,292,321,178,306,280,283,215,170,102,79,210,117,270,290,162,271,248,252,191,152,92,74,190,112,247,257,145,484,443,428,320,242,142,101,302,140,384,451,235,471,430,415,308,229,135,97,292,135,371,438,225,450,411,396,293,217,127,92,279,129,355,419,212,425,387,373,275,204,119,88,264,124,337,395,199,395,360,349,256,190,111,84,248,120,317,368,186,363,331,323,236,175,103,80,231,115,296,339,172,330,300,295,216,161,94,76,213,112,275,308,157,297,270,266,195,146,87,72,196,108,254,278,143,265,241,239,175,132,79,67,179,105,233,248,129,484,441,424,315,235,138,99,299,137,379,450,229,468,426,405,298,217,126,92,285,129,363,433,213,444,404,383,277,198,114,86,268,122,342,409,197,413,377,356,256,181,105,81,250,115,320,382,180,381,347,327,234,165,97,77,231,111,297,352,165,348,316,299,213,150,89,73,214,108,275,321,151,314,286,272,193,138,82,70,197,104,254,291,138,282,256,246,175,124,75,67,181,102,235,261,125,250,227,220,158,112,69,63,166,100,217,233,112,483,440,420,311,229,134,96,296,134,376,448,224,465,423,399,288,204,118,88,278,124,355,429,204,438,398,370,263,180,104,81,258,115,330,401,182,404,367,338,236,159,93,76,236,109,303,370,163,367,333,304,211,142,85,73,216,105,276,335,146,328,299,273,190,128,79,70,197,102,252,300,132,294,267,245,172,117,73,67,181,100,233,269,121,262,239,221,155,106,68,65,166,99,215,240,110,233,213,199,140,98,63,62,153,97,199,215,100,482,438,418,307,224,130,95,293,132,373,446,221,463,421,393,281,195,112,85,273,121,349,425,196,434,394,360,250,165,95,77,249,110,320,396,170,398,360,322,218,139,84,73,225,104,288,360,147,354,320,281,189,122,79,71,202,102,257,319,130,308,280,245,168,110,74,69,181,100,229,278,117,269,245,217,151,102,70,67,165,99,210,244,108,237,217,195,138,95,65,64,152,98,195,217,99,211,194,177,125,88,61,62,141,97,183,194,91,482,438,416,305,221,128,94,292,131,372,446,218,463,420,389,276,188,107,82,270,118,346,424,190,434,393,354,242,153,88,75,244,107,315,394,161,397,359,313,204,123,81,73,219,102,280,356,136,353,318,267,170,107,78,71,194,101,243,313,118,303,273,218,148,101,74,69,171,100,213,264,108,249,225,189,135,96,70,67,153,99,191,221,100,216,199,171,125,90,65,64,142,98,179,195,94,194,179,157,115,84,61,62,133,97,170,176,87,482,438,415,304,220,128,93,291,131,371,445,217,463,420,387,274,185,106,82,269,117,345,423,188,434,393,352,239,148,85,75,242,106,313,393,158,397,359,310,200,112,81,73,216,102,277,355,131,353,318,263,159,106,78,71,192,101,239,311,113,303,273,212,137,101,74,69,168,100,206,262,104,248,223,174,129,96,70,67,149,99,184,215,98,208,192,159,121,90,65,64,137,98,173,186,92,187,174,147,112,84,61,62,129,97,166,169,86]}