{"c":"32407","n":"岩見三内","la":39.70666666666666,"lo":140.28666666666666,"e":41,"t":[-1.5,-1.0,1.9,8.4,13.8,18.5,22.1,23.7,18.9,12.1,6.1,1.1],"s":[61,68,23,0,0,0,0,0,0,0,1,20],"i":[479,437,454,357,280,171,115,318,153,392,457,269,471,430,455,369,300,187,124,324,163,396,451,285,451,416,448,372,313,198,131,324,170,393,438,294,426,394,430,367,320,206,135,318,174,382,417,298,392,365,405,355,319,209,136,305,176,364,387,294,352,330,371,335,312,208,135,287,175,339,351,285,306,290,331,309,297,202,132,264,171,308,309,269,258,246,285,277,276,191,126,237,164,272,263,248,209,202,235,240,249,177,118,206,155,233,215,222,479,437,454,356,279,170,114,317,153,391,457,269,470,430,455,367,298,185,123,323,162,395,451,284,453,416,448,370,311,196,129,323,169,392,438,292,426,394,430,366,317,202,133,317,173,381,417,295,393,365,405,353,315,204,135,304,174,363,388,291,354,331,372,334,307,202,134,286,173,338,353,281,310,292,332,308,292,197,130,263,168,308,311,266,263,250,288,276,271,187,124,236,162,273,267,244,215,206,240,240,244,172,115,206,153,234,221,219,479,437,453,355,276,168,113,316,151,390,455,266,470,430,455,364,293,181,121,321,159,393,451,279,453,416,446,365,303,190,126,319,165,389,438,286,429,395,430,360,307,195,129,313,168,378,418,287,397,367,405,347,304,196,130,300,168,360,390,283,360,335,375,327,295,193,128,283,166,336,357,272,318,298,338,302,279,186,124,260,162,307,318,256,275,259,296,272,257,175,118,235,154,273,277,235,231,219,252,237,231,160,110,206,145,237,234,210,479,436,451,351,272,165,112,314,150,388,455,263,470,429,451,357,285,174,118,317,155,389,450,272,453,415,443,357,292,180,121,314,159,384,437,277,430,394,426,350,292,183,123,306,161,372,417,275,400,369,405,337,287,182,122,293,160,354,391,269,365,337,375,318,277,177,119,276,156,331,359,257,328,304,341,293,261,169,113,254,151,303,324,241,287,267,302,265,239,158,108,229,144,272,286,221,246,229,263,233,215,144,100,204,135,239,246,197,478,434,449,347,266,161,110,311,147,385,454,258,469,426,446,350,274,166,112,311,150,383,447,263,451,413,437,346,276,169,114,306,152,376,434,264,429,393,421,338,274,169,113,297,151,363,413,260,401,368,398,323,267,166,112,284,149,345,389,252,370,339,372,304,254,159,108,267,144,323,360,239,333,307,339,281,239,151,103,246,138,296,326,223,296,273,305,254,219,139,96,223,131,268,291,204,259,239,268,225,197,126,88,199,122,237,254,182,476,433,446,342,260,156,107,307,144,381,451,252,467,424,440,340,261,157,108,304,144,376,444,252,450,409,428,333,259,156,107,297,143,366,429,249,426,389,412,322,252,153,105,286,141,352,409,242,400,365,389,306,243,148,101,272,137,333,385,233,369,337,362,287,229,140,96,254,132,311,356,219,336,306,333,265,214,131,91,235,125,286,325,204,300,274,300,239,196,121,84,213,118,259,291,185,264,242,267,214,176,108,77,191,111,231,258,166,476,432,442,336,252,150,104,303,141,377,450,246,463,421,433,329,247,148,102,297,138,368,438,241,446,405,417,318,240,143,99,287,135,355,423,234,422,384,398,303,229,137,95,273,130,338,401,223,395,359,375,286,217,130,91,258,125,319,376,211,364,331,349,267,204,122,85,240,119,296,348,198,332,301,319,244,188,112,80,221,112,272,317,181,298,271,290,223,172,103,74,202,107,247,287,166,264,240,259,198,154,92,67,181,100,221,254,148,474,430,437,331,245,145,101,299,137,373,447,240,461,418,424,318,233,138,97,289,132,360,434,229,440,399,405,302,220,129,92,275,126,343,415,217,415,376,382,284,206,121,86,259,120,323,391,204,386,350,357,264,192,112,81,242,113,301,364,190,354,321,330,244,177,104,76,224,108,278,335,175,322,292,302,223,163,95,71,206,103,254,305,161,290,262,273,202,148,87,66,187,97,231,275,146,258,234,245,181,134,79,60,169,92,208,246,131,473,429,433,325,238,140,99,296,134,369,445,235,457,413,415,307,220,128,92,281,126,352,429,218,434,393,391,286,200,117,85,264,118,330,405,200,405,367,364,263,183,106,79,245,111,306,379,184,373,338,335,241,167,98,74,225,105,282,349,168,340,308,306,219,152,90,69,206,100,258,318,154,308,278,278,199,139,82,65,190,95,235,288,140,275,249,252,180,126,75,60,172,91,213,259,127,246,221,225,162,113,68,55,156,86,192,231,114,472,426,430,320,231,136,96,292,132,365,443,229,455,411,408,297,206,120,87,274,121,344,424,208,429,387,378,270,183,106,79,254,111,319,398,186,396,358,345,242,161,94,73,231,104,290,366,166,360,324,311,217,144,86,69,210,98,262,332,149,322,292,278,194,130,79,65,191,94,237,297,134,288,261,250,175,118,73,61,173,90,214,266,122,257,233,225,159,108,67,56,157,87,193,238,111,229,206,202,143,99,62,54,143,84,175,213,101,471,426,426,316,227,133,95,290,130,362,442,225,453,409,401,288,197,112,83,269,117,338,421,200,426,384,368,256,167,96,75,245,106,309,392,173,390,351,328,223,141,84,70,220,98,276,357,150,348,313,287,193,123,78,67,196,94,243,316,132,303,274,249,171,111,74,64,175,92,215,276,119,265,241,221,154,103,69,61,158,89,192,242,109,234,213,198,140,96,64,56,144,86,174,215,100,208,190,179,127,89,59,53,132,83,159,193,92,471,426,425,314,224,131,93,288,129,361,441,223,451,408,397,283,191,109,81,266,114,335,419,194,425,383,362,248,155,89,72,240,102,304,390,164,390,350,319,209,124,81,70,214,96,267,353,138,347,311,271,172,108,78,67,188,94,229,310,119,299,268,221,149,102,73,64,165,91,198,262,108,246,223,191,136,97,69,61,146,89,174,220,101,214,196,172,126,91,64,56,133,86,159,194,94,191,176,158,117,85,59,53,123,83,147,175,87,471,426,424,313,223,130,93,288,128,361,441,222,453,408,396,282,188,107,80,265,113,334,419,192,425,383,359,245,150,86,72,238,101,302,389,161,390,350,316,204,113,81,70,211,96,265,352,133,347,311,267,161,106,78,67,186,94,225,309,114,299,268,215,137,102,73,64,162,91,192,260,104,246,221,175,129,96,69,61,142,89,167,214,98,206,190,159,121,91,64,56,129,86,153,185,92,185,171,148,112,85,59,53,120,83,143,168,86]}