{"c":"32466","n":"角館","la":39.60333333333333,"lo":140.55666666666667,"e":56,"t":[-1.9,-1.3,1.8,8.6,14.4,19.1,22.5,24.1,19.3,12.4,6.0,0.9],"s":[89,97,77,7,0,0,0,0,0,0,3,42],"i":[480,440,458,366,297,182,128,331,173,409,459,282,471,434,459,377,320,200,139,339,186,415,455,299,453,419,451,381,336,214,148,340,196,413,441,310,426,396,434,377,344,224,154,335,204,404,419,315,392,367,408,364,344,227,157,324,208,387,389,312,352,331,374,344,336,227,158,307,209,364,352,302,306,291,333,317,321,221,155,284,206,334,310,286,258,248,286,284,298,211,150,257,200,299,264,264,208,202,236,245,269,195,142,225,193,260,215,237,480,440,458,365,296,181,127,330,172,409,459,281,471,433,459,376,318,199,138,338,185,413,454,298,453,419,451,379,333,212,146,339,195,412,441,308,426,396,434,375,340,220,152,334,202,403,419,312,394,368,408,362,340,223,155,323,206,386,390,309,354,333,375,342,331,222,155,306,206,363,354,299,310,294,334,316,316,216,153,283,204,334,313,282,262,250,289,283,293,204,148,256,198,300,268,260,215,208,241,245,264,190,140,225,190,262,221,233,480,440,457,363,293,179,126,329,171,407,459,278,471,433,458,372,312,194,135,335,182,412,454,293,454,419,450,374,324,204,142,335,190,409,441,301,429,398,434,369,329,211,147,330,196,399,420,303,397,370,409,356,327,213,149,318,199,383,392,299,360,337,378,336,318,210,149,301,198,360,358,288,318,299,340,310,301,202,145,280,195,333,319,271,275,260,298,279,278,191,140,254,189,300,278,249,229,220,254,243,250,175,132,225,180,265,235,223,480,438,455,359,288,175,124,326,168,404,458,274,471,432,455,366,303,186,131,330,177,407,453,285,454,418,447,366,312,194,136,329,183,403,438,290,430,397,430,359,313,197,139,322,186,393,419,290,401,371,408,346,309,197,139,310,188,377,393,284,366,340,378,326,298,193,138,294,186,355,361,272,328,306,344,301,281,184,134,273,182,329,326,254,287,269,304,272,258,172,127,249,175,299,287,234,246,231,265,239,233,157,119,223,167,267,247,209,479,438,451,355,282,170,121,323,165,401,455,269,470,430,450,358,291,177,125,324,170,401,450,275,453,416,441,355,294,181,128,320,173,395,437,277,430,396,425,346,293,181,128,312,175,384,417,273,403,371,401,331,286,178,127,299,174,367,392,265,370,342,375,312,273,172,124,283,171,346,362,252,334,309,342,288,257,163,120,263,166,321,328,236,297,275,307,261,236,151,112,241,160,295,293,216,259,240,270,231,212,137,105,217,152,265,256,193,478,437,449,350,274,165,117,319,161,397,454,263,467,428,443,348,277,167,119,317,163,393,446,264,451,413,432,341,275,166,119,310,163,385,432,261,428,392,415,329,269,163,117,300,162,371,412,254,400,367,393,314,260,158,113,286,159,354,387,244,370,339,365,294,246,150,110,269,155,334,358,229,336,309,336,272,229,141,105,250,150,311,327,214,300,276,303,246,211,130,99,229,144,285,293,196,265,243,269,220,189,117,92,208,137,259,259,175,476,434,445,344,266,159,113,315,157,393,451,256,465,424,436,337,261,156,112,308,155,385,442,250,447,408,421,325,254,151,109,298,152,372,425,243,423,387,401,310,244,145,106,285,148,357,404,233,396,362,379,293,231,138,102,270,144,338,379,221,365,333,352,273,217,129,97,252,139,317,350,206,333,304,322,250,200,120,92,235,135,295,319,190,299,273,293,227,184,110,86,216,129,272,288,174,265,242,261,202,165,99,80,196,124,248,256,156,475,433,441,338,258,153,110,310,153,388,450,250,462,421,426,325,245,145,105,299,147,376,437,238,441,401,408,309,231,136,100,286,141,359,417,225,416,379,385,290,217,127,95,270,135,340,393,211,387,352,360,270,202,118,90,252,130,320,366,197,355,324,333,249,187,110,85,236,125,298,337,182,323,294,305,227,172,100,81,218,121,277,307,167,291,264,275,206,156,92,76,200,117,254,277,152,259,235,247,186,141,83,71,183,112,234,247,137,474,432,437,332,250,148,107,306,149,384,447,243,458,417,418,313,229,134,99,291,139,367,430,225,434,396,394,291,210,121,92,273,131,345,408,206,405,369,367,268,191,110,86,254,124,322,381,190,374,340,338,246,173,101,81,235,118,299,351,173,341,310,309,224,158,93,76,217,113,276,320,158,308,280,281,202,145,85,73,200,111,254,290,144,276,250,254,184,131,78,69,184,108,235,260,131,246,223,227,166,119,71,65,168,105,216,231,119,473,430,433,327,243,143,104,302,145,380,445,238,455,413,411,302,216,125,93,283,133,359,426,214,430,390,381,275,189,109,84,261,122,333,400,191,397,360,348,246,166,96,78,239,113,305,368,170,361,327,313,220,147,87,74,218,109,277,334,151,323,294,281,198,133,81,71,199,106,252,299,137,289,263,252,178,121,74,68,182,104,231,268,124,258,235,227,161,110,69,65,167,103,214,240,112,229,209,204,145,101,63,63,154,101,198,214,103,472,430,430,323,238,139,102,299,143,377,444,233,454,412,404,294,204,117,89,277,128,352,423,204,426,386,371,261,171,98,79,252,114,322,395,177,391,354,331,225,143,85,74,227,107,289,359,151,349,315,289,196,124,79,72,202,104,257,318,133,304,276,250,172,111,74,70,182,102,229,277,119,265,242,222,155,103,70,68,166,102,209,243,109,235,214,199,141,96,65,65,153,101,193,216,101,209,191,180,129,90,61,62,142,100,181,193,93,472,429,428,320,234,137,100,298,141,375,443,231,453,411,400,289,197,112,86,273,124,349,422,199,426,385,364,252,158,89,75,246,109,316,392,166,390,352,321,211,123,81,74,219,103,280,355,139,348,313,273,173,106,78,72,194,102,242,311,119,299,269,222,150,100,74,70,171,102,211,263,108,247,224,191,136,95,70,68,153,101,189,221,100,214,197,173,127,90,65,65,142,101,177,195,94,192,177,159,118,84,61,62,133,100,167,176,88,472,429,426,320,233,136,100,297,141,375,443,229,453,411,398,287,194,110,84,272,123,348,421,197,426,385,362,249,152,86,75,244,108,315,391,162,390,352,318,206,112,81,74,217,103,277,354,133,348,313,269,162,104,78,72,191,102,237,310,113,299,269,216,136,100,74,70,168,102,204,261,103,246,222,175,128,95,70,68,149,101,181,214,98,206,190,159,121,90,65,65,137,101,171,185,92,185,172,148,112,84,61,62,129,100,163,168,86]}