{"c":"32476","n":"田沢湖","la":39.69833333333333,"lo":140.73166666666665,"e":230,"t":[-2.9,-2.4,0.8,7.4,13.1,17.8,21.3,23.0,18.3,11.5,5.2,-0.1],"s":[84,92,64,4,0,0,0,0,0,0,3,40],"i":[479,438,441,350,280,169,120,320,163,397,453,267,470,433,442,361,300,185,129,327,174,401,449,282,451,418,434,364,313,196,137,327,183,400,434,291,425,396,418,359,320,204,142,322,189,390,413,294,392,366,393,347,319,206,144,310,192,373,384,291,352,331,361,328,312,204,144,293,192,350,348,281,306,291,322,302,297,199,141,271,190,321,306,266,258,247,277,271,276,189,136,244,184,286,261,245,208,202,229,235,249,175,129,214,176,248,213,219,479,438,441,350,279,169,120,320,163,397,453,266,470,432,442,360,298,183,128,326,173,401,448,280,451,418,434,363,311,194,135,326,181,399,434,289,426,396,418,358,317,200,140,320,187,389,413,292,393,367,393,346,315,202,142,309,190,372,385,288,354,333,362,326,307,200,142,292,190,349,349,278,309,293,323,301,292,195,139,270,187,320,309,263,262,250,280,270,271,185,134,244,181,287,265,242,215,208,234,234,244,170,126,215,173,250,219,216,479,438,440,348,276,167,118,318,161,395,453,263,470,432,441,356,293,179,126,323,170,399,448,276,453,418,433,358,303,188,132,323,177,396,434,283,428,397,417,352,307,193,136,317,182,386,413,284,397,369,394,340,304,194,137,305,184,369,387,279,360,336,364,320,295,191,136,288,183,347,353,269,318,299,328,296,279,184,133,267,179,319,315,252,274,260,288,266,258,173,127,242,173,287,274,231,229,220,245,231,231,159,120,214,165,252,231,206,478,438,438,345,272,163,115,316,159,393,451,260,470,430,438,350,284,173,122,319,166,395,446,269,453,417,430,350,292,179,126,317,171,390,433,273,430,397,413,343,292,181,129,310,174,380,413,272,400,371,392,330,287,180,129,298,174,363,388,266,365,339,363,311,277,176,127,281,172,342,356,254,327,305,330,287,261,168,123,261,168,315,321,238,287,269,293,259,240,157,117,237,161,286,283,218,246,231,254,227,215,143,109,212,153,254,244,195,478,437,436,340,266,159,113,313,156,390,450,254,468,429,433,343,274,165,118,313,160,389,444,261,451,415,424,339,276,168,120,309,163,383,430,261,429,395,408,331,274,168,120,301,163,371,411,258,401,370,386,316,267,164,118,288,162,354,386,249,369,341,360,298,254,158,114,271,159,333,357,237,333,308,328,275,239,150,110,252,154,308,323,221,296,274,295,249,219,138,104,229,147,281,288,202,259,240,259,220,197,125,97,206,140,252,252,181,476,436,433,336,259,154,111,309,153,386,448,250,466,426,426,334,261,156,112,306,154,382,440,250,450,412,416,326,259,155,112,300,153,373,426,247,426,392,399,315,252,152,110,289,152,360,405,240,400,367,377,300,244,147,107,275,149,342,381,229,369,338,351,281,229,139,103,259,145,321,353,217,336,308,323,259,215,130,98,240,140,298,322,200,300,276,290,234,196,120,92,219,133,272,289,184,265,243,258,210,176,108,85,198,127,247,254,164,475,434,429,330,252,149,108,305,149,382,446,244,463,423,420,323,247,147,106,299,147,374,436,239,446,407,405,312,240,142,103,289,144,362,419,231,422,386,387,298,229,136,100,276,140,346,398,221,395,361,364,281,217,129,96,261,136,327,373,209,364,333,338,262,204,121,91,244,131,306,345,196,332,303,310,240,188,112,86,225,126,284,315,180,299,273,281,218,173,103,81,206,121,261,284,164,264,242,250,194,154,92,75,188,114,236,252,147,474,432,425,325,245,144,105,301,145,378,444,238,459,420,412,312,233,137,100,291,140,365,430,227,440,401,393,297,220,129,95,277,134,349,412,215,415,378,371,279,206,121,91,262,129,330,388,202,386,352,347,259,192,112,86,246,124,310,361,188,354,323,321,239,177,104,81,227,119,288,333,174,322,293,293,219,163,95,77,211,113,266,303,159,290,264,264,198,148,87,72,193,110,244,273,144,259,235,238,178,134,79,67,176,106,223,244,130,473,430,421,319,238,140,102,297,142,374,442,231,457,416,404,302,219,128,95,283,134,357,426,216,434,395,381,281,200,115,88,266,125,336,403,199,405,369,354,259,183,106,83,248,119,313,376,183,373,340,326,237,166,98,78,229,112,290,346,167,340,310,298,216,152,90,74,211,109,267,316,153,308,280,271,196,139,82,70,194,105,246,286,139,275,250,245,177,126,75,66,178,102,225,257,126,246,223,219,160,114,69,62,162,100,206,229,113,471,430,418,315,231,136,100,294,139,370,440,227,454,413,397,292,206,120,90,276,128,349,421,206,429,389,369,266,183,105,82,256,118,324,396,185,396,359,337,239,161,94,77,234,111,297,364,165,360,326,304,214,143,86,73,213,106,270,330,148,322,293,272,192,129,79,69,194,102,246,296,134,288,262,245,173,118,73,66,178,100,224,265,122,257,234,220,157,108,68,63,163,98,206,237,111,229,209,198,141,99,62,60,150,96,189,212,101,471,429,415,311,227,132,98,292,137,367,438,223,453,411,391,284,197,112,86,271,123,344,418,198,426,386,359,252,167,96,77,247,112,315,390,172,390,353,321,221,141,85,73,223,104,282,355,149,348,315,281,191,123,79,71,199,101,250,315,131,303,276,245,169,111,74,69,179,100,223,275,118,265,242,217,152,103,70,66,163,98,202,241,108,234,214,195,139,95,65,63,149,97,186,214,100,208,191,176,126,89,60,60,138,96,173,192,92,471,428,413,309,224,130,96,290,136,366,438,221,451,409,387,279,190,109,84,267,120,340,417,193,425,384,353,244,155,89,75,242,107,309,387,163,389,352,313,206,124,81,73,216,102,273,351,137,347,313,267,171,108,78,71,191,100,237,309,119,298,269,219,149,102,74,69,169,99,206,262,108,246,224,189,136,96,69,66,151,98,184,220,100,214,197,171,126,90,65,63,139,97,171,194,94,191,176,157,117,84,60,60,129,96,161,175,87,471,428,413,308,223,130,96,289,135,365,437,220,451,409,385,277,188,107,83,266,119,339,416,191,425,384,351,242,150,86,75,240,106,307,387,159,389,352,309,202,113,81,73,214,101,271,350,133,347,313,263,160,106,78,71,189,100,233,307,114,298,269,213,136,101,74,69,166,99,200,260,104,246,221,174,129,96,69,66,147,98,177,214,98,206,190,159,121,90,65,63,135,97,165,185,92,184,172,147,112,84,60,60,126,96,156,168,86]}