{"c":"32496","n":"大正寺","la":39.526666666666664,"lo":140.23333333333332,"e":20,"t":[-1.1,-0.7,2.0,8.3,13.7,18.3,22.0,23.5,18.8,12.1,6.1,1.3],"s":[80,90,50,2,0,0,0,0,0,0,3,33],"i":[488,451,468,362,286,166,112,326,153,412,469,271,479,445,470,374,306,180,121,333,162,417,463,287,459,429,462,377,321,191,126,332,169,415,450,296,432,405,444,373,327,198,130,326,173,404,426,299,398,375,417,360,327,200,131,313,175,386,396,296,356,338,382,340,319,198,130,295,174,361,359,286,309,296,340,313,304,193,127,271,171,329,315,270,260,250,292,280,282,183,122,243,166,292,267,248,209,204,240,243,254,169,114,212,158,250,218,222,488,451,468,362,285,165,112,326,153,411,469,271,478,444,470,373,305,179,120,332,161,416,463,285,459,429,462,376,318,189,125,331,167,413,450,294,433,405,444,371,324,195,129,325,172,403,428,297,399,376,417,358,323,197,130,312,173,385,398,293,359,340,383,338,314,195,129,294,172,360,361,283,313,299,342,312,299,189,125,271,169,329,318,267,265,254,295,280,277,178,120,243,163,293,272,245,216,210,245,242,249,165,112,213,155,252,224,219,488,451,467,360,282,163,112,325,151,409,469,268,479,444,469,369,299,175,118,329,159,413,463,281,461,429,459,370,310,183,122,328,164,409,450,288,436,407,444,365,314,188,125,321,167,400,429,289,403,378,419,352,311,188,125,309,168,382,400,284,365,344,387,332,302,185,124,291,166,358,365,273,322,305,348,307,286,178,120,268,163,328,325,257,278,265,305,276,263,167,114,242,157,294,283,236,233,224,259,240,237,153,107,213,149,257,238,210,487,450,466,356,277,160,110,322,150,407,468,265,478,443,466,362,290,169,114,325,155,409,462,274,461,429,458,363,298,175,118,323,159,405,449,278,437,407,441,355,299,177,119,315,160,393,428,277,407,381,418,342,294,175,118,302,160,376,401,270,371,348,387,323,283,171,115,284,157,352,369,259,333,313,352,297,267,163,112,263,153,325,333,242,291,275,312,269,245,152,106,238,147,293,293,222,249,236,271,236,220,138,98,212,139,259,252,198,487,449,463,352,271,156,108,319,147,404,466,260,476,441,459,355,279,162,111,319,150,403,459,265,461,426,451,351,282,164,112,315,152,396,446,266,437,405,434,343,280,164,111,306,151,384,426,262,409,380,412,328,273,160,109,292,150,366,400,254,376,350,384,309,260,154,106,275,146,344,370,241,339,317,350,285,244,146,101,254,141,317,335,225,301,281,315,258,224,135,95,231,135,289,299,204,263,246,277,227,200,121,88,208,127,258,262,184,484,447,459,347,265,152,105,316,144,400,463,254,475,438,454,345,266,153,106,313,145,395,455,254,458,423,442,338,264,152,105,306,144,386,441,250,434,401,425,326,258,149,103,295,142,372,421,244,407,377,401,311,248,144,100,280,138,353,395,234,376,348,374,291,235,136,95,263,134,331,366,221,342,317,344,269,219,127,90,244,129,307,334,204,305,283,311,243,200,117,84,222,123,279,300,187,269,250,276,217,180,105,77,200,115,252,265,167,484,446,455,341,257,147,103,312,141,395,462,248,472,434,446,334,252,144,101,305,139,387,451,243,454,418,430,323,244,140,98,295,136,374,434,236,430,396,411,308,235,134,94,282,132,357,413,225,401,371,388,290,222,127,90,266,128,337,387,213,371,342,361,271,209,119,85,249,123,315,358,199,338,311,330,248,192,110,80,229,118,291,327,183,304,280,300,225,176,101,75,210,112,267,295,167,269,248,268,200,157,90,69,190,107,241,262,150,483,444,451,335,250,142,100,308,139,390,459,242,469,430,437,322,238,135,96,297,133,377,446,231,448,412,417,306,224,127,91,283,128,360,426,219,422,388,394,288,210,119,86,267,123,340,401,206,393,361,368,267,196,111,82,250,118,318,374,191,361,332,341,247,181,103,77,231,112,296,344,177,328,301,312,225,166,94,72,214,108,272,314,162,296,271,282,204,151,86,67,196,104,249,283,147,263,242,252,184,136,78,62,178,99,225,252,132,482,443,446,329,242,138,98,304,136,386,457,237,466,426,428,311,223,126,91,289,128,368,440,220,442,405,403,289,204,114,85,272,121,346,417,202,412,378,375,266,186,105,80,252,113,322,388,186,380,348,345,244,169,97,75,233,109,297,358,170,346,317,315,222,154,89,71,215,105,273,326,155,313,287,287,200,141,82,67,197,101,250,295,141,280,257,259,182,127,75,63,180,97,229,265,128,250,227,231,164,115,68,57,164,94,208,237,115,480,441,443,325,236,134,96,300,133,382,455,231,463,424,420,300,211,119,87,282,124,360,436,210,437,399,389,273,186,105,80,261,113,333,408,188,403,368,355,245,163,94,75,239,108,304,375,168,366,334,319,219,145,86,70,217,103,275,340,150,327,300,286,196,131,80,67,197,100,249,304,136,293,268,257,177,119,73,64,180,97,227,272,123,261,239,231,160,109,68,60,164,94,206,244,112,231,213,208,145,100,62,56,150,92,189,218,102,480,440,440,321,231,131,94,298,132,379,453,227,461,422,413,292,200,112,84,277,120,354,432,202,433,395,378,260,169,96,76,252,109,323,401,175,397,361,337,225,142,85,71,227,103,288,365,151,354,321,293,195,124,79,69,202,100,254,323,133,308,281,254,172,112,75,67,181,97,225,281,119,268,246,225,155,103,70,64,163,96,202,246,109,237,217,202,141,96,65,60,150,94,185,219,101,211,194,183,128,89,60,56,138,92,171,196,93,480,438,438,318,227,129,93,296,130,377,451,225,461,420,409,287,193,109,82,273,118,350,430,196,433,393,372,250,157,90,73,247,106,316,399,166,396,359,327,211,125,82,71,219,100,278,361,139,353,318,277,173,108,78,69,193,99,238,316,120,303,272,224,150,102,74,67,169,97,204,266,109,249,225,193,137,96,70,64,150,95,181,222,101,216,197,174,127,91,65,60,138,94,167,195,94,193,176,160,118,85,60,56,128,92,156,176,88,480,438,437,317,227,129,93,296,130,377,451,224,461,420,407,285,191,107,81,272,117,348,429,194,433,392,369,248,152,87,73,245,105,314,398,162,396,357,323,206,113,82,71,217,100,274,359,134,353,316,273,162,106,78,69,190,99,233,314,115,303,270,217,137,101,74,67,166,97,197,263,104,249,220,175,129,96,70,64,145,95,172,215,98,208,187,160,121,91,65,60,133,94,159,185,92,186,169,148,112,85,60,56,124,92,150,168,86]}