{"c":"32616","n":"象潟","la":39.221666666666664,"lo":139.90166666666667,"e":5,"t":[2.2,2.2,4.8,10.0,14.8,19.0,22.8,24.9,21.0,15.4,9.9,5.1],"s":[44,55,12,0,0,0,0,0,0,0,1,15],"i":[484,462,490,375,294,174,112,330,148,413,478,281,474,454,491,387,316,190,120,337,156,420,473,297,455,438,483,390,331,200,126,336,162,416,459,308,428,413,463,386,338,209,129,329,165,404,434,311,394,382,434,373,338,212,130,315,166,384,404,307,353,344,398,352,330,210,128,296,164,357,365,297,306,301,353,324,314,204,125,271,159,323,320,281,257,254,302,290,292,194,119,241,152,283,271,258,206,206,246,250,263,179,111,208,142,240,220,231,484,462,490,374,293,173,112,330,147,413,478,280,474,454,492,385,314,188,120,336,155,419,473,296,455,438,483,389,328,199,125,335,161,415,459,305,429,413,463,384,334,206,128,328,164,403,436,308,395,383,436,371,333,208,128,314,164,383,405,304,355,346,400,350,325,206,127,295,162,357,367,294,310,304,355,323,309,199,123,270,157,323,323,277,262,258,306,289,286,189,117,241,150,284,275,254,214,212,252,250,257,174,109,209,140,242,225,227,483,461,488,372,290,171,111,329,146,413,478,278,474,454,491,381,308,184,118,333,153,416,473,291,455,438,482,383,319,193,122,332,157,412,459,298,430,416,465,378,324,198,124,324,159,400,437,300,399,386,438,365,321,199,124,310,159,381,407,295,361,351,404,344,312,195,122,292,156,354,372,284,319,311,363,317,295,188,117,268,151,323,331,267,275,269,318,285,272,176,111,240,143,286,287,244,229,227,269,248,244,162,103,210,134,247,242,218,483,459,487,368,285,168,110,326,144,409,476,274,474,453,487,375,299,177,113,329,149,412,471,284,457,438,479,375,307,183,117,326,152,405,458,288,433,416,461,368,308,186,118,317,153,394,437,287,403,388,437,354,303,185,117,304,151,375,409,281,367,355,405,334,292,180,113,285,147,349,376,269,329,319,368,308,275,172,109,263,141,320,339,252,288,280,326,278,252,160,102,237,133,286,298,229,247,240,283,244,227,145,94,209,124,250,256,204,482,459,484,363,279,163,107,323,142,407,475,269,473,451,482,367,288,169,110,323,145,405,468,274,455,436,472,363,290,172,111,318,145,398,455,275,433,415,455,354,289,172,110,309,144,385,434,272,405,388,430,339,281,168,108,294,141,365,408,263,372,358,401,320,269,162,104,276,136,341,377,250,335,323,367,295,252,153,98,254,129,312,342,233,298,287,330,267,231,141,91,229,122,282,305,213,260,250,290,236,206,127,83,204,112,249,267,190,480,458,480,358,272,159,105,319,139,403,473,263,471,448,475,356,274,160,105,316,139,398,465,263,454,433,463,349,272,159,104,309,138,388,450,260,430,412,445,337,265,156,102,297,135,372,429,252,403,385,422,321,256,150,98,282,130,352,403,242,372,356,392,301,242,142,93,264,125,329,373,227,338,324,361,278,225,133,87,243,118,302,341,212,302,290,326,250,206,122,80,221,110,273,306,193,266,254,290,225,185,110,73,197,102,243,270,173,480,455,476,352,264,153,102,315,136,398,471,256,468,445,466,345,259,150,100,308,134,389,459,250,450,428,451,333,250,145,97,298,130,375,443,243,426,405,430,318,241,139,93,284,125,357,421,233,398,379,405,300,227,132,88,268,120,336,394,220,367,350,378,280,214,124,83,249,112,312,365,206,335,318,346,256,197,113,77,229,107,287,333,189,301,287,315,234,181,104,71,208,100,260,301,173,266,254,282,208,162,93,64,187,93,231,267,154,479,454,471,346,256,148,100,311,134,393,468,250,465,441,457,332,244,140,95,300,128,380,454,239,445,421,436,316,229,132,90,286,122,362,434,225,419,397,412,297,215,123,85,269,115,340,409,212,390,369,385,276,200,113,80,250,110,317,381,197,358,339,356,254,185,106,74,231,103,293,351,182,325,308,327,233,170,97,69,213,97,267,320,167,293,277,295,211,155,89,63,193,91,242,288,151,261,247,266,190,139,80,56,174,85,217,258,136,476,453,467,340,249,143,97,307,131,389,466,244,462,437,447,320,229,131,91,292,123,370,449,227,438,413,421,298,209,119,84,274,114,347,425,209,409,387,391,274,190,108,78,254,108,322,396,191,377,356,360,250,173,100,73,234,101,295,364,174,344,324,329,229,158,91,68,214,95,269,332,159,310,293,299,206,144,83,63,195,90,245,301,145,278,263,271,187,130,76,57,177,85,221,270,131,248,233,243,169,118,69,53,160,80,199,241,119,476,451,462,335,242,139,95,304,128,385,463,239,459,434,438,310,216,123,86,285,118,362,444,216,433,408,405,281,190,108,79,263,109,334,416,193,400,377,369,252,166,96,73,239,101,303,382,171,363,341,332,225,147,87,68,217,95,273,345,153,325,306,297,200,133,80,64,196,90,245,309,138,291,273,266,181,121,74,60,177,86,220,277,125,259,244,239,164,110,68,56,160,82,198,247,113,229,217,216,148,101,63,52,146,78,179,221,104,476,450,459,331,237,136,94,301,127,382,462,234,458,432,430,301,204,115,83,279,114,356,440,206,430,404,394,267,172,98,74,254,104,323,409,179,395,369,350,231,144,86,69,227,96,287,371,154,352,328,304,199,125,80,67,200,92,250,328,134,306,286,263,175,112,75,63,178,88,220,285,121,267,250,231,157,104,70,60,160,85,195,250,110,236,221,206,143,97,65,56,145,81,176,221,102,209,197,188,130,90,60,52,132,77,160,198,94,476,450,457,328,234,134,92,300,125,380,461,231,457,430,426,295,198,111,81,276,112,352,438,200,430,401,387,257,160,91,72,248,100,317,405,169,394,366,339,215,126,82,69,219,94,277,367,141,351,324,286,176,108,79,67,192,91,235,320,121,302,277,229,151,102,75,63,166,88,199,269,109,249,227,195,137,97,70,60,146,85,173,224,101,215,199,176,127,91,65,56,132,81,157,197,95,192,178,162,119,85,60,52,122,77,145,177,88,476,449,455,327,233,133,92,299,125,379,459,231,457,429,424,294,195,110,80,274,111,350,437,199,430,401,384,254,154,88,72,246,99,314,405,165,394,365,335,211,114,82,69,217,93,273,365,136,351,323,281,164,106,79,67,189,91,229,318,115,302,275,222,136,101,75,63,163,88,191,267,104,249,224,176,129,96,70,60,141,85,164,216,98,206,189,161,122,91,65,56,127,81,149,186,93,185,170,149,113,85,60,52,118,77,138,168,86]}