{"c":"32691","n":"湯沢","la":39.18666666666667,"lo":140.46333333333334,"e":74,"t":[-1.7,-1.3,1.7,8.6,14.4,19.0,22.4,23.8,19.2,12.7,6.4,1.1],"s":[88,97,68,7,0,0,0,0,0,0,4,39],"i":[488,459,463,359,288,179,124,333,165,420,471,275,479,451,466,370,309,195,134,340,176,426,465,291,459,436,457,373,322,208,141,340,185,424,451,301,432,412,438,368,329,216,146,334,191,413,428,304,397,380,412,355,328,220,149,322,194,395,396,301,355,342,377,335,320,219,149,304,194,370,358,291,308,299,336,309,305,213,146,280,192,338,314,275,259,252,288,276,283,202,141,252,186,301,266,254,206,204,236,239,254,187,133,220,178,260,216,227,488,459,463,358,287,178,123,332,165,420,471,274,478,451,465,369,307,194,133,339,175,425,465,290,459,436,457,371,320,206,140,339,183,423,451,299,433,412,438,366,326,213,145,333,189,413,428,302,398,381,413,354,324,216,147,320,192,394,398,298,358,344,379,334,316,214,147,302,192,370,360,288,312,302,337,308,300,208,144,279,189,339,317,272,263,257,292,276,278,197,138,252,183,302,271,250,215,211,242,239,250,182,131,221,175,263,223,223,488,459,463,356,284,175,122,331,163,418,470,272,479,451,463,365,301,189,130,336,172,423,465,285,461,436,455,366,312,199,136,336,179,420,451,292,434,413,438,361,316,204,140,329,184,409,429,294,401,384,413,348,313,206,142,317,186,392,400,289,364,349,382,328,303,202,141,299,185,367,365,278,321,309,344,302,287,195,137,276,181,338,325,262,277,268,301,272,264,184,131,250,175,304,282,240,231,225,254,237,237,169,123,221,167,267,238,214,488,458,462,353,279,172,120,329,161,416,469,268,479,451,461,359,292,182,126,332,168,418,463,278,461,436,453,359,300,189,131,330,173,413,450,283,437,413,436,351,301,192,133,322,176,403,429,281,407,387,413,338,295,191,133,310,176,386,401,275,371,353,382,318,285,187,131,292,174,363,369,263,332,317,348,293,268,178,126,271,170,335,333,246,290,279,308,265,246,167,120,246,163,304,292,225,248,239,267,233,221,151,112,220,155,270,252,202,487,457,459,349,273,168,118,325,158,413,468,263,476,449,455,351,282,174,121,326,162,412,461,269,461,434,447,348,284,177,123,322,165,405,447,269,437,413,430,339,282,177,124,313,165,394,426,266,409,386,407,324,274,174,122,300,164,376,401,257,376,356,380,305,262,167,119,283,161,354,371,245,339,322,346,281,246,159,113,262,156,328,336,229,301,286,311,254,225,147,107,239,150,300,299,209,263,250,274,225,202,133,100,215,142,269,262,187,486,455,455,344,267,163,114,322,155,408,466,258,475,446,450,342,268,164,115,319,156,404,457,258,459,430,438,335,266,163,114,312,155,395,442,254,436,409,421,323,260,160,112,301,154,381,422,248,407,384,398,308,250,155,110,287,151,363,396,238,376,354,371,288,237,147,106,270,147,342,367,224,342,323,341,266,221,138,101,250,142,318,335,208,305,288,307,240,202,127,95,229,136,290,300,190,269,254,273,215,181,113,88,206,129,264,265,170,484,454,451,338,259,157,111,317,151,404,463,252,473,443,442,331,254,154,109,311,149,396,453,246,454,426,426,320,246,149,107,301,146,383,436,238,430,404,408,305,236,143,103,288,142,366,413,227,403,378,384,288,223,136,99,272,138,347,388,216,371,348,357,268,210,128,94,254,133,325,359,202,339,317,327,246,193,118,89,236,128,302,328,186,304,286,298,223,177,108,83,217,123,278,296,170,269,252,265,199,159,97,77,196,118,252,263,152,484,451,447,333,252,151,108,313,148,399,461,245,470,438,434,320,240,143,103,303,142,386,447,234,449,420,413,304,225,135,98,289,136,369,428,221,423,395,391,286,212,126,93,273,131,349,403,208,394,368,365,266,198,117,88,256,126,328,376,194,362,338,338,245,182,109,83,238,121,305,346,179,329,307,309,225,167,100,79,220,117,282,315,164,296,276,279,202,152,92,74,200,112,260,284,149,264,246,250,182,137,83,69,184,109,238,254,134,482,451,443,327,244,146,105,309,144,395,459,239,466,434,425,309,225,133,98,294,136,377,442,223,443,413,400,288,206,121,91,277,128,355,419,204,413,385,372,265,188,111,85,257,121,331,390,188,381,355,343,243,171,102,80,238,115,306,359,172,347,323,313,221,156,93,75,220,112,282,328,157,314,292,285,200,142,85,71,202,108,260,297,143,281,262,258,181,128,79,68,185,105,239,267,129,250,233,231,163,117,71,64,169,102,219,238,117,480,449,438,323,238,142,102,306,142,391,457,234,463,432,417,299,213,125,93,287,130,368,438,212,438,407,387,272,187,110,84,265,120,341,411,190,404,375,353,245,165,97,78,243,112,312,377,169,367,340,318,219,147,89,74,221,108,283,342,151,329,305,285,196,132,82,71,200,105,258,306,137,294,273,256,177,120,76,68,184,103,235,274,124,262,243,229,160,110,70,65,169,101,216,245,112,233,217,206,144,101,64,62,155,99,199,219,103,480,448,437,319,233,138,100,303,139,388,455,229,462,430,409,291,202,118,89,281,126,362,434,204,434,403,376,259,171,99,79,256,113,331,404,176,398,368,336,225,144,87,74,231,107,296,367,152,355,327,293,195,125,80,72,206,104,262,325,134,309,286,254,172,112,76,70,184,102,231,283,120,269,250,225,155,104,71,67,167,101,210,248,110,238,220,200,141,97,67,64,154,100,194,220,101,211,196,182,128,90,62,61,142,98,180,197,93,480,447,434,316,229,136,99,301,138,386,454,227,462,428,405,286,195,112,86,278,123,358,432,198,434,400,370,250,159,91,76,250,110,325,401,167,398,365,326,212,126,82,74,223,104,286,363,140,354,323,277,174,109,79,72,197,102,246,318,121,304,276,225,150,102,75,70,173,102,213,269,109,250,227,193,137,97,71,67,154,101,189,224,102,216,199,174,127,91,67,64,142,100,175,196,95,193,178,160,118,85,62,61,132,98,166,177,89,480,447,434,316,229,135,99,301,138,386,454,227,462,426,404,284,193,111,85,277,122,357,430,196,434,399,367,248,154,88,76,249,108,323,400,163,398,363,323,206,115,82,74,221,103,283,361,135,354,321,273,164,107,79,72,194,102,241,316,117,304,274,219,137,102,75,70,170,102,206,266,105,250,223,175,129,97,71,67,149,101,180,216,99,208,189,160,122,91,67,64,137,100,169,185,93,186,170,148,113,85,62,61,128,98,161,168,87]}