{"c":"33071","n":"二戸","la":40.29666666666667,"lo":141.29833333333335,"e":87,"t":[-2.3,-1.8,1.7,8.3,13.7,17.4,21.1,22.7,18.1,11.6,5.6,0.5],"s":[43,68,24,1,0,0,0,0,0,0,0,12],"i":[484,446,436,344,300,208,164,346,209,437,455,284,476,438,438,355,324,233,187,358,233,445,451,304,459,425,430,358,341,252,204,363,252,444,438,317,432,401,413,354,350,267,219,360,267,433,416,324,398,373,390,342,351,275,227,350,275,415,387,323,358,337,359,323,344,277,231,333,278,388,351,315,311,296,320,298,329,271,229,309,275,353,309,300,263,252,277,268,307,260,221,280,267,312,264,278,212,206,229,233,277,242,209,246,252,266,216,250,486,445,434,344,298,206,163,346,208,436,455,283,476,438,437,354,322,229,185,357,231,444,451,302,459,425,430,357,338,249,202,361,250,443,438,315,433,401,413,352,346,262,215,358,263,433,416,320,399,373,390,340,347,269,223,348,271,413,388,319,360,339,359,322,339,270,225,331,273,387,353,310,315,298,322,297,324,264,224,307,270,353,312,295,267,256,279,267,301,252,216,279,261,313,267,273,219,212,234,231,272,234,204,246,247,268,222,246,484,445,434,342,295,202,161,344,204,434,455,280,476,438,434,350,316,223,179,353,225,441,450,296,459,424,426,352,329,239,195,356,241,438,437,307,434,403,411,347,335,250,204,352,252,429,416,310,403,375,388,335,334,254,211,341,258,409,389,308,366,342,358,316,325,252,213,324,259,384,355,298,323,304,323,292,309,245,209,301,254,352,317,282,279,265,283,263,286,233,200,274,245,314,276,261,234,224,242,229,257,214,189,243,231,273,233,234,484,444,432,338,290,198,156,340,200,430,454,275,476,437,430,344,306,214,171,347,216,436,448,288,459,423,422,344,316,225,182,348,227,432,434,295,437,403,405,337,319,231,190,342,236,421,415,296,407,377,383,325,314,233,193,330,239,403,389,291,371,345,355,306,304,229,192,313,238,378,357,280,333,311,322,282,288,221,187,291,231,348,322,264,292,273,285,256,265,208,178,265,222,313,283,243,250,235,247,225,239,190,166,236,208,275,244,218,484,443,429,334,283,191,151,336,195,426,451,270,475,434,424,337,294,200,161,339,204,428,445,277,459,421,413,334,298,208,167,336,212,422,432,280,436,401,398,325,297,211,171,329,215,409,411,278,408,376,375,311,291,209,171,316,215,391,386,270,375,347,349,293,279,202,168,299,212,368,357,258,339,313,317,271,263,193,162,277,204,339,323,242,302,279,284,245,242,180,152,252,195,308,288,222,263,244,248,217,217,163,140,227,182,273,252,199,483,441,425,329,275,184,144,331,188,422,450,263,473,433,418,328,279,188,149,329,192,419,441,265,455,418,405,321,278,189,150,323,194,409,426,262,433,397,387,310,272,187,150,313,193,395,405,256,405,372,364,295,263,182,147,298,190,376,381,247,375,344,338,276,250,174,142,281,185,352,352,234,341,313,309,254,234,164,136,261,178,326,321,218,305,280,277,231,215,152,127,238,168,296,287,199,269,247,245,206,193,137,115,214,157,266,254,179,480,440,421,324,267,176,138,325,181,417,447,256,470,429,409,317,262,173,136,318,178,408,436,250,451,412,394,307,254,168,133,308,175,395,419,243,428,391,373,292,246,162,128,294,170,377,398,233,400,366,350,276,233,155,124,279,165,356,372,221,369,337,323,257,220,146,117,261,158,333,343,208,337,308,295,236,202,135,111,241,151,307,313,192,303,277,266,215,187,125,103,220,143,280,282,175,268,245,236,191,168,112,94,198,134,252,250,157,480,438,417,319,258,168,131,319,173,411,445,248,466,425,401,307,246,158,123,307,164,397,430,237,446,405,381,291,231,148,114,292,156,378,411,224,420,383,358,274,217,138,109,275,148,356,387,210,391,356,332,254,202,128,102,257,141,333,360,196,359,327,305,235,188,120,96,239,134,309,331,181,327,297,277,216,174,110,89,219,127,284,300,166,295,268,249,195,158,101,83,200,121,259,270,151,262,239,222,175,143,91,76,181,113,234,241,137,479,436,413,313,250,161,125,314,166,405,443,241,462,421,394,296,229,144,111,296,151,385,426,223,438,399,369,276,209,128,100,276,138,361,401,204,409,373,341,254,190,115,91,256,127,334,375,187,377,344,312,233,173,106,84,235,120,308,344,171,344,313,283,213,158,97,78,216,112,282,314,156,311,283,256,193,145,88,73,198,108,258,284,142,279,254,229,175,131,81,68,180,103,234,254,129,249,225,204,157,120,74,62,164,99,212,227,117,476,434,409,309,243,154,119,309,160,401,441,235,459,418,387,286,215,131,100,287,139,375,421,211,433,394,357,261,188,112,86,262,122,345,395,187,400,363,324,235,164,97,77,238,110,312,362,165,363,329,290,210,145,87,71,215,103,281,328,148,325,296,259,189,131,80,67,195,98,252,293,133,291,265,231,171,120,74,63,177,95,229,262,122,260,237,206,155,109,69,59,161,92,208,234,111,231,211,185,139,101,63,56,147,90,189,209,101,476,434,408,305,237,149,114,306,156,397,438,229,458,416,381,279,202,120,92,279,130,367,418,200,430,390,348,248,169,97,75,250,109,331,389,171,394,356,310,217,140,82,68,222,97,292,353,146,351,317,269,188,121,75,65,197,93,254,312,128,305,278,233,167,109,71,63,175,91,224,272,115,267,244,206,151,101,67,60,159,89,200,239,106,236,216,184,137,95,63,56,145,88,182,212,98,211,193,166,125,88,59,54,134,86,167,190,91,476,434,405,303,233,146,112,303,152,395,438,227,457,415,379,274,194,112,86,274,123,362,417,194,429,388,344,240,154,85,69,242,100,323,387,160,392,354,303,202,119,77,68,214,92,280,350,133,349,315,257,168,103,74,65,187,90,236,307,114,300,270,209,147,98,70,63,164,90,200,260,105,247,225,181,135,93,67,60,145,88,176,218,98,215,198,163,125,88,63,56,133,87,162,192,92,193,178,149,115,83,59,54,124,86,150,173,86,476,434,405,302,231,145,110,303,151,394,438,225,457,415,378,272,191,110,83,272,121,361,417,191,429,388,343,237,148,81,69,240,98,321,387,155,392,354,302,199,108,77,68,211,91,275,349,128,349,315,254,157,102,74,65,184,90,229,306,111,299,270,204,136,97,70,63,160,90,192,258,101,246,221,169,128,93,67,60,141,88,166,212,96,206,191,154,120,88,63,56,129,87,154,184,90,186,173,142,112,83,59,54,121,86,145,167,84]}