{"c":"33106","n":"横浜","la":35.43833333333333,"lo":139.65166666666667,"e":39,"t":[5.8,6.2,9.0,14.2,18.3,21.3,25.0,26.6,23.2,18.0,13.0,8.4],"s":[1,2,0,0,0,0,0,0,0,0,0,0],"i":[409,445,487,352,311,283,281,376,316,426,447,315,400,434,484,360,331,317,325,391,358,430,440,336,383,417,473,360,343,344,361,397,391,425,424,349,359,391,451,352,348,362,388,395,413,412,401,354,329,359,420,338,345,372,405,384,426,390,369,351,295,320,380,316,334,372,412,365,429,360,332,341,256,277,334,289,316,363,407,339,420,323,289,323,216,231,282,256,290,345,392,305,400,281,243,297,176,185,225,219,259,319,367,267,371,234,196,266,409,445,486,352,310,282,279,375,314,426,447,314,399,434,484,359,329,315,321,390,355,430,440,334,383,417,473,359,340,340,356,395,386,425,425,346,360,392,451,351,344,357,381,393,408,411,401,351,331,360,421,336,340,366,397,382,420,389,371,348,297,322,383,315,329,365,401,363,421,360,334,337,260,281,337,288,310,356,397,336,411,324,292,318,220,236,287,256,285,337,381,303,391,282,248,293,181,192,234,220,254,311,356,266,361,238,202,261,409,445,484,350,307,278,273,373,309,424,446,312,400,436,483,356,323,306,310,385,344,426,438,328,384,418,471,354,332,328,340,389,371,422,424,338,362,395,450,346,334,342,361,385,389,408,401,341,333,364,420,331,329,348,372,373,397,387,373,336,302,329,385,310,317,345,374,354,395,359,338,324,267,290,342,284,297,334,367,328,384,324,299,305,229,249,296,252,272,315,350,297,363,286,258,280,194,208,248,220,242,288,324,261,332,244,217,250,409,444,483,347,302,271,265,369,301,422,445,307,400,434,479,350,314,294,293,377,328,423,438,320,385,419,467,348,320,311,315,379,348,417,424,326,363,396,446,338,319,320,329,373,360,401,401,326,337,369,419,323,312,322,335,360,364,382,375,319,307,336,384,303,299,317,334,340,358,354,342,306,274,299,346,278,279,305,323,315,344,323,307,287,241,262,304,249,254,285,305,286,323,287,269,263,206,225,260,218,227,260,279,252,294,250,231,235,409,444,480,344,296,263,252,363,290,418,444,301,400,434,474,344,304,278,272,367,308,417,436,309,385,419,459,339,304,288,285,365,320,409,421,311,364,398,440,328,301,293,292,357,325,394,400,307,339,370,412,312,291,291,292,342,323,373,374,298,311,340,381,292,277,283,286,323,315,348,344,284,280,307,345,268,258,270,275,298,300,317,311,265,248,271,306,242,234,252,256,271,279,285,275,242,217,237,268,213,210,229,233,240,254,250,240,217,408,443,476,340,289,252,240,357,278,413,443,294,399,433,467,336,290,260,248,356,285,409,433,295,384,417,451,328,287,263,250,349,287,398,417,292,364,396,430,315,279,261,250,338,286,382,397,285,339,371,404,299,267,256,246,321,279,361,371,274,312,341,372,278,252,246,236,301,268,336,342,258,283,310,339,256,233,233,225,278,252,308,311,241,252,277,304,229,212,216,208,252,234,277,278,219,222,243,267,204,190,195,188,225,212,246,244,197,408,442,473,335,282,242,227,350,264,409,441,286,398,430,459,327,276,240,223,343,260,401,430,281,382,413,441,316,267,234,217,331,254,386,413,272,362,393,417,300,254,227,208,316,244,367,391,261,337,367,390,282,241,218,200,298,234,345,365,247,310,338,360,262,225,208,188,277,220,320,336,231,282,307,326,239,206,194,176,254,206,292,305,213,252,276,294,217,188,179,162,231,189,264,274,195,224,245,260,192,168,162,145,206,171,235,243,174,407,441,469,330,275,231,213,344,250,405,438,279,396,429,451,318,261,219,197,329,235,391,426,266,380,411,429,302,246,206,182,312,219,373,405,252,358,387,401,284,231,194,169,293,204,350,382,236,333,360,372,263,214,181,155,272,189,326,355,219,305,330,341,242,196,169,143,250,175,300,325,202,277,300,309,221,180,156,131,229,161,273,295,186,248,269,276,199,162,144,120,206,147,246,264,168,221,239,246,178,146,131,108,185,133,220,235,152,407,440,465,326,267,221,200,337,239,401,437,271,395,426,444,309,247,199,173,317,211,382,422,252,376,405,416,289,225,179,150,294,186,358,399,231,353,379,384,266,204,161,130,270,165,331,372,211,325,350,351,244,186,147,114,246,147,304,342,192,296,318,317,221,169,134,105,224,134,276,311,175,267,287,285,200,153,123,95,202,122,250,280,159,239,256,254,180,138,112,87,182,112,224,250,144,212,227,225,161,125,103,79,163,101,200,222,130,405,438,462,322,261,212,190,331,227,397,436,265,394,424,437,301,234,181,152,305,189,373,418,239,374,401,405,276,206,152,120,276,155,345,393,212,348,372,367,249,182,130,97,248,129,313,362,187,318,338,327,223,160,114,83,221,111,280,328,166,286,303,290,199,143,104,75,198,100,250,293,149,254,270,256,179,129,95,70,177,92,223,260,134,225,240,227,161,117,89,65,160,85,200,231,122,200,212,202,144,107,83,62,144,80,179,204,111,405,438,459,319,256,204,181,327,219,394,434,260,393,423,432,294,224,166,134,296,171,367,416,227,372,398,396,265,191,130,95,262,129,334,389,195,345,366,352,233,160,104,72,229,100,296,354,166,312,328,305,202,136,90,65,200,85,258,315,143,275,287,261,177,121,83,63,176,79,224,274,127,240,249,224,158,111,79,61,156,76,197,238,115,211,218,197,143,102,75,59,141,72,175,209,106,186,193,176,129,95,71,56,128,70,158,185,98,405,438,459,317,252,199,175,324,213,392,434,256,392,422,430,290,217,154,121,289,159,363,413,221,371,397,392,258,179,112,76,250,109,327,387,183,344,364,346,222,142,85,66,218,84,285,351,150,310,325,293,185,115,82,64,189,77,242,310,128,272,281,236,157,107,80,63,164,75,202,263,113,229,231,192,141,101,76,61,142,73,172,218,106,194,196,169,129,95,73,59,128,71,154,187,99,172,175,153,119,90,69,56,117,69,141,167,93,405,438,459,316,252,197,173,323,211,391,434,254,392,421,429,289,215,150,117,287,154,361,413,218,371,396,391,256,174,106,70,248,102,324,386,179,343,363,345,219,133,85,66,214,80,281,350,146,309,324,293,179,111,82,64,186,77,234,309,124,271,279,236,141,106,80,63,160,75,195,262,109,229,231,177,132,101,76,61,138,73,163,212,103,187,187,156,124,95,73,59,122,71,145,177,97,165,166,145,115,90,69,56,112,69,134,159,91]}