{"c":"33206","n":"普代","la":40.00333333333333,"lo":141.88333333333333,"e":8,"t":[-1.0,-0.8,2.3,7.9,12.3,15.5,19.4,21.5,18.0,12.0,6.4,1.6],"s":[19,48,18,0,0,0,0,0,0,0,0,0],"i":[479,453,429,343,307,249,221,367,262,451,454,300,470,446,430,353,332,284,260,383,300,459,449,323,451,430,423,356,350,312,292,391,331,459,434,339,425,408,407,352,359,333,317,391,354,449,413,348,393,378,383,340,360,345,334,383,369,430,385,348,353,341,352,321,353,348,342,367,375,401,349,341,307,300,315,296,337,343,341,342,372,366,307,325,259,254,272,265,314,329,332,312,360,323,262,303,209,208,225,229,284,307,314,276,339,275,215,274,479,453,429,342,306,247,220,366,260,450,454,299,470,446,430,352,330,280,257,381,297,459,448,321,451,430,423,355,347,307,288,389,326,459,434,336,426,408,407,350,356,325,312,389,348,449,413,344,394,379,383,338,356,336,327,380,362,429,385,344,355,343,353,319,348,339,335,364,367,401,350,335,310,302,316,295,332,333,333,340,363,366,309,320,263,259,274,265,309,318,323,310,351,325,265,297,216,214,229,229,278,296,305,274,331,278,220,268,479,451,426,341,303,243,215,363,256,448,453,295,470,445,428,349,324,271,248,377,288,455,448,315,453,430,420,350,338,293,275,382,313,455,434,327,429,409,404,345,344,308,295,381,331,444,413,332,397,381,381,333,343,315,308,371,342,426,386,330,360,347,352,314,334,315,312,354,345,398,353,321,319,309,317,290,317,308,309,331,339,365,315,305,275,268,278,261,293,292,298,302,326,326,274,282,231,227,238,227,264,270,280,268,305,283,231,254,478,451,425,338,298,235,208,359,249,445,451,290,470,444,424,343,314,258,234,369,273,450,446,305,453,430,415,343,324,274,254,372,293,447,433,314,430,409,399,336,327,285,269,368,306,436,413,316,401,382,377,323,323,288,277,357,312,418,387,311,366,350,349,305,313,285,278,340,312,392,355,301,329,315,317,281,296,276,273,317,304,361,320,284,288,277,280,254,273,260,260,290,290,325,282,262,247,239,243,223,245,238,242,258,270,285,243,235,478,450,422,334,291,227,199,353,239,441,450,284,468,442,418,336,301,241,216,359,256,442,443,293,451,428,408,333,306,250,229,358,268,437,429,296,430,407,392,324,305,256,238,351,275,424,409,295,401,382,369,310,299,256,240,339,276,405,385,288,370,352,343,291,286,249,238,321,273,381,355,275,334,318,312,269,270,239,231,299,264,352,321,259,297,284,279,243,248,223,218,273,250,319,287,238,259,248,244,216,223,202,200,245,231,283,250,214,476,449,419,329,283,217,188,347,229,434,448,276,466,440,412,327,286,223,197,346,236,432,438,279,450,424,399,320,285,225,200,341,240,423,425,277,428,404,382,309,280,224,202,331,241,409,404,271,400,378,359,294,271,220,200,317,238,389,379,262,370,350,333,275,257,212,195,299,231,365,351,248,336,318,304,254,240,200,187,278,222,338,320,231,300,285,272,229,221,186,175,252,209,306,286,212,266,252,241,204,198,168,160,227,193,275,252,191,475,447,415,324,274,206,177,340,217,429,446,268,463,436,404,317,269,202,175,333,214,421,434,263,446,419,388,306,262,198,172,323,211,407,418,254,422,398,369,292,252,192,167,309,204,390,396,245,395,372,345,275,240,184,163,293,199,368,371,233,365,343,319,256,225,174,154,274,190,344,342,219,333,313,291,235,209,162,146,252,181,317,312,202,299,282,262,214,192,150,136,231,170,289,281,185,265,250,231,190,173,135,123,208,157,260,249,166,474,445,411,318,265,196,165,333,206,423,443,260,459,432,396,306,252,183,153,320,193,409,430,247,440,413,377,291,238,171,143,303,181,389,409,233,415,389,354,274,223,160,134,286,171,367,386,219,386,362,328,254,209,149,126,267,161,343,359,204,355,333,302,235,193,139,117,247,152,318,330,189,323,302,274,215,178,127,109,227,144,292,300,174,291,273,246,194,162,117,101,206,135,266,270,158,259,243,220,175,147,106,92,187,125,240,240,143,472,444,408,313,256,186,155,326,195,417,441,252,457,428,389,296,235,164,134,306,173,396,425,231,434,405,365,276,214,145,117,284,153,371,401,212,405,379,338,254,195,129,104,262,139,343,374,193,373,350,309,233,177,118,94,241,128,315,344,176,341,319,281,213,162,108,86,221,119,289,313,161,308,288,254,193,149,98,80,200,112,264,283,147,276,258,227,175,135,90,74,183,106,239,254,133,247,229,202,157,123,83,68,166,100,217,225,121,471,442,405,309,249,177,145,320,186,412,438,245,454,425,382,287,220,147,114,294,154,385,421,218,428,400,354,261,192,122,92,267,128,353,394,192,396,369,321,235,168,104,79,240,111,319,362,169,360,335,288,211,149,92,70,216,101,286,328,150,323,301,257,190,134,84,65,196,95,258,294,136,289,270,229,172,123,77,61,177,91,233,263,124,258,241,204,155,112,72,56,162,87,211,235,112,229,215,184,140,103,67,54,147,84,192,209,103,471,441,401,305,243,170,137,316,178,408,438,239,451,423,377,279,208,133,100,285,139,376,417,206,425,396,345,249,173,101,73,252,108,338,389,174,390,363,308,218,143,82,62,222,90,298,354,148,348,323,268,189,124,75,60,196,84,258,313,129,303,283,233,168,112,71,57,175,82,225,273,117,265,248,206,151,103,67,56,158,81,202,240,107,235,220,184,138,96,64,53,144,79,183,213,99,209,196,165,126,90,60,51,132,79,168,190,92,470,441,401,303,239,166,132,313,173,405,437,236,451,422,375,274,199,123,90,279,128,371,416,199,424,395,341,241,158,86,63,243,93,329,387,162,389,361,301,204,122,75,62,212,82,283,350,134,346,320,256,170,105,72,60,185,81,238,308,115,298,275,210,148,99,70,57,162,80,200,261,106,246,229,181,136,94,67,56,143,79,176,219,99,214,200,164,126,89,64,53,131,79,161,193,93,192,181,149,115,84,60,51,122,78,150,174,87,470,441,401,302,238,164,130,312,171,405,437,235,451,422,374,273,196,119,85,276,124,369,416,196,424,395,340,238,151,80,63,240,90,326,386,157,388,361,300,200,110,75,62,209,81,277,350,128,346,320,254,159,103,72,60,182,81,229,307,112,297,274,206,137,99,70,57,158,80,191,259,102,245,225,170,129,94,67,56,139,79,165,213,97,206,194,155,121,89,64,53,127,79,152,185,91,184,175,143,112,84,60,51,119,78,143,167,86]}