{"c":"33296","n":"好摩","la":39.86833333333333,"lo":141.16666666666666,"e":205,"t":[-3.2,-2.5,1.3,8.0,13.5,17.7,21.1,22.5,17.8,11.1,5.0,0.0],"s":[63,82,28,0,0,0,0,0,0,0,1,13],"i":[476,441,430,343,296,211,173,351,231,441,449,283,468,434,432,353,319,237,198,364,259,450,445,303,450,420,424,356,335,257,217,370,282,449,430,316,423,397,408,352,344,271,231,368,300,438,409,322,390,368,384,340,344,279,242,358,311,421,381,321,351,333,353,321,337,280,246,342,316,394,345,313,305,292,315,296,321,275,244,319,314,359,304,297,258,249,272,265,299,262,236,290,306,317,260,275,208,204,225,229,270,244,223,256,291,271,213,248,476,441,430,342,295,210,173,350,229,441,449,282,467,434,430,352,317,234,196,363,257,449,444,301,450,420,424,355,333,252,215,368,279,448,430,313,425,398,408,350,340,266,229,366,296,438,409,319,392,369,384,338,340,273,238,356,306,419,381,317,353,334,354,319,332,273,241,340,311,393,347,308,308,295,316,295,316,267,239,317,309,359,306,293,262,252,275,265,294,254,231,288,300,319,263,271,215,209,229,229,265,236,218,254,285,274,218,244,476,440,429,340,292,206,170,348,227,438,449,280,468,434,429,349,311,227,190,359,250,446,443,296,451,419,421,350,324,243,206,363,270,444,430,305,426,398,405,345,329,252,218,359,284,434,409,309,395,371,382,332,327,257,225,349,292,416,383,306,358,338,353,313,318,256,227,333,295,390,350,296,317,300,318,289,302,248,223,310,291,358,312,280,274,261,279,260,279,235,215,283,282,320,271,258,229,221,238,227,250,217,200,252,267,278,229,231,476,438,426,338,287,200,165,345,221,436,447,275,467,433,425,343,302,217,181,352,240,441,442,287,451,419,416,343,311,229,193,354,254,437,429,294,428,398,400,336,313,235,200,349,265,426,409,294,399,372,378,323,308,236,204,338,271,409,383,289,364,341,349,304,298,233,204,321,271,384,351,278,327,307,317,280,282,224,199,299,265,353,317,262,286,270,280,254,259,210,190,273,256,318,279,241,245,231,243,223,233,192,176,244,241,281,240,216,475,438,424,334,280,195,159,340,214,430,446,269,466,430,420,336,290,204,169,344,227,433,438,277,450,417,409,332,294,211,177,342,237,426,425,279,426,396,393,324,292,214,181,335,242,415,405,277,400,371,370,310,286,212,181,323,244,396,381,269,368,342,344,291,273,204,178,306,242,373,351,257,332,310,312,269,258,196,172,285,236,344,318,241,295,276,280,243,236,182,162,261,225,313,284,221,258,241,245,216,213,165,149,234,213,278,248,198,474,437,420,329,273,187,152,335,206,426,444,263,463,428,413,327,276,191,157,334,212,423,434,264,447,413,400,320,274,192,158,328,215,413,420,262,425,393,383,309,268,189,159,318,217,400,400,256,398,368,360,294,259,185,156,304,215,381,375,246,368,340,333,275,246,177,150,287,211,357,347,233,334,310,305,254,229,167,144,267,204,331,316,217,298,277,273,229,211,154,134,244,195,300,283,198,264,244,242,204,189,139,123,221,184,270,250,178,473,434,417,323,265,179,145,329,198,421,442,256,461,425,405,317,260,176,143,322,196,412,430,250,443,408,389,306,252,171,140,312,194,399,413,243,420,387,369,292,243,165,135,299,190,381,392,233,393,362,346,275,229,157,131,284,186,361,367,221,362,334,320,256,217,148,124,265,179,337,339,206,331,304,291,235,200,138,117,246,174,311,309,191,297,274,263,214,184,127,109,225,166,284,278,175,263,242,233,190,165,113,99,204,157,256,246,156,471,434,413,318,256,171,138,323,189,415,438,249,458,421,398,306,244,161,129,311,180,400,426,237,438,401,378,291,229,151,121,296,171,382,405,224,413,379,354,273,216,141,113,279,164,360,382,210,384,353,329,254,202,131,107,261,157,337,355,196,353,324,302,235,186,122,100,243,151,313,326,181,321,294,275,215,172,111,94,224,145,287,296,166,289,265,246,194,156,102,87,204,139,262,267,151,257,236,220,174,141,93,79,186,133,237,238,136,470,432,409,313,249,164,131,317,181,409,437,242,454,417,390,296,229,146,115,299,165,389,421,224,432,396,366,276,208,131,104,279,150,364,398,204,403,370,338,254,189,118,95,259,140,337,370,187,371,341,309,233,172,108,87,238,132,310,340,171,339,311,281,212,158,99,81,219,126,285,310,156,306,281,254,192,144,90,76,200,122,260,280,142,274,252,227,175,130,83,70,184,118,237,250,129,245,224,202,157,119,75,65,168,114,215,224,117,469,430,405,309,242,157,125,312,174,404,434,236,451,413,384,287,214,134,105,289,151,378,417,211,426,390,355,261,188,113,89,264,131,347,390,188,394,360,322,235,165,99,79,240,119,315,359,166,358,327,289,211,146,88,72,217,111,283,325,148,321,294,257,189,132,81,68,197,107,254,291,134,287,263,229,171,120,75,65,179,105,231,260,122,256,235,204,155,110,70,61,164,103,210,231,111,227,209,184,139,101,64,56,151,102,191,206,101,468,430,404,305,236,152,120,309,169,400,434,231,450,412,378,279,202,123,95,281,139,370,413,202,423,387,346,249,170,99,77,252,115,334,385,172,388,354,309,217,141,83,69,223,102,294,350,147,346,315,269,189,122,76,66,198,98,256,310,129,302,276,233,167,111,72,64,177,97,225,270,117,264,243,204,151,102,68,61,161,97,200,237,107,234,215,183,138,95,64,57,147,97,183,211,99,208,192,165,125,89,60,56,136,97,169,188,91,468,430,401,303,233,149,117,306,165,398,433,227,450,411,376,274,195,115,88,276,131,365,412,195,422,385,342,241,156,87,70,244,104,325,383,161,387,352,302,204,122,77,68,214,95,281,347,134,345,313,257,170,105,75,66,188,95,237,305,115,297,269,210,148,99,71,64,165,95,200,259,106,245,224,181,135,94,68,61,147,96,176,217,99,213,197,163,125,89,64,57,136,96,162,191,93,191,177,149,115,84,60,56,127,96,152,172,86,468,429,401,302,231,147,114,305,163,397,433,227,450,411,375,273,192,112,86,274,128,363,412,193,422,385,341,238,150,82,70,241,102,322,383,157,387,352,301,200,110,77,68,212,94,276,347,129,344,313,256,159,103,75,66,185,95,229,304,112,297,269,206,137,99,71,64,162,95,192,257,102,244,221,169,128,94,68,61,143,96,167,212,97,204,191,154,121,89,64,57,131,96,154,183,91,184,172,143,112,84,60,56,123,96,146,166,85]}