{"c":"33326","n":"岩泉","la":39.846666666666664,"lo":141.79666666666665,"e":105,"t":[-1.2,-0.8,2.5,9.0,13.7,17.0,20.5,22.1,17.9,11.8,6.1,1.4],"s":[31,54,23,1,0,0,0,0,0,0,0,7],"i":[478,444,424,336,299,227,202,355,240,443,449,288,469,438,425,346,322,258,236,369,271,451,444,309,451,423,417,348,338,281,263,375,297,451,430,322,424,400,401,343,347,298,283,374,316,441,409,329,391,371,378,332,347,307,297,365,328,422,380,329,351,335,347,313,340,309,303,348,332,395,345,321,305,294,310,289,324,303,302,324,329,360,303,306,258,250,268,259,302,290,293,295,318,318,259,284,208,204,223,225,273,270,277,260,301,271,212,256,478,444,423,335,298,227,202,354,239,443,448,287,468,437,424,344,320,254,233,367,269,451,443,306,451,423,417,347,336,276,259,373,293,451,430,320,425,401,401,342,343,292,279,372,311,441,409,326,392,372,377,330,343,300,292,362,322,421,380,324,353,337,348,312,335,301,297,346,326,394,346,316,309,297,311,288,319,295,295,322,322,360,306,301,262,254,271,258,297,281,286,293,311,319,262,279,215,211,227,224,267,261,270,259,293,274,218,250,478,444,422,334,295,223,198,352,235,441,448,284,469,437,422,341,314,247,225,363,261,448,443,301,451,423,413,342,327,265,248,367,282,447,429,311,426,401,398,337,333,277,265,365,297,437,409,315,396,374,376,325,331,283,275,354,306,418,382,313,359,341,346,306,322,281,278,338,307,391,349,303,318,303,313,282,305,274,275,315,302,359,311,287,274,263,274,254,282,259,265,287,290,321,271,265,229,223,234,222,254,239,248,254,272,278,229,238,476,443,420,331,290,217,192,348,229,438,447,279,468,436,418,336,305,236,214,356,249,443,441,292,451,422,409,335,314,249,231,358,265,440,428,299,429,401,393,328,316,257,242,353,276,429,408,300,400,375,371,315,312,259,249,342,281,411,382,295,365,344,344,297,302,254,249,325,279,385,351,285,327,309,312,273,285,246,244,303,272,354,316,268,287,272,276,247,262,231,233,276,260,319,278,247,246,234,240,217,236,211,216,246,242,281,240,221,476,442,417,327,283,210,184,343,221,434,445,273,467,434,413,329,293,221,199,347,235,434,438,281,451,420,403,325,297,229,210,346,244,429,425,284,428,400,386,316,296,233,216,338,250,417,405,282,401,375,364,303,289,231,217,326,250,398,380,274,369,345,338,284,276,224,215,309,247,375,351,262,333,312,307,263,260,215,208,287,238,345,317,246,296,278,275,237,239,200,196,262,225,313,283,225,259,243,241,211,215,181,181,235,210,278,248,202,475,441,413,322,275,200,175,338,212,429,443,266,465,432,405,320,279,206,182,337,218,425,434,268,449,417,394,313,277,206,185,331,220,416,420,266,426,396,376,302,271,204,187,321,221,401,400,260,399,371,354,287,262,200,184,306,218,382,375,250,369,343,328,269,249,192,178,288,212,359,347,237,336,312,300,248,231,181,171,268,202,332,316,221,300,279,268,224,214,168,160,244,191,301,282,202,265,247,238,200,191,152,146,220,178,271,250,181,474,438,409,317,267,192,166,331,202,423,441,259,463,428,399,311,263,189,163,325,200,413,430,254,445,412,384,300,254,184,161,314,196,401,413,246,421,390,364,286,246,178,156,300,191,383,392,236,394,365,341,270,233,169,151,285,185,362,367,224,364,337,315,250,219,160,144,266,177,338,338,210,332,307,287,229,202,148,136,246,169,312,309,194,298,276,259,209,186,137,126,225,159,285,278,177,264,245,229,186,167,124,114,202,148,256,246,159,473,437,405,312,259,183,156,325,193,417,438,250,459,425,392,300,246,172,145,312,182,403,425,240,438,405,372,286,231,161,136,297,171,384,405,225,413,383,349,268,219,150,128,279,162,362,382,212,385,356,324,249,204,139,120,261,153,338,355,198,354,327,298,231,188,130,112,242,145,314,326,183,322,297,271,211,174,119,104,223,137,288,297,168,290,267,243,190,158,109,97,202,129,263,267,152,259,238,217,171,143,99,88,184,121,237,238,138,471,436,403,307,250,174,147,319,184,411,437,244,455,421,384,291,231,155,128,300,165,391,420,225,433,399,361,271,210,138,112,279,148,366,398,206,404,373,334,250,191,124,102,258,135,339,370,189,373,344,306,229,174,112,93,237,125,312,341,172,340,313,278,209,160,103,86,218,118,286,310,157,307,283,250,189,146,94,80,199,111,261,281,143,276,254,225,172,132,87,75,181,106,237,252,130,246,225,200,154,121,79,69,164,100,215,224,118,470,434,400,303,244,167,139,314,176,405,434,238,453,418,378,282,216,141,112,290,149,380,416,213,428,394,350,257,190,119,93,264,127,349,390,188,395,364,319,231,166,102,81,238,112,316,359,167,359,330,286,208,148,91,73,215,103,284,325,149,322,297,254,187,133,83,68,195,97,256,291,135,288,266,227,169,121,77,65,177,93,231,260,122,257,237,204,153,111,72,61,161,90,210,233,112,229,211,182,138,102,66,56,147,88,191,206,102,470,434,398,300,238,161,132,310,170,403,434,233,451,416,373,274,204,129,100,281,137,372,413,202,425,390,342,245,171,101,77,250,110,335,386,173,390,357,305,215,143,84,67,222,94,295,351,147,347,318,267,187,124,77,64,197,89,257,311,129,303,279,231,166,112,73,62,175,87,225,271,117,265,245,204,150,103,69,60,158,85,200,238,107,234,217,183,137,96,65,56,144,84,183,211,99,209,193,164,124,90,61,55,133,83,168,189,92,469,433,396,298,235,157,128,307,166,400,433,229,451,415,371,270,197,120,91,275,128,367,412,196,423,389,338,238,158,88,68,242,97,326,383,161,388,355,299,202,123,78,66,213,88,281,347,134,346,316,254,169,106,75,64,186,86,237,306,117,298,271,210,147,100,72,62,163,85,200,260,106,246,225,181,135,95,68,60,144,84,176,218,99,214,199,163,125,90,65,56,133,83,162,192,93,191,179,149,115,84,61,55,123,82,151,173,87,469,433,396,297,234,156,126,306,164,399,433,229,450,415,370,268,194,117,88,273,124,365,412,193,423,388,337,235,151,83,68,239,95,323,383,157,388,355,298,198,111,78,66,210,87,276,347,129,345,315,254,159,104,75,64,183,86,229,305,112,297,271,206,137,100,72,62,159,85,191,258,103,245,223,170,129,95,68,60,140,84,166,213,97,204,192,155,120,90,65,56,128,83,153,184,92,184,173,143,112,84,61,55,120,82,144,167,86]}