{"c":"33371","n":"藪川","la":39.78333333333333,"lo":141.32833333333335,"e":680,"t":[-6.9,-6.5,-2.6,4.3,9.9,14.4,18.3,19.5,14.8,8.0,2.0,-3.4],"s":[89,93,78,18,0,0,0,0,0,0,6,50],"i":[455,418,408,324,281,186,145,327,195,421,428,263,448,412,409,333,301,204,160,336,214,429,423,279,430,398,401,334,315,220,173,339,229,428,409,290,405,378,386,329,322,229,183,336,240,419,390,294,375,350,363,318,321,235,189,326,248,403,363,291,338,318,334,300,314,235,191,311,250,380,330,283,295,280,299,277,299,229,190,290,249,350,292,268,250,240,259,248,278,218,185,264,243,314,250,248,204,198,216,216,250,202,176,234,233,275,206,223,455,418,408,323,280,185,144,326,195,421,426,263,448,412,408,331,300,202,159,335,212,428,422,278,430,398,401,333,313,217,171,338,227,426,409,288,407,378,386,328,319,225,180,334,238,418,390,291,376,351,363,316,317,229,186,324,244,401,363,288,340,319,334,298,309,229,188,309,247,379,331,279,298,282,300,275,294,223,186,288,245,350,293,264,254,243,261,247,273,213,181,263,239,315,252,244,210,202,220,215,246,197,172,234,229,277,211,219,455,418,405,322,277,182,142,325,192,419,426,260,447,412,405,329,294,198,155,332,208,425,422,273,432,398,398,329,304,209,166,334,221,423,409,281,409,378,383,323,309,216,173,329,229,413,390,283,379,352,361,311,306,219,178,319,235,399,364,279,344,321,333,293,297,217,179,303,236,376,333,269,305,287,301,270,281,210,176,283,233,348,298,254,265,250,264,243,260,198,170,259,227,316,260,234,223,212,225,212,233,182,162,231,216,280,221,209,455,417,404,319,273,178,139,322,189,416,426,257,447,409,401,323,286,190,150,327,200,420,420,266,430,397,394,322,293,199,157,327,211,417,407,271,409,378,378,315,294,202,162,321,217,408,388,271,382,353,357,302,289,202,165,310,220,392,364,265,349,323,330,284,279,199,164,294,219,371,334,254,313,292,300,262,263,191,161,275,215,344,301,238,275,257,265,237,242,179,154,252,208,315,266,219,236,221,231,208,217,163,145,227,198,282,229,196,455,416,401,315,267,173,136,318,184,413,424,252,446,409,397,317,275,181,142,320,192,413,417,257,430,395,387,313,277,185,147,317,198,408,404,258,409,376,371,304,276,186,149,310,200,397,385,254,383,352,350,290,269,183,149,298,202,381,361,247,352,324,325,273,256,177,147,282,200,361,334,235,317,293,295,250,241,169,142,263,195,336,302,220,283,261,264,227,221,157,136,242,188,310,269,202,247,229,231,200,198,142,127,219,178,280,236,180,454,415,399,311,260,168,131,314,179,408,422,246,444,405,392,309,262,170,134,312,182,405,413,247,428,392,379,302,260,170,134,306,184,397,400,244,405,372,362,291,254,167,134,296,184,384,380,237,380,348,340,276,245,162,132,283,181,368,356,227,351,322,315,258,231,155,128,267,178,348,329,215,319,293,288,238,216,146,123,250,173,325,300,200,285,262,258,215,198,135,117,229,166,299,268,182,252,231,227,191,177,122,109,208,159,274,237,163,451,413,395,307,252,161,126,309,173,404,420,240,441,403,385,300,248,158,124,303,171,396,409,235,424,387,370,289,241,154,122,294,169,384,394,227,401,367,351,275,231,148,119,281,165,369,373,218,375,343,328,260,219,141,114,267,162,350,349,206,346,316,303,241,206,133,110,250,157,330,322,193,316,288,276,221,190,123,106,233,152,308,293,178,284,259,249,200,174,113,100,215,147,285,264,163,250,229,220,178,156,102,94,195,141,261,234,145,451,412,392,302,245,155,122,305,168,399,418,234,438,400,378,291,234,147,115,294,161,386,405,224,419,382,359,276,220,138,110,280,154,369,387,212,395,360,337,259,206,129,105,265,148,350,364,199,367,335,313,241,193,120,100,249,143,330,338,185,338,308,288,222,178,112,95,231,138,309,311,171,307,279,261,202,164,103,91,215,134,288,282,157,276,250,234,183,149,95,86,198,129,266,254,142,246,223,209,165,135,86,81,181,125,246,225,128,450,409,388,297,238,149,117,300,162,394,416,227,434,396,371,282,220,136,107,285,150,376,401,212,413,376,349,263,200,123,99,267,140,354,380,196,387,352,323,243,183,112,92,249,132,331,354,179,356,324,296,222,167,103,87,231,126,307,325,164,325,296,269,202,153,94,83,213,122,285,297,150,294,267,243,184,140,87,79,197,118,265,268,137,263,239,218,166,126,80,76,181,115,245,240,124,235,213,194,149,114,73,73,167,113,227,214,112,449,409,386,294,231,144,112,296,157,390,415,223,433,394,366,273,206,126,100,277,141,367,397,202,409,371,339,250,183,110,89,254,127,340,373,181,378,344,309,225,161,97,82,234,118,312,344,161,344,313,278,202,143,88,78,213,112,284,312,145,309,281,248,183,130,81,75,195,110,260,280,131,277,252,222,165,118,75,73,179,108,240,250,120,247,225,198,149,108,70,71,165,107,222,223,109,219,200,178,134,99,65,69,153,107,206,199,99,448,408,384,290,227,141,110,293,154,387,413,219,430,392,361,267,197,118,94,271,134,360,395,194,405,368,332,240,167,98,81,246,117,329,369,168,373,338,297,211,140,85,76,221,108,295,336,145,334,303,261,184,122,79,75,199,105,262,299,128,292,266,227,164,111,75,73,179,104,234,262,117,256,234,200,148,103,71,71,164,104,214,231,107,227,208,180,135,95,66,70,152,104,199,204,99,202,185,162,122,89,62,68,142,104,188,183,91,448,408,383,288,224,138,108,291,151,385,413,217,430,391,359,263,190,112,89,267,129,356,393,188,405,367,328,233,155,89,77,239,110,322,367,159,372,336,292,199,123,81,76,214,103,284,333,134,333,300,250,168,107,78,75,190,103,246,294,118,288,260,206,147,101,74,73,169,103,214,252,108,240,218,180,134,96,70,71,152,103,193,213,100,209,192,162,124,90,66,70,142,103,181,188,94,187,173,148,114,84,62,68,133,104,173,169,87,448,408,382,288,223,137,107,291,151,384,413,216,430,391,358,261,187,110,88,265,127,355,393,186,405,367,327,231,149,86,77,237,108,320,366,155,372,336,290,196,112,81,76,211,102,280,333,130,332,300,249,159,105,78,75,188,103,240,294,113,288,259,204,137,101,74,73,166,103,206,250,104,239,216,170,129,95,70,71,149,103,184,208,98,202,186,155,121,90,66,70,138,103,175,181,92,181,168,142,112,84,62,68,130,104,168,164,86]}