{"c":"33501","n":"紫波","la":39.54666666666667,"lo":141.12666666666667,"e":125,"t":[-2.2,-1.6,2.0,8.4,13.7,17.9,21.2,22.9,18.3,12.0,5.7,0.6],"s":[56,65,22,0,0,0,0,0,0,0,1,14],"i":[483,438,430,346,305,215,169,352,225,442,450,289,474,430,432,356,330,241,192,364,252,450,446,309,455,416,424,359,346,262,210,369,273,449,432,322,428,394,408,354,355,276,223,367,289,438,409,329,394,365,383,342,356,284,231,357,299,419,381,327,353,330,352,323,348,285,235,340,303,391,345,319,306,290,314,297,333,279,233,316,300,356,303,303,258,246,271,266,309,267,225,286,291,314,258,281,208,202,224,231,279,248,212,252,275,267,211,252,483,438,430,345,304,214,168,351,225,442,450,288,473,430,430,355,328,238,190,363,250,449,445,307,455,416,424,358,344,258,206,368,271,448,432,320,429,394,407,352,352,271,220,365,286,438,409,325,395,365,383,340,352,278,227,354,295,418,381,323,356,331,352,321,343,278,231,337,298,391,346,314,310,292,315,296,327,271,227,314,295,356,306,298,263,250,274,266,304,259,220,285,285,315,262,276,215,206,229,231,274,240,206,250,270,270,217,248,483,437,429,343,301,210,166,349,221,440,450,285,474,430,429,352,321,231,184,359,244,446,444,301,455,416,420,353,334,247,199,362,262,444,430,311,430,395,405,347,340,258,210,358,275,434,409,315,399,367,381,335,339,262,216,348,282,415,383,312,362,335,352,315,329,260,217,331,283,388,349,302,319,298,317,291,312,252,213,308,278,355,311,285,275,259,278,262,289,239,204,280,268,317,271,263,231,219,237,227,259,220,192,248,252,275,229,236,482,436,426,340,296,204,161,346,217,437,448,280,473,429,425,346,312,221,176,353,234,441,443,293,455,415,416,345,321,233,187,354,248,438,429,300,433,395,400,338,323,239,194,348,257,426,409,300,403,369,377,325,319,240,197,337,261,408,383,295,368,338,349,306,309,237,196,319,260,382,351,284,330,304,316,282,292,227,191,297,254,351,317,267,288,267,279,254,268,214,182,271,243,316,278,246,247,229,243,224,241,195,169,242,227,278,240,220,482,434,424,336,289,198,156,341,210,433,447,275,472,428,419,338,299,209,165,344,222,434,440,282,455,413,409,335,303,215,172,342,229,428,426,284,433,393,392,326,302,218,175,334,235,415,405,282,405,368,370,312,295,215,175,322,236,396,381,274,372,340,343,293,283,209,172,304,233,372,352,262,336,307,311,271,266,199,166,283,225,342,318,245,299,273,279,245,244,186,156,259,215,311,284,225,261,239,244,217,220,168,143,231,200,275,248,202,480,434,420,332,281,191,149,336,202,428,445,268,470,425,413,330,284,194,153,334,208,424,436,269,454,409,400,322,283,195,154,328,210,415,421,267,430,390,382,311,277,193,154,318,211,400,401,260,403,365,360,296,268,188,151,304,208,380,376,250,373,337,333,277,254,180,146,286,202,357,348,237,339,307,304,256,238,169,139,266,196,330,317,221,302,275,273,231,218,157,130,242,186,299,283,202,267,242,241,206,196,141,118,219,174,269,250,181,479,432,417,326,273,183,142,330,194,422,443,261,468,422,405,319,267,179,140,323,192,413,432,254,450,405,390,309,260,174,137,313,189,400,415,248,426,384,369,294,250,168,133,299,185,382,393,237,398,359,346,277,237,160,128,283,180,361,368,225,367,331,320,258,224,151,121,265,173,337,339,211,335,302,291,237,206,140,113,245,166,311,309,194,302,272,263,215,190,129,106,224,158,283,279,178,267,241,233,192,170,115,96,202,149,254,247,159,478,430,413,321,264,174,136,324,186,416,441,252,463,418,398,309,250,164,127,312,177,401,426,241,444,400,378,294,236,154,119,296,168,383,407,227,418,377,355,276,222,143,112,279,160,361,383,214,389,350,329,256,206,133,106,261,153,337,356,199,358,322,302,237,192,124,99,242,146,313,327,184,325,292,275,217,177,112,92,223,139,287,297,169,293,263,246,196,161,104,86,204,133,261,267,153,261,234,220,176,146,94,78,185,126,236,238,139,476,429,409,316,256,167,129,318,178,411,438,246,461,415,390,298,235,149,115,300,162,390,422,227,438,394,366,278,214,133,104,280,148,365,399,208,409,367,339,256,194,120,94,259,137,338,372,190,377,339,310,235,176,109,87,239,128,311,342,174,343,309,281,214,161,100,81,219,122,285,311,159,310,279,254,194,148,91,75,200,117,260,281,144,278,250,227,176,134,84,70,183,112,236,252,131,248,222,202,158,122,77,65,166,108,214,224,119,475,428,405,311,248,160,124,313,172,405,437,240,458,412,384,289,220,136,105,290,149,380,418,215,432,388,355,263,192,115,89,265,130,349,392,190,400,359,323,237,168,100,80,240,117,316,360,169,363,326,290,213,149,90,73,217,109,284,326,150,325,293,258,191,134,82,69,197,104,254,292,136,291,262,229,172,122,76,65,179,101,231,261,123,259,234,204,156,111,70,61,163,98,209,233,112,231,208,184,140,102,65,57,149,96,190,208,103,475,426,404,308,242,155,119,310,166,401,434,235,457,409,379,281,208,125,96,282,138,372,415,204,429,385,347,250,173,100,78,252,114,335,387,175,394,352,309,219,144,84,70,224,101,296,352,149,351,314,269,191,124,77,67,199,96,257,312,130,306,275,234,169,111,73,65,177,94,225,271,117,267,242,206,152,103,69,62,160,93,200,238,108,236,214,184,138,96,65,59,146,92,182,211,100,210,191,165,126,90,61,56,135,91,167,189,92,475,426,403,306,239,152,115,307,163,400,434,231,455,409,376,277,200,118,90,277,131,367,413,198,428,383,343,243,159,88,71,245,104,327,385,163,392,351,303,206,123,78,70,215,94,282,349,136,350,312,258,171,105,75,67,189,93,238,306,117,301,269,211,149,99,72,65,165,92,200,260,106,248,224,181,136,94,68,62,146,92,175,218,99,214,197,163,126,89,65,59,134,91,161,191,93,192,176,149,115,84,61,56,125,91,150,173,87,475,426,401,305,238,150,114,306,162,399,434,231,455,409,376,275,196,114,87,275,128,365,413,195,428,383,342,241,152,84,71,242,101,324,385,159,392,351,302,202,111,78,70,212,93,277,348,130,349,312,256,161,102,75,67,185,93,229,306,112,300,269,208,137,98,72,65,161,92,192,259,102,247,222,170,129,94,68,62,142,92,166,213,97,206,190,154,121,89,65,59,130,91,153,184,91,185,171,143,112,84,61,56,122,91,144,166,86]}