{"c":"33526","n":"川井","la":39.598333333333336,"lo":141.68166666666667,"e":192,"t":[-1.4,-1.0,2.4,8.7,13.7,17.3,20.9,22.5,18.0,11.8,6.3,1.4],"s":[11,24,12,0,0,0,0,0,0,0,0,6],"i":[472,443,424,333,296,217,173,345,218,432,446,282,463,436,425,342,318,244,196,357,244,440,442,301,446,421,417,344,334,264,215,361,263,438,428,314,419,399,401,339,342,279,227,358,278,426,405,320,386,369,377,327,342,287,237,347,285,408,378,319,347,334,347,309,334,288,239,330,287,380,342,310,302,293,310,285,319,282,237,306,281,345,301,295,254,249,267,254,296,269,227,276,270,304,257,273,206,204,222,221,267,250,215,242,252,258,211,246,472,443,424,332,295,216,172,344,217,432,446,281,463,436,424,341,317,241,194,355,242,438,441,300,446,421,417,343,331,260,212,359,261,437,428,311,420,399,401,338,338,273,225,356,274,426,407,317,387,370,377,326,338,280,233,345,281,407,378,315,349,335,347,307,329,281,235,328,281,380,344,306,305,295,311,283,314,274,231,304,276,345,304,290,259,252,270,254,291,261,223,275,264,305,261,269,213,210,225,221,262,242,210,241,246,260,216,242,472,442,422,330,292,213,170,342,214,430,446,278,463,436,422,338,311,234,189,352,235,436,440,294,446,421,413,338,323,250,204,354,252,434,426,304,422,400,398,333,328,260,215,350,262,423,407,307,391,372,375,320,326,265,220,338,267,404,379,304,355,339,346,302,316,263,221,321,266,377,347,294,314,301,312,278,300,254,217,298,259,345,309,278,271,262,274,250,277,241,208,269,246,306,269,256,227,222,234,218,249,222,194,238,227,265,227,229,472,442,420,328,287,206,165,339,209,426,445,274,463,434,418,332,302,224,180,345,225,430,438,286,446,420,409,331,310,236,191,346,237,426,425,292,424,400,393,324,312,242,198,340,244,415,405,293,395,374,371,311,307,243,200,327,246,397,380,287,360,342,343,293,297,239,200,310,243,371,349,276,323,308,312,270,280,229,194,287,234,341,314,260,283,271,275,244,258,216,184,261,221,306,276,239,243,233,239,214,231,197,170,231,204,268,238,214,471,441,417,324,281,200,160,334,202,423,443,268,462,433,413,325,290,211,169,337,213,424,436,275,446,419,403,322,293,217,176,334,220,418,422,277,423,398,386,313,292,220,179,326,223,405,403,275,396,373,364,299,285,218,178,313,221,386,378,267,364,344,338,281,272,211,175,295,216,362,349,254,329,311,307,259,256,200,168,273,206,332,315,239,292,277,275,234,235,187,158,248,193,301,281,219,254,242,241,208,211,170,144,221,177,266,246,196,470,438,413,319,273,193,153,329,195,419,441,262,459,430,407,317,276,197,157,327,199,415,432,263,444,415,394,310,274,198,158,321,200,405,418,261,421,395,377,299,268,195,158,310,199,391,398,254,394,370,354,284,259,190,154,295,194,371,373,244,364,342,328,266,246,182,148,277,186,347,345,231,331,311,300,245,229,171,141,256,177,320,314,215,296,278,268,221,210,158,131,233,164,289,281,197,261,245,238,198,188,143,119,209,150,259,248,176,469,438,409,315,265,185,146,324,187,413,438,254,457,426,400,308,260,181,144,317,184,405,428,250,440,411,384,297,252,176,140,306,180,391,411,242,417,389,364,283,243,170,135,292,173,373,390,231,390,364,341,267,231,162,130,276,167,352,365,220,359,335,315,248,217,153,123,257,157,328,337,206,328,306,287,227,200,141,114,237,148,302,307,190,295,275,259,206,184,130,106,215,137,275,276,174,261,244,229,184,165,117,96,193,125,245,244,155,467,436,407,310,257,176,139,318,179,408,437,248,454,424,392,298,245,166,130,306,169,394,423,236,434,405,373,283,231,155,122,290,159,375,404,223,409,381,350,266,217,145,114,273,149,353,380,209,381,355,325,247,202,135,108,254,140,330,354,195,350,326,298,229,187,125,100,235,131,305,325,180,319,296,271,209,173,114,93,215,122,279,295,165,287,267,243,188,156,105,86,196,112,254,265,150,254,237,217,169,142,95,78,176,103,227,237,135,466,434,403,305,250,169,132,313,172,403,434,241,451,420,385,289,229,151,118,295,155,383,419,223,429,398,362,269,210,135,106,275,140,359,396,204,400,372,334,248,191,122,96,254,127,332,369,187,369,343,306,227,173,111,88,233,117,305,339,171,336,313,278,208,159,101,82,213,108,279,309,156,304,283,250,188,145,93,76,194,100,254,279,142,273,252,225,170,131,85,70,176,93,229,250,129,243,225,200,153,120,77,64,158,86,206,223,117,465,433,400,301,243,162,127,308,165,398,433,235,448,417,379,280,216,138,107,285,142,373,415,211,423,393,351,256,189,117,91,260,122,343,389,187,392,363,319,231,166,102,81,236,108,311,358,166,356,329,286,206,148,91,74,212,98,279,324,149,319,296,254,186,133,83,69,192,91,250,290,134,285,265,227,168,121,77,65,173,85,225,259,122,254,237,204,152,111,71,61,157,80,204,231,111,227,211,182,137,102,66,56,142,76,185,206,101,463,432,398,298,237,157,122,304,160,394,432,231,447,415,374,273,204,127,98,277,132,365,412,200,420,389,343,244,172,102,80,248,108,330,384,173,386,356,306,214,144,85,71,220,93,291,350,148,345,318,267,187,124,78,68,195,86,254,310,130,301,279,231,166,112,74,65,173,82,222,271,117,263,245,204,150,104,69,62,155,79,198,237,108,233,217,183,136,96,65,57,141,75,178,211,99,206,193,164,124,90,61,55,129,72,163,188,92,463,432,397,296,234,153,119,302,157,392,430,227,446,413,371,269,197,119,92,273,124,361,409,195,419,388,339,237,158,90,73,241,97,322,382,162,385,355,300,202,124,79,71,212,86,279,346,135,343,316,256,169,107,76,68,185,83,235,305,118,296,272,210,148,101,73,65,161,80,199,259,107,245,225,181,135,96,69,62,142,78,173,217,100,212,199,163,125,91,65,57,129,74,158,192,94,190,179,149,115,85,61,55,119,71,146,173,87,463,432,397,295,233,152,118,301,155,392,430,225,446,413,371,267,194,115,89,271,121,359,409,192,419,388,338,235,153,85,73,238,94,319,381,157,384,355,298,199,112,79,71,209,85,274,346,130,343,315,254,160,105,76,68,182,83,227,304,113,295,271,206,137,100,73,65,158,80,190,258,103,244,224,170,129,96,69,62,138,78,164,212,98,204,192,154,121,90,65,57,125,74,150,184,92,183,173,142,112,85,61,55,115,71,140,166,86]}