{"c":"33776","n":"若柳","la":39.13166666666667,"lo":141.06333333333333,"e":100,"t":[-1.7,-1.0,2.6,8.9,14.2,18.2,21.6,23.2,19.0,12.7,6.3,1.2],"s":[35,43,12,0,1,0,0,0,0,0,1,14],"i":[450,401,398,322,294,206,160,331,206,426,416,274,441,395,398,330,316,229,179,341,227,433,411,292,425,381,390,331,330,248,194,344,245,430,399,303,400,362,375,326,338,261,204,341,257,420,379,308,369,336,353,314,337,267,212,331,264,400,352,306,332,304,324,296,329,267,214,314,265,373,320,298,290,269,290,273,314,261,211,291,260,338,283,282,246,231,250,244,291,249,204,263,250,298,243,261,200,192,210,212,263,231,192,231,235,252,200,235,450,401,398,321,293,206,159,330,206,425,416,273,441,394,398,329,314,227,177,340,225,432,411,290,425,381,390,330,328,244,192,343,243,430,399,301,401,362,375,325,334,256,202,339,254,419,379,305,370,336,352,313,333,261,208,329,260,399,353,302,334,306,325,294,325,261,210,312,261,373,321,293,293,271,291,271,309,254,206,289,256,339,285,278,250,234,252,243,286,242,199,262,246,299,246,257,206,196,213,211,257,223,187,229,231,254,204,231,450,400,396,320,290,202,156,328,202,424,415,271,441,394,396,326,308,221,172,336,221,429,409,285,425,381,387,326,319,235,185,338,235,426,398,294,401,362,372,320,324,244,194,334,244,415,379,296,373,337,351,308,321,247,198,323,249,396,353,292,338,308,323,289,312,245,198,306,248,370,323,282,300,275,292,266,295,237,194,284,242,338,289,266,260,240,256,239,272,224,186,257,231,300,252,245,219,204,219,209,244,206,174,227,216,260,214,219,449,400,395,317,285,197,153,325,199,421,413,267,441,393,392,321,299,212,165,331,213,424,409,277,425,380,383,319,307,222,174,331,223,420,396,283,403,361,368,312,308,227,180,324,229,408,377,283,376,338,347,299,303,227,182,313,231,390,353,277,343,309,320,281,293,223,180,296,229,364,324,266,308,279,291,258,276,215,175,274,221,334,292,250,270,246,257,233,252,200,166,249,210,299,258,229,231,212,224,204,227,183,153,221,195,262,223,204,449,399,392,314,279,192,148,321,194,417,413,262,440,391,388,315,288,200,156,323,202,417,405,268,424,378,377,311,290,206,161,320,209,411,393,269,401,359,362,301,289,208,163,312,211,398,374,266,377,336,340,287,281,204,162,299,210,379,351,258,346,310,315,270,269,198,159,282,204,355,324,246,312,280,286,248,252,189,152,261,197,326,293,229,278,250,256,224,231,175,143,238,186,295,261,210,243,219,225,198,208,158,131,212,172,260,229,188,448,397,389,310,272,185,142,317,187,412,412,254,438,389,382,307,274,188,145,315,191,408,403,256,422,375,370,300,272,188,146,308,192,399,389,252,401,356,353,289,266,185,145,298,190,384,370,246,375,333,332,274,256,180,142,283,186,364,346,237,346,307,307,256,243,172,136,266,180,340,320,223,314,280,280,235,225,161,129,246,172,314,291,208,281,250,250,212,206,149,121,224,161,284,261,190,248,220,222,189,186,134,110,200,150,254,229,170,447,396,386,305,264,177,136,312,180,407,409,249,436,386,376,299,259,174,134,305,178,398,399,244,419,371,361,288,252,169,131,295,174,385,384,236,396,352,342,274,241,163,126,281,169,367,363,225,370,328,321,258,229,154,121,266,163,346,340,214,341,302,296,240,215,146,114,248,155,322,313,200,311,275,269,219,198,134,108,227,147,296,285,184,279,247,242,199,182,124,100,208,138,269,256,168,247,219,215,176,163,111,91,186,128,241,227,150,445,395,383,301,256,170,130,306,174,401,408,242,433,384,370,290,244,160,123,295,165,388,395,231,413,367,352,275,229,150,114,280,156,369,377,218,390,345,330,259,216,140,109,264,148,348,355,204,363,321,307,240,200,130,102,246,140,325,330,190,333,295,281,221,186,121,95,227,132,300,303,176,303,267,256,202,171,110,89,209,125,275,275,161,272,240,229,182,155,101,82,190,117,249,247,146,242,214,204,163,140,91,75,171,109,224,220,132,444,394,380,296,249,163,125,302,167,397,405,236,430,381,364,281,229,147,112,285,152,377,392,219,409,362,342,262,209,132,102,266,139,353,371,200,382,338,317,242,190,119,93,246,128,327,346,184,352,312,291,222,173,108,86,227,120,300,318,168,321,284,264,202,158,99,80,208,112,275,290,153,290,257,239,183,144,90,74,189,106,250,262,139,260,229,214,166,130,83,69,172,100,225,235,126,231,204,190,149,119,75,64,155,94,204,209,113,443,392,378,293,242,157,120,297,161,392,404,231,428,378,359,273,215,135,103,276,142,368,388,208,404,358,333,250,190,115,89,252,124,338,365,185,375,331,304,225,166,101,80,229,112,307,337,165,341,302,274,204,148,90,74,208,103,275,306,147,306,272,245,183,133,83,69,188,97,248,275,133,274,244,219,165,121,76,65,171,93,223,246,121,244,217,196,149,110,71,61,155,89,200,219,110,217,193,175,134,101,65,57,141,85,182,195,100,443,392,376,290,237,152,115,294,157,389,404,225,426,377,354,267,204,125,95,269,132,361,386,199,401,355,327,240,172,102,79,242,111,326,361,171,370,327,294,212,144,86,71,216,98,288,330,147,332,294,258,185,125,79,69,192,93,252,294,130,291,259,225,165,112,74,66,171,89,220,259,117,254,227,200,148,104,70,63,154,86,196,227,107,225,202,178,135,96,65,60,140,84,177,202,99,200,180,160,122,90,61,56,128,81,161,180,91,442,391,375,288,233,149,113,292,154,387,403,223,426,376,352,263,197,118,90,265,126,356,385,193,401,354,323,234,160,91,73,235,102,319,359,161,369,325,288,200,125,80,71,208,93,277,327,136,330,291,249,169,108,77,69,183,90,234,290,118,287,254,208,148,101,73,66,161,88,198,249,108,239,214,180,135,96,69,63,142,86,173,211,100,206,189,162,125,91,65,60,130,83,157,186,94,186,169,147,114,85,61,56,120,81,145,167,87,442,391,375,287,231,148,112,291,153,386,403,223,426,376,352,262,194,115,88,263,124,355,384,191,401,353,322,231,154,86,73,233,100,316,359,157,369,325,287,198,114,80,71,204,92,272,327,131,330,291,248,161,105,77,69,180,90,227,290,114,286,252,204,138,101,73,66,158,88,190,248,104,239,212,170,130,96,69,63,139,86,163,206,98,200,183,155,121,90,65,60,126,83,150,179,92,179,165,142,112,85,61,56,117,81,140,162,86]}