{"c":"33781","n":"江刺","la":39.18333333333333,"lo":141.16166666666666,"e":42,"t":[-1.6,-0.8,2.8,9.1,14.5,18.6,22.0,23.6,19.2,12.7,6.3,1.3],"s":[33,43,10,0,1,0,0,0,0,0,1,12],"i":[462,422,421,327,290,206,162,340,215,434,434,274,454,416,422,336,311,229,182,351,239,443,430,292,436,401,413,337,326,247,198,355,258,441,417,303,409,380,398,332,333,259,210,351,271,430,396,308,378,352,373,320,332,266,217,341,279,409,368,306,340,318,343,302,324,266,219,323,280,382,334,297,296,280,306,278,309,260,216,300,276,347,294,282,250,239,264,249,287,248,209,271,265,305,250,261,202,197,219,216,258,229,196,237,249,259,206,235,463,422,421,327,289,204,161,339,214,434,434,273,453,415,421,335,310,227,180,350,237,442,430,290,436,401,413,336,323,243,196,353,254,440,417,301,411,380,397,330,329,254,206,350,268,429,396,305,379,353,373,318,328,260,213,339,275,409,368,302,342,320,343,300,320,260,215,321,276,382,335,293,299,282,307,277,304,252,212,298,271,347,296,278,254,242,267,248,282,240,204,269,261,306,254,257,209,202,223,215,252,222,192,237,244,261,211,229,462,421,419,325,287,202,159,337,211,433,434,271,454,415,419,331,304,220,176,346,231,438,429,285,437,401,409,331,315,234,189,348,247,437,416,294,413,381,395,325,319,243,198,344,257,426,396,296,383,354,372,313,317,246,202,333,262,405,369,292,347,323,343,295,307,244,202,315,262,379,338,282,307,287,309,271,291,236,199,292,256,346,301,266,265,250,271,244,268,223,190,265,245,308,262,245,223,212,231,213,240,204,178,234,229,266,222,219,462,421,417,322,282,197,155,334,206,430,433,267,453,413,415,326,295,211,168,340,223,434,426,278,437,400,405,325,303,221,178,340,234,430,413,283,413,380,390,317,304,227,184,334,241,418,395,283,386,355,368,304,299,227,186,322,243,399,370,277,352,325,340,286,288,223,184,305,241,374,339,266,316,293,308,263,272,213,179,283,234,343,306,250,277,258,272,238,249,200,170,257,222,307,269,229,238,222,236,208,224,182,157,227,206,269,231,204,461,420,413,319,276,191,150,330,200,426,432,262,451,412,409,320,284,200,158,333,211,426,425,268,436,398,400,316,287,204,164,330,218,420,412,269,413,379,383,307,285,206,167,321,221,407,392,266,387,354,361,293,278,204,166,309,220,388,367,258,356,327,335,275,265,197,162,291,216,364,339,246,321,295,304,252,249,188,156,269,208,334,307,229,286,263,272,227,227,174,146,246,196,302,273,210,249,229,238,202,204,157,134,219,182,267,239,188,459,418,411,314,269,184,144,325,194,421,430,256,450,409,404,312,271,187,148,323,198,417,421,256,434,395,391,304,269,187,148,317,199,408,407,254,412,376,374,294,262,184,148,306,199,393,387,247,385,352,351,279,252,179,144,292,195,373,363,237,356,325,325,260,240,171,139,274,189,349,335,223,324,295,297,240,223,161,132,254,180,322,305,208,289,264,266,216,204,148,123,231,169,291,273,190,254,233,235,193,183,133,112,206,157,260,241,170,459,417,408,310,261,177,138,320,187,416,428,249,448,407,397,303,256,173,136,313,184,407,417,244,430,391,381,292,249,168,133,303,180,393,401,236,408,371,362,278,239,162,128,289,175,376,380,225,381,346,339,262,225,154,123,273,169,354,355,214,351,319,313,244,212,145,115,254,161,330,328,200,320,291,285,223,196,134,109,235,153,303,298,184,288,261,256,202,179,123,101,214,144,276,269,168,254,231,227,180,161,111,92,192,134,247,238,150,458,416,404,305,252,169,132,315,179,409,426,243,445,404,390,294,241,159,124,303,170,396,413,231,426,386,371,279,227,149,115,288,161,377,394,219,401,364,348,262,213,139,110,271,152,355,371,204,373,338,323,244,199,129,103,252,144,332,345,191,343,311,296,225,184,120,96,234,136,307,317,176,312,282,269,204,169,110,89,215,129,281,288,162,281,252,241,185,153,101,83,195,121,254,258,146,250,225,215,166,139,91,75,176,112,229,229,132,457,413,401,301,246,162,126,309,172,405,424,236,442,400,383,285,227,146,112,292,157,385,408,219,420,380,360,266,206,131,102,273,143,360,387,200,393,355,333,245,189,118,93,252,131,333,360,184,362,328,305,225,171,108,86,231,122,306,331,168,330,299,277,204,157,99,80,212,114,280,302,153,298,270,250,185,143,90,74,194,108,254,273,140,267,242,224,168,129,83,69,176,102,229,244,127,238,215,199,150,118,75,63,159,96,208,217,114,455,413,398,297,240,156,121,305,166,400,422,231,440,398,377,277,214,134,104,283,145,375,405,208,415,375,349,252,188,114,89,259,126,344,380,185,385,347,318,229,165,100,80,235,112,312,350,165,350,316,286,206,147,90,73,212,104,280,317,148,314,284,254,185,132,83,69,192,98,250,284,133,281,254,227,167,121,76,65,174,93,225,254,121,250,227,202,151,110,71,61,158,90,204,227,110,222,202,181,135,101,65,56,143,86,185,202,100,455,412,396,294,234,152,117,301,161,397,421,227,438,396,372,270,202,125,96,276,135,367,401,199,413,372,342,243,171,101,79,248,112,331,375,172,379,342,306,213,144,86,71,220,98,292,342,148,339,306,267,187,125,79,68,195,92,254,304,130,297,269,231,166,112,74,65,174,89,222,266,117,259,236,204,149,104,70,62,156,86,197,233,108,229,209,182,136,96,65,59,142,84,178,206,99,204,186,164,123,90,61,56,130,81,163,185,91,455,412,395,292,231,149,113,299,158,395,421,224,438,395,370,266,196,118,90,271,128,362,401,193,412,371,338,236,159,91,72,240,102,323,373,162,378,340,300,202,125,80,70,212,92,280,339,136,338,304,256,170,108,77,68,186,89,236,299,118,292,263,211,148,102,73,65,162,87,199,254,108,243,220,181,135,96,69,62,143,85,173,215,100,210,194,163,125,91,65,59,131,83,158,189,94,188,173,149,114,85,61,56,121,81,146,170,87,455,412,394,291,229,148,112,298,157,394,420,223,438,395,369,265,193,114,88,269,125,361,401,191,412,371,337,234,153,86,72,238,99,321,373,158,378,340,298,199,114,80,70,209,91,275,339,131,338,304,254,162,106,77,68,183,89,227,299,114,292,263,208,138,101,73,65,159,87,190,254,104,242,218,170,130,96,69,62,139,85,163,210,98,202,187,155,121,91,65,59,127,83,149,181,92,181,169,142,112,85,61,56,118,81,140,164,86]}