{"c":"33801","n":"住田","la":39.141666666666666,"lo":141.57333333333332,"e":80,"t":[-0.9,-0.5,2.6,8.5,13.5,17.4,21.0,22.8,18.7,12.4,6.4,1.7],"s":[5,9,4,0,0,0,0,0,0,0,1,3],"i":[447,422,415,328,291,224,188,340,229,423,428,281,438,416,415,336,312,250,214,352,257,430,423,300,422,401,407,338,326,273,235,357,279,426,409,312,397,380,391,333,333,288,250,354,294,416,389,318,366,352,368,321,332,296,261,344,303,396,362,316,330,319,338,302,324,297,265,327,304,369,329,308,288,280,302,278,309,290,262,304,298,334,290,293,244,239,260,249,287,277,252,275,286,293,248,271,199,197,216,216,258,258,238,241,266,248,204,244,447,422,413,327,290,223,187,340,227,423,428,280,438,415,415,335,310,248,212,351,254,429,423,298,422,401,407,337,324,269,231,356,276,426,409,310,398,380,391,331,330,282,247,352,290,415,390,314,367,353,368,319,329,289,256,342,298,395,363,312,331,320,338,301,320,289,259,325,299,368,330,303,291,282,303,277,304,282,256,302,293,334,292,288,248,243,263,248,282,269,247,273,280,294,250,266,204,202,220,216,254,249,231,240,261,250,209,240,447,422,413,325,287,219,184,338,225,421,426,277,438,415,413,332,305,241,206,347,248,426,422,293,422,401,404,332,315,258,223,350,266,423,409,302,399,381,389,326,320,268,236,346,278,412,390,305,370,354,366,314,317,273,243,335,284,393,364,301,336,323,338,296,307,271,244,318,283,366,332,291,298,288,304,272,291,263,239,295,275,334,296,275,258,250,267,245,268,248,229,267,262,296,258,254,218,212,227,213,241,229,213,236,242,254,219,227,446,421,411,323,283,213,178,334,219,418,426,273,438,413,409,327,296,231,196,341,238,421,420,285,422,400,400,326,304,243,209,342,250,417,408,291,400,381,384,318,305,250,217,336,259,405,388,291,373,356,362,305,299,250,221,324,262,386,364,285,341,325,335,287,289,247,220,307,259,361,334,274,306,293,304,264,272,237,213,285,249,330,301,258,268,258,268,238,250,222,202,258,235,295,265,237,231,222,233,209,225,202,187,229,216,258,229,212,446,420,409,319,276,206,172,330,212,415,425,267,437,413,404,320,285,218,183,333,224,415,418,274,421,399,394,316,288,224,191,330,233,408,405,276,400,379,377,307,286,227,195,322,236,395,385,273,374,355,356,294,278,225,195,309,235,375,362,265,344,327,330,275,265,218,191,292,229,352,334,252,310,295,299,254,250,208,184,270,219,322,302,237,276,263,268,229,229,193,172,245,204,291,269,217,241,229,235,202,204,175,157,218,187,256,235,194,445,419,405,315,269,199,164,325,204,409,423,261,434,409,398,313,271,202,169,323,209,405,413,262,419,396,386,305,269,204,171,317,211,396,400,259,398,376,368,294,263,200,171,306,210,381,381,252,372,352,346,279,254,196,167,292,204,362,357,243,344,325,321,261,240,187,161,274,198,338,330,229,312,296,293,240,224,176,153,252,187,311,300,213,279,264,262,217,204,163,142,229,173,280,268,195,246,233,231,194,184,147,129,204,158,250,237,175,444,417,401,310,262,191,156,319,196,405,421,254,433,407,392,304,257,187,154,312,193,396,411,249,416,391,376,293,249,181,151,302,189,383,394,241,394,371,357,279,239,175,145,288,182,365,374,231,368,347,334,263,227,167,140,272,175,344,350,219,339,319,308,244,213,157,132,252,166,320,322,204,309,291,281,224,197,146,124,233,156,294,294,189,278,262,252,202,180,134,113,212,143,266,264,172,246,231,224,180,161,121,103,189,131,237,234,154,442,416,399,306,254,182,148,313,187,400,419,247,430,404,385,294,242,171,139,301,176,386,405,236,411,386,366,280,227,160,130,286,166,368,388,223,388,364,343,263,214,149,122,269,156,346,365,209,361,338,319,244,200,139,113,250,146,323,339,194,331,311,293,225,184,129,106,231,136,298,312,179,301,282,265,206,170,118,98,212,126,272,283,165,271,254,238,185,154,108,90,192,115,247,254,149,241,225,213,167,139,98,81,172,106,221,225,135,441,415,395,301,247,174,141,308,178,395,417,241,426,401,378,285,227,156,125,290,161,376,401,223,405,381,355,266,208,139,111,270,144,352,381,204,380,356,329,246,189,125,100,250,131,326,355,187,350,328,301,225,172,113,91,229,120,299,326,170,319,299,273,204,158,104,84,209,110,273,297,156,288,270,247,186,144,95,78,190,102,248,269,142,259,242,221,168,130,87,72,172,94,224,241,129,231,215,197,151,119,79,65,154,86,200,214,115,440,413,393,297,240,167,134,303,171,391,416,235,425,398,372,277,214,142,112,281,146,367,398,211,401,376,345,254,189,120,94,256,125,337,374,188,372,348,314,229,166,104,82,231,109,306,345,166,339,316,282,206,148,93,75,209,98,274,313,149,305,285,252,185,133,85,69,188,90,246,281,134,272,254,225,167,121,78,65,170,84,221,250,122,243,227,200,151,111,73,61,153,79,199,224,111,216,202,180,136,101,67,56,138,73,180,199,101,440,413,391,294,235,162,129,299,165,387,413,229,424,396,367,270,204,131,102,273,134,359,396,202,399,373,338,243,172,104,81,244,108,325,370,173,368,342,302,213,145,87,70,216,92,287,337,148,330,306,264,187,125,79,67,191,84,250,300,130,289,269,229,165,112,75,65,170,80,219,263,118,252,237,202,149,105,70,61,152,76,194,231,108,224,210,181,136,97,66,57,138,71,175,204,100,199,187,162,123,90,62,54,125,68,159,183,92,438,412,389,292,231,158,125,297,161,385,413,227,423,396,365,266,197,123,94,268,126,355,394,195,398,371,334,236,160,92,72,236,96,318,368,162,366,341,296,202,126,80,70,208,85,276,334,136,328,304,254,170,109,77,67,182,81,233,296,118,285,263,209,148,102,74,65,159,78,197,252,108,237,221,180,135,97,70,61,140,74,171,213,101,206,194,162,125,91,66,57,127,71,156,187,94,184,174,148,114,85,62,54,117,67,143,169,88,438,412,389,292,231,157,124,296,160,385,413,225,423,395,364,265,194,120,91,266,123,353,394,193,398,371,333,234,154,87,72,234,93,315,367,158,366,340,295,199,115,80,70,204,83,271,334,131,328,304,252,161,106,77,67,179,81,225,295,114,284,263,206,138,102,74,65,156,78,189,250,104,237,219,169,129,97,70,61,136,74,162,208,99,199,187,154,121,91,66,57,123,71,148,180,93,178,169,142,112,85,62,54,112,67,137,163,87]}