{"c":"34012","n":"駒ノ湯","la":38.913333333333334,"lo":140.82833333333335,"e":525,"t":[-3.0,-2.7,0.2,6.5,11.7,15.5,19.1,20.7,16.7,10.8,5.0,-0.1],"s":[97,100,94,38,2,0,0,0,0,0,11,56],"i":[426,373,367,304,287,209,160,323,208,430,389,267,419,368,367,310,308,233,178,333,227,438,384,284,403,356,359,311,321,250,193,337,244,438,373,294,380,338,345,305,328,264,204,335,257,430,354,299,352,314,325,293,327,271,212,327,265,413,330,297,317,286,299,276,318,271,215,313,269,392,301,289,278,254,269,254,303,265,214,293,267,363,267,274,238,219,234,227,281,254,209,269,262,329,229,254,195,184,197,198,252,236,200,241,250,291,192,229,426,373,367,303,287,208,159,323,206,430,389,266,418,367,366,309,306,229,177,332,225,437,384,282,403,356,359,309,319,247,191,336,242,437,373,292,381,338,345,303,324,259,202,333,254,429,354,296,352,314,325,292,323,265,209,325,262,413,330,293,319,287,299,275,314,265,212,311,265,392,302,284,281,254,269,252,298,258,210,291,263,363,268,270,241,221,235,227,276,246,204,267,257,330,233,250,200,187,200,197,248,229,195,240,247,293,196,225,426,373,366,302,284,204,157,321,204,428,388,263,418,367,365,306,300,224,172,329,221,434,383,277,403,355,356,305,311,238,185,331,235,433,371,285,382,337,343,299,315,247,194,328,245,425,354,287,354,315,323,287,312,250,199,319,250,409,330,283,322,288,298,269,302,249,200,304,252,389,303,273,286,258,269,248,285,241,199,286,250,362,271,258,249,225,237,223,263,229,193,263,244,331,237,238,211,194,202,194,236,211,183,237,233,297,202,214,426,372,365,299,279,200,153,318,200,425,388,260,418,366,362,302,292,215,166,324,214,430,382,269,403,354,353,300,299,225,175,324,224,426,370,275,382,336,338,292,300,231,181,319,231,418,352,274,356,314,319,279,294,231,184,309,235,404,330,268,325,288,295,262,284,227,184,295,235,383,303,258,292,260,267,240,267,219,181,276,231,359,273,242,257,229,237,217,245,206,174,254,225,330,241,222,222,199,206,190,220,188,164,231,214,299,209,199,425,371,363,296,273,194,149,315,196,422,386,254,417,364,358,296,281,202,157,317,204,423,380,260,401,352,348,292,283,209,163,315,211,418,367,261,381,334,333,282,281,211,166,308,215,408,349,258,356,313,313,269,274,208,166,297,216,393,327,250,328,288,290,252,261,202,164,282,214,374,302,238,296,261,263,231,245,193,160,264,209,350,273,223,263,231,236,209,224,180,153,244,202,325,244,204,229,204,206,184,200,164,143,222,193,297,213,183,424,370,360,293,267,187,144,310,190,417,385,249,415,362,354,290,268,190,147,309,194,415,377,249,400,349,342,282,266,191,148,303,195,407,363,246,379,331,326,271,259,188,148,294,196,395,346,240,354,310,306,257,250,184,147,282,194,379,323,229,327,285,283,239,236,175,143,267,191,360,298,217,297,260,258,220,220,166,138,250,186,339,271,202,265,231,231,198,200,154,131,229,179,315,243,184,234,204,204,176,180,139,123,211,172,291,214,165,423,369,358,289,259,180,138,306,184,413,383,243,413,360,349,282,254,176,136,300,182,405,374,238,396,346,335,272,246,171,134,290,179,394,359,229,375,327,317,258,236,165,130,279,176,379,340,220,350,305,297,243,223,158,127,265,173,362,317,208,323,281,273,225,210,149,122,250,168,343,292,195,294,254,248,206,193,139,118,233,164,322,266,179,264,229,224,186,177,129,112,215,158,301,239,164,233,202,198,165,158,117,105,197,153,279,211,147,422,368,355,285,252,172,133,301,178,408,382,236,409,358,344,275,240,163,126,290,170,395,370,225,392,342,327,261,225,153,120,277,163,379,354,213,370,322,307,245,212,143,113,263,157,361,333,200,344,299,285,227,198,133,109,247,152,342,309,186,315,275,262,209,182,125,104,231,147,322,284,172,286,249,238,191,168,114,100,215,143,302,258,158,258,223,213,172,152,106,96,199,140,282,231,143,229,198,190,154,137,97,91,183,136,263,206,129,421,367,353,281,245,165,128,296,172,403,380,229,408,355,338,267,225,149,115,281,159,385,367,214,388,338,319,250,206,134,107,264,148,364,348,197,363,316,297,231,188,122,100,247,140,341,325,180,335,292,273,212,171,112,94,229,134,319,300,165,305,266,248,193,156,103,90,213,130,298,273,151,276,240,224,175,143,95,87,197,127,278,247,137,247,215,200,158,129,88,84,183,125,260,221,125,220,191,178,141,117,81,80,169,123,244,196,112,420,366,351,278,238,159,123,292,167,399,379,225,405,353,334,261,213,137,108,273,149,376,364,204,384,334,312,240,188,118,95,252,134,350,344,182,357,311,287,217,166,104,88,231,125,322,318,162,325,284,259,196,147,94,83,212,119,295,290,146,293,256,233,177,133,86,80,195,117,272,261,132,262,229,208,159,121,80,79,180,115,252,233,120,233,204,186,144,110,76,77,167,114,237,208,110,206,182,167,129,101,71,75,156,114,223,185,100,420,365,349,276,233,155,120,289,163,396,378,221,405,352,331,254,202,128,101,267,141,370,362,195,382,332,307,231,172,104,86,243,123,339,340,169,353,307,278,204,145,89,80,219,112,305,313,146,317,277,247,181,125,82,78,198,110,273,281,129,279,246,217,161,112,78,78,180,110,246,248,117,245,217,193,145,105,74,76,166,110,227,219,108,217,193,173,132,97,70,75,155,111,213,194,100,193,172,155,119,90,67,74,145,112,204,173,92,419,365,348,274,229,152,117,288,160,394,377,219,404,351,329,252,196,121,96,263,136,365,361,190,381,331,304,225,160,93,80,236,114,332,339,160,352,305,274,196,127,82,79,212,108,294,310,135,316,275,240,167,109,80,78,190,108,256,277,119,276,242,202,147,103,77,78,171,109,225,240,109,231,206,177,134,97,74,76,155,110,204,204,102,202,182,160,124,92,70,75,146,111,195,181,95,181,163,145,113,86,67,74,138,112,189,163,89,419,365,348,274,229,151,115,287,159,393,377,218,404,351,329,250,193,118,94,262,134,364,361,187,381,331,303,224,155,89,80,234,112,330,338,156,351,305,273,194,117,82,79,210,107,290,310,131,316,275,239,161,107,80,78,188,108,250,276,115,276,241,200,139,102,77,78,168,109,218,239,106,231,204,169,130,97,74,76,152,110,196,202,100,196,177,154,121,91,70,75,142,111,188,176,94,175,159,141,112,86,67,74,136,112,184,159,88]}