{"c":"34171","n":"米山","la":38.626666666666665,"lo":141.18833333333333,"e":5,"t":[-0.4,0.3,3.5,9.2,14.5,18.3,21.7,23.5,19.5,13.5,7.2,2.3],"s":[9,4,0,0,0,0,0,0,0,0,0,3],"i":[454,426,429,339,304,239,212,362,263,453,437,294,446,420,430,348,327,269,245,376,298,462,432,315,428,405,421,350,342,292,272,383,326,459,418,328,401,383,404,344,349,309,292,381,346,448,396,334,371,354,379,332,349,318,305,371,357,426,368,333,333,320,348,313,340,319,310,354,360,397,333,324,289,281,310,287,324,312,308,329,354,359,293,308,244,239,266,257,301,298,298,297,339,314,250,285,198,196,220,222,271,277,280,261,316,264,204,257,455,426,429,338,303,238,211,361,261,453,437,293,445,419,429,347,325,266,242,375,295,461,430,313,428,405,421,348,339,288,268,381,322,459,418,325,404,383,404,343,346,302,287,379,341,447,397,330,372,355,379,330,345,310,299,369,352,426,369,328,335,321,348,311,336,311,304,351,354,396,335,319,293,283,311,286,319,303,301,326,348,359,296,303,248,242,269,256,295,289,290,295,332,316,252,280,204,200,225,222,265,267,273,260,309,267,210,252,455,426,426,337,300,234,206,359,257,451,436,290,446,419,426,344,319,258,235,371,287,457,430,307,429,405,418,344,331,276,257,375,310,455,417,317,405,384,401,338,335,287,273,372,326,443,397,320,375,357,378,325,333,292,282,361,334,423,370,317,340,325,348,306,322,290,284,343,334,394,338,306,300,288,313,281,305,282,280,319,325,359,301,289,260,250,274,252,281,266,268,289,310,318,262,267,219,212,233,220,252,245,250,254,286,273,221,239,454,425,425,334,295,227,200,355,250,448,434,286,445,418,423,338,310,246,223,363,274,451,429,298,429,404,413,337,318,259,239,365,291,448,416,305,407,384,397,329,319,267,250,360,302,436,396,305,379,358,374,316,314,268,254,348,307,416,371,299,345,328,345,297,303,264,254,330,304,389,340,288,310,295,313,273,285,254,248,306,293,356,306,271,271,259,276,247,262,238,236,278,277,318,269,249,233,223,240,216,235,217,217,246,254,277,231,223,454,424,423,330,289,220,193,350,242,443,434,280,445,417,418,332,298,231,206,354,257,444,426,287,429,403,407,328,301,239,217,352,269,438,413,289,407,383,390,318,299,242,223,344,273,424,393,287,380,358,367,304,291,240,223,331,273,404,369,278,350,330,341,285,278,231,220,313,268,379,340,265,315,298,309,263,261,222,212,290,256,347,307,249,280,265,277,237,239,206,199,264,240,313,274,227,245,231,242,210,215,186,182,235,220,276,240,204,453,423,419,326,281,211,184,344,231,438,432,273,443,413,412,323,284,215,190,343,239,434,423,274,426,400,399,316,281,217,193,337,241,425,409,271,405,380,381,305,275,214,193,326,241,409,389,265,379,355,358,289,265,209,190,311,237,388,364,254,350,328,331,270,250,200,183,292,227,363,336,240,318,298,302,249,234,188,175,270,217,334,306,224,284,267,271,225,215,174,163,245,200,301,274,204,250,235,239,200,192,156,147,219,184,269,242,183,451,422,416,321,273,202,174,337,221,433,430,265,441,412,405,314,268,198,171,330,218,424,419,260,424,396,389,303,260,192,168,319,214,409,403,252,401,375,369,288,250,186,162,305,206,391,382,241,375,350,345,272,237,177,156,288,200,368,357,227,346,323,319,252,222,167,148,269,189,342,329,214,315,294,290,231,204,154,139,247,178,315,300,197,283,264,261,210,188,142,129,225,164,286,269,180,250,234,231,187,168,128,115,200,150,254,238,161,451,421,412,316,265,193,164,331,210,426,428,258,438,409,398,304,252,181,153,317,197,412,415,246,419,390,378,289,238,169,142,301,185,392,396,231,395,368,354,272,223,157,133,283,174,369,373,217,367,342,329,252,208,146,124,264,163,344,346,202,337,314,302,233,192,136,115,244,152,317,318,187,307,285,274,213,177,124,107,223,141,290,289,171,276,257,246,192,160,113,99,202,130,263,259,155,246,227,219,172,145,103,89,181,119,236,231,140,450,419,409,311,257,184,155,324,200,421,426,250,434,405,390,295,237,164,136,305,178,400,409,231,413,385,367,275,216,146,120,283,158,374,388,212,387,360,339,254,196,131,107,261,142,345,362,194,357,332,310,231,178,119,97,239,129,316,333,176,325,302,282,212,163,108,89,218,119,288,303,161,294,273,254,192,149,98,82,198,110,262,274,146,263,244,227,174,135,90,76,179,102,236,245,133,235,217,202,155,122,82,69,161,93,212,218,120,449,418,405,307,250,176,147,319,190,416,424,245,433,403,384,286,223,149,120,294,160,389,407,219,409,380,356,261,195,126,98,267,133,357,382,194,379,352,324,236,171,108,84,240,113,322,352,172,345,320,291,212,152,96,76,215,102,288,319,153,310,288,259,190,137,87,70,193,93,257,286,138,277,257,231,171,124,80,66,174,87,231,254,125,247,229,206,155,112,74,61,157,81,206,227,113,219,204,184,139,104,69,57,142,76,187,202,104,448,417,404,304,245,171,140,315,183,412,423,240,432,401,379,279,211,137,107,285,145,381,404,209,407,377,348,250,177,108,81,252,112,342,377,178,375,346,311,219,148,89,69,222,92,301,344,152,336,310,271,191,127,80,66,195,83,260,306,133,294,272,235,169,114,75,63,173,78,225,267,120,256,239,206,152,106,71,61,154,75,199,234,110,227,211,184,138,98,67,57,140,71,179,206,101,202,188,165,125,92,63,55,127,68,163,185,93,448,417,403,302,241,167,136,312,178,409,422,237,430,400,377,275,204,128,98,279,134,375,403,202,405,376,344,243,164,94,70,243,97,334,375,167,374,345,305,208,128,80,68,212,82,287,341,139,334,308,261,173,109,77,66,185,78,240,301,120,290,266,213,150,102,74,63,160,75,200,256,109,241,222,182,137,97,71,61,140,73,172,215,101,208,195,163,126,92,67,57,127,70,156,189,95,186,174,149,117,86,63,55,117,67,144,170,89,448,417,401,301,240,165,134,311,176,409,422,236,430,400,376,273,200,125,94,277,130,373,403,200,405,376,343,240,159,89,70,240,93,331,375,163,373,345,304,204,117,80,68,209,80,282,341,134,334,308,259,164,106,77,66,181,78,229,300,115,290,266,211,138,102,74,63,157,75,191,256,105,241,221,170,130,97,71,61,136,73,162,211,99,200,188,154,122,92,67,57,123,70,147,181,93,179,169,142,112,86,63,55,113,67,137,164,87]}