{"c":"34216","n":"古川","la":38.598333333333336,"lo":140.91166666666666,"e":28,"t":[-0.1,0.5,3.5,9.4,14.7,18.5,21.9,23.7,19.7,13.6,7.5,2.7],"s":[20,19,5,0,0,0,0,0,0,0,1,7],"i":[445,405,405,335,305,234,202,353,250,450,419,291,437,398,405,343,328,263,231,367,283,458,413,311,420,384,398,345,343,285,254,372,309,455,400,324,395,364,382,339,350,300,273,370,327,445,380,330,364,337,358,327,350,309,285,361,338,424,353,329,327,305,329,308,342,310,289,344,340,394,320,320,285,269,294,283,325,303,287,319,335,357,282,304,241,229,252,252,302,289,277,289,321,313,242,281,196,190,211,219,272,269,261,254,300,264,199,252,446,405,405,334,304,233,200,352,250,450,418,290,436,398,405,342,326,259,229,365,281,457,413,309,420,385,397,343,340,280,252,371,305,455,400,321,396,364,381,338,347,294,269,368,323,444,380,326,365,338,358,325,346,302,279,358,333,423,354,324,329,306,329,306,337,302,283,341,335,394,321,315,288,271,294,282,320,294,280,317,329,358,284,299,245,233,256,252,296,280,270,288,315,315,245,276,202,194,214,219,266,259,254,252,294,267,202,248,445,404,404,332,301,229,197,350,246,448,418,287,437,398,403,339,320,252,222,361,273,454,413,303,420,384,394,339,331,269,242,365,294,451,400,313,397,365,379,333,336,280,256,361,309,440,380,316,368,339,357,320,334,284,264,351,316,420,354,313,334,309,329,301,323,282,266,333,316,392,324,302,295,275,296,277,306,273,261,310,308,357,289,286,254,240,260,249,282,258,250,281,294,317,252,263,215,204,221,217,252,237,234,249,273,273,213,236,445,404,401,329,296,223,192,346,240,445,417,283,436,397,400,334,310,240,211,354,262,449,411,295,420,384,391,332,319,252,225,355,277,445,398,301,399,364,375,324,320,260,235,350,287,432,379,302,371,340,353,311,315,261,240,338,291,413,355,296,338,311,326,293,304,257,239,321,288,386,325,284,304,280,295,269,286,247,233,298,279,354,293,267,266,247,261,243,262,231,221,271,264,316,258,245,229,213,227,213,236,210,204,241,244,276,223,219,444,403,400,326,289,215,184,341,231,440,416,277,434,395,395,327,298,227,197,345,246,441,409,284,420,382,385,323,302,234,206,343,256,434,396,286,398,363,368,314,300,236,211,335,261,421,377,283,372,339,347,299,292,234,211,322,260,401,353,275,342,313,321,281,279,225,206,305,254,376,325,262,309,283,291,259,262,216,200,282,245,345,294,245,274,250,261,234,240,200,188,257,229,312,262,225,240,220,227,206,215,181,172,229,212,275,229,200,443,401,397,321,282,206,176,336,223,434,413,270,434,393,390,319,284,211,181,334,229,432,405,271,418,379,377,311,282,212,184,328,231,422,391,269,397,360,360,300,276,209,184,318,231,405,372,262,371,337,338,285,266,204,180,303,227,386,348,252,342,311,313,266,252,195,174,285,219,360,322,238,311,283,285,245,235,183,166,264,209,332,293,221,278,252,254,221,215,169,154,240,195,300,262,202,245,223,225,197,193,152,140,215,179,268,231,181,442,400,394,317,274,198,167,329,213,430,412,263,432,390,384,310,268,195,165,323,210,421,401,258,415,375,368,299,261,189,161,312,206,405,386,250,393,355,349,284,250,182,155,298,200,388,366,239,367,332,327,268,237,173,150,282,193,365,342,225,338,306,301,249,223,163,142,263,183,340,315,212,308,278,274,227,204,151,133,242,173,313,287,195,277,250,247,206,188,139,124,220,161,284,258,178,245,221,219,184,169,125,112,197,148,254,227,159,441,399,390,312,266,189,158,323,202,424,409,256,429,388,377,300,252,178,148,311,192,409,398,244,409,371,358,285,238,166,138,295,180,389,380,229,387,349,336,268,223,155,129,277,170,366,357,215,360,325,312,249,208,144,121,259,160,342,332,200,330,298,287,229,192,133,112,239,150,316,305,185,300,270,260,210,177,122,105,219,140,288,277,170,270,243,233,189,160,112,97,199,130,262,249,154,240,216,208,170,145,101,88,179,120,235,221,139,440,398,387,307,258,181,150,317,194,418,409,249,426,385,371,291,237,162,132,299,174,397,394,229,405,366,348,272,216,144,117,278,156,371,373,211,379,342,323,250,197,129,105,256,141,343,348,192,350,315,296,229,178,117,96,235,129,315,320,175,319,288,269,209,163,107,89,215,120,287,292,160,288,260,242,189,149,97,82,195,112,261,263,145,258,231,217,171,135,89,76,177,104,236,236,132,229,206,193,153,123,81,70,159,97,212,210,119,438,397,385,303,250,174,143,312,186,413,407,243,424,382,365,283,223,147,118,288,157,387,391,218,401,362,339,259,196,125,98,262,133,355,367,193,372,335,309,233,172,107,85,236,115,320,339,171,339,305,278,210,152,95,77,213,104,287,307,152,304,274,249,188,137,87,72,192,97,257,276,137,272,246,222,170,124,80,68,173,91,229,246,125,242,219,198,153,112,74,63,157,86,206,220,113,215,195,177,138,104,69,60,142,82,187,196,103,438,396,383,300,245,168,137,308,179,409,405,238,423,381,361,276,212,136,106,280,144,378,388,208,399,359,332,248,178,108,83,249,113,341,363,178,367,330,298,217,148,89,71,220,95,300,332,152,330,296,262,190,127,80,68,194,88,260,296,133,289,261,227,168,114,76,66,172,83,225,259,119,252,229,200,151,106,71,63,154,80,200,227,109,223,202,179,137,98,67,60,140,78,179,202,101,198,181,161,125,92,63,56,128,75,164,180,93,438,396,382,298,242,165,133,306,175,407,405,235,423,380,359,272,204,128,98,274,135,373,387,200,398,358,329,241,165,94,73,240,100,332,362,167,367,329,293,206,128,81,70,210,86,286,329,138,329,294,252,172,109,78,68,183,83,239,292,120,285,256,209,149,102,75,66,160,81,200,250,109,238,215,179,136,97,71,63,141,79,173,211,101,204,189,161,126,92,67,60,128,76,157,185,95,183,169,147,115,86,63,56,119,74,145,166,89,438,396,382,298,241,163,131,305,173,405,405,234,422,380,358,270,200,124,95,272,131,371,387,199,398,357,328,238,159,89,72,237,96,329,361,162,366,329,292,202,117,81,70,206,84,281,329,133,328,294,250,164,106,78,68,180,83,229,291,115,285,256,206,138,102,75,66,157,81,192,249,105,238,214,169,130,97,71,63,137,79,163,206,99,199,183,153,121,92,67,60,124,76,148,178,93,177,164,141,112,86,63,56,114,74,139,161,88]}