{"c":"34232","n":"新潟","la":37.91166666666667,"lo":139.04666666666665,"e":2,"t":[2.7,2.9,5.8,11.6,16.5,20.6,24.5,26.5,22.4,16.4,10.5,5.5],"s":[30,30,6,0,0,0,0,0,0,0,0,8],"i":[491,465,499,382,307,191,138,348,176,437,484,294,480,457,500,394,330,209,150,355,189,442,479,311,459,440,490,396,345,223,160,355,198,438,463,321,432,413,469,391,352,231,166,348,204,425,438,325,396,381,438,377,351,235,168,334,206,403,405,321,353,342,400,355,342,234,168,313,204,373,365,310,305,298,353,326,325,227,164,286,198,336,319,293,254,250,300,290,301,215,156,254,188,293,268,269,204,202,243,249,271,198,146,219,175,246,216,240,491,465,499,381,306,190,137,347,175,437,484,292,480,457,500,392,328,206,149,354,188,442,479,309,461,440,490,395,342,220,158,354,197,437,463,319,433,413,469,389,348,227,164,347,202,424,438,322,398,383,440,375,346,231,166,333,202,403,407,317,356,344,401,353,337,227,165,312,200,373,367,306,309,301,356,325,319,221,161,285,195,337,322,288,260,254,305,290,295,209,153,254,185,295,273,265,211,208,250,250,265,192,142,220,172,249,223,235,491,465,498,379,303,187,136,346,174,434,484,290,480,457,499,388,321,202,146,352,184,438,479,304,462,440,488,390,333,212,153,350,192,434,463,312,436,417,471,383,337,218,158,343,196,421,441,313,401,386,442,369,334,219,159,328,196,400,409,307,363,350,407,347,323,215,157,308,192,371,373,295,319,309,365,320,305,206,152,283,186,337,331,277,274,267,318,286,281,194,144,252,175,298,286,254,229,224,268,249,250,178,133,221,162,256,240,225,491,463,496,376,298,183,133,343,171,432,484,286,480,455,495,382,312,195,141,347,179,434,476,296,463,440,487,381,320,202,146,344,184,428,463,301,438,417,467,373,321,204,148,335,186,413,441,299,407,389,443,359,315,202,148,321,184,394,413,292,370,355,409,338,303,198,145,301,179,367,378,280,331,318,371,311,285,189,139,277,172,335,340,262,289,279,328,280,261,175,130,249,161,298,299,239,247,239,283,246,234,159,119,219,148,260,257,213,490,463,494,371,291,179,130,340,167,429,482,280,480,454,491,374,300,185,135,340,172,428,475,286,463,438,480,370,302,189,137,335,174,420,461,287,438,417,463,360,300,188,137,325,173,405,440,283,409,389,437,344,292,184,134,310,170,384,412,273,376,359,407,324,279,177,130,291,164,359,381,260,339,324,371,298,261,168,123,267,155,328,345,242,300,287,333,270,238,154,113,242,145,296,306,221,262,250,293,238,214,139,104,215,133,260,268,197,488,462,490,366,284,173,126,336,163,425,480,274,479,451,484,364,286,175,127,333,164,420,472,275,461,436,471,356,284,174,126,325,163,409,455,271,438,413,453,343,276,170,124,313,160,392,434,263,409,388,429,327,266,164,120,297,154,371,408,252,377,357,398,305,250,155,113,277,147,346,377,237,342,325,366,282,234,145,107,254,139,318,345,221,306,291,330,254,214,133,98,231,128,287,309,200,269,254,293,227,192,119,89,206,118,254,272,179,488,459,486,360,276,167,122,331,159,420,478,268,476,449,476,352,270,164,119,324,156,409,467,262,458,432,459,340,262,158,115,313,151,396,450,252,434,409,438,324,250,151,111,298,145,377,426,242,405,382,413,305,237,143,106,280,139,354,400,229,373,352,385,285,223,134,99,261,130,329,370,214,340,320,352,260,204,124,92,239,122,301,337,196,305,288,320,237,188,112,84,217,112,273,304,179,270,256,286,211,167,101,76,194,104,244,271,160,487,459,480,354,268,161,118,327,154,415,476,261,474,446,467,340,254,152,112,315,147,400,462,249,453,426,446,323,239,143,105,299,140,381,442,235,426,401,420,303,224,133,99,281,132,358,416,220,397,373,393,282,209,123,92,262,124,333,388,204,364,343,363,259,192,113,86,242,115,308,357,189,330,311,333,238,176,104,79,221,108,280,325,173,297,279,300,215,160,95,72,200,100,254,292,156,265,249,270,192,144,85,65,180,92,227,261,140,486,458,476,348,260,155,113,322,150,409,474,254,471,442,457,328,239,141,105,306,139,390,457,236,447,420,430,305,218,128,96,286,129,366,432,217,418,392,400,281,198,115,88,265,119,338,403,198,385,360,368,256,179,106,81,243,111,310,371,180,350,328,336,233,163,96,75,222,103,282,338,164,316,296,305,211,149,88,69,202,96,256,306,149,283,265,276,191,134,80,64,182,89,231,275,135,252,235,247,172,122,72,57,164,83,206,245,122,486,455,473,343,252,151,111,318,147,405,471,249,468,438,448,317,225,132,98,298,132,381,451,225,442,413,416,288,198,114,87,274,119,351,424,200,409,382,379,258,173,101,79,248,108,318,390,177,371,346,340,229,152,91,73,224,100,285,353,158,333,310,304,206,137,83,68,202,94,254,315,142,296,277,272,185,124,76,64,182,88,229,282,128,264,246,244,167,112,70,59,164,83,204,250,117,234,219,220,150,103,64,55,148,78,185,224,106,484,455,470,339,248,147,108,315,144,403,470,244,467,437,441,309,214,124,93,291,127,375,449,215,440,409,404,274,180,104,80,264,111,340,418,186,404,375,360,238,150,89,73,235,100,301,380,159,361,334,312,204,128,81,69,206,93,262,336,138,314,291,269,178,113,76,66,183,89,227,291,123,272,252,236,160,105,71,62,163,85,200,254,112,240,223,211,145,98,67,57,147,80,180,224,103,213,198,191,132,91,62,54,134,76,163,200,95,484,455,468,336,244,145,107,313,142,401,469,242,467,436,437,303,206,119,90,287,123,370,447,210,440,408,397,265,167,95,76,257,105,332,415,175,404,373,350,223,130,83,72,225,96,289,375,145,360,330,295,181,109,79,69,197,91,244,329,123,311,283,237,153,102,76,66,170,88,204,277,110,256,231,199,139,97,71,62,148,84,175,229,102,218,200,178,129,91,67,57,133,80,158,199,96,195,179,164,120,86,62,54,122,76,145,179,89,484,454,467,336,243,144,106,313,142,400,469,241,468,434,434,302,202,117,88,286,121,369,446,206,440,407,395,262,161,91,75,254,103,330,413,172,404,371,346,218,119,83,72,223,94,285,374,140,361,329,291,171,105,79,69,194,91,237,327,119,312,281,231,138,101,76,66,166,88,197,275,105,257,229,179,130,96,71,62,143,84,166,222,99,211,190,162,123,91,67,57,127,80,149,188,93,188,171,151,114,86,62,54,118,76,138,170,88]}