{"c":"34266","n":"大衡","la":38.473333333333336,"lo":140.88833333333332,"e":57,"t":[-0.1,0.5,3.5,9.4,14.3,18.0,21.5,23.3,19.3,13.3,7.3,2.6],"s":[22,19,7,0,0,0,0,0,0,0,0,8],"i":[433,392,394,324,294,227,197,343,241,442,405,281,424,386,394,332,315,252,225,356,270,450,401,300,408,373,386,333,329,273,247,361,294,448,389,312,384,353,370,327,336,288,264,358,310,437,369,317,354,327,348,315,334,295,274,348,319,417,343,315,319,296,319,296,326,295,278,332,321,388,312,306,278,262,285,273,310,288,275,308,316,351,275,290,236,224,247,244,287,275,266,279,303,308,236,269,193,185,206,211,258,254,250,245,283,261,195,242,433,392,394,323,293,225,196,342,240,442,405,281,424,386,393,331,313,250,222,354,268,449,401,298,408,373,385,331,326,269,244,359,290,447,389,309,385,353,370,326,332,282,260,356,306,436,369,313,355,328,348,313,330,288,269,346,315,416,344,311,320,298,320,295,321,288,273,329,316,387,313,301,281,263,286,271,305,280,269,306,310,352,277,286,240,227,249,243,282,266,260,277,297,310,238,264,198,190,209,211,252,246,244,244,277,263,199,237,432,392,393,322,290,221,193,340,237,440,405,278,424,386,392,328,308,243,216,350,262,446,400,293,408,372,383,327,318,259,234,353,281,443,388,301,386,354,368,321,322,268,247,350,293,432,369,304,358,329,346,308,319,272,254,339,299,413,344,300,325,300,319,290,309,270,256,322,299,385,315,289,288,267,287,267,292,261,250,299,291,351,281,273,249,233,252,239,269,246,241,271,277,312,245,250,211,199,215,209,241,225,225,240,257,269,208,225,432,391,391,319,286,216,187,337,231,437,405,274,424,385,388,323,299,231,204,344,250,441,399,285,408,372,379,321,306,244,219,344,265,437,386,290,387,353,363,313,307,250,227,339,273,425,368,290,360,330,343,300,301,250,231,327,276,405,344,284,329,302,316,282,290,246,231,310,273,379,315,273,295,272,287,259,273,236,224,288,264,347,285,256,259,240,252,233,250,221,213,262,250,311,250,235,223,206,220,204,225,200,197,231,229,272,217,210,430,390,389,316,280,209,180,332,224,433,404,268,423,383,384,317,288,219,192,335,236,434,396,275,408,370,374,312,290,225,200,333,245,426,384,276,387,352,358,303,288,227,204,325,249,413,365,273,361,329,336,289,280,225,204,312,248,394,342,265,332,303,312,271,267,217,200,295,243,369,316,252,299,274,283,249,250,206,193,273,231,339,285,235,266,244,252,225,229,192,181,248,218,306,254,215,233,213,222,199,206,173,166,221,200,270,223,193,430,389,386,312,273,200,172,327,215,428,401,262,421,381,379,309,275,204,177,325,221,424,394,263,405,367,366,301,272,204,179,319,222,413,380,260,385,349,350,290,265,202,179,309,222,399,361,252,360,326,328,275,256,197,175,294,217,379,338,243,332,301,304,257,242,188,169,276,210,354,312,229,302,273,277,236,225,176,161,256,199,326,284,213,269,244,248,213,206,163,150,231,186,294,254,194,237,215,219,190,184,146,136,208,171,263,224,173,430,388,383,307,265,193,164,321,206,423,400,254,419,379,373,300,260,189,161,314,202,413,390,250,403,364,358,290,252,184,158,304,199,400,375,242,381,344,339,275,242,177,152,290,193,381,355,231,356,322,317,259,229,168,147,274,186,359,332,219,328,296,293,241,215,158,139,254,176,334,306,204,299,269,266,220,198,146,130,235,167,307,278,188,268,242,240,200,181,135,121,214,154,279,250,172,237,214,212,177,162,121,109,192,142,249,221,153,429,387,380,303,258,185,155,315,197,417,398,248,417,376,367,292,245,174,145,303,186,401,387,237,399,359,349,277,231,163,136,288,175,383,369,224,376,339,327,260,217,151,127,271,165,361,347,210,349,315,304,242,202,140,119,252,155,336,323,195,321,289,279,223,186,130,111,233,145,311,296,180,291,262,252,204,171,119,103,213,136,284,269,165,262,235,227,183,155,109,95,194,126,257,241,149,233,209,202,164,140,98,86,174,115,231,215,134,428,386,377,298,250,177,148,310,188,411,397,242,413,373,361,283,231,159,131,292,170,391,383,224,394,355,340,264,211,142,115,272,152,366,363,206,369,332,315,244,192,127,105,250,139,338,338,188,340,306,289,224,174,115,95,229,127,310,312,171,310,279,262,204,159,105,88,210,118,283,284,156,280,252,237,184,145,96,82,191,110,257,256,142,250,225,212,167,131,88,76,173,103,231,229,129,223,200,188,149,119,80,69,156,95,209,204,115,426,385,375,295,244,170,141,305,181,407,395,236,412,371,356,275,218,145,117,282,154,381,380,213,390,351,331,252,192,123,98,257,132,350,357,189,362,325,303,227,169,107,86,231,114,316,330,168,330,296,273,204,150,95,78,209,104,283,300,150,297,267,244,184,135,87,72,189,97,254,269,135,265,239,217,166,123,79,68,171,91,227,240,123,236,213,194,150,112,74,64,154,86,204,215,112,210,189,174,134,102,68,60,140,82,185,191,102,426,384,373,292,239,165,135,301,175,403,394,231,411,369,352,269,206,134,106,274,142,373,377,204,388,348,325,242,175,108,84,245,113,336,354,175,358,321,292,213,147,90,72,217,97,296,324,150,322,288,257,187,127,81,69,192,89,257,289,132,283,254,225,165,114,76,67,170,85,224,254,119,247,224,198,149,106,72,64,153,81,198,223,109,219,198,176,135,98,68,61,139,78,178,198,100,194,176,158,123,91,63,57,127,76,163,176,92,426,383,372,290,236,162,131,298,171,401,394,229,411,368,350,265,200,127,98,269,134,368,376,197,387,346,321,236,163,95,74,236,102,328,352,165,357,319,287,202,129,82,71,208,88,283,321,138,321,286,248,170,110,79,69,182,84,237,285,120,279,249,206,148,103,75,67,159,82,200,245,109,234,210,178,135,98,72,64,140,80,173,206,101,202,184,160,125,92,68,61,128,77,157,182,95,180,165,146,114,86,63,57,118,75,145,164,88,426,383,372,289,235,160,130,298,169,400,394,227,409,368,349,264,197,124,96,267,130,366,376,195,387,346,321,234,158,90,73,234,98,325,351,161,357,318,286,200,119,82,71,204,86,278,320,133,320,285,247,163,107,79,69,178,84,229,284,115,279,248,204,138,103,75,67,156,82,191,244,105,234,206,168,129,97,72,64,136,80,163,202,100,196,177,153,121,92,68,61,124,77,149,175,93,175,159,140,112,86,63,57,114,75,139,158,87]}