{"c":"34311","n":"新川","la":38.303333333333335,"lo":140.63666666666666,"e":265,"t":[-1.0,-0.7,2.2,8.2,13.2,17.0,20.5,22.0,18.1,12.0,6.3,1.7],"s":[38,44,16,0,0,0,0,0,0,0,1,10],"i":[413,367,367,302,283,212,181,320,217,417,382,266,405,361,366,309,301,235,204,330,240,422,378,282,390,349,359,309,314,252,222,334,258,419,366,292,367,331,344,303,319,264,235,330,270,408,348,296,340,307,323,292,317,270,243,321,277,388,323,293,306,279,297,274,309,269,245,305,279,362,294,284,269,247,266,252,293,263,242,283,274,327,261,269,229,213,231,225,271,250,233,256,263,288,224,249,188,177,194,196,244,231,219,225,247,244,187,224,413,367,367,302,282,211,180,320,216,416,382,265,405,361,366,308,300,231,202,329,238,421,377,280,390,349,358,308,311,249,219,332,254,419,366,289,368,331,344,302,316,259,231,329,267,407,348,292,340,308,323,290,313,264,239,319,274,388,324,289,308,280,297,273,304,263,240,303,274,361,295,280,271,249,267,250,288,254,237,281,269,328,262,265,231,215,233,225,267,242,227,254,258,289,227,244,193,181,197,195,239,224,213,225,242,247,190,219,413,367,366,301,279,208,177,318,213,413,382,262,405,361,364,305,294,225,196,326,233,419,377,275,390,348,356,304,304,239,211,327,247,415,365,282,369,331,342,298,306,248,221,323,257,404,347,284,342,308,321,285,303,250,225,312,261,385,324,279,311,282,296,268,293,247,227,296,260,359,296,269,276,250,267,246,276,239,222,275,254,327,265,254,240,220,235,221,254,225,212,250,243,291,231,233,204,188,200,193,227,206,197,221,225,250,198,209,413,366,364,298,275,202,173,315,209,412,381,259,404,360,361,301,286,217,187,320,224,413,375,268,390,348,352,298,293,227,198,320,235,409,363,273,370,330,338,290,293,231,204,314,241,397,346,271,344,308,318,278,287,231,206,302,243,379,324,265,314,283,294,261,275,225,206,286,240,354,297,254,282,254,266,239,259,216,199,265,231,324,268,238,248,225,236,215,237,202,188,241,220,290,236,218,214,195,204,189,212,183,174,215,204,254,204,195,412,365,362,295,269,197,167,311,202,408,380,254,404,358,358,295,276,206,176,313,213,408,373,259,389,346,348,291,278,210,183,310,219,401,361,260,369,329,333,281,275,212,186,302,221,388,343,256,345,307,313,268,267,208,184,289,220,369,321,248,317,283,290,250,254,200,180,273,215,345,296,235,286,256,263,229,238,191,173,252,206,316,268,220,254,227,235,208,217,177,162,229,195,286,239,200,222,200,206,183,195,159,148,206,180,252,209,179,411,364,360,292,263,190,160,307,196,404,378,248,401,356,353,289,264,193,164,305,200,400,371,248,387,343,341,281,261,193,165,298,200,390,357,245,367,326,325,270,254,189,164,288,200,375,340,238,343,305,306,256,244,184,160,274,195,356,318,227,316,281,282,238,231,175,154,257,189,332,293,215,287,254,257,219,215,164,146,238,180,306,267,199,256,227,229,197,196,151,136,216,169,276,238,181,225,200,204,175,175,135,123,194,156,247,210,162,409,363,357,288,256,183,153,302,189,400,377,242,400,354,348,281,250,179,151,295,186,391,367,237,384,340,334,271,243,173,147,285,182,377,353,229,364,322,317,258,233,167,141,272,176,360,334,219,340,301,296,242,220,158,136,257,170,339,312,206,313,277,273,225,206,149,128,239,162,315,287,193,285,250,248,204,189,137,120,221,154,290,261,177,256,225,223,186,173,126,111,200,144,263,235,162,225,200,198,165,155,112,100,180,134,235,208,144,409,362,355,284,249,175,146,297,182,395,375,236,398,352,343,274,237,165,138,286,173,381,364,225,381,336,326,260,223,155,129,272,163,363,348,213,359,317,307,244,210,144,121,256,155,342,327,199,334,295,285,227,195,134,112,239,146,319,304,185,306,270,261,209,180,124,105,221,138,295,279,171,278,245,237,190,165,112,98,202,130,269,252,156,250,220,212,171,150,104,90,184,122,244,227,141,222,195,189,153,135,93,82,166,113,220,202,127,408,361,352,281,242,169,140,292,175,390,374,229,396,350,338,266,224,152,125,277,160,371,361,214,377,332,319,249,204,137,112,258,146,348,343,197,352,311,296,231,187,123,102,239,134,323,320,180,325,287,272,211,170,112,93,220,124,296,295,165,296,262,247,192,155,102,86,202,117,271,269,150,268,237,223,174,141,93,80,184,110,246,242,136,240,212,200,157,128,85,74,167,104,223,217,123,213,188,177,141,115,78,68,151,98,200,193,111,408,360,350,277,236,163,134,288,169,386,373,225,394,348,334,260,212,140,113,268,148,363,358,204,373,329,312,239,188,121,97,246,129,335,338,182,347,306,286,217,166,105,86,224,115,304,313,163,316,279,258,195,147,94,79,202,107,273,285,146,285,252,231,176,133,86,73,183,100,246,256,132,254,225,206,159,121,79,69,166,95,221,229,119,227,200,185,143,110,73,65,151,92,199,204,109,200,179,165,128,101,67,61,137,88,180,182,99,407,360,349,275,231,158,129,285,164,383,372,221,393,346,330,254,202,131,105,262,138,356,356,196,371,327,306,231,173,107,85,236,115,323,335,170,343,302,277,204,146,90,75,211,101,287,307,147,309,273,245,180,127,82,72,188,95,250,276,130,273,241,216,160,113,77,69,168,92,220,243,117,239,213,191,144,105,72,66,151,89,196,214,107,212,189,170,131,97,68,63,138,86,176,190,99,188,168,153,118,91,63,59,126,84,161,169,91,407,359,348,273,229,155,126,283,161,381,371,219,392,345,329,250,196,124,99,257,132,352,355,191,371,325,303,225,162,96,77,229,106,316,333,161,342,300,273,196,130,83,75,202,95,276,305,136,308,270,238,166,111,80,72,179,92,234,272,119,269,237,200,146,104,76,69,158,90,199,236,109,227,200,174,133,98,72,66,141,88,173,200,101,197,177,157,122,93,68,63,128,85,157,177,94,176,158,142,112,86,63,59,119,83,145,159,87,407,359,348,273,227,154,125,282,160,380,371,218,392,345,328,250,194,122,96,256,129,350,355,188,370,325,302,223,157,92,77,227,103,313,333,157,342,300,272,193,120,83,75,200,94,271,304,132,308,270,237,160,109,80,72,177,92,225,271,115,269,236,199,137,104,76,69,155,90,191,235,106,227,199,166,128,98,72,66,137,88,163,197,100,191,171,151,119,92,68,63,125,85,149,171,93,171,154,138,110,86,63,59,115,83,139,154,87]}