{"c":"34331","n":"塩釜","la":38.33833333333333,"lo":141.01333333333332,"e":105,"t":[0.5,0.9,3.9,9.4,14.0,17.5,21.1,23.1,19.7,14.2,8.5,3.5],"s":[7,7,4,0,0,0,0,0,0,0,0,2],"i":[430,398,409,336,308,246,211,354,260,445,413,297,422,391,409,344,331,277,242,368,293,453,408,317,405,378,400,346,346,302,268,374,320,451,395,331,382,358,384,340,354,319,287,373,339,438,375,338,353,331,361,328,353,328,299,363,350,419,348,336,317,300,331,309,344,329,304,346,352,390,316,327,277,264,295,284,328,322,301,322,346,352,279,311,235,225,254,252,304,308,291,292,331,309,238,288,192,186,211,219,273,286,273,256,308,261,196,259,430,398,408,335,307,245,209,353,258,445,412,296,422,391,408,343,329,274,240,366,291,451,407,315,405,378,400,345,344,296,264,372,317,450,395,328,383,358,384,339,350,312,282,371,335,438,375,334,354,332,361,326,349,320,294,361,345,418,349,332,319,301,331,307,340,320,298,344,346,389,317,322,280,266,296,282,323,313,294,320,340,353,281,306,239,229,257,252,299,298,284,290,325,310,241,283,197,191,215,219,268,275,266,254,302,264,200,254,430,397,407,334,304,240,206,350,254,443,412,293,422,391,405,340,323,265,231,362,283,449,407,310,407,377,397,340,335,284,252,366,305,446,394,320,384,358,382,334,339,296,268,363,320,434,375,323,356,333,359,321,337,301,277,353,327,415,349,320,323,304,331,302,326,299,279,335,327,387,319,309,286,270,297,278,309,290,274,312,318,353,285,292,248,236,261,249,284,274,262,283,302,313,248,269,210,200,222,217,254,252,244,250,279,269,211,241,430,397,405,331,299,234,200,347,248,440,411,288,422,390,403,335,313,252,220,355,270,444,405,301,407,377,394,334,322,267,236,357,287,440,392,308,386,358,377,326,323,275,246,352,297,426,373,308,359,334,356,312,318,276,250,340,301,408,350,302,327,306,328,294,306,272,250,322,297,381,320,290,294,275,297,270,289,261,243,300,287,349,289,273,258,242,263,243,265,245,229,272,271,312,254,250,222,209,227,213,238,223,212,241,248,273,220,225,430,396,403,327,292,225,192,342,240,436,409,282,421,388,398,328,302,238,204,346,254,437,403,290,405,375,388,324,304,246,215,344,265,430,390,292,385,356,371,315,303,249,220,336,269,416,371,289,360,333,349,300,295,247,220,323,268,396,348,281,331,307,323,282,281,239,216,306,263,371,321,267,298,277,293,259,265,227,208,283,250,340,290,250,265,247,262,234,242,212,195,258,235,308,258,229,231,216,229,206,217,191,178,229,215,271,225,204,429,395,400,323,285,217,183,336,229,430,408,275,420,386,393,320,287,221,189,335,236,426,400,276,404,373,380,313,285,223,191,329,238,417,386,274,384,354,363,302,279,220,191,318,238,401,367,267,358,331,341,286,269,215,188,303,233,381,343,256,331,305,315,267,254,204,180,285,225,356,317,242,300,277,288,246,237,193,172,264,213,328,288,225,268,248,257,222,217,178,160,239,198,296,258,206,237,219,227,198,194,160,145,214,180,264,227,184,428,394,397,318,277,208,173,330,219,425,405,268,418,384,387,311,271,204,171,323,216,416,396,262,401,369,371,300,263,198,167,312,212,401,380,254,380,349,352,286,252,191,161,298,204,384,360,243,355,326,329,269,239,181,155,281,197,362,337,229,327,300,304,250,225,171,146,262,186,336,310,215,298,273,276,229,206,158,137,241,175,309,282,198,267,246,249,208,190,146,127,219,162,281,254,181,236,217,220,185,170,131,113,196,147,250,225,162,426,392,394,313,268,198,164,323,209,420,404,260,415,381,380,302,254,186,153,310,196,405,392,248,397,365,361,287,241,174,142,294,184,386,374,234,374,344,339,269,225,161,133,277,173,363,352,219,348,319,315,250,210,150,124,258,162,338,327,202,320,293,289,231,194,139,114,238,151,312,300,188,290,266,262,211,179,127,106,218,140,286,273,172,261,239,235,190,162,115,98,197,129,259,245,156,231,213,209,171,146,105,88,177,117,231,218,141,426,391,390,309,260,189,155,317,199,413,403,252,413,379,373,292,240,168,136,298,177,394,388,234,393,360,351,273,219,150,120,277,158,368,368,214,367,337,325,252,198,134,107,254,142,340,343,195,339,310,298,231,180,121,97,234,129,312,316,177,309,283,271,210,165,110,89,213,119,284,288,162,279,256,244,190,150,100,82,194,110,258,260,147,250,229,219,172,136,92,76,175,101,233,233,133,223,202,194,154,124,84,69,157,93,210,206,121,425,390,388,305,252,181,147,312,190,409,401,246,411,376,368,284,225,153,121,287,160,383,385,221,389,356,342,260,198,128,100,261,134,352,362,195,361,330,312,235,173,110,85,235,114,318,334,173,329,300,281,211,153,97,77,211,102,284,303,154,296,270,250,189,138,88,71,190,94,254,272,138,264,242,223,170,125,81,66,171,87,227,243,125,236,216,199,154,113,75,62,154,81,204,217,113,209,192,178,138,105,69,57,140,76,186,193,104,425,390,386,302,248,175,141,308,183,405,400,242,409,375,364,277,214,140,108,279,146,375,383,211,387,353,335,249,179,110,83,247,112,338,358,179,357,325,300,219,150,90,70,218,93,298,327,153,321,292,263,191,128,80,67,192,84,258,292,133,282,257,229,168,114,75,64,170,79,224,256,120,247,225,202,151,106,71,61,152,76,198,225,110,218,200,180,138,98,67,57,138,72,178,199,101,194,178,161,125,92,64,55,126,69,162,178,94,425,389,385,300,244,171,136,305,178,403,400,238,409,373,362,273,206,131,99,273,135,370,381,204,386,351,331,242,166,95,72,238,99,330,356,168,356,323,295,206,130,80,69,208,83,284,325,139,320,290,254,173,109,77,67,181,79,238,288,120,279,252,210,150,102,74,64,158,77,200,247,109,234,211,180,136,97,71,61,139,74,172,208,102,202,185,162,126,92,67,57,126,71,156,183,95,180,166,147,115,86,64,55,115,68,144,164,89,425,389,385,299,243,170,135,304,176,403,399,237,409,373,361,272,202,128,96,271,132,368,381,200,386,351,330,240,160,90,71,235,94,327,356,163,356,322,294,204,118,80,69,204,81,279,324,134,319,288,252,165,106,77,67,178,79,229,287,115,278,250,208,138,102,74,64,154,77,191,246,105,233,209,169,130,97,71,61,135,74,162,204,99,195,178,153,122,92,67,57,122,71,148,175,94,174,160,141,112,86,64,55,112,68,138,159,88]}