{"c":"34361","n":"江ノ島","la":38.39833333333333,"lo":141.59666666666666,"e":40,"t":[2.7,2.6,4.8,9.1,12.8,16.1,19.7,22.3,20.1,15.8,10.6,5.7],"s":[0,1,0,0,0,0,0,0,0,0,0,0],"i":[459,441,455,371,329,269,233,380,284,461,451,323,450,433,457,382,356,305,271,397,325,469,446,348,432,417,447,385,374,334,303,405,357,467,432,364,405,394,429,380,383,354,327,404,381,455,409,372,373,364,403,366,383,366,342,395,395,434,380,372,334,328,368,345,375,369,349,377,399,404,344,363,290,287,327,317,357,362,347,351,392,365,302,346,245,244,280,283,332,346,336,318,376,319,256,320,198,198,229,244,298,322,317,279,350,268,209,288,459,441,455,371,328,267,231,379,283,459,451,322,449,433,455,381,354,301,268,395,321,468,446,345,432,418,447,384,371,328,299,403,352,467,432,361,407,395,429,378,379,347,321,401,375,455,409,368,374,365,403,365,379,357,336,392,387,433,381,367,337,330,369,344,370,359,342,374,390,403,345,357,294,290,329,317,352,351,339,348,383,365,304,340,249,248,284,283,326,335,328,315,367,321,260,315,204,204,235,244,293,310,308,277,341,272,215,283,459,440,454,369,325,262,227,376,278,458,451,318,450,433,454,378,347,291,260,390,312,465,446,338,433,418,444,379,361,314,286,396,339,463,432,351,409,396,426,373,367,329,305,394,357,451,411,356,378,368,401,359,365,335,316,383,367,430,382,353,342,334,369,338,355,334,320,365,367,401,349,342,302,296,332,312,336,325,315,339,358,365,310,324,261,257,290,280,310,308,302,308,340,324,269,299,219,217,245,243,278,283,282,272,314,278,227,268,459,440,451,365,319,254,220,372,270,455,450,313,450,432,450,371,336,277,245,382,297,459,444,328,433,418,440,371,346,294,265,385,317,455,430,337,411,396,422,363,349,304,278,381,330,443,409,339,382,370,398,349,344,306,285,369,335,423,383,333,348,338,367,329,333,302,285,350,333,396,351,321,312,304,333,303,314,292,278,326,321,362,316,303,273,267,293,274,288,274,264,296,303,324,278,279,234,229,254,240,259,250,244,262,278,282,239,250,458,438,449,361,312,245,211,366,260,451,449,306,449,430,444,364,323,260,227,372,278,451,441,315,433,416,433,360,327,269,240,371,291,445,426,319,409,396,415,351,326,274,247,363,297,432,407,317,384,370,391,336,319,273,248,350,298,411,382,309,353,341,363,316,305,265,245,331,292,386,352,295,318,308,329,291,287,252,236,307,280,354,318,277,283,274,294,263,263,236,222,280,262,319,284,254,247,239,257,233,237,213,202,249,239,281,248,227,457,438,445,356,303,235,200,360,248,445,447,298,447,429,437,354,306,240,206,359,257,442,438,300,430,413,424,346,305,243,211,353,261,432,423,298,409,393,405,335,299,240,212,343,261,416,401,291,383,368,381,319,289,235,210,327,256,395,377,281,353,339,352,298,274,225,202,308,248,369,348,266,321,309,322,275,256,213,193,285,235,340,317,248,287,276,288,249,235,197,180,259,218,307,284,227,252,243,254,223,211,178,163,231,199,274,250,204,455,436,441,350,294,224,188,352,236,438,445,289,445,426,430,343,288,220,186,345,233,430,434,284,428,409,413,332,281,213,182,334,229,416,417,275,405,388,391,316,270,206,176,319,222,397,395,264,379,363,367,299,256,197,170,302,214,374,369,250,349,334,338,278,241,186,161,282,202,349,341,235,319,305,308,254,223,172,151,260,191,320,311,217,286,274,278,231,204,159,140,236,176,291,279,199,252,242,246,206,184,144,126,211,160,259,247,178,455,434,437,344,284,213,177,345,224,433,442,280,443,422,421,331,270,199,164,331,210,418,429,267,424,404,400,315,254,185,152,314,196,398,409,252,399,381,375,296,239,172,143,295,184,375,385,236,371,354,348,275,223,160,133,275,172,350,358,219,341,325,320,254,206,148,124,254,161,323,329,202,310,295,290,233,190,136,113,231,149,295,299,186,279,266,260,210,172,125,105,211,137,267,269,169,248,237,233,189,156,112,95,189,124,240,239,153,454,433,433,339,275,202,166,338,212,428,440,272,440,419,413,320,252,178,144,317,187,405,424,250,418,398,388,298,229,158,126,294,166,379,401,227,391,372,358,275,208,140,111,270,148,350,374,208,361,343,327,250,189,126,100,247,134,321,344,189,329,313,297,229,173,114,92,225,123,293,313,172,297,282,268,208,157,105,84,204,112,266,282,157,267,252,240,188,143,96,78,185,104,240,252,142,237,225,213,169,130,88,71,166,95,215,225,129,453,432,430,334,267,193,156,332,200,422,438,265,438,416,407,310,236,160,126,304,167,395,420,235,413,393,376,282,206,132,101,275,137,362,394,206,384,363,341,252,179,112,85,247,115,326,363,181,349,330,305,225,158,98,75,221,102,292,328,161,313,296,271,202,142,89,69,198,93,261,294,144,280,265,241,183,128,81,65,178,86,234,262,131,249,237,215,165,117,76,61,161,80,210,234,120,221,210,192,149,108,71,56,145,75,190,208,109,453,432,428,330,261,186,149,327,193,418,437,259,436,413,401,301,223,146,110,294,150,386,417,223,411,389,367,268,185,111,81,259,112,347,389,188,379,357,326,233,152,88,66,227,90,304,354,158,339,319,283,202,129,78,63,198,80,263,314,136,297,280,244,177,115,74,61,175,75,227,273,122,259,245,213,159,107,70,57,156,72,200,239,112,229,217,190,144,99,67,56,141,68,180,212,103,202,193,170,132,93,64,53,128,65,164,189,96,453,430,426,327,257,181,144,324,187,416,437,254,436,413,398,296,214,135,100,287,138,380,416,215,411,388,362,259,169,94,67,249,96,338,387,174,378,356,319,219,129,77,65,215,79,290,351,142,338,317,271,179,107,75,63,186,74,241,309,120,293,274,219,153,100,72,61,161,72,200,262,109,243,227,185,139,96,70,57,141,69,173,218,102,209,198,166,129,91,67,56,127,67,156,191,96,187,178,151,120,86,64,53,118,64,144,172,90,453,430,426,327,254,179,142,323,185,415,437,254,436,413,398,294,210,131,95,285,133,378,416,212,411,388,361,256,163,87,66,245,90,334,387,169,377,356,318,214,115,77,65,212,76,284,350,136,338,317,269,169,103,75,63,182,74,231,308,115,292,273,216,138,100,72,61,157,72,192,261,103,243,225,171,130,95,70,57,136,69,162,213,98,202,191,155,123,91,67,56,122,67,147,183,93,180,172,143,114,86,64,53,113,64,137,165,88]}