{"c":"34506","n":"丸森","la":37.931666666666665,"lo":140.77833333333334,"e":18,"t":[1.0,1.4,4.3,10.0,15.1,18.5,22.0,23.6,19.7,13.8,8.1,3.6],"s":[12,6,3,0,0,0,0,0,0,0,0,2],"i":[416,397,418,322,300,256,233,355,274,444,409,293,408,390,418,329,321,288,270,370,311,451,405,313,392,376,409,330,335,314,300,377,340,449,392,326,369,356,393,324,342,332,323,376,361,437,372,332,340,329,368,312,340,342,338,367,374,417,346,331,306,298,337,293,331,343,344,350,377,387,314,322,268,262,300,269,315,336,342,326,370,350,277,307,227,224,258,240,291,320,331,296,355,306,237,284,187,184,213,208,262,297,311,260,331,258,195,256,416,397,418,321,299,254,231,354,273,443,409,292,407,390,418,328,319,285,267,369,308,450,405,311,392,376,409,329,333,308,296,375,336,448,392,323,370,356,392,323,338,325,318,373,356,437,373,328,341,330,368,310,336,333,331,364,368,416,346,326,308,299,338,292,327,333,337,347,370,387,315,317,271,264,301,268,310,325,334,323,363,350,279,301,231,227,261,240,286,310,322,293,347,308,240,279,192,189,217,208,257,286,302,258,323,261,199,250,416,396,417,320,296,250,227,352,269,442,409,289,407,390,416,325,314,276,258,364,300,448,404,305,392,376,405,325,324,295,283,369,324,445,392,315,371,357,390,318,328,308,301,366,340,433,373,318,344,331,367,305,325,313,312,356,349,413,347,314,312,302,337,287,314,311,315,338,348,384,317,304,277,269,303,263,296,302,310,315,340,350,283,287,240,234,265,236,272,285,297,286,323,310,246,265,202,199,225,206,244,261,277,252,299,267,209,237,415,396,415,317,292,243,220,348,262,438,409,284,407,389,412,321,305,263,244,357,286,442,403,296,392,375,403,319,312,278,263,359,304,438,390,303,372,356,386,310,313,286,275,354,315,425,371,303,346,333,363,297,306,287,281,342,320,405,347,297,316,304,335,279,295,282,281,325,317,379,318,286,283,274,303,256,277,271,274,302,306,347,287,268,249,241,268,231,254,254,260,274,289,310,252,246,215,208,231,202,227,231,240,244,265,271,218,220,415,395,412,314,285,235,211,343,252,434,407,278,405,387,407,315,294,248,227,347,268,434,400,285,392,374,397,310,296,254,238,346,280,428,387,287,371,355,380,300,293,259,245,338,285,415,369,284,347,332,357,286,285,256,246,325,285,394,345,276,319,306,331,268,272,248,242,307,279,369,319,263,287,276,300,246,254,237,233,285,267,338,288,246,256,246,268,222,233,220,219,259,250,306,256,225,223,215,235,196,209,198,200,231,229,269,224,200,413,394,409,310,278,225,200,337,241,430,405,271,405,385,401,307,280,229,206,336,249,426,397,272,390,371,389,300,277,231,210,330,250,416,383,269,370,353,371,288,271,227,211,320,250,400,365,262,345,330,348,273,260,223,208,305,246,379,341,252,319,304,322,254,246,213,200,286,238,354,315,238,289,277,294,234,229,200,191,265,225,326,287,221,258,247,263,211,210,185,178,240,210,294,256,202,227,218,231,188,187,166,161,215,192,263,225,180,413,393,405,306,271,215,189,331,229,424,404,264,403,383,396,299,265,211,186,324,227,415,394,258,387,368,379,288,257,204,182,313,222,401,378,250,367,349,360,274,246,198,176,299,215,383,358,239,342,326,337,258,233,188,170,282,206,360,335,225,315,300,310,239,219,177,160,263,196,335,308,212,287,273,282,219,200,164,151,242,185,308,281,195,257,245,254,198,184,151,139,220,171,279,252,178,227,217,225,176,165,135,125,197,156,249,223,159,412,392,403,301,263,204,178,324,219,419,401,256,401,381,389,290,250,192,165,311,204,404,390,244,384,364,369,276,236,179,153,295,192,384,372,229,362,343,347,259,221,167,143,277,180,362,350,216,336,319,321,240,206,154,133,258,169,337,325,200,308,293,295,222,189,143,124,238,157,311,299,185,280,265,268,202,174,131,114,218,146,284,271,169,252,238,240,182,158,120,106,197,135,257,243,153,223,212,214,163,143,108,95,177,123,231,216,138,411,390,400,297,254,196,167,318,208,413,400,250,399,378,382,282,236,174,146,298,185,393,386,231,379,359,359,264,215,154,127,277,164,367,366,211,355,336,333,243,196,138,112,254,147,339,341,192,328,310,304,223,178,124,101,233,134,311,314,175,299,283,276,202,162,112,93,213,123,284,286,159,270,254,249,184,148,103,86,193,112,257,258,145,242,227,223,166,133,94,79,175,105,231,231,131,215,202,198,149,121,86,72,157,96,208,204,119,411,390,397,294,249,188,158,312,198,408,399,243,397,376,376,275,222,158,128,287,166,382,383,218,376,355,349,252,196,132,103,261,138,351,360,193,349,329,318,227,172,112,87,235,118,317,332,171,319,300,286,204,152,99,77,211,104,284,302,152,287,270,254,184,137,89,71,189,95,254,271,137,256,242,227,166,124,82,67,171,89,227,242,124,227,215,202,150,112,76,62,154,83,204,215,112,202,191,181,134,104,70,59,139,79,185,192,103,409,389,395,291,244,181,151,308,191,405,398,238,396,374,372,268,212,145,112,278,150,374,381,208,374,353,342,242,179,112,83,247,115,338,356,178,346,325,307,214,150,91,68,217,94,297,326,151,312,292,268,187,129,81,65,191,84,258,291,132,275,257,233,165,115,76,63,169,80,224,254,119,240,225,204,149,107,72,60,152,76,198,223,109,213,200,182,135,99,68,57,137,73,177,198,101,189,178,163,123,92,64,55,125,70,161,176,93,409,388,394,289,240,177,146,305,185,401,397,236,396,373,370,265,204,135,102,272,139,369,379,202,374,351,338,236,167,97,70,237,100,329,354,167,345,323,301,204,131,80,67,206,83,284,323,138,311,289,259,171,111,78,65,180,79,238,286,120,271,252,213,149,104,75,63,157,77,199,245,109,229,211,181,135,98,71,60,139,74,171,206,102,197,184,162,125,93,68,57,126,72,155,181,95,176,165,148,114,87,64,55,115,69,143,163,89,409,388,394,288,239,176,144,304,184,401,397,235,395,373,369,263,202,131,99,270,135,367,379,199,373,350,338,234,161,91,68,234,94,325,354,162,345,322,300,200,121,80,67,204,80,278,322,134,310,288,257,165,108,78,65,177,79,227,285,117,271,250,211,138,103,75,63,154,77,190,244,105,229,209,170,129,98,71,60,134,74,160,202,100,191,177,154,121,93,68,57,121,72,145,174,94,171,159,141,112,87,64,55,112,69,135,157,88]}