{"c":"35002","n":"飛島","la":39.18333333333333,"lo":139.54333333333332,"e":58,"t":[1.8,2.0,4.6,9.6,13.8,18.1,22.0,24.3,20.8,15.3,9.8,4.8],"s":[14,7,0,0,0,0,0,0,0,0,1,2],"i":[518,492,505,399,311,189,123,351,155,444,505,300,508,483,508,413,335,209,133,359,166,451,500,319,487,466,500,418,352,223,140,359,173,448,484,331,457,438,480,413,361,233,145,352,177,434,459,336,418,404,450,400,361,238,147,337,178,413,424,333,373,363,411,378,353,237,146,316,175,384,382,323,322,316,364,348,337,231,142,288,169,346,334,305,268,265,311,311,313,219,135,256,160,302,281,281,213,213,252,267,282,202,125,219,147,254,225,250,518,492,505,398,310,188,122,351,155,444,505,299,507,483,508,412,333,206,132,358,165,450,500,317,487,466,500,416,349,220,139,358,172,447,484,328,458,440,480,412,357,229,143,350,176,434,459,332,421,405,451,398,356,233,145,336,176,413,426,329,376,366,413,376,348,231,143,315,173,384,385,318,326,320,367,347,331,225,139,288,166,346,338,301,273,270,315,310,307,213,132,256,157,304,286,277,221,220,260,268,276,197,123,220,145,257,234,247,518,491,505,396,306,186,121,349,153,442,505,296,508,483,507,407,326,200,129,355,162,447,500,312,488,466,498,409,339,212,135,354,168,443,484,321,461,442,480,405,345,219,138,346,170,430,461,323,425,409,453,392,343,221,139,332,170,409,429,318,384,372,418,369,333,218,137,311,166,381,391,307,337,329,375,341,315,210,132,285,159,347,347,289,289,283,328,306,291,198,125,254,149,306,300,265,241,237,277,267,261,182,114,222,136,263,252,237,518,490,503,392,301,181,119,346,151,438,504,291,508,482,504,400,317,194,125,350,158,442,498,303,488,467,496,401,326,200,129,348,161,437,484,309,463,443,476,394,327,204,131,339,162,424,461,309,430,413,453,380,323,204,130,325,160,404,433,302,392,377,419,359,312,200,127,304,155,376,396,290,351,338,381,331,294,191,121,280,147,344,357,272,306,297,337,299,270,178,112,250,137,306,313,249,261,254,292,263,243,162,103,221,124,267,269,222,517,488,500,387,294,177,115,343,148,434,501,286,507,480,498,391,304,184,120,344,152,434,495,293,488,465,488,388,307,188,122,339,153,426,480,294,463,442,472,379,306,188,121,329,151,413,459,291,434,413,446,363,298,185,118,313,148,393,430,282,399,381,417,343,286,178,113,294,141,367,399,269,359,344,380,317,269,169,108,270,133,336,361,250,319,305,342,287,246,156,100,244,123,303,322,229,278,267,301,254,221,141,90,216,111,266,282,206,516,487,496,380,286,171,112,338,145,430,500,279,505,476,491,379,288,173,113,336,145,426,491,280,487,461,478,372,287,172,112,328,143,415,475,277,463,438,461,360,280,169,110,316,140,399,454,270,433,411,437,344,271,164,106,300,134,378,426,259,400,379,405,322,256,155,101,280,127,352,395,244,363,346,374,298,240,146,94,258,118,324,361,227,325,309,338,269,219,134,86,233,109,292,324,208,286,272,300,242,197,120,77,208,98,260,286,186,515,486,492,373,277,165,110,334,141,425,497,272,501,474,482,366,272,161,107,326,138,416,486,266,483,455,466,354,264,156,104,315,134,401,468,258,458,432,445,338,254,150,99,300,128,382,445,247,428,404,420,319,240,142,94,283,121,359,417,234,394,373,391,298,225,133,88,263,112,334,386,219,360,340,359,274,208,123,81,241,105,306,353,202,324,306,326,250,191,112,74,219,95,277,319,185,287,271,292,223,171,101,66,195,86,247,283,165,513,484,487,367,269,158,106,329,137,420,495,265,499,470,472,352,254,149,101,317,131,405,480,252,476,449,450,334,240,140,95,301,124,385,459,238,449,422,425,314,225,131,89,283,115,362,432,223,418,393,398,292,210,121,83,264,109,337,403,208,384,361,368,270,194,112,77,244,100,311,371,192,348,328,338,248,178,103,71,223,93,283,338,176,314,295,305,224,162,94,64,200,84,256,305,160,280,263,275,202,146,84,56,181,76,229,273,144,512,482,482,360,260,152,103,324,134,413,492,258,495,465,461,339,239,138,95,308,124,394,474,238,469,441,434,314,217,125,87,287,114,368,448,219,438,411,403,289,197,112,80,266,106,340,417,200,403,378,371,264,179,103,74,244,98,311,384,182,367,344,339,240,163,95,68,222,90,283,350,166,332,311,308,218,149,86,63,202,83,257,317,151,297,279,279,197,135,79,56,182,76,231,285,137,265,248,250,178,123,72,52,164,69,208,254,124,511,480,476,354,252,147,100,320,131,409,488,250,492,461,451,326,224,128,90,299,118,384,468,225,463,434,418,295,196,112,80,274,107,352,438,200,426,399,380,263,171,98,73,249,97,318,401,177,387,360,341,234,150,89,68,223,89,285,363,158,345,323,304,209,135,81,63,200,83,254,324,142,308,288,273,188,123,75,59,181,77,227,290,129,275,257,246,170,112,69,54,163,71,204,259,117,244,229,222,154,103,63,49,147,65,184,231,107,511,479,474,349,247,144,98,317,129,405,488,247,490,459,444,316,212,120,85,292,113,376,463,216,459,429,405,278,176,100,75,264,100,339,430,185,420,391,359,239,146,86,69,234,90,299,390,157,373,346,311,204,125,79,65,206,84,259,343,136,322,300,268,179,112,75,62,181,80,225,297,122,280,261,236,160,104,70,57,161,75,198,259,111,246,229,211,146,97,65,53,145,69,178,229,103,219,204,192,133,90,61,49,131,64,161,204,95,509,479,472,346,243,141,97,315,127,404,487,244,490,457,438,310,204,114,82,288,111,371,462,209,459,426,398,267,162,91,71,257,95,331,428,174,420,387,348,221,125,81,69,225,87,286,385,143,372,341,292,178,106,78,65,195,83,240,335,121,318,289,231,151,100,74,62,167,79,200,280,109,259,235,197,137,95,70,57,144,74,172,231,101,222,204,178,128,90,65,53,130,69,155,200,94,198,183,164,120,85,61,49,119,64,143,182,89,511,478,471,346,242,140,96,315,127,403,486,243,490,455,437,308,200,112,81,287,109,369,461,206,459,425,394,264,156,87,71,254,94,329,426,169,421,386,344,216,112,81,69,222,87,282,383,137,373,339,287,165,104,78,65,191,83,231,333,115,319,287,225,135,100,74,62,162,79,191,277,103,260,231,177,128,95,70,57,139,74,161,222,97,213,193,161,121,90,65,53,124,69,146,189,92,191,174,150,113,85,61,49,113,64,135,172,86]}