{"c":"35102","n":"富山","la":36.708333333333336,"lo":137.20166666666665,"e":9,"t":[2.6,2.9,6.2,12.1,17.0,20.9,24.8,26.5,22.3,16.4,10.8,5.7],"s":[49,47,13,0,0,0,0,0,0,0,0,14],"i":[454,442,497,367,315,215,164,348,200,430,463,299,444,433,496,376,337,237,180,356,217,434,458,317,425,417,484,377,351,252,193,357,229,429,442,327,399,393,463,371,358,263,202,351,237,416,419,331,366,361,433,356,356,268,206,337,241,394,386,327,327,324,392,335,346,266,206,317,240,364,348,315,284,283,346,306,328,258,202,291,234,327,304,298,238,238,294,272,303,245,194,260,224,285,257,273,192,193,237,234,271,225,182,225,210,240,208,244,454,442,496,366,314,215,163,348,200,429,463,298,444,433,496,375,335,235,179,355,216,433,458,315,426,417,484,375,348,250,191,356,227,428,442,325,400,393,463,369,353,261,200,349,235,413,419,328,368,363,434,354,350,265,204,336,238,393,388,323,329,326,395,333,340,263,204,315,236,364,350,312,287,286,349,305,321,254,199,290,229,328,308,294,242,242,299,271,296,241,191,260,220,287,261,269,198,199,245,234,264,222,178,225,206,243,214,240,454,441,496,364,311,212,161,346,198,428,463,296,445,433,495,371,328,229,175,352,212,430,458,310,426,417,484,371,339,244,186,352,221,425,443,318,401,394,463,363,342,252,192,345,227,412,420,319,371,365,436,348,338,254,195,331,229,390,391,313,335,331,400,327,326,250,194,311,225,363,356,301,296,293,357,300,307,241,189,286,219,328,315,283,254,252,311,268,282,227,179,258,209,290,273,259,213,213,262,233,250,208,167,225,194,249,229,231,454,441,494,361,306,208,158,344,195,425,463,292,444,433,492,365,319,222,169,347,204,426,455,302,428,417,482,363,326,231,176,345,212,420,442,307,403,395,462,354,326,236,181,337,215,405,420,305,375,368,436,339,320,236,181,323,215,385,393,298,341,336,401,318,307,231,178,303,211,358,360,285,304,300,363,292,287,221,172,280,202,327,323,267,267,263,321,262,263,206,162,252,192,291,284,244,229,227,276,229,235,187,149,223,178,254,244,217,454,440,491,357,300,202,153,340,190,422,462,286,444,430,487,358,307,211,161,341,197,420,454,292,426,416,475,353,309,217,165,336,200,411,438,293,405,395,457,343,306,218,166,326,200,397,419,289,377,368,430,326,296,214,164,311,198,376,392,279,346,338,400,306,283,208,160,292,192,350,362,265,312,306,365,280,264,197,152,270,184,321,327,247,275,271,325,252,241,182,142,244,173,288,290,225,240,236,286,223,215,165,131,217,160,254,254,200,453,438,488,352,292,196,149,336,185,418,459,280,442,429,480,349,293,199,151,333,187,412,451,280,426,413,467,341,290,199,151,325,187,401,436,277,404,392,448,327,282,197,150,313,184,385,415,269,377,367,423,311,271,191,146,297,179,364,389,258,346,338,393,289,254,182,140,278,172,338,359,242,315,306,360,266,238,171,132,256,163,311,327,225,281,274,324,240,216,157,122,233,153,280,293,204,247,241,286,214,194,142,112,208,142,248,258,183,451,438,484,347,284,189,143,331,180,413,458,273,441,426,474,339,278,186,141,324,177,404,447,267,423,409,457,327,269,181,138,313,173,389,430,259,400,388,434,311,257,174,133,298,167,370,408,247,374,362,409,292,242,166,127,281,160,348,382,233,344,334,380,271,227,156,120,261,152,322,352,218,312,303,347,248,209,145,112,240,144,295,321,200,280,272,314,224,190,133,104,218,134,267,289,183,248,241,280,200,170,120,95,196,125,239,256,163,451,437,480,342,276,181,138,326,175,409,455,266,438,424,465,329,263,172,131,315,167,394,443,254,420,405,444,312,247,162,124,299,158,375,423,240,395,382,418,292,229,152,117,281,150,352,398,225,367,355,390,271,214,141,110,262,142,328,371,209,337,325,360,249,197,132,102,242,134,302,341,193,305,295,329,227,180,121,95,222,126,275,310,176,274,264,296,204,163,111,88,200,118,249,278,160,243,235,265,183,146,99,80,181,111,223,248,143,451,436,476,337,269,174,133,322,170,404,454,260,437,421,455,318,247,159,122,306,157,385,438,242,415,400,430,297,225,144,111,286,145,361,415,222,388,374,399,273,204,130,102,265,134,334,387,202,358,344,367,249,185,119,94,243,125,306,356,185,326,313,334,227,168,109,87,222,118,278,324,168,294,283,303,204,152,100,81,202,111,252,293,152,262,252,273,184,137,92,75,183,105,227,263,138,233,224,244,165,124,83,69,165,99,204,234,124,450,434,472,332,262,168,129,318,165,400,451,254,434,419,448,309,234,147,112,297,149,377,434,229,412,396,417,282,204,127,99,273,133,347,408,204,382,366,380,254,179,112,89,248,121,315,376,182,348,332,341,227,158,100,82,224,112,283,340,162,312,298,304,202,141,91,77,202,105,252,305,145,278,266,271,181,127,84,72,182,100,227,272,131,247,236,242,163,114,78,68,165,96,202,242,119,219,210,218,147,106,71,63,150,92,183,215,108,450,434,470,329,256,164,125,315,162,397,451,250,434,417,442,302,222,137,106,291,142,370,430,220,409,393,405,270,188,112,90,263,123,337,403,190,378,361,363,236,157,95,80,235,110,299,367,163,339,323,316,204,133,85,76,208,103,261,326,141,297,283,272,179,119,80,72,184,99,227,284,126,258,246,238,160,109,75,69,164,95,200,247,113,227,216,211,144,101,70,65,149,92,179,218,105,200,192,190,131,94,66,61,136,89,162,194,97,449,434,468,327,252,161,123,313,160,396,450,247,433,417,438,297,215,130,101,287,137,366,429,214,409,392,400,262,175,102,83,256,115,330,400,180,377,359,354,224,137,85,78,225,104,289,363,149,338,321,301,185,112,82,76,198,100,245,320,127,293,277,243,156,105,78,72,172,97,206,271,112,245,229,202,141,100,74,69,150,95,176,225,105,206,197,180,130,94,69,65,136,92,159,195,98,184,175,164,121,89,65,61,125,89,146,175,92,449,433,467,326,252,160,122,312,159,395,450,246,433,416,437,296,212,128,99,285,135,365,429,212,408,391,398,260,170,98,81,254,112,328,399,176,376,359,351,220,127,85,78,223,102,286,362,144,337,320,298,177,109,82,76,195,100,238,318,123,292,276,240,141,104,78,72,169,97,200,269,108,244,227,184,133,100,74,69,146,95,168,219,102,199,189,165,125,94,69,65,131,92,150,184,96,176,169,153,117,89,65,61,121,89,140,166,90]}