{"c":"35116","n":"金山","la":38.87833333333333,"lo":140.33166666666668,"e":170,"t":[-1.7,-1.3,1.4,7.7,13.6,18.1,21.6,23.1,18.6,11.9,5.8,0.9],"s":[95,100,88,16,0,0,0,0,0,0,5,43],"i":[475,437,457,340,268,164,117,323,165,413,455,257,466,430,458,350,285,177,125,329,176,418,451,270,447,413,449,351,296,187,131,329,184,416,437,278,420,392,432,346,300,192,135,323,190,407,415,280,387,362,405,334,298,194,137,311,193,390,385,275,346,327,371,315,290,192,137,293,193,366,348,265,301,287,329,289,275,186,134,271,190,337,306,250,252,243,283,259,254,176,129,244,185,302,260,229,204,199,231,224,229,162,122,215,177,264,212,204,475,437,457,340,267,163,117,323,165,412,455,257,465,429,458,348,283,176,125,328,175,417,451,269,447,415,450,350,293,185,130,328,183,415,437,276,421,392,432,344,297,190,134,321,188,405,415,277,388,363,405,332,295,191,136,309,191,389,386,273,349,329,372,313,286,189,135,292,191,366,350,262,304,289,331,288,271,182,132,270,188,337,308,247,257,247,286,258,250,172,127,244,183,303,264,227,211,204,238,224,225,159,120,215,175,266,217,202,475,436,455,338,265,162,115,321,163,411,455,254,466,429,457,345,278,172,123,326,172,415,451,265,448,413,448,345,286,179,127,325,179,412,437,270,424,393,432,339,289,183,130,318,183,403,416,270,392,365,407,327,285,183,131,306,185,386,388,265,355,333,375,307,275,180,130,289,184,363,354,254,313,295,337,283,259,172,126,267,181,336,315,238,270,256,295,254,238,162,121,243,175,304,274,218,225,217,250,222,214,148,113,216,167,270,231,195,475,436,455,335,261,159,113,319,161,409,455,252,466,428,454,340,271,167,119,322,168,411,449,259,449,413,445,338,276,172,123,319,173,407,436,262,425,393,429,331,276,173,124,312,175,396,416,260,396,367,405,317,270,171,124,300,175,380,390,252,361,336,375,298,259,167,121,283,174,359,357,241,323,302,341,275,243,159,117,263,170,333,322,225,283,265,302,248,223,148,112,239,164,304,283,206,242,227,262,217,200,134,104,214,156,273,244,184,474,434,451,331,256,155,112,316,159,405,454,247,465,426,449,333,262,160,114,316,163,405,447,250,448,412,440,329,263,162,117,312,165,399,433,250,425,392,423,319,260,161,115,303,165,388,413,247,398,367,400,305,252,157,113,290,164,371,388,238,365,338,373,286,239,151,111,274,161,351,359,225,329,305,340,264,224,142,106,254,156,326,325,210,292,271,305,238,204,131,100,233,150,300,290,191,254,238,268,211,183,119,93,210,143,271,254,171,473,433,449,327,250,151,110,313,155,401,451,243,463,424,443,324,250,152,110,310,156,398,443,242,446,409,430,317,248,151,109,303,156,389,429,238,424,389,413,305,241,147,108,293,154,376,409,231,396,364,392,290,231,142,104,279,151,359,384,221,366,336,364,271,218,134,100,262,148,339,355,208,332,306,335,250,202,125,95,244,143,316,324,192,297,273,301,225,185,114,90,223,137,291,290,175,262,241,268,200,165,103,83,202,131,266,257,156,472,432,445,322,244,147,107,309,152,397,450,237,459,421,436,315,238,144,105,303,150,389,438,231,442,405,421,304,231,139,102,293,147,377,423,225,419,384,401,289,221,133,99,280,143,362,401,214,392,359,378,272,208,126,95,265,139,344,376,202,361,331,351,252,195,118,90,248,134,323,348,189,329,301,322,231,179,109,85,229,130,301,317,173,296,271,292,211,164,100,80,212,125,279,286,158,262,240,261,187,146,90,74,193,120,256,254,141,471,430,441,317,237,142,104,305,149,393,447,231,458,418,426,305,225,135,100,295,143,380,434,222,437,399,408,290,213,127,95,282,138,364,415,210,412,376,385,272,200,120,91,267,132,345,391,197,383,350,360,252,186,111,86,250,127,325,364,183,352,321,333,233,171,103,81,233,123,304,336,169,320,292,304,213,157,94,77,215,119,283,305,155,288,262,275,192,142,86,72,198,114,262,275,140,256,234,247,172,128,78,68,181,111,242,246,126,470,429,437,312,231,138,102,302,145,389,445,227,454,415,419,295,214,127,95,288,137,372,429,212,432,393,395,275,197,115,89,271,129,351,407,196,403,367,367,254,179,107,83,252,123,328,379,180,371,338,338,233,163,98,79,234,118,305,349,165,339,309,309,212,149,91,75,216,113,283,319,151,306,279,281,192,136,83,71,199,110,262,288,137,274,250,254,174,123,76,67,183,108,242,259,124,244,222,227,156,112,69,63,168,105,224,231,112,469,428,433,308,225,135,100,298,143,385,443,223,451,412,412,287,202,120,91,281,132,364,425,202,426,388,383,262,181,107,83,261,122,338,399,183,395,359,349,236,160,96,78,239,114,311,367,164,359,326,315,212,143,88,74,219,110,284,333,148,321,292,282,190,129,81,71,200,107,260,299,134,287,262,252,171,118,75,68,183,105,239,267,121,256,233,227,155,107,69,65,168,103,221,239,111,227,208,204,139,98,64,62,155,102,206,213,100,468,426,430,305,221,132,98,296,141,382,442,219,451,409,405,279,195,113,88,276,127,358,422,196,424,385,372,250,167,99,79,252,115,328,394,172,389,353,333,219,143,88,75,227,109,296,358,150,348,315,290,191,125,81,72,204,106,263,318,133,303,276,252,169,112,77,70,184,104,236,277,120,264,242,223,152,105,72,68,168,103,215,243,110,233,213,200,138,97,67,65,155,102,200,215,101,206,190,181,126,90,62,62,144,101,188,193,92,468,426,429,303,219,130,97,294,139,380,441,217,450,408,401,275,189,111,85,273,125,354,420,192,423,383,366,243,157,92,76,247,112,322,391,164,389,350,324,208,128,84,75,221,106,286,354,140,347,312,276,173,112,80,72,197,104,249,311,122,299,268,224,150,105,76,70,174,104,217,264,111,247,223,192,137,99,72,68,155,103,195,221,102,213,195,173,127,93,67,65,144,102,183,194,95,191,174,159,117,86,62,62,135,101,174,175,88,468,426,428,302,218,129,96,294,139,379,441,216,450,408,400,274,187,109,84,271,124,353,419,190,424,382,363,241,153,90,76,245,110,320,390,161,389,349,320,204,120,84,75,219,105,282,353,136,347,310,272,164,110,80,72,194,104,243,310,118,299,266,219,139,105,76,70,171,104,210,262,106,247,219,176,130,99,72,68,151,103,186,214,100,206,186,160,122,93,67,65,139,102,175,184,94,184,167,148,113,86,62,62,131,101,168,166,87]}