{"c":"35176","n":"向町","la":38.75833333333333,"lo":140.51666666666668,"e":212,"t":[-1.6,-1.2,1.5,7.7,13.5,17.8,21.5,23.1,18.7,12.1,6.0,1.1],"s":[95,100,82,13,0,0,0,0,0,0,5,45],"i":[462,419,428,323,276,178,130,321,176,412,436,259,453,412,429,330,295,194,140,328,189,417,430,273,434,398,420,331,306,206,149,328,199,415,418,281,409,377,404,326,312,213,155,323,206,405,396,284,377,349,379,314,310,216,158,312,210,388,368,280,338,315,347,296,302,215,158,295,211,365,334,271,294,277,310,272,287,208,156,273,209,335,294,256,248,236,267,244,265,198,150,247,202,300,250,236,200,194,220,211,239,183,142,218,195,261,204,211,462,419,428,322,275,177,129,320,175,412,436,258,451,412,428,329,293,192,140,327,188,417,430,271,434,398,420,330,304,202,148,327,197,413,418,279,409,377,403,324,309,210,153,321,204,405,397,281,378,349,379,312,306,213,156,310,208,388,369,277,340,317,348,294,297,210,156,294,208,364,335,267,297,279,311,271,282,204,153,272,206,335,296,252,252,240,269,242,261,193,148,247,200,301,254,231,206,199,225,211,234,178,140,218,191,263,210,208,462,418,426,321,273,175,128,319,174,409,436,256,453,412,426,326,288,188,137,324,185,413,430,267,436,398,417,326,297,197,144,323,193,411,417,273,412,377,401,320,300,202,148,317,198,401,397,274,381,351,377,307,296,202,150,306,200,385,370,269,346,320,348,289,286,199,149,290,200,362,338,258,305,284,313,266,270,192,146,269,197,334,301,243,264,248,274,239,248,181,140,244,191,302,262,223,222,210,233,208,222,166,132,217,183,267,221,199,461,418,424,318,269,171,126,317,171,408,434,252,453,411,422,321,280,181,133,320,180,409,429,261,436,397,413,320,286,187,138,318,185,405,415,264,413,377,396,312,286,190,140,311,189,395,395,263,385,352,373,299,280,189,141,299,190,379,370,256,351,322,344,281,269,184,139,282,188,357,339,245,315,290,312,258,252,176,135,262,184,331,306,229,276,254,276,233,231,164,128,239,178,301,269,209,236,220,239,204,208,149,120,215,169,270,231,187,461,417,422,315,263,167,123,313,168,404,433,248,451,409,417,315,270,173,127,314,173,404,426,252,436,395,405,311,271,176,130,310,176,398,412,252,413,376,389,302,269,176,130,301,177,386,393,249,386,352,366,287,261,172,129,289,176,370,368,240,355,324,340,269,248,166,126,273,174,349,340,227,320,293,308,248,233,157,121,252,169,324,307,212,284,260,276,224,212,145,114,231,163,298,273,194,248,227,241,198,191,131,106,209,155,269,239,173,459,416,418,311,257,162,120,310,164,400,430,243,450,407,411,308,258,164,121,307,166,397,423,243,434,392,398,300,256,163,121,300,166,388,408,240,412,373,380,289,249,159,119,290,165,375,388,231,385,349,357,274,239,154,115,276,162,358,363,222,355,322,330,254,225,146,112,260,158,337,336,209,323,293,302,235,210,137,107,242,153,314,306,194,288,262,270,212,191,126,101,221,147,289,273,176,254,231,238,189,171,112,94,200,141,264,241,158,459,413,415,306,250,157,115,306,160,396,429,238,447,404,404,299,245,154,113,299,158,388,419,233,430,388,388,289,238,149,112,290,155,376,401,225,407,368,367,274,227,143,108,277,151,361,381,215,381,344,344,258,215,135,104,262,148,342,356,202,350,317,317,240,200,127,99,246,143,321,328,189,320,288,289,219,185,117,94,227,138,299,299,174,287,259,260,199,169,108,89,209,133,277,269,159,254,229,231,176,151,97,82,190,128,252,238,142,458,413,411,302,244,151,112,302,156,392,426,231,445,401,397,290,231,144,108,292,150,379,413,222,425,383,377,276,219,135,102,278,144,363,395,210,401,361,353,259,204,127,98,263,139,344,372,197,373,336,328,241,191,118,93,247,134,324,345,183,342,309,301,222,176,109,88,229,129,303,317,169,311,280,273,202,162,100,83,212,125,281,288,155,280,250,244,182,147,92,79,195,121,260,259,140,249,224,218,163,132,83,73,178,117,239,229,126,457,412,408,298,237,147,110,298,152,388,425,227,442,398,389,282,220,134,102,284,143,371,409,212,420,378,366,263,200,122,95,267,135,350,388,196,392,353,338,243,183,111,89,249,127,327,361,179,362,326,309,223,167,102,83,229,122,303,332,164,330,297,281,202,152,94,79,213,118,281,302,150,298,268,252,184,139,86,75,196,114,260,273,136,267,240,227,166,125,79,72,180,112,240,244,124,238,213,200,149,113,72,68,165,110,221,217,112,455,411,405,294,231,142,107,295,149,384,424,223,440,395,383,274,208,126,96,277,137,363,405,202,416,373,355,252,184,111,87,257,126,337,381,182,385,346,323,227,163,99,81,235,118,309,351,163,350,314,290,204,145,90,77,215,112,282,318,147,314,283,258,184,131,83,74,196,110,258,285,133,281,252,229,166,119,76,71,180,108,237,254,121,250,225,204,150,109,71,68,165,107,219,227,110,222,200,183,134,99,65,65,153,105,202,202,100,455,409,403,291,227,139,105,292,147,381,422,219,438,394,379,268,199,119,92,272,132,357,403,195,413,370,347,242,170,101,82,248,119,327,377,171,380,340,310,213,144,88,77,224,111,294,343,149,340,305,271,187,126,81,75,200,108,262,305,131,297,268,235,166,113,77,72,181,106,234,267,119,260,235,206,149,105,72,70,165,105,213,234,109,229,208,184,136,97,68,68,152,105,198,206,100,204,185,165,123,90,63,65,142,104,185,185,92,455,409,401,289,224,137,103,291,145,379,422,217,438,392,376,264,193,113,89,269,128,353,401,190,412,368,343,235,159,93,78,243,112,321,375,163,379,338,304,202,128,84,76,217,107,284,340,138,339,302,260,171,111,80,75,194,106,247,300,121,293,261,213,149,104,77,72,172,106,215,256,110,244,218,182,136,99,72,70,154,105,192,215,102,210,191,164,126,93,68,68,142,105,180,188,95,188,171,149,115,86,63,65,133,104,171,169,88,455,409,401,289,223,136,103,290,145,379,422,216,438,392,376,263,190,112,88,267,127,352,401,189,412,367,342,233,155,90,78,241,112,319,374,159,379,337,303,200,119,84,76,215,106,281,340,134,339,300,259,163,109,80,75,191,106,241,299,118,293,259,211,139,104,77,72,169,106,208,254,107,244,215,171,131,98,72,70,150,105,184,210,100,202,183,155,122,92,68,68,138,105,172,180,94,181,165,143,112,86,63,65,130,104,165,163,87]}