{"c":"35216","n":"肘折","la":38.60666666666667,"lo":140.16333333333333,"e":330,"t":[-2.1,-1.9,0.7,5.7,11.7,16.6,20.4,21.8,17.4,11.0,5.3,0.6],"s":[100,100,100,85,15,0,0,0,0,0,16,85],"i":[451,411,421,317,262,170,119,313,154,420,428,249,443,404,421,324,277,184,127,318,162,426,422,262,425,390,412,325,287,194,133,318,168,426,409,269,400,369,396,319,291,200,137,313,172,419,388,270,369,342,371,307,289,202,140,302,174,405,361,266,331,310,340,289,280,202,140,286,174,387,327,257,289,273,304,266,265,196,139,266,172,362,288,242,244,233,262,238,246,186,136,242,167,333,246,223,199,192,217,206,221,173,130,216,161,300,202,200,451,411,420,316,261,169,119,312,153,420,428,249,442,404,420,323,276,182,126,317,161,426,422,260,426,390,412,323,285,192,132,317,167,425,409,267,401,369,395,317,288,198,136,311,170,418,389,268,370,343,372,305,285,200,138,301,172,405,362,263,333,311,341,288,276,198,139,285,172,386,329,254,292,275,305,265,261,192,137,265,170,362,290,239,248,236,265,237,241,182,134,242,165,334,250,220,204,196,221,206,217,169,129,216,159,302,206,197,451,409,420,315,259,167,118,311,152,418,426,247,443,404,419,320,271,178,124,315,159,424,422,257,426,390,411,319,279,187,129,314,164,422,409,261,403,370,395,313,280,191,132,308,167,415,389,261,373,344,372,300,276,192,134,297,168,401,363,256,338,314,343,282,266,188,134,282,167,384,332,246,299,279,309,260,250,182,132,263,164,362,296,231,259,243,271,233,229,171,128,241,159,335,258,212,218,206,231,202,206,158,123,217,153,306,219,189,451,409,418,312,254,164,115,309,151,416,426,244,442,403,416,315,265,173,121,312,156,419,421,250,426,389,408,313,269,178,125,309,159,417,408,254,404,370,392,305,268,180,127,302,161,409,388,250,376,345,370,292,262,179,127,291,160,397,364,244,343,316,342,274,250,175,126,276,159,379,334,233,308,284,311,252,235,167,124,258,155,359,301,218,270,250,275,227,215,156,120,237,150,334,265,200,231,216,239,199,193,143,114,215,144,309,229,178,450,409,416,309,250,161,113,307,149,413,425,240,441,401,412,309,256,166,117,307,151,413,418,244,425,388,403,305,256,168,119,303,153,409,405,243,404,368,387,295,252,168,120,295,153,401,386,239,377,344,365,281,244,164,119,283,151,388,362,229,347,317,339,264,231,158,117,268,148,372,335,218,313,287,309,242,217,150,113,250,144,352,303,202,278,254,277,219,198,140,110,231,139,331,270,185,243,223,244,193,177,127,104,211,134,308,237,166,449,408,413,305,245,156,112,304,146,409,423,235,440,399,407,302,245,157,112,301,147,407,415,235,424,385,395,295,242,156,112,294,146,400,401,231,401,365,379,283,235,153,112,285,144,390,382,224,375,342,357,268,225,148,110,272,141,376,358,214,346,315,331,250,212,141,107,257,138,360,331,200,315,287,304,229,197,133,104,241,134,342,302,186,281,256,273,206,179,123,100,223,129,322,270,170,248,225,242,185,160,111,95,204,124,303,239,152,448,405,409,301,239,151,110,300,144,405,421,229,437,396,401,294,234,149,108,294,141,399,412,225,420,381,386,284,225,144,106,285,139,388,396,218,398,361,368,269,216,138,103,274,135,376,375,208,372,337,346,252,204,132,101,260,132,361,351,196,342,310,321,235,191,124,97,245,127,345,324,183,312,282,293,215,175,114,94,229,124,328,296,168,280,254,265,195,159,106,91,213,119,311,266,153,248,225,236,173,142,97,87,195,115,293,236,137,447,405,407,297,233,147,107,297,141,401,420,225,434,393,394,286,222,140,103,287,136,390,407,216,416,376,376,271,210,132,99,275,131,376,389,204,392,354,354,254,197,124,96,261,127,360,367,192,364,329,331,237,183,115,93,246,123,344,341,178,335,302,305,218,168,108,89,231,119,327,314,165,304,274,278,199,154,100,86,215,114,310,285,151,273,246,250,179,140,92,84,200,112,294,257,137,243,219,225,160,125,84,81,185,109,279,229,123,446,404,403,293,227,142,105,294,139,397,418,221,432,390,387,278,211,131,99,281,132,382,403,206,411,371,365,259,194,120,94,265,125,363,382,191,384,347,340,240,177,111,89,249,120,343,357,176,354,320,313,220,161,102,86,231,114,324,329,161,323,291,286,200,148,95,83,216,112,306,300,148,291,263,259,181,134,88,81,200,109,290,271,134,261,236,234,163,121,81,79,187,107,275,243,122,231,209,209,146,110,75,77,174,105,263,217,110,445,403,400,289,222,139,103,291,137,394,416,217,430,388,381,270,200,124,95,275,128,374,400,198,407,367,355,248,179,110,89,256,120,351,376,179,377,339,325,225,159,99,84,237,113,327,347,161,343,309,294,202,143,91,82,218,110,303,315,145,308,278,263,182,129,85,80,202,108,284,283,132,275,249,236,164,117,79,79,187,106,267,252,120,245,222,212,148,106,74,77,174,104,254,225,110,218,197,190,133,97,69,76,162,103,245,202,100,445,401,398,286,218,136,101,288,135,391,415,213,429,386,376,265,193,118,92,271,125,369,397,192,404,364,347,239,167,102,85,249,115,342,371,169,372,334,312,211,143,90,81,227,110,312,340,148,334,300,274,185,126,84,80,206,107,284,303,132,292,264,240,164,113,80,80,188,106,261,265,119,256,231,212,148,105,76,78,173,105,245,233,110,225,204,190,135,97,72,77,162,104,234,206,101,200,182,171,122,90,67,76,152,104,227,185,93,445,401,396,285,216,134,100,287,134,389,413,212,428,385,373,261,188,113,90,268,123,365,395,188,404,362,342,233,157,95,82,245,112,336,369,162,371,332,305,200,129,86,81,221,108,303,336,139,333,297,263,170,112,83,80,199,106,270,298,122,289,258,217,149,106,80,80,179,106,242,254,112,241,216,188,136,100,76,78,162,105,224,215,104,208,189,169,125,93,72,77,152,104,217,189,97,186,169,154,114,87,67,76,144,104,214,170,90,445,401,396,284,215,133,100,287,134,388,413,211,428,385,371,260,186,112,89,267,122,364,395,186,404,361,340,231,154,92,82,243,111,334,368,159,371,331,302,198,121,86,81,219,107,300,335,135,333,296,260,163,111,83,80,197,106,265,296,119,289,256,213,139,106,80,80,176,106,236,252,108,241,213,174,131,100,76,78,158,105,216,209,102,200,182,158,122,93,72,77,148,104,210,180,96,180,163,146,112,87,67,76,141,104,208,163,89]}