{"c":"35231","n":"尾花沢","la":38.608333333333334,"lo":140.41166666666666,"e":106,"t":[-1.3,-0.9,1.8,8.3,14.2,18.5,21.9,23.5,19.1,12.5,6.3,1.3],"s":[94,100,82,12,0,0,0,0,0,0,5,47],"i":[490,463,472,356,277,177,126,339,176,436,475,270,480,455,473,366,295,193,136,346,188,442,470,285,461,438,463,369,307,204,144,347,198,440,455,293,432,413,446,363,312,212,149,340,204,430,430,296,397,382,418,350,310,214,151,328,209,412,399,292,354,343,382,330,302,213,151,309,210,387,360,281,306,299,338,304,287,206,149,285,206,354,315,265,256,252,289,271,265,196,144,257,202,316,266,244,204,204,236,234,239,181,136,225,193,274,215,218,491,463,471,355,276,176,126,339,175,434,475,269,480,455,473,365,294,191,135,345,187,441,469,283,461,438,463,367,304,202,143,346,197,438,455,291,433,415,445,362,309,209,147,339,202,429,430,293,398,383,418,349,307,211,150,327,206,411,400,289,357,346,383,329,298,208,149,308,206,386,362,278,310,303,340,302,282,202,147,285,204,354,318,262,261,257,294,271,261,191,141,257,199,317,271,241,212,210,242,234,234,176,134,225,190,277,222,215,491,463,470,353,274,174,125,337,174,433,475,267,480,455,470,362,288,187,133,343,184,438,469,279,462,440,459,362,297,196,139,342,192,436,454,285,436,417,443,356,300,200,143,335,198,426,432,286,403,386,416,343,296,200,144,323,200,408,401,280,364,351,383,323,286,198,143,305,200,384,366,269,320,310,344,298,270,190,140,282,196,354,325,252,275,268,300,267,248,179,134,256,190,320,281,231,229,225,252,233,222,164,127,227,181,283,236,206,490,463,467,350,269,171,123,335,171,430,473,263,480,455,466,356,281,180,129,338,179,434,467,272,463,440,455,355,287,186,133,336,185,430,453,276,438,417,437,347,286,189,136,328,189,419,430,274,408,390,413,333,280,187,136,316,189,403,403,267,371,356,380,314,269,183,134,298,188,379,369,254,332,319,345,289,252,174,130,277,184,352,332,239,290,280,304,261,231,162,124,252,177,320,291,218,248,240,262,229,208,148,115,225,169,286,250,195,488,462,463,346,264,167,120,331,168,426,472,259,480,453,459,348,271,172,124,332,173,426,463,264,463,438,448,344,272,175,126,328,176,422,450,264,438,417,430,335,269,175,126,319,177,409,428,260,409,390,404,320,261,171,125,305,176,392,401,250,377,359,375,301,249,164,122,288,173,371,371,238,340,324,340,277,233,155,117,267,168,344,335,222,301,288,304,250,212,144,111,245,162,317,298,202,263,252,266,222,191,130,103,220,154,286,260,181,488,459,459,341,258,162,117,328,165,423,470,254,478,451,451,339,259,163,118,325,166,419,459,254,461,434,438,332,256,162,118,318,166,409,445,250,438,413,418,320,249,159,115,307,165,397,423,243,409,387,394,304,239,153,112,292,162,379,397,231,378,358,364,284,225,145,109,275,158,358,366,219,344,325,333,262,210,136,104,256,153,334,334,202,307,291,298,237,192,125,98,234,147,307,299,185,270,256,263,212,171,112,91,212,141,280,263,165,488,459,455,336,250,156,113,323,161,418,467,248,476,448,444,329,246,153,112,317,158,409,455,243,457,430,426,318,238,148,110,306,155,397,438,235,433,408,404,302,227,142,106,293,151,381,415,224,405,382,378,285,215,135,102,277,148,362,388,212,373,352,349,266,202,127,97,260,143,340,358,198,340,321,318,243,185,117,92,241,138,317,326,182,306,289,287,221,170,107,87,221,133,293,294,166,271,256,254,197,151,96,81,200,128,268,260,148,486,457,451,331,244,151,111,319,156,413,465,242,473,444,434,318,233,144,106,308,151,400,451,231,451,425,412,302,219,135,101,294,145,383,430,219,426,400,387,284,206,126,96,278,139,363,404,204,396,372,358,264,192,117,92,261,134,341,376,191,364,342,329,243,176,109,87,242,129,319,345,176,331,311,299,223,162,100,82,224,125,296,313,162,298,279,267,200,147,92,78,206,121,274,282,146,265,249,239,180,132,82,73,188,117,252,250,132,484,455,447,325,238,146,108,315,153,408,463,237,469,440,426,308,220,134,101,300,144,390,445,221,446,418,399,287,202,122,94,282,135,367,421,204,416,390,368,264,184,112,88,262,128,343,391,187,384,359,336,242,167,102,83,243,122,318,359,171,350,327,304,220,153,94,79,224,118,294,327,156,316,296,274,199,140,86,75,206,114,272,295,142,283,265,246,180,126,79,71,189,112,252,264,128,252,235,218,162,113,72,68,173,110,231,235,115,484,454,444,321,231,142,105,312,150,404,461,231,467,437,419,298,209,126,96,292,137,381,441,211,441,412,386,272,185,111,87,270,126,353,413,189,407,380,349,244,164,99,81,247,118,323,379,169,370,344,312,219,146,90,77,225,112,294,342,151,331,309,276,196,132,83,74,204,110,268,305,137,296,276,245,177,120,77,71,188,108,246,272,124,263,246,218,160,109,71,68,172,107,227,242,112,234,219,195,143,100,65,66,159,106,211,216,103,484,453,442,317,227,139,103,309,147,401,459,227,466,434,413,290,200,119,92,287,132,374,438,202,438,408,376,259,171,101,82,261,119,342,407,177,401,373,333,225,145,89,77,235,111,306,369,153,358,331,288,196,126,82,75,210,108,271,326,135,311,289,247,173,113,77,73,188,106,241,282,121,271,252,215,155,105,73,70,170,106,219,246,111,239,222,191,141,97,68,68,157,105,202,217,102,212,198,172,128,90,63,65,146,105,190,194,94,484,453,440,315,225,137,102,307,146,399,459,225,465,433,409,285,194,114,89,283,129,370,436,198,437,405,371,250,160,94,79,254,113,334,405,168,401,370,326,213,129,84,77,227,107,294,366,142,357,328,274,176,111,81,75,200,106,252,320,123,307,280,219,151,105,77,73,176,106,219,269,111,252,229,185,138,99,72,70,156,105,195,223,103,217,200,165,127,93,68,68,144,105,182,194,96,193,179,151,118,86,63,65,135,104,173,175,89,484,451,440,314,224,136,102,307,145,398,459,225,465,433,409,284,191,112,88,282,128,368,436,196,438,404,371,248,155,91,78,252,112,332,404,165,401,368,325,209,120,84,77,225,106,290,365,138,358,326,273,166,109,81,75,197,106,246,319,119,308,278,217,138,104,77,73,173,106,211,267,106,252,225,171,130,99,72,70,152,105,184,217,100,208,189,154,122,93,68,68,139,105,173,184,94,186,170,143,113,86,63,65,131,104,166,167,88]}