{"c":"35511","n":"高畠","la":38.00333333333333,"lo":140.20666666666668,"e":220,"t":[-1.2,-0.9,2.2,9.0,14.7,19.0,22.5,24.0,19.3,12.7,6.5,1.7],"s":[83,91,47,2,0,0,0,0,0,0,2,32],"i":[474,455,470,348,283,190,144,342,198,432,466,274,463,447,470,357,301,208,158,350,214,438,459,289,444,430,461,359,313,222,169,352,227,436,445,298,417,405,442,353,318,229,176,346,237,424,422,300,383,374,413,340,316,234,180,334,243,405,390,297,342,336,377,320,307,231,181,315,244,378,352,287,296,293,334,294,292,225,178,291,241,343,308,270,248,247,285,262,270,214,171,262,234,304,260,248,199,200,233,225,242,197,161,229,223,259,211,222,474,455,469,347,282,189,144,342,197,432,466,273,463,447,470,356,300,206,157,350,213,437,459,287,445,430,461,357,311,219,167,350,225,434,445,296,418,405,442,352,315,227,174,344,235,423,422,298,384,375,413,338,313,229,177,332,240,404,391,293,345,338,379,318,303,227,178,314,241,377,354,283,300,296,336,293,287,220,174,290,238,344,311,267,252,250,290,262,265,208,168,261,229,305,265,245,206,206,239,225,237,192,158,229,219,262,217,218,474,455,468,346,279,187,142,340,195,430,466,271,463,447,467,353,294,200,153,347,209,434,459,283,446,430,457,353,303,212,162,346,220,430,445,289,421,408,438,346,306,217,168,340,227,420,423,290,388,378,413,333,302,218,170,327,231,401,393,284,351,344,379,313,291,215,169,309,231,375,358,273,309,304,340,288,275,206,165,286,227,344,317,256,266,263,296,258,252,194,158,259,219,307,275,235,223,221,250,225,225,177,148,229,208,268,231,209,474,454,465,343,275,183,139,338,192,426,463,267,463,447,463,347,287,194,148,342,202,430,458,276,447,430,453,346,292,200,154,340,211,426,444,280,423,409,434,338,292,204,158,332,216,413,422,278,393,381,409,324,286,202,158,319,217,395,395,271,358,348,377,304,275,198,156,301,215,370,361,259,320,312,341,280,258,189,151,279,210,341,325,242,280,274,300,252,236,175,143,254,202,307,285,221,240,235,259,221,211,159,133,225,191,272,245,197,473,453,462,339,270,178,136,334,188,424,463,262,463,445,457,340,277,185,141,335,195,424,455,267,447,430,446,336,278,188,145,331,199,417,441,267,423,409,426,327,275,188,145,322,200,404,420,263,395,382,401,312,266,184,144,308,200,385,393,254,363,352,372,292,254,177,140,291,197,362,362,241,327,317,338,269,237,168,135,269,191,334,327,225,290,282,301,243,216,155,127,246,183,304,291,204,252,246,263,215,194,140,117,220,173,271,254,183,472,451,459,334,263,173,132,330,183,420,461,257,462,443,450,332,264,174,134,327,185,415,451,257,445,426,436,324,262,174,133,320,186,405,436,252,422,405,416,312,254,170,132,309,185,391,415,246,395,380,391,297,244,164,128,294,181,372,389,235,364,350,362,277,229,156,123,276,177,349,359,221,331,319,330,254,214,146,117,256,171,323,327,204,295,285,296,229,195,134,110,234,164,294,292,186,260,250,261,204,175,120,101,211,156,265,257,167,471,451,454,329,257,167,127,325,177,415,459,250,459,440,442,322,250,164,125,319,175,405,447,246,442,423,424,311,243,158,122,308,172,393,430,238,418,401,401,296,233,152,118,294,167,375,407,227,391,375,376,279,220,144,112,278,163,355,381,214,360,345,347,259,206,135,107,260,157,331,351,200,328,314,316,237,189,124,101,240,152,306,319,183,295,283,285,215,173,113,94,220,145,281,288,167,261,250,252,191,154,102,87,199,139,254,254,149,470,450,450,324,250,161,123,321,172,409,457,245,457,437,434,312,238,152,117,309,165,396,442,234,437,417,411,297,224,143,111,295,158,378,422,221,412,393,385,279,210,134,105,278,151,357,397,208,383,366,357,259,196,124,99,260,145,334,369,193,352,336,328,238,180,114,93,242,139,310,339,178,320,305,297,218,165,105,87,223,134,286,307,163,288,274,266,196,150,96,82,204,129,261,276,147,256,244,238,176,135,86,76,185,125,237,246,132,469,448,446,319,243,156,119,317,167,405,454,239,454,433,425,302,225,142,109,300,155,386,438,223,432,411,398,282,206,128,101,282,145,363,413,206,404,384,367,260,188,117,93,262,136,337,385,188,372,354,335,238,171,107,87,241,129,311,354,172,339,322,304,217,156,98,82,222,124,285,322,157,306,291,273,196,142,89,77,204,120,262,290,142,274,260,245,177,128,81,73,186,117,239,260,129,244,231,217,159,115,74,68,170,113,217,231,115,468,447,443,315,238,151,115,313,163,401,453,235,451,430,418,293,213,132,103,293,147,377,433,213,426,405,386,268,189,115,91,270,133,348,405,191,396,375,349,242,167,102,83,246,123,317,373,170,360,340,312,216,149,92,78,223,117,286,337,152,322,305,276,194,134,85,74,202,112,259,301,138,288,272,245,175,121,78,71,185,110,235,268,125,256,242,218,158,110,72,67,169,109,214,239,112,227,215,195,141,101,66,64,155,107,196,213,103,468,446,440,312,233,147,112,310,160,397,451,231,451,428,412,286,204,125,97,286,140,370,430,204,425,401,377,256,174,105,84,260,123,337,401,178,390,368,334,225,148,90,77,233,112,300,364,154,349,328,289,195,128,82,74,206,108,263,322,135,305,287,248,172,115,78,72,185,106,231,280,122,265,250,216,154,106,73,69,167,106,208,244,111,234,220,191,140,98,68,66,153,105,189,215,102,206,196,172,127,91,63,63,141,105,175,192,94,468,445,438,310,229,145,111,308,157,395,451,227,451,426,409,282,198,120,93,283,136,365,429,200,424,400,372,249,164,96,79,252,115,329,399,169,390,366,327,212,131,84,77,225,107,288,361,143,349,325,276,176,112,81,74,198,105,246,317,123,301,279,221,151,105,77,72,173,105,210,267,111,249,229,186,138,100,73,69,153,105,183,221,103,213,199,166,127,94,68,66,141,105,169,192,96,190,178,151,118,87,63,63,131,104,158,173,89,468,445,438,309,229,144,110,307,156,394,450,227,451,426,409,280,195,117,92,281,134,364,429,198,425,399,371,246,159,92,78,250,113,327,398,166,390,364,326,209,122,84,77,222,106,284,360,138,349,323,275,168,110,81,74,195,105,238,316,120,302,277,220,139,105,77,72,170,105,200,266,107,250,225,172,130,99,73,69,149,105,174,216,101,206,189,155,122,93,68,66,136,105,160,183,94,183,169,143,113,87,63,63,127,104,151,165,88]}