{"c":"35552","n":"米沢","la":37.91166666666667,"lo":140.14333333333335,"e":245,"t":[-1.0,-0.6,2.5,9.3,15.2,19.5,23.0,24.4,19.8,13.1,6.9,1.9],"s":[83,93,53,4,0,0,0,0,0,0,3,34],"i":[459,438,465,352,289,195,151,341,199,434,454,279,449,430,466,362,308,214,167,350,216,440,448,294,430,413,455,363,321,227,179,351,229,437,434,304,405,391,437,357,326,237,187,346,239,426,411,307,372,361,409,344,324,241,192,334,245,407,381,303,333,325,374,324,315,240,193,316,246,380,344,293,289,284,331,297,299,233,190,292,244,345,301,276,244,240,283,265,277,221,184,263,237,306,254,254,197,195,231,229,249,204,174,231,225,262,208,227,459,438,463,352,288,194,151,341,198,434,454,278,449,430,465,360,306,212,165,349,215,438,448,293,430,413,455,362,318,225,177,350,227,437,434,302,405,391,437,356,323,233,185,344,237,425,411,304,373,362,409,342,320,236,189,332,242,405,382,300,335,326,375,323,311,234,190,314,243,379,346,289,293,287,333,296,294,227,187,291,240,346,304,273,248,244,287,265,272,215,180,262,233,307,259,250,202,200,237,229,244,198,170,231,222,265,213,223,459,437,463,350,285,191,149,339,196,432,453,275,449,430,463,357,301,206,162,346,211,437,447,288,432,413,451,357,310,217,171,346,222,433,433,295,408,393,434,351,313,223,178,340,229,422,412,296,377,364,408,337,309,225,181,327,233,403,383,290,341,331,375,317,299,221,181,310,233,377,349,279,301,293,336,292,282,213,177,287,229,346,310,262,260,254,293,261,259,200,169,260,221,310,269,240,218,214,247,227,231,183,159,229,210,270,227,214,458,437,461,347,281,187,146,337,193,429,451,272,449,429,458,351,293,199,156,341,204,432,446,281,432,413,448,350,299,206,163,339,212,428,432,285,409,393,429,342,299,210,167,332,217,416,411,283,381,367,405,328,293,209,168,319,219,397,384,276,346,335,373,308,281,202,166,301,217,373,351,264,311,300,337,284,264,194,161,280,212,343,316,247,272,264,297,256,242,181,153,254,204,310,278,225,233,227,256,224,216,164,143,227,194,274,239,200,458,436,458,343,275,182,142,333,189,426,450,267,448,428,453,344,282,189,148,334,196,425,443,272,432,413,441,340,284,193,152,330,200,419,429,272,409,392,423,331,281,193,153,321,202,405,408,268,383,367,397,315,273,189,152,308,202,387,382,259,352,338,368,296,260,182,149,290,199,365,352,246,317,305,334,273,243,172,143,269,193,336,318,229,281,271,298,246,221,159,135,246,185,306,283,209,245,237,261,217,199,144,125,221,175,274,248,187,457,434,454,338,269,177,138,329,184,421,449,261,447,425,446,336,270,178,140,326,186,417,438,261,430,409,430,328,267,178,140,319,187,408,424,258,409,390,412,316,260,174,139,308,186,393,404,250,382,365,387,300,250,169,135,294,183,374,378,240,352,336,358,280,235,160,130,276,179,351,349,225,320,306,327,258,219,150,124,256,173,326,317,209,285,273,293,233,200,138,117,234,165,297,284,190,250,240,258,208,179,123,108,211,157,268,250,170,455,433,450,333,262,171,133,324,178,417,446,254,445,423,438,326,256,167,130,317,176,408,434,250,426,405,420,315,248,162,127,307,173,395,418,241,405,385,398,299,238,155,123,293,169,377,396,231,378,360,373,282,224,147,119,277,164,357,370,218,348,331,344,262,210,138,112,259,159,334,341,204,317,302,313,240,193,127,107,240,153,309,310,187,285,271,282,218,176,117,100,220,147,283,279,170,252,240,250,194,157,104,92,199,140,256,247,152,455,432,446,328,254,164,128,319,173,412,444,249,442,420,430,316,242,155,122,308,166,398,430,238,423,401,408,300,227,146,114,294,159,380,411,225,399,378,382,282,214,136,109,277,152,359,386,211,371,351,354,262,199,126,103,259,146,336,359,196,340,323,325,241,183,117,97,241,141,313,329,180,309,293,295,221,168,107,91,222,136,288,299,165,278,263,264,199,152,98,86,202,131,264,268,150,247,234,235,178,137,88,80,185,126,240,239,135,454,430,442,323,248,159,124,315,168,407,442,243,440,417,421,306,229,144,112,299,156,388,426,225,418,396,395,285,209,131,104,280,146,365,403,208,391,369,365,263,191,119,96,260,137,339,375,191,360,340,333,240,173,108,90,240,130,313,344,174,329,310,301,219,158,99,84,221,125,288,313,159,296,280,271,198,144,90,80,202,121,264,283,144,265,250,243,179,130,83,75,186,118,241,252,130,236,223,215,161,118,75,71,170,114,220,225,118,453,430,438,319,242,154,120,311,164,403,441,238,438,413,413,297,217,134,106,291,148,379,422,216,413,391,383,271,192,117,94,268,134,350,396,193,384,361,347,244,169,103,85,245,124,319,364,172,349,328,310,218,150,93,80,222,117,288,329,154,313,294,275,196,135,85,76,202,113,261,294,139,280,263,244,176,122,78,73,184,111,237,262,126,249,234,217,159,111,73,69,168,110,216,233,113,221,208,194,143,102,67,67,155,109,199,208,104,453,429,437,315,237,150,117,308,160,399,438,234,437,412,409,289,206,126,100,285,141,372,419,208,412,387,374,259,176,105,86,259,124,339,391,180,379,355,332,227,149,91,78,231,112,302,356,155,340,318,287,197,129,83,76,206,109,265,315,136,297,278,247,173,115,78,73,184,108,234,274,122,259,243,215,155,107,73,71,167,107,210,239,112,229,215,191,141,99,68,68,153,106,192,211,103,202,191,171,128,92,64,66,142,106,178,188,94,453,428,434,313,234,147,114,306,158,397,438,231,436,411,405,285,200,121,95,281,136,368,418,202,411,385,369,250,165,96,80,252,117,331,389,171,379,353,325,214,132,84,77,223,108,290,352,143,339,315,275,177,112,81,76,197,107,248,310,124,294,271,221,152,105,77,73,173,106,212,262,111,245,225,185,138,99,73,71,153,106,185,218,103,210,195,166,128,93,68,68,141,106,171,190,96,187,174,151,118,87,64,66,132,106,161,171,90,453,428,434,313,233,147,113,306,158,396,438,231,436,409,405,283,198,119,94,279,135,366,417,200,411,385,369,249,160,93,79,250,113,329,388,167,379,352,324,210,122,84,77,221,107,286,352,139,339,313,274,169,109,81,76,194,107,240,309,120,294,269,220,139,104,77,73,170,106,204,261,107,245,222,172,131,99,73,71,149,106,175,213,101,202,186,155,123,93,68,68,136,106,162,181,95,180,167,143,113,87,64,66,128,106,153,164,88]}