{"c":"36056","n":"茂庭","la":37.891666666666666,"lo":140.43666666666667,"e":200,"t":[-0.4,-0.1,2.9,9.0,14.1,18.0,21.5,23.0,18.8,12.6,6.8,2.2],"s":[47,52,13,0,0,0,0,0,0,0,0,14],"i":[443,408,419,328,294,214,169,336,215,429,423,279,434,401,419,336,314,237,189,346,236,434,418,296,417,386,409,336,327,254,204,349,252,432,404,306,392,365,393,330,333,267,216,344,264,420,384,310,361,338,368,318,332,273,223,333,271,400,356,307,324,306,337,299,323,272,224,316,271,371,322,298,282,269,300,274,306,265,221,292,267,336,284,282,239,229,258,245,284,252,213,263,256,295,242,260,194,188,213,212,254,233,200,231,241,249,199,233,443,408,418,327,293,213,168,336,214,428,423,278,434,400,418,335,312,235,187,345,234,434,417,294,417,387,409,335,325,250,202,347,250,430,404,304,393,365,392,329,330,262,213,343,261,419,384,307,362,339,369,316,328,267,219,331,267,399,356,304,326,307,338,297,318,266,220,314,267,371,324,294,285,271,301,273,302,258,216,290,262,336,286,278,242,231,261,244,278,244,208,262,252,296,245,256,200,193,218,211,250,225,195,229,236,252,204,229,443,407,417,326,290,210,166,334,211,426,422,275,434,400,416,331,307,227,182,342,229,430,417,289,418,386,407,331,317,242,195,342,243,426,404,296,395,366,391,324,320,250,204,337,252,416,384,298,365,340,367,311,316,252,208,325,256,396,357,293,331,310,338,292,306,250,208,308,254,369,326,282,292,275,303,269,288,241,202,285,248,336,290,266,252,240,265,241,265,227,194,258,237,298,252,244,213,204,225,210,237,208,181,227,222,257,214,218,443,407,415,323,286,204,162,331,206,424,422,271,434,400,413,327,298,219,175,336,221,426,415,281,418,386,403,325,305,229,184,335,231,421,401,286,396,366,386,316,305,234,189,328,237,409,383,285,368,342,364,303,299,233,191,316,238,390,358,278,336,313,335,284,288,227,189,298,235,364,328,267,301,281,304,261,270,218,183,276,227,333,295,250,264,247,268,235,247,204,173,250,216,298,260,229,227,213,231,206,222,185,160,223,200,261,224,204,442,405,413,320,280,199,157,327,202,420,420,266,433,398,408,321,288,208,165,329,211,420,413,272,418,384,397,316,289,213,170,325,216,413,400,273,396,365,380,306,287,214,172,317,218,399,380,269,370,341,357,292,278,210,171,303,217,379,356,260,340,314,331,273,265,202,167,286,212,355,328,247,306,284,300,250,248,192,160,264,204,325,297,231,272,252,268,227,227,178,150,240,193,294,264,210,238,221,235,200,202,160,137,215,179,260,231,188,442,405,409,316,273,192,151,323,195,416,419,260,432,396,401,313,275,195,154,320,199,411,409,261,416,382,389,305,272,194,154,313,199,401,396,257,395,363,371,294,265,191,153,302,198,386,376,250,369,339,349,278,254,185,150,288,193,366,352,240,340,312,322,259,240,176,143,270,187,342,325,225,309,284,294,239,224,165,136,250,179,315,296,209,276,254,263,215,204,152,126,227,168,284,264,190,243,223,231,192,183,136,114,202,157,254,233,170,441,404,407,311,266,185,145,317,189,411,417,254,430,394,396,304,260,181,142,311,186,401,407,248,413,378,380,294,252,175,139,300,182,388,390,240,391,358,360,279,242,168,133,286,176,370,370,229,365,335,337,263,227,160,128,270,170,348,346,217,336,308,311,244,214,150,121,252,162,324,318,202,306,280,282,223,197,138,112,231,154,298,290,186,275,252,254,202,180,127,105,211,145,270,260,170,243,223,225,179,161,113,95,190,135,242,229,151,440,401,403,307,258,177,139,313,182,405,415,248,428,391,389,296,246,167,130,301,173,392,403,236,409,374,370,281,231,156,123,286,164,373,384,223,386,352,347,264,217,145,114,269,155,351,362,209,359,327,322,245,202,135,108,250,147,327,336,194,329,301,295,225,186,125,101,231,139,302,308,179,299,273,268,206,171,113,93,213,132,277,280,164,269,245,240,185,155,104,86,194,124,250,250,148,239,218,214,166,140,94,79,175,117,225,223,133,438,401,400,303,250,170,133,308,175,401,413,241,425,388,383,287,231,153,120,291,161,381,399,224,404,369,360,268,212,138,108,272,147,357,378,206,378,345,333,248,193,124,98,252,136,331,352,188,349,318,305,227,175,112,90,231,127,304,324,172,318,290,277,206,160,103,84,212,119,277,295,156,287,262,249,187,146,94,78,193,112,252,266,142,257,234,223,169,131,85,72,175,107,227,238,129,229,208,198,151,120,78,67,159,102,204,212,115,438,400,398,299,245,164,128,304,170,396,412,236,423,386,377,279,219,141,110,283,150,372,395,213,401,365,350,256,194,121,95,259,132,343,372,190,372,338,319,231,170,105,84,236,119,311,343,169,339,308,287,208,151,94,78,213,110,279,311,151,304,277,256,187,136,86,72,192,104,250,279,136,272,248,227,169,123,79,68,174,100,225,249,123,242,221,202,152,112,73,64,158,96,202,222,112,215,196,181,136,103,67,60,144,93,184,197,102,438,399,396,296,240,160,124,300,166,393,411,231,422,384,373,273,209,132,102,276,141,365,393,204,398,362,343,246,177,107,84,249,119,331,368,177,368,333,308,217,150,90,75,222,105,293,336,152,330,300,269,190,129,81,71,197,99,256,300,133,290,263,234,168,115,76,69,175,96,223,262,120,252,231,204,151,107,72,66,158,93,198,229,110,223,204,183,137,99,67,62,143,91,178,202,101,198,182,164,124,92,63,59,131,89,163,181,93,438,399,395,294,237,156,121,298,163,391,409,229,422,383,371,269,202,125,96,271,135,360,392,199,398,361,339,240,166,96,77,242,110,323,366,167,367,331,302,206,132,82,74,213,99,281,333,140,329,297,260,174,111,79,71,188,96,238,295,122,287,258,214,150,104,76,69,164,94,200,252,110,240,216,182,137,99,72,66,145,92,174,213,102,206,189,163,126,93,67,62,132,90,158,186,96,184,169,149,115,87,63,59,122,88,146,167,89,438,399,394,294,236,155,120,298,162,390,409,227,422,383,370,268,200,122,94,270,132,359,392,197,398,360,339,238,161,92,76,239,107,320,365,163,367,330,301,204,122,82,74,211,97,276,333,136,329,296,259,167,109,79,71,184,96,229,294,118,287,256,212,140,104,76,69,161,94,192,252,106,240,214,171,131,98,72,66,141,92,164,208,100,199,181,155,122,93,67,62,128,90,149,178,94,178,163,143,113,87,63,59,119,88,139,161,88]}