{"c":"36106","n":"桧原","la":37.721666666666664,"lo":140.05833333333334,"e":824,"t":[-4.6,-4.3,-1.0,5.2,11.2,15.5,19.1,20.6,16.0,9.3,3.8,-1.2],"s":[86,87,59,4,0,0,0,0,0,0,5,35],"i":[446,409,437,341,277,177,132,322,181,413,430,265,436,401,437,349,294,192,142,329,193,417,425,278,419,388,428,350,305,202,150,329,202,413,412,286,394,367,409,344,309,209,156,323,210,403,390,288,362,339,384,331,307,211,158,311,213,384,362,283,325,306,351,312,298,209,158,293,214,359,327,273,283,269,312,286,282,202,155,270,210,327,288,257,239,229,267,254,261,191,149,244,204,289,245,236,194,189,220,220,234,176,140,213,194,249,200,210,446,409,437,340,276,176,131,322,180,412,430,264,436,401,436,348,292,190,142,328,192,417,425,277,419,388,426,349,303,200,149,328,202,413,412,284,394,367,409,343,306,206,154,321,208,401,390,285,364,340,384,330,303,206,156,309,211,383,363,280,327,308,352,310,294,204,156,292,211,358,329,269,286,271,313,285,278,198,152,269,206,327,290,252,243,233,271,254,256,186,146,243,200,291,249,231,200,193,225,220,229,172,138,214,191,250,206,206,446,409,434,339,274,174,130,320,178,411,430,262,436,401,434,345,288,186,139,325,189,413,424,273,420,388,424,345,296,194,145,324,197,409,411,278,396,368,408,338,298,198,149,317,202,399,391,278,366,341,383,325,293,198,150,305,204,381,363,272,332,311,352,305,283,195,149,288,202,356,332,261,293,276,316,280,266,187,145,266,199,327,295,244,254,240,276,250,244,175,139,241,192,292,257,223,214,204,234,219,218,160,130,213,182,256,217,199,445,408,433,336,270,171,128,318,176,408,429,259,436,401,430,340,280,180,135,321,184,409,423,267,420,387,421,338,285,185,139,318,190,405,409,270,398,367,403,330,284,187,141,311,193,393,389,267,370,343,379,316,278,185,141,298,193,375,364,260,337,314,349,297,266,180,139,281,191,352,333,248,302,282,316,273,250,171,134,260,186,324,300,231,265,248,279,245,227,159,127,236,178,292,264,211,227,214,241,215,204,144,118,211,169,259,227,188,445,408,430,332,264,167,125,315,173,405,428,254,436,400,425,333,271,172,129,315,177,404,420,259,420,386,413,329,271,174,131,311,180,397,407,258,398,367,396,319,268,174,131,302,181,384,387,254,371,342,373,304,259,170,129,288,179,366,362,244,341,315,345,285,246,163,126,271,176,344,334,231,308,285,313,262,229,153,121,250,170,317,302,215,273,252,279,237,210,142,112,229,163,289,268,196,238,221,244,209,188,128,105,206,154,259,235,175,444,407,426,328,259,163,122,311,169,401,426,250,434,398,420,325,259,163,123,308,170,397,417,249,418,383,405,317,256,162,122,301,170,387,401,245,397,364,387,306,248,158,121,290,168,373,383,238,370,340,364,290,238,153,117,276,165,354,358,227,341,313,336,270,224,144,112,259,160,332,330,213,310,285,306,249,208,135,107,240,154,308,301,197,277,254,274,224,190,124,100,219,147,281,269,179,244,224,242,200,170,111,92,198,140,254,237,160,443,405,424,323,252,158,119,308,165,397,424,244,432,395,413,316,246,154,117,301,162,389,413,239,415,380,396,305,239,149,113,291,159,376,397,231,393,360,375,290,227,143,109,277,154,359,376,220,367,336,351,273,215,135,105,262,150,339,351,208,338,309,324,254,200,127,99,245,144,317,324,194,308,281,294,231,185,117,94,225,139,293,294,178,276,252,265,210,169,107,88,206,133,269,265,162,244,224,235,187,150,96,81,187,127,243,234,144,442,404,420,319,246,153,114,304,160,393,422,239,430,393,405,307,234,145,110,293,154,380,409,229,411,375,385,291,221,136,104,279,148,363,391,216,388,354,361,274,206,127,99,264,142,343,367,202,360,329,335,254,192,118,94,247,136,321,341,188,331,302,307,234,177,110,88,229,130,298,313,174,300,274,279,214,162,100,83,211,125,275,284,159,270,246,249,192,147,92,78,193,120,252,254,144,240,219,222,173,132,83,72,175,115,229,227,129,441,403,417,314,239,148,112,300,157,388,420,234,428,390,398,298,222,136,104,285,147,371,405,219,407,371,374,278,204,124,96,268,138,349,384,202,380,347,346,256,186,112,90,249,130,325,358,185,351,320,316,235,169,104,84,231,124,300,329,169,320,291,287,213,154,95,79,212,119,276,299,154,288,263,258,193,140,87,75,195,113,254,270,140,258,235,231,174,126,80,70,178,111,231,242,127,229,209,204,156,114,73,66,162,108,212,215,114,440,401,413,310,234,144,109,296,153,385,419,229,426,388,392,289,211,128,99,279,140,363,401,209,403,367,364,265,188,112,89,258,128,337,378,188,374,340,331,239,166,101,82,236,120,308,348,169,340,309,296,214,148,92,77,215,113,279,315,151,306,278,264,192,133,84,73,196,110,252,283,137,273,249,234,173,121,78,70,178,107,229,252,124,243,222,209,156,110,72,67,163,105,210,225,112,215,197,186,140,100,66,64,150,103,193,200,102,440,401,412,307,229,141,107,294,151,382,418,225,425,386,387,282,202,122,94,273,135,357,399,202,401,364,356,254,173,104,83,250,121,327,373,177,370,335,318,223,148,91,77,225,112,293,341,154,332,301,277,194,129,84,75,200,108,259,304,136,291,265,240,171,115,79,72,180,106,229,265,122,254,231,210,154,107,74,69,164,104,206,231,112,224,204,186,139,99,69,66,150,103,189,204,102,199,182,167,126,91,64,63,138,102,175,183,94,440,401,411,305,227,139,106,292,149,380,417,224,424,385,385,278,196,117,91,270,131,354,398,197,400,362,352,247,164,97,79,244,115,321,371,169,369,333,312,212,133,86,77,218,108,283,338,143,331,298,267,177,113,82,75,193,106,244,299,124,288,259,218,152,106,78,72,171,105,210,254,112,241,217,185,138,100,74,69,152,104,185,214,104,206,189,165,128,94,69,66,139,103,171,187,97,184,169,150,118,88,64,63,130,101,160,168,90,440,401,411,304,225,138,105,292,149,380,417,223,424,385,385,277,194,115,90,269,130,352,398,196,400,362,351,244,159,94,78,242,113,319,371,166,369,332,311,208,124,86,77,216,106,280,338,139,331,297,266,169,111,82,75,191,106,238,298,121,288,258,217,140,106,78,72,168,105,202,254,108,242,215,173,131,100,74,69,148,104,176,210,102,200,182,156,123,94,69,66,135,103,163,179,95,178,163,144,113,88,64,63,126,101,154,162,89]}