{"c":"36176","n":"喜多方","la":37.65833333333333,"lo":139.86333333333334,"e":212,"t":[-1.3,-0.8,2.7,9.5,15.4,19.7,23.0,24.3,19.7,12.9,6.6,1.7],"s":[73,88,43,1,0,0,0,0,0,0,1,24],"i":[472,458,484,367,300,202,155,353,215,434,472,290,462,449,484,377,321,221,171,362,235,441,466,306,443,432,475,379,335,236,184,364,250,438,450,317,415,407,455,373,340,246,193,359,263,426,426,320,381,375,426,359,339,250,198,346,269,405,394,316,340,336,388,338,330,249,199,327,271,377,355,306,294,293,343,310,313,242,195,302,268,342,310,288,246,246,292,276,290,229,188,272,260,302,262,265,198,199,237,238,260,212,177,238,247,256,211,237,472,458,484,366,299,200,155,352,214,434,472,289,462,449,484,376,319,219,170,361,233,440,465,305,443,433,475,378,332,233,182,363,248,437,450,314,416,408,455,371,337,242,190,357,260,425,426,317,383,376,426,358,335,245,195,345,266,405,395,313,343,339,390,337,325,243,195,326,267,377,357,302,298,296,345,309,308,236,192,301,264,343,313,284,250,250,296,276,284,223,184,271,256,303,266,261,204,204,243,238,254,204,173,238,243,260,218,233,472,457,484,364,296,198,153,350,211,433,471,286,462,449,484,372,313,213,166,358,227,438,465,300,444,433,475,373,323,225,176,358,241,434,450,307,419,409,457,366,327,231,183,352,250,422,429,308,386,379,429,352,323,233,186,340,254,401,398,303,349,344,395,331,312,229,185,321,254,375,363,291,307,304,354,304,294,221,181,297,250,343,322,273,264,263,309,273,270,206,173,269,242,306,279,250,221,221,260,237,242,190,161,238,229,266,234,223,472,457,483,361,292,193,150,348,206,430,471,282,463,449,482,366,304,206,160,352,221,433,463,292,445,433,472,365,311,213,167,351,229,428,450,297,421,409,454,357,312,217,171,344,237,415,429,295,391,383,429,343,305,216,172,331,239,397,401,288,356,349,396,322,294,211,170,313,237,371,367,275,318,313,360,296,276,200,164,290,231,341,330,258,279,275,318,267,252,187,156,264,222,306,290,235,238,236,275,234,225,169,144,235,210,270,250,210,471,455,480,357,286,188,145,344,202,426,469,277,462,447,476,359,293,195,152,346,211,426,462,283,445,432,467,355,295,199,156,342,217,420,448,283,422,409,450,345,292,199,157,333,219,405,426,279,394,383,425,329,284,196,155,319,219,387,400,270,362,353,396,309,271,188,152,301,216,363,370,256,326,319,360,285,252,178,145,279,209,334,335,239,289,282,323,257,231,164,136,254,200,304,298,217,252,247,284,227,206,148,125,229,189,270,261,194,471,455,476,352,279,182,141,339,196,423,467,271,459,445,471,350,280,184,143,337,200,418,459,271,444,429,458,342,277,183,143,330,200,409,444,267,421,408,440,330,270,179,141,319,200,394,423,260,393,382,417,313,260,174,138,304,197,374,397,249,363,352,387,292,245,165,132,286,192,350,367,234,329,320,356,270,227,154,125,265,186,324,335,217,294,286,321,243,208,141,117,242,177,294,300,198,259,252,285,217,186,127,107,219,168,265,265,177,470,453,473,346,271,175,136,335,190,418,465,264,459,442,463,339,265,172,133,328,188,409,455,259,441,425,447,327,257,166,130,317,184,396,438,250,417,403,426,312,246,159,125,303,180,378,416,239,390,377,403,294,231,151,120,287,175,357,390,225,359,347,374,273,218,142,112,268,169,333,360,211,327,316,343,250,200,130,107,248,163,307,328,194,294,284,311,227,183,119,99,227,155,281,296,177,260,252,278,202,163,107,91,206,148,254,263,158,469,451,469,341,263,169,131,329,184,413,463,258,455,438,455,328,250,160,124,318,176,399,450,246,436,420,434,312,236,150,117,303,168,381,430,231,411,395,409,293,221,139,110,286,160,360,405,218,382,368,383,272,206,129,103,267,154,336,378,202,351,338,355,250,189,120,97,248,147,312,348,187,319,306,324,229,174,109,91,229,142,287,317,171,287,275,293,206,157,100,84,209,136,262,285,154,254,245,263,186,142,89,78,190,131,237,254,139,468,451,463,336,256,163,126,325,178,408,461,252,453,436,446,317,236,148,114,308,164,390,445,234,430,413,420,296,216,133,105,289,152,366,422,215,403,386,391,272,196,121,96,268,142,340,393,196,371,356,360,249,178,110,89,247,134,313,362,179,338,324,329,227,162,100,83,227,129,287,330,163,305,292,299,204,148,91,78,208,124,263,299,148,273,262,270,185,133,83,73,190,120,239,268,134,243,233,241,166,121,76,68,174,117,217,239,121,467,450,459,331,250,158,122,321,173,404,459,246,451,433,438,308,223,137,107,299,154,380,441,223,426,408,407,280,197,119,94,275,138,352,413,199,395,377,371,252,173,104,85,250,126,320,381,176,359,342,334,225,153,94,79,227,119,288,345,157,322,307,298,202,137,86,74,206,113,260,309,142,287,274,267,181,125,79,71,188,112,236,276,128,254,244,240,163,112,73,67,172,110,214,246,115,227,217,216,147,104,67,63,157,109,196,220,106,467,449,458,327,244,154,119,317,169,401,458,242,450,430,430,300,213,129,100,293,146,374,437,214,424,405,395,267,180,107,85,265,126,340,408,185,390,371,353,233,151,91,77,236,112,302,371,159,349,331,308,202,130,83,74,210,108,265,329,138,305,288,266,177,117,78,71,187,106,233,286,124,265,250,233,158,107,73,69,169,106,208,250,112,233,221,208,144,99,68,66,155,105,189,221,104,206,197,188,130,92,64,62,143,105,174,197,95,467,448,455,325,241,151,115,315,166,399,457,239,450,429,426,295,206,123,96,288,140,369,434,208,424,403,389,259,168,97,79,257,117,333,405,175,390,368,343,220,133,84,76,227,107,291,367,146,349,327,291,181,112,81,74,200,105,248,322,124,302,281,235,154,105,77,71,175,105,211,273,112,250,231,198,139,99,73,69,154,105,183,225,104,213,199,177,129,93,68,66,142,105,168,197,97,190,178,163,120,88,64,62,132,105,157,177,90,467,447,455,324,240,150,115,315,165,398,455,238,450,429,425,293,202,121,94,286,138,367,434,206,424,401,386,256,163,94,78,254,113,330,404,171,390,367,340,216,123,84,76,225,105,287,366,141,349,326,287,172,109,81,74,196,105,240,321,120,302,279,229,139,104,77,71,171,105,202,270,107,250,227,179,131,99,73,69,150,105,173,219,101,206,189,162,123,93,68,66,136,105,159,186,95,183,170,150,114,88,64,62,128,105,150,168,89]}