{"c":"36227","n":"金沢","la":36.58833333333333,"lo":136.63333333333333,"e":6,"t":[3.6,3.8,6.9,12.6,17.3,21.2,25.3,27.0,22.7,17.0,11.5,6.6],"s":[32,32,8,0,0,0,0,0,0,0,0,8],"i":[450,441,496,375,322,217,158,348,189,434,462,305,438,433,495,385,345,239,174,355,204,438,455,323,421,416,484,387,360,254,186,356,214,434,440,334,395,392,463,381,367,266,194,349,221,420,416,338,361,360,430,366,365,270,198,335,223,397,384,334,323,323,391,344,355,269,197,314,221,367,345,322,280,281,344,315,337,261,193,287,214,330,302,304,234,236,292,279,311,247,184,256,204,287,254,279,189,191,235,239,278,227,172,221,190,240,204,248,450,441,496,375,321,216,158,347,189,433,462,304,438,433,495,384,342,237,173,354,202,437,455,321,421,416,484,385,356,252,184,354,212,432,440,332,395,392,463,378,362,263,192,347,218,418,417,335,363,361,433,364,359,267,195,333,220,396,386,330,325,324,394,342,348,265,194,313,217,367,348,319,284,284,348,313,330,257,190,287,211,330,305,300,239,240,297,279,304,243,181,256,200,288,259,275,195,196,243,239,271,224,168,221,186,243,212,245,450,441,495,373,318,214,156,345,187,430,462,301,440,433,494,380,336,231,169,351,199,434,455,316,422,417,484,381,347,246,178,350,206,429,441,325,398,394,463,373,351,254,185,343,211,415,418,326,367,364,434,358,346,256,187,328,212,393,389,320,331,330,399,336,334,252,185,309,208,365,353,308,292,292,356,308,314,243,179,283,200,330,313,289,250,250,310,275,289,229,170,254,190,292,271,264,210,211,261,239,257,209,157,222,175,250,227,235,449,441,493,369,312,210,153,343,184,429,461,297,440,432,491,375,326,224,163,346,193,430,454,308,423,417,480,373,333,234,170,344,198,423,440,313,399,394,462,363,333,238,173,335,200,409,418,312,371,367,434,348,327,238,174,321,199,388,391,305,338,335,401,326,314,233,170,301,194,361,358,291,301,299,363,300,294,222,164,277,186,329,321,272,264,262,320,269,269,206,154,249,174,292,282,248,225,225,275,236,240,189,141,220,160,254,242,221,449,440,490,365,306,204,149,339,180,425,459,292,438,430,487,367,314,213,155,340,185,424,451,298,423,416,475,362,316,219,159,335,187,415,438,299,400,394,457,351,313,220,159,325,187,400,417,294,373,368,430,335,303,216,157,309,183,379,390,284,342,338,400,314,289,209,153,290,177,353,360,271,308,305,364,288,270,198,145,267,168,323,326,252,272,270,324,260,246,183,135,241,157,290,289,229,238,235,285,229,220,166,123,214,144,254,252,204,448,438,487,360,298,197,144,335,175,421,458,285,438,429,480,357,299,200,146,332,176,416,449,286,421,413,467,349,296,200,146,324,175,404,434,282,399,392,447,335,288,198,144,312,172,388,413,274,373,367,422,319,277,192,140,296,166,366,387,263,342,337,392,297,260,183,134,276,159,340,357,247,311,306,359,273,243,172,126,254,150,312,325,229,278,274,324,247,220,158,115,229,139,282,292,208,244,241,286,219,198,143,106,204,127,249,257,187,447,438,483,354,290,190,139,330,170,417,455,278,436,426,473,346,283,187,137,323,167,407,445,272,419,409,455,334,274,182,133,311,162,392,428,263,396,388,434,318,262,175,128,297,156,373,405,252,370,362,408,298,247,167,122,279,149,350,380,238,340,334,379,278,231,157,114,260,141,324,351,222,309,303,347,254,213,146,107,238,132,297,319,204,277,272,313,229,194,134,98,216,122,268,287,186,246,241,280,204,173,121,89,193,112,240,254,166,447,437,479,349,281,183,134,326,165,412,454,271,434,424,463,335,267,173,127,314,158,397,441,259,415,405,443,318,250,163,120,298,149,378,421,244,391,381,417,298,234,153,112,280,141,355,396,229,363,354,388,277,218,142,106,261,133,330,369,212,334,325,359,254,200,133,98,240,124,304,339,196,302,295,328,231,183,122,91,220,115,277,308,179,271,264,296,209,166,112,83,199,107,250,277,162,241,235,264,187,148,100,76,178,99,223,246,145,446,434,475,344,273,176,129,321,161,407,451,264,432,421,455,325,252,160,118,305,149,388,436,245,411,400,429,302,229,145,108,285,137,363,413,225,384,373,398,278,206,131,99,263,127,336,385,204,354,344,365,254,187,120,91,242,118,307,354,187,323,313,333,229,169,110,84,220,109,279,323,170,291,282,301,208,154,100,78,200,102,252,291,154,260,252,272,187,139,92,71,181,95,227,261,139,229,223,243,168,126,83,66,163,89,204,231,126,445,434,471,339,266,170,125,317,157,404,450,258,430,419,447,315,237,148,110,296,141,379,432,234,408,395,415,287,208,128,97,272,126,349,405,208,378,365,378,257,181,112,87,247,113,317,374,184,344,332,339,229,159,100,80,223,105,284,338,163,308,297,302,204,142,92,74,200,98,252,303,146,275,265,270,183,128,84,69,180,93,227,270,132,244,235,241,165,115,78,64,162,87,202,240,120,216,209,216,148,106,71,60,147,82,182,213,109,445,434,468,336,261,165,122,314,154,400,449,254,429,417,441,307,225,138,103,290,135,373,429,224,405,392,404,274,190,113,88,262,117,339,401,193,374,360,361,239,158,96,78,233,104,300,365,164,336,322,313,206,134,86,73,206,97,261,324,142,294,281,270,179,118,80,70,182,92,225,282,126,254,245,235,159,108,75,66,162,88,199,245,113,224,215,209,144,100,71,62,146,84,178,216,105,198,190,188,131,94,66,57,133,80,161,192,97,445,433,467,333,257,162,120,312,152,399,448,250,429,416,437,302,218,131,99,286,131,369,426,217,405,391,398,266,177,103,81,256,111,332,398,182,373,359,352,225,138,86,76,225,99,290,361,150,334,320,298,185,112,82,73,196,95,245,317,126,290,275,240,155,104,79,70,169,91,204,269,112,242,227,199,140,99,74,66,147,88,175,223,104,204,195,177,129,94,70,62,133,84,157,192,98,181,174,161,120,89,65,57,122,80,144,172,91,444,433,466,332,256,161,119,312,151,398,448,250,428,416,436,300,215,129,97,285,129,368,426,215,404,391,397,263,171,98,79,252,108,330,397,177,372,358,350,221,127,86,76,222,98,286,360,145,334,319,296,176,108,82,73,193,95,238,316,122,289,275,237,139,103,79,70,166,91,199,267,107,241,227,181,130,99,74,66,143,88,166,216,101,196,186,162,123,94,70,62,127,84,148,182,95,174,167,150,114,89,65,57,118,80,138,164,90]}