{"c":"36342","n":"金山","la":37.473333333333336,"lo":139.52833333333334,"e":296,"t":[-1.2,-0.9,1.6,7.7,14.0,18.4,22.1,23.4,19.0,12.4,6.2,1.4],"s":[94,100,93,24,0,0,0,0,0,0,3,42],"i":[458,441,451,330,264,174,118,320,165,409,450,256,448,433,451,337,279,187,125,325,174,413,444,268,429,417,442,338,288,197,130,324,181,411,429,274,403,393,424,331,291,202,133,317,186,401,407,275,370,362,396,318,288,204,134,304,188,383,376,270,331,325,362,299,278,200,133,286,187,360,339,260,288,284,320,275,263,195,130,264,184,330,297,244,242,240,274,245,243,184,125,238,179,296,252,224,195,195,224,212,218,169,117,208,171,258,204,199,458,441,451,329,263,173,117,320,165,409,450,254,448,433,451,336,277,186,124,324,173,413,444,266,430,417,442,336,286,195,129,323,180,409,430,272,404,393,423,330,288,200,132,316,184,400,407,273,372,363,397,317,284,200,133,303,186,383,377,267,334,327,363,298,274,198,132,286,185,359,341,257,291,287,322,273,259,191,128,263,182,330,300,241,246,244,278,244,238,179,123,238,176,297,256,221,200,200,229,211,213,165,115,209,169,261,211,196,458,441,451,328,261,171,117,319,164,408,450,252,448,433,451,333,273,182,122,322,171,411,444,263,430,417,441,332,279,189,126,320,176,407,430,267,405,395,424,325,280,193,129,313,180,397,408,266,375,366,398,312,275,193,129,300,181,380,380,260,340,332,367,292,264,188,127,283,179,358,346,248,299,294,329,269,248,180,123,261,175,330,307,231,258,254,287,241,227,169,118,237,170,299,267,212,217,214,243,210,202,154,110,210,162,266,225,189,458,440,450,325,258,168,114,317,162,405,449,250,448,432,448,328,266,176,119,319,167,408,443,257,430,417,438,326,270,181,122,315,171,403,429,259,408,395,421,317,268,182,123,307,173,392,408,256,379,369,398,304,261,180,122,295,173,375,382,248,345,337,367,285,250,175,120,277,170,353,350,236,309,302,333,261,234,166,114,257,166,329,315,220,271,265,294,235,213,154,109,234,159,300,277,200,231,227,254,206,191,139,102,210,152,270,238,178,457,438,447,322,252,164,112,314,159,403,448,246,447,430,444,322,258,169,115,314,163,401,441,250,430,416,434,317,258,171,117,309,164,396,426,248,409,395,417,307,254,170,115,300,164,384,407,244,381,369,393,292,245,165,113,286,162,367,381,234,350,340,365,274,231,158,110,270,159,347,352,221,315,307,333,250,216,149,105,250,154,323,318,204,280,272,298,227,196,137,99,229,148,297,283,187,244,238,262,200,176,123,92,206,140,270,248,166,455,438,445,318,248,160,111,311,156,400,446,242,446,429,438,315,248,161,111,308,157,396,438,241,430,413,426,307,244,159,110,300,156,387,423,237,408,393,408,295,236,155,108,290,154,373,403,229,381,367,386,279,225,149,104,276,151,356,378,218,351,338,358,260,212,141,100,259,147,336,349,204,319,308,328,239,197,131,95,241,142,314,318,189,285,275,296,215,179,120,89,221,136,290,285,171,250,242,262,192,160,108,82,200,130,265,250,153,455,437,441,313,242,155,108,308,153,396,445,237,444,426,432,306,236,152,106,301,151,388,434,231,426,409,416,295,229,147,103,291,148,376,418,223,404,388,396,281,218,140,100,278,144,361,396,213,377,363,373,264,204,133,96,263,140,343,371,200,347,334,346,245,192,124,91,247,135,322,342,187,316,304,316,223,175,113,86,229,130,301,312,171,284,273,287,202,160,104,80,210,125,279,281,155,250,242,256,180,142,93,74,191,120,256,250,138,455,436,437,309,236,151,106,304,150,392,443,231,442,423,424,298,225,143,102,294,145,380,430,222,423,405,405,283,213,135,97,281,140,364,411,210,398,381,382,265,199,126,92,266,134,346,387,197,371,354,356,246,185,117,87,250,129,326,361,183,340,325,329,227,170,108,82,231,124,305,332,168,309,295,301,206,156,98,78,215,120,284,302,154,277,265,271,186,141,90,73,197,115,263,271,139,247,236,243,167,126,81,68,180,112,243,242,125,454,434,434,305,231,146,104,301,147,388,441,227,440,420,416,289,215,135,97,288,140,372,425,213,418,399,393,270,198,123,91,271,132,352,403,197,391,373,366,250,180,112,86,252,125,330,377,181,360,343,337,229,164,103,81,235,120,307,347,165,328,313,307,208,150,94,76,217,115,285,316,151,296,282,279,188,136,86,72,200,112,264,286,137,265,252,250,170,123,79,68,184,109,245,256,124,236,224,225,152,111,71,64,168,106,227,227,111,453,433,430,301,225,142,102,298,145,385,438,223,438,417,409,282,204,127,94,281,135,365,422,204,413,394,382,258,183,112,86,262,125,341,397,185,384,365,349,234,163,101,80,241,118,314,366,166,349,331,315,210,146,92,76,220,112,287,332,149,313,297,282,188,132,84,72,200,110,263,297,135,279,265,252,170,120,77,69,184,107,242,265,122,249,236,225,153,108,71,66,170,105,225,237,111,221,210,202,137,99,65,63,156,104,210,211,100,453,433,428,298,222,140,100,296,143,382,438,220,437,416,404,275,197,121,90,277,131,360,419,198,412,391,372,249,171,104,82,254,120,332,392,175,379,359,334,219,147,91,77,231,112,300,357,153,340,321,293,192,129,84,74,208,109,269,318,135,298,281,254,169,117,79,72,187,107,241,278,122,259,245,223,152,107,74,69,170,106,220,243,111,227,216,200,138,99,69,66,156,104,204,215,102,202,192,180,125,91,63,63,145,103,193,191,93,453,432,426,297,220,138,99,294,142,381,437,218,436,415,401,272,192,117,88,274,129,356,417,194,412,389,367,242,163,97,79,250,115,326,389,167,379,357,326,209,134,86,77,225,109,292,354,143,340,318,279,176,115,83,74,200,108,256,312,125,295,274,229,152,108,78,72,177,106,223,266,112,246,227,194,138,102,74,69,158,105,200,222,105,210,196,174,127,95,69,66,145,104,187,193,97,187,175,159,117,88,63,63,136,103,178,174,90,453,432,426,296,219,137,99,294,142,380,437,217,437,413,399,271,190,115,88,273,128,355,417,192,412,388,365,240,159,94,78,248,114,325,388,165,379,356,323,206,127,86,77,222,108,289,353,140,340,317,276,170,113,83,74,198,108,250,311,122,296,272,225,141,108,78,72,174,106,217,264,109,246,225,178,132,102,74,69,154,105,192,216,102,202,187,161,124,95,69,66,141,104,179,184,96,181,168,148,114,88,63,63,133,103,173,166,89]}