{"c":"36426","n":"只見","la":37.343333333333334,"lo":139.31333333333333,"e":377,"t":[-1.6,-1.3,1.2,6.7,13.4,18.1,21.9,23.1,18.7,12.2,6.0,1.1],"s":[97,100,100,62,3,0,0,0,0,0,7,57],"i":[434,417,436,319,254,172,127,314,170,409,429,249,426,409,436,325,268,185,136,319,180,413,424,260,409,394,426,325,276,195,142,318,187,411,409,265,385,373,408,319,278,200,147,312,193,401,388,266,354,344,382,306,274,202,149,301,195,387,360,261,318,310,349,288,265,199,149,284,195,366,326,250,277,272,310,264,250,192,146,263,192,340,286,235,235,231,266,236,231,182,141,239,187,309,244,216,191,189,218,204,206,168,134,212,179,275,200,193,434,417,436,318,254,172,126,314,170,408,429,248,426,409,436,324,267,184,135,318,179,413,424,258,409,394,426,324,274,193,141,317,186,409,409,263,385,372,408,317,275,198,145,311,191,401,389,263,355,345,383,304,271,199,147,300,193,387,361,258,320,312,350,286,261,196,147,283,193,366,327,248,280,275,311,263,246,189,144,263,190,340,289,233,238,234,269,235,227,178,139,239,185,310,247,213,197,194,223,202,202,164,132,212,177,277,204,190,434,417,436,317,252,170,125,313,168,407,429,246,426,409,434,321,263,180,133,316,176,411,423,254,409,394,425,320,268,187,138,315,183,408,409,259,387,374,408,313,268,191,141,308,186,399,390,257,358,346,383,300,263,191,143,296,188,384,363,250,325,315,353,281,252,186,141,280,187,364,331,240,287,280,317,258,237,178,138,260,183,340,294,224,248,243,277,231,217,167,133,238,177,312,256,204,210,206,235,200,193,153,126,213,170,282,217,183,434,416,434,314,249,167,124,311,166,405,428,243,426,408,432,317,257,175,129,313,173,407,422,249,409,394,423,314,260,179,133,310,177,403,409,250,388,374,405,305,257,181,135,302,179,393,389,248,361,349,383,292,250,178,135,291,179,379,364,240,329,319,353,273,239,173,133,275,177,360,334,227,295,286,320,250,223,165,129,256,173,338,300,213,259,252,283,225,202,153,123,234,167,312,265,194,223,217,245,198,181,139,115,211,159,285,227,173,434,415,432,311,245,163,121,308,164,401,426,240,425,407,428,311,249,168,125,308,167,401,420,242,409,393,418,306,248,169,126,303,169,396,407,241,388,373,401,296,244,168,126,295,169,386,387,236,362,348,378,281,235,164,125,282,168,371,363,227,333,321,351,263,222,157,122,267,165,353,335,214,300,290,320,241,206,148,118,248,160,331,303,199,266,257,286,218,188,137,112,227,154,309,269,181,231,225,250,192,168,124,105,206,147,285,236,161,434,413,429,308,240,159,119,305,161,399,426,236,424,405,423,304,239,160,120,302,161,395,417,235,408,390,409,296,235,158,119,295,161,387,403,229,387,371,393,284,227,154,117,285,159,375,384,222,361,346,371,269,217,149,113,272,156,360,360,212,333,319,344,250,204,140,111,256,152,342,332,198,302,290,315,229,189,131,106,239,147,323,302,183,270,259,284,206,171,120,100,220,141,302,271,166,237,227,250,184,153,108,94,200,135,280,239,148,433,413,426,304,235,154,115,302,157,395,424,231,422,403,417,296,229,151,113,296,155,388,413,225,405,387,401,286,221,146,111,286,152,377,398,218,384,366,382,271,211,140,108,274,148,363,377,208,358,342,359,254,198,133,104,260,144,347,353,195,329,315,333,236,185,124,100,244,139,329,326,182,300,286,304,215,169,114,95,227,135,310,296,166,269,257,275,195,154,105,90,210,130,291,267,151,238,227,245,173,137,94,85,192,125,271,237,135,432,412,423,299,229,150,112,298,154,391,422,225,420,400,409,288,219,143,109,289,149,380,409,217,401,383,391,274,206,135,104,276,143,365,392,204,379,360,369,257,194,126,99,262,138,349,369,192,352,335,344,239,180,117,95,246,133,331,344,179,323,307,317,219,165,109,90,229,128,312,316,165,293,279,290,200,151,100,86,214,124,294,287,150,263,250,261,180,137,91,82,198,120,276,258,136,234,222,233,161,122,82,77,182,117,259,229,122,430,411,419,296,225,146,110,295,151,388,420,222,418,398,403,281,210,135,103,282,143,372,405,208,398,378,380,263,193,123,97,267,135,354,385,193,372,353,354,243,177,112,91,250,128,333,360,177,343,325,325,222,161,104,87,231,123,313,331,162,313,296,297,202,147,95,83,216,119,293,302,148,282,268,269,183,134,88,79,200,115,275,273,135,252,239,242,165,120,80,76,185,112,258,245,122,224,212,217,147,109,73,73,170,111,243,218,110,430,409,416,292,220,142,108,292,148,384,419,218,416,395,396,274,200,127,99,277,138,365,403,200,394,373,370,252,180,112,91,258,128,343,379,182,366,346,338,227,161,102,85,238,121,318,350,164,334,315,306,204,144,93,81,219,115,294,318,148,300,283,274,185,130,86,78,200,112,272,286,134,268,252,245,166,119,79,76,185,111,254,254,121,238,225,219,150,107,73,73,171,109,239,227,110,211,200,197,134,98,68,71,159,108,227,202,100,430,409,413,290,217,139,106,290,147,382,418,215,415,394,391,268,194,122,95,272,134,361,400,195,392,371,361,243,169,105,86,250,122,334,375,172,362,341,325,215,147,93,81,229,114,305,343,151,326,306,286,189,129,85,79,206,111,276,306,135,287,269,249,167,117,80,77,188,110,250,268,122,250,236,219,150,108,76,75,172,109,233,235,111,221,208,195,136,99,71,73,159,108,220,208,102,196,185,176,123,91,66,71,149,107,211,185,93,430,409,413,288,215,138,105,289,145,380,417,213,415,392,388,265,189,118,93,269,131,357,398,191,392,369,356,237,162,98,83,246,118,329,372,166,362,339,318,206,135,88,81,223,112,297,340,143,325,304,274,175,117,84,79,200,110,264,301,125,284,263,225,151,110,80,77,179,109,234,258,113,239,220,192,138,103,76,75,161,109,214,217,105,204,191,172,127,96,71,73,150,108,204,189,98,182,171,157,117,89,66,71,141,107,197,170,90,430,408,412,288,214,137,105,288,145,380,417,213,415,392,387,264,187,115,92,268,130,356,398,189,392,369,354,236,158,96,82,245,117,327,372,163,362,338,315,204,128,88,81,221,110,294,338,140,326,303,271,169,114,84,79,198,110,258,300,123,284,262,222,142,109,80,77,176,109,229,256,110,239,219,177,133,103,76,75,158,109,206,212,104,198,183,160,124,96,71,73,145,108,196,181,97,177,164,148,113,89,66,71,138,107,192,163,90]}