{"c":"36501","n":"川内","la":37.336666666666666,"lo":140.80833333333334,"e":410,"t":[-0.8,-0.4,2.7,8.6,13.6,17.2,21.0,22.2,18.1,12.1,6.6,1.9],"s":[3,4,2,0,0,0,0,0,0,0,0,1],"i":[426,418,422,318,291,260,242,359,282,443,422,290,417,409,421,325,310,292,280,374,320,450,416,309,400,395,412,325,322,317,311,380,350,447,401,322,376,373,394,319,328,335,335,378,371,434,381,327,346,344,369,306,325,344,350,369,383,413,353,325,311,310,338,288,316,345,356,351,385,384,319,316,271,271,300,264,300,337,353,326,378,346,281,300,229,229,257,236,277,321,341,295,362,302,239,278,187,187,212,204,248,298,321,259,336,254,195,250,426,418,421,318,290,258,240,359,281,443,422,289,417,409,421,324,309,288,277,372,317,449,416,307,400,395,412,324,320,312,307,378,346,446,401,319,377,373,394,317,325,328,329,376,366,434,381,323,347,345,370,305,322,336,343,366,377,413,354,321,313,311,339,286,312,336,348,349,379,383,321,311,274,273,301,263,295,327,345,324,371,347,283,295,233,233,261,235,272,311,332,293,354,304,242,273,192,193,217,202,244,287,312,258,328,257,200,244,426,417,420,316,288,254,236,356,276,441,421,286,417,409,419,321,303,280,268,368,308,446,415,301,401,395,409,320,312,299,294,372,333,443,401,310,379,374,392,313,315,311,312,369,349,430,382,313,350,347,368,300,311,316,323,358,357,409,355,309,317,315,339,281,300,314,326,340,357,381,324,298,281,279,304,259,283,304,320,316,347,347,288,282,243,242,265,231,259,286,306,286,329,307,250,259,204,204,225,202,231,262,285,252,304,263,212,231,425,417,418,314,283,247,227,352,269,438,420,281,417,409,415,317,295,267,254,361,294,442,413,293,401,395,405,314,301,281,273,362,312,437,401,299,380,375,388,306,301,289,285,357,324,424,381,298,353,349,365,292,294,290,292,345,328,404,356,292,322,319,336,274,283,285,291,327,324,376,326,281,289,286,304,250,265,273,283,303,312,344,293,263,252,252,269,225,242,254,268,275,294,307,258,241,218,217,231,198,217,231,247,244,269,268,222,216,425,416,416,311,277,239,219,347,260,434,419,276,416,408,411,311,285,250,235,351,276,434,412,282,401,394,400,306,286,259,247,349,288,426,398,284,380,374,382,296,283,262,254,341,292,413,379,280,355,350,359,282,275,259,254,328,292,393,354,272,326,322,333,264,261,250,250,310,285,368,327,259,294,290,301,242,244,239,241,286,273,336,295,242,261,258,269,219,223,221,225,260,254,303,263,221,227,225,236,193,200,200,206,231,231,267,229,197,424,415,413,307,271,229,208,341,249,430,417,269,415,405,405,304,272,234,215,340,256,425,409,270,400,392,392,296,269,235,218,334,258,415,394,267,379,372,374,285,262,231,219,323,258,399,375,259,354,348,351,269,252,225,215,308,252,379,351,249,326,321,324,250,237,215,206,289,243,353,324,235,296,292,296,231,221,202,198,267,231,325,295,218,265,261,265,208,200,187,184,242,213,293,263,199,233,229,234,185,180,167,166,216,195,261,231,177,424,413,409,303,264,219,196,335,237,424,416,262,413,404,399,296,258,215,193,328,234,415,405,256,397,388,383,285,250,208,189,317,229,401,389,248,376,368,363,271,240,200,182,302,221,382,369,237,351,344,339,254,225,191,176,285,212,360,345,224,323,316,313,236,212,180,166,265,200,334,317,209,294,288,284,216,195,166,156,244,188,307,289,192,264,259,256,196,178,153,144,222,173,278,260,175,233,229,227,173,159,137,129,198,158,248,229,156,423,413,405,299,257,209,185,328,225,419,413,254,411,401,392,288,244,196,171,315,211,404,401,243,394,384,373,274,231,183,159,299,198,385,383,229,371,362,350,257,216,170,149,281,185,362,361,214,345,336,325,238,200,157,138,261,173,338,335,199,317,309,298,220,185,146,128,241,161,311,308,183,288,280,270,200,170,133,118,220,149,284,279,168,259,252,242,180,154,122,109,199,137,257,250,152,229,224,215,161,139,110,98,178,124,229,223,136,422,412,403,295,250,200,174,322,214,413,412,248,409,398,386,280,231,178,151,303,190,393,398,229,390,379,363,262,211,158,132,281,169,368,377,210,365,354,336,242,192,141,117,259,151,340,352,192,336,326,307,222,175,127,104,237,136,312,323,175,307,298,279,202,160,114,96,215,125,284,294,159,277,269,250,182,145,105,88,195,113,258,265,144,248,240,225,165,131,96,81,176,105,231,238,130,220,214,199,147,119,87,74,158,96,208,211,118,421,411,400,291,244,192,164,317,204,409,411,242,408,396,380,273,219,162,133,292,171,383,394,218,386,374,353,250,194,135,107,265,141,352,371,193,359,347,322,227,171,114,89,238,120,319,342,171,327,316,289,204,151,101,79,213,105,285,311,152,294,283,258,184,136,91,72,191,95,254,278,137,263,252,229,165,123,83,68,172,89,227,248,124,234,225,204,149,112,78,63,155,83,204,221,112,206,200,182,133,103,72,60,140,77,185,197,103,421,409,399,289,239,185,157,312,196,405,409,238,405,394,376,267,209,149,118,283,155,376,392,208,384,371,346,241,178,115,86,250,118,339,367,178,355,342,310,214,150,93,69,221,95,299,336,152,320,306,272,187,130,82,65,194,84,260,299,133,281,269,236,165,117,77,63,171,79,225,262,120,246,235,206,149,107,73,61,153,75,199,229,110,217,208,183,135,99,69,57,138,72,178,202,101,192,185,164,122,92,66,56,126,69,162,180,93,421,409,398,287,236,181,151,310,191,403,409,235,405,393,373,263,202,139,106,277,143,370,391,202,384,370,342,235,167,100,71,241,101,331,365,168,354,340,305,204,133,81,67,210,83,286,333,140,319,304,262,172,112,79,65,183,78,240,295,121,278,263,215,149,105,76,63,160,76,200,252,110,234,219,183,136,99,73,61,140,73,172,212,102,200,190,163,125,93,69,57,126,70,155,184,96,178,170,148,114,87,66,56,115,68,143,165,89,421,409,397,286,235,180,150,309,189,401,409,234,405,393,373,262,200,135,103,274,139,368,390,199,384,369,342,234,162,95,68,238,96,327,365,163,354,338,304,200,124,81,67,206,80,281,332,135,319,302,261,166,109,79,65,180,78,229,294,118,278,261,214,139,104,76,63,156,76,192,250,106,234,217,171,130,99,73,61,136,73,161,206,100,194,181,154,121,93,69,57,122,70,145,176,94,173,162,142,112,87,66,56,112,68,135,159,88]}