{"c":"36716","n":"桧枝岐","la":37.02333333333333,"lo":139.38666666666666,"e":930,"t":[-3.9,-3.7,-0.5,5.5,11.5,15.6,19.3,20.2,16.0,9.6,4.0,-1.0],"s":[97,98,96,56,4,0,0,0,0,0,15,65],"i":[450,441,441,334,277,211,162,336,200,426,444,274,438,433,440,341,293,231,178,344,218,430,438,289,421,416,430,342,304,248,192,345,231,429,423,298,395,392,412,335,307,259,202,340,240,421,400,300,363,361,386,322,304,264,208,329,246,405,370,297,325,324,352,302,294,264,210,313,248,382,333,287,282,283,312,277,279,257,209,291,246,354,292,271,237,238,267,247,257,245,204,264,239,321,247,250,191,193,218,213,229,227,195,235,229,284,200,224,450,441,441,333,276,210,161,336,200,425,444,273,438,433,440,340,292,229,177,343,216,430,437,287,422,416,430,340,301,246,190,344,229,429,423,296,396,392,412,333,304,256,199,339,238,420,400,298,364,362,386,320,300,260,204,328,243,404,371,294,327,326,353,301,290,259,206,311,244,382,335,284,285,286,313,276,274,252,204,290,242,354,295,267,241,242,270,246,252,240,200,264,236,322,250,246,198,198,224,213,225,223,191,235,225,287,206,220,450,441,440,332,274,206,160,334,199,424,443,271,440,433,438,337,287,225,173,340,212,428,437,283,422,417,430,336,294,238,184,340,223,426,423,290,398,394,413,329,296,246,192,335,229,417,401,290,367,365,387,315,291,249,196,323,234,401,373,285,333,331,356,295,280,246,197,307,235,380,340,274,293,293,319,271,263,238,195,286,231,354,302,258,252,252,279,243,241,225,188,262,224,324,262,236,212,213,237,211,215,208,179,235,214,292,221,211,449,440,438,329,270,202,156,332,196,422,443,267,440,432,437,332,280,217,167,336,206,424,436,276,423,417,426,330,284,227,175,334,214,421,422,280,400,395,409,321,283,231,180,327,219,411,401,278,372,368,387,307,276,231,183,316,221,396,375,272,338,336,357,288,264,227,182,300,220,376,344,260,303,301,323,264,247,219,178,280,215,352,309,243,265,264,286,237,225,206,172,257,208,325,272,223,227,227,247,208,202,189,162,231,198,296,234,199,449,438,437,326,265,198,152,329,192,418,442,263,438,430,433,326,271,206,159,330,198,418,434,268,423,416,422,321,271,212,164,326,202,413,420,268,401,395,405,311,267,214,166,318,204,403,400,264,374,368,382,296,258,212,166,305,204,387,375,254,343,339,355,277,245,206,164,290,202,369,346,242,309,306,323,254,227,196,159,270,197,346,313,225,274,271,289,229,208,183,152,249,190,322,278,206,239,237,254,202,186,168,144,225,181,296,243,185,448,438,434,322,259,192,148,325,187,415,440,258,438,429,428,319,259,195,150,322,189,411,432,258,422,413,415,311,256,196,151,316,190,403,417,254,400,393,398,298,248,194,150,306,189,391,397,247,373,367,375,283,238,189,148,293,186,376,372,237,344,338,348,263,223,181,144,276,183,357,343,223,312,307,319,242,206,172,140,259,177,337,313,206,279,275,287,218,189,160,133,238,171,314,280,189,245,241,254,194,169,146,126,218,164,291,247,169,447,437,430,317,252,185,143,321,182,411,438,252,436,426,422,310,247,183,141,314,179,403,428,247,419,409,407,299,239,178,138,305,176,392,412,239,397,388,387,284,229,173,134,292,172,377,391,227,371,363,364,267,215,166,131,278,169,361,366,216,341,334,337,248,200,157,126,261,164,342,337,202,310,304,308,225,184,147,121,244,159,322,307,186,279,273,279,204,168,137,115,225,153,302,277,170,246,242,248,182,150,125,110,206,148,281,246,152,446,436,428,313,247,178,138,316,177,405,437,246,434,424,415,301,235,170,131,306,170,395,424,235,416,405,396,286,222,161,125,293,163,379,405,223,392,381,373,269,208,151,119,277,157,362,382,209,364,355,348,249,193,142,113,261,151,343,356,195,334,326,321,229,177,134,109,244,146,324,327,180,303,295,293,209,163,124,105,227,142,304,297,165,272,265,264,188,147,114,101,210,138,285,267,150,242,236,237,169,132,106,96,194,134,267,238,135,446,434,424,309,241,172,133,312,172,401,434,240,432,421,407,293,224,157,122,298,161,386,420,225,411,400,385,273,204,143,112,281,150,366,398,206,384,373,358,252,187,131,106,262,142,344,372,190,354,344,329,231,170,121,100,244,136,322,343,174,323,313,301,210,155,112,96,225,131,302,312,159,291,283,273,190,141,104,93,210,128,283,282,145,261,252,246,171,127,97,90,194,126,265,252,132,231,224,219,153,114,90,87,180,124,250,225,120,445,434,421,305,236,166,129,309,168,399,433,236,430,418,401,285,213,146,113,290,153,378,416,215,408,395,374,262,190,127,102,269,139,354,392,193,378,365,342,237,168,112,94,248,129,327,362,173,344,332,309,212,150,103,90,227,124,301,328,155,309,298,277,190,135,95,87,208,120,279,294,140,275,266,247,171,122,89,85,192,119,259,263,127,245,236,222,154,111,84,83,178,118,244,234,115,217,210,199,138,101,79,82,166,118,231,209,106,445,433,419,302,231,161,126,306,165,396,432,231,429,416,396,279,204,137,108,285,146,373,413,206,405,392,365,252,176,113,94,261,130,344,388,181,374,360,329,222,151,98,86,236,120,313,354,157,336,322,289,194,131,89,84,213,115,281,315,138,294,281,250,171,118,85,84,192,114,254,276,125,256,245,221,153,109,81,83,176,114,235,241,113,225,216,197,139,100,77,82,164,114,222,213,105,200,192,177,126,93,73,81,154,115,213,190,97,445,432,417,300,229,158,124,304,163,394,432,229,429,415,393,275,199,130,103,281,142,369,412,200,405,390,360,245,167,103,87,254,123,338,385,172,374,358,321,212,136,89,85,229,114,303,351,146,336,319,276,178,115,86,84,204,112,267,310,127,292,275,227,153,108,83,84,182,113,236,265,114,244,227,193,139,102,80,83,164,113,214,221,107,206,196,173,128,96,76,82,152,114,204,192,100,185,175,157,118,89,72,81,145,114,198,172,93,445,432,417,300,227,157,123,304,162,394,430,227,429,415,391,274,197,127,102,280,140,367,412,199,405,389,358,243,163,99,86,252,120,336,384,169,374,356,319,209,128,89,85,225,112,300,350,142,336,318,273,171,112,86,84,202,112,260,309,124,292,273,224,141,108,83,84,179,113,229,263,111,245,225,177,132,102,80,83,160,113,206,216,105,200,187,160,124,96,76,82,148,114,195,183,98,179,167,148,114,89,72,81,141,114,191,165,92]}