{"c":"36821","n":"東白川","la":36.93833333333333,"lo":140.40833333333333,"e":183,"t":[-0.1,0.6,4.0,10.1,15.1,18.8,22.5,23.8,19.7,13.4,7.3,2.2],"s":[4,10,4,0,0,0,0,0,0,0,0,1],"i":[409,407,422,325,295,264,257,359,295,432,413,295,401,399,421,332,314,296,299,374,335,438,407,314,385,384,412,332,326,321,333,381,367,434,394,327,362,363,394,326,331,339,359,379,390,423,373,332,334,335,369,313,329,348,375,370,403,401,346,330,300,302,337,294,319,349,382,353,405,373,313,321,262,264,299,269,302,341,379,329,399,337,275,304,223,224,256,240,279,324,366,298,382,295,234,281,182,183,211,206,250,300,344,262,355,248,192,252,409,407,422,325,294,262,254,358,294,430,413,294,401,399,421,331,312,292,295,372,332,437,407,312,385,385,411,331,323,316,328,379,363,434,394,323,363,363,394,325,328,332,352,377,384,422,373,328,335,336,369,311,325,340,368,367,396,401,346,325,302,303,338,292,315,339,373,350,399,373,314,315,265,267,300,268,298,330,370,326,391,337,277,299,225,227,260,240,274,313,356,296,373,296,238,276,187,188,215,206,245,289,334,260,346,250,197,247,409,405,420,323,291,258,250,355,289,430,412,291,401,399,419,329,307,283,285,367,323,434,405,306,386,385,409,327,316,303,313,372,349,430,393,315,364,364,392,320,318,315,334,369,367,419,373,318,337,337,368,307,314,319,345,359,376,398,347,313,306,307,338,288,303,317,348,341,375,371,317,302,271,272,303,264,285,306,342,317,365,337,282,285,235,236,265,236,261,288,328,288,347,298,245,262,199,200,224,206,233,264,305,254,320,257,208,234,409,405,419,321,287,250,242,351,281,426,411,286,401,398,416,324,298,271,270,360,308,430,405,298,386,385,405,321,304,285,290,362,327,425,392,304,365,364,388,313,304,292,304,357,340,412,372,303,340,340,365,299,297,293,311,345,344,392,348,296,310,310,336,280,285,288,310,327,340,365,319,284,278,279,304,257,267,276,302,304,328,334,287,267,244,245,268,231,244,257,286,276,309,298,252,244,210,211,231,202,219,233,263,245,284,260,217,218,409,405,416,318,281,243,231,346,271,423,409,280,400,397,411,318,288,254,250,350,288,423,403,287,385,383,400,313,289,262,263,348,301,416,390,288,365,364,382,303,286,265,270,341,306,401,370,285,341,340,359,288,277,262,271,327,306,382,346,276,313,313,332,270,264,252,267,309,299,357,319,262,282,282,301,248,246,241,256,286,286,326,288,245,250,250,269,223,225,223,240,261,268,294,256,224,219,219,235,197,200,200,219,231,244,259,224,200,408,404,413,314,274,233,220,340,259,418,409,274,399,396,405,311,275,237,227,339,267,413,400,274,384,381,392,303,272,238,231,333,270,404,386,271,364,362,374,291,265,234,231,322,270,388,367,263,340,338,351,276,254,227,227,307,264,368,343,252,313,312,324,257,240,217,220,288,254,343,316,238,284,283,296,236,223,204,210,266,242,315,288,221,254,252,264,212,202,188,195,242,224,284,257,200,223,223,233,189,181,169,176,216,204,252,225,180,407,403,409,310,267,223,206,334,247,413,407,267,397,393,400,303,262,218,204,326,243,404,397,261,382,378,383,292,252,211,200,315,238,390,381,252,361,358,363,277,242,204,192,301,229,372,361,241,337,334,340,261,229,193,185,284,222,350,337,227,310,308,313,242,214,182,175,264,209,325,310,213,282,280,284,221,197,168,164,243,197,298,282,195,252,252,256,200,180,154,151,221,181,270,254,178,224,223,227,177,160,138,136,197,165,241,224,159,407,401,407,305,260,213,195,327,234,408,405,259,396,391,393,294,248,199,180,313,220,394,393,247,379,374,373,280,234,186,167,297,204,375,375,233,357,352,350,263,219,172,156,279,192,353,353,218,332,328,325,244,202,159,144,260,179,329,328,202,304,301,298,224,187,147,134,239,167,303,301,186,276,273,270,204,172,134,123,219,155,277,273,170,248,245,242,184,155,123,112,198,142,250,245,154,220,218,215,165,140,111,102,177,130,224,218,138,405,401,404,301,252,202,183,321,223,403,404,252,394,388,386,286,234,181,158,301,197,384,390,234,375,369,363,267,214,161,137,279,174,359,369,214,351,345,337,247,195,143,121,257,156,332,344,195,324,319,308,225,177,129,108,235,140,304,317,177,295,290,279,206,161,117,98,214,128,277,288,161,266,262,252,186,147,106,90,194,118,252,260,146,238,234,225,168,132,97,83,175,109,225,233,132,212,208,199,150,120,88,75,157,100,202,206,119,405,400,401,298,247,195,173,315,212,399,401,247,392,386,381,279,222,165,138,290,177,374,387,222,372,365,354,256,196,138,110,263,146,344,364,197,346,339,323,231,173,117,91,236,123,312,336,174,316,309,290,208,153,102,79,212,108,279,305,155,285,277,258,187,138,92,72,190,97,250,273,139,254,248,229,168,125,84,68,171,91,224,244,125,225,221,204,151,112,78,63,154,85,200,217,113,200,196,182,136,103,72,60,139,80,181,193,104,405,400,400,295,242,189,164,311,204,395,401,242,391,385,377,273,212,151,122,281,160,367,384,212,370,363,347,246,181,118,87,249,121,332,360,182,343,334,312,218,152,95,69,219,96,294,329,155,310,300,273,191,131,83,64,192,85,256,294,135,273,264,237,168,118,78,62,170,80,222,258,121,239,231,206,151,108,74,60,152,76,196,225,111,211,204,183,136,100,70,57,138,73,176,199,102,187,181,164,124,93,66,56,125,71,159,177,94,405,399,399,293,239,185,159,308,198,393,401,239,391,384,375,269,206,142,110,275,147,362,383,206,370,361,344,240,169,102,71,239,103,324,358,171,342,332,306,208,135,82,65,208,83,281,327,142,309,298,263,175,113,80,64,182,78,237,290,123,271,259,217,151,106,77,62,159,76,199,249,111,229,216,183,137,100,73,60,139,74,171,209,103,196,187,163,126,94,70,57,126,72,154,182,96,174,167,148,115,88,66,56,115,70,142,163,90,405,399,398,293,238,183,157,307,196,392,401,238,391,383,374,268,202,138,106,272,143,360,383,202,370,361,343,238,165,97,67,236,97,321,358,167,342,331,305,204,126,82,65,204,80,276,326,138,309,296,262,169,110,80,64,178,78,227,289,119,270,257,216,139,105,77,62,155,76,191,248,107,229,215,172,130,100,73,60,135,74,161,204,101,190,179,154,122,94,70,57,122,72,145,175,95,169,161,142,112,88,66,56,112,70,135,157,89]}