{"c":"36836","n":"山田","la":36.93333333333333,"lo":140.73333333333332,"e":25,"t":[2.2,2.5,5.4,10.8,15.4,18.8,22.5,24.0,20.5,14.9,9.4,4.6],"s":[1,2,0,0,0,0,0,0,0,0,0,0],"i":[412,396,416,326,303,275,268,362,303,436,408,301,403,389,415,332,324,309,313,378,345,442,401,322,387,375,405,333,337,336,350,386,379,438,389,335,364,354,388,326,343,355,378,385,403,426,369,341,335,327,363,313,341,365,396,376,417,405,342,340,301,295,332,294,331,366,404,359,420,377,309,331,263,258,295,269,314,358,401,335,413,340,272,314,223,220,252,240,290,342,388,304,394,297,231,291,182,180,208,206,260,316,364,267,367,249,190,261,412,396,415,325,302,272,267,361,302,434,408,300,403,389,413,331,322,305,310,376,342,441,401,319,387,375,405,331,335,330,345,384,375,438,389,332,365,354,388,325,340,348,371,382,397,426,369,337,336,327,364,312,337,356,388,373,409,405,342,335,303,296,333,293,327,356,395,356,413,376,311,325,266,261,296,269,309,347,391,332,404,340,274,308,225,223,256,240,285,330,377,301,386,298,235,285,188,185,213,206,254,304,354,265,358,252,195,254,412,396,413,323,300,267,261,359,297,434,407,297,403,389,413,329,316,295,299,372,333,438,401,313,388,375,403,327,326,316,329,377,360,434,388,323,366,355,386,320,329,329,352,374,379,423,369,326,338,329,362,307,325,335,365,364,388,401,343,322,307,300,333,288,314,332,368,347,388,374,313,311,272,266,298,264,296,322,362,323,378,340,279,294,236,231,261,237,271,303,347,293,358,301,242,270,199,196,221,206,242,277,323,259,330,258,204,242,411,395,413,321,295,260,252,354,289,430,407,292,403,388,409,324,308,282,282,364,317,434,400,304,388,375,399,322,315,297,305,366,337,429,387,311,367,355,382,313,314,305,320,361,350,416,368,311,341,331,360,299,308,306,328,350,355,396,344,304,311,302,331,281,296,301,327,332,351,369,315,292,279,272,300,257,277,289,319,309,339,337,283,275,245,239,264,231,254,270,302,280,319,301,249,252,211,206,227,202,227,245,278,248,292,262,215,225,411,395,409,318,289,250,242,349,278,426,405,286,401,387,405,318,297,265,261,354,296,426,398,293,388,373,394,313,298,273,275,352,310,420,385,295,367,354,377,303,296,277,283,345,315,405,366,292,343,331,354,289,287,274,285,331,315,386,342,283,315,305,327,270,273,265,280,313,308,361,316,269,284,275,297,248,256,252,270,290,295,329,285,252,252,244,265,224,233,234,254,264,275,297,254,229,220,214,231,197,209,211,231,235,250,261,222,206,409,394,408,314,282,241,229,343,266,422,404,279,401,385,400,311,283,246,237,342,274,418,395,280,386,371,387,303,280,247,242,336,277,408,381,277,366,352,369,291,273,244,243,325,277,392,362,269,342,329,346,276,263,238,239,310,271,371,339,259,315,304,319,257,248,227,229,291,261,346,313,244,286,276,291,236,229,213,220,269,248,319,284,227,254,247,261,213,210,197,204,244,229,287,254,206,225,217,229,190,188,176,185,218,209,254,224,185,409,393,404,310,274,231,215,336,252,417,401,272,400,383,394,303,269,225,212,329,249,408,392,266,384,368,378,292,261,219,206,318,244,394,377,257,363,349,358,277,249,211,200,303,236,376,357,246,339,326,335,261,236,200,193,286,227,353,333,231,312,300,309,242,221,189,183,267,214,328,307,217,284,273,281,221,202,174,171,245,200,301,279,199,254,245,252,200,185,160,158,223,185,273,250,182,225,217,223,178,166,144,142,199,168,243,222,162,409,392,401,306,267,220,202,329,239,412,401,264,398,381,387,294,254,206,186,315,224,398,389,250,381,364,368,280,240,191,173,299,209,379,371,237,359,343,346,263,224,177,161,281,196,356,349,221,334,319,321,244,209,164,149,261,182,332,325,206,306,293,294,225,192,152,138,240,169,306,298,189,278,266,267,204,176,139,127,220,156,279,270,173,250,239,239,184,159,127,117,199,144,252,242,157,222,212,213,165,144,113,105,178,130,225,215,141,408,391,398,301,260,210,189,322,227,407,399,257,396,379,381,286,240,186,163,302,200,387,385,237,377,360,359,267,219,164,141,280,177,362,365,217,353,337,332,247,199,146,123,258,157,335,341,198,326,311,304,225,181,131,109,235,141,307,314,180,297,283,276,206,165,119,100,214,129,279,285,163,268,256,249,186,150,108,91,194,118,252,257,148,240,227,222,168,135,98,84,175,108,227,229,134,213,202,197,150,123,90,77,157,99,204,204,121,408,390,396,298,252,200,178,317,216,401,398,250,394,376,376,279,227,169,141,291,179,377,382,225,374,356,350,256,200,140,111,263,146,347,360,199,348,331,319,231,176,118,91,236,122,314,332,175,318,301,287,208,155,103,79,211,106,281,302,156,286,271,256,187,139,93,71,189,96,250,271,140,254,242,227,168,126,84,67,170,89,225,242,126,227,216,202,151,114,79,63,153,82,200,215,114,200,191,180,136,105,73,59,139,77,181,191,105,407,389,394,295,248,194,169,312,206,399,397,246,394,375,372,273,216,154,123,281,161,370,380,214,372,354,343,246,183,119,86,248,120,335,356,183,345,326,308,218,154,94,67,218,94,295,326,155,311,293,270,191,132,82,62,191,82,256,291,135,274,258,234,168,118,77,60,169,77,222,256,121,240,225,204,151,108,73,57,151,73,196,224,111,212,200,182,137,100,69,56,136,70,175,198,102,187,177,163,124,93,66,55,124,67,159,176,94,407,389,393,293,245,190,163,309,200,396,396,243,393,374,370,269,209,144,110,275,148,365,379,208,372,352,339,240,171,102,69,238,101,326,354,171,344,324,302,208,135,81,63,206,81,282,323,141,310,291,261,175,112,78,62,180,75,237,287,122,272,252,215,151,105,76,60,157,73,199,247,110,229,212,182,137,100,73,57,138,71,170,208,103,196,184,162,126,94,69,56,125,69,154,181,96,175,164,148,115,88,66,55,114,66,141,162,90,407,388,393,293,244,188,161,308,199,396,396,241,393,373,369,268,206,140,106,272,143,363,379,204,372,352,338,238,166,96,65,235,95,323,354,167,344,323,302,204,125,81,63,202,77,277,323,137,310,290,260,169,109,78,62,177,75,227,287,119,271,252,214,139,104,76,60,154,73,190,246,106,229,211,171,130,99,73,57,134,71,160,204,101,190,176,154,122,94,69,56,120,69,144,174,95,169,158,141,112,88,66,55,111,66,133,156,89]}