{"c":"36846","n":"小名浜","la":36.946666666666665,"lo":140.90333333333334,"e":3,"t":[3.8,4.0,6.6,11.3,15.2,18.4,21.9,24.1,21.5,16.4,11.1,6.4],"s":[1,1,0,0,0,0,0,0,0,0,0,0],"i":[459,462,496,390,341,297,285,405,330,476,473,343,450,454,496,400,366,336,333,424,378,484,467,367,432,436,484,401,382,367,374,433,417,480,451,384,405,411,463,395,390,389,405,433,445,468,426,391,373,378,433,380,389,401,425,423,462,445,395,390,334,340,395,357,379,403,434,404,466,412,356,379,290,296,349,327,360,395,430,375,459,371,312,360,244,250,296,291,332,376,417,340,438,324,263,333,198,202,241,250,298,349,392,298,409,271,214,299,461,462,496,389,340,294,283,404,328,476,473,341,450,453,495,399,364,331,330,422,374,483,466,365,432,436,484,401,379,360,368,430,411,480,451,380,405,411,463,394,386,380,397,429,437,467,426,387,374,380,434,379,384,391,416,419,451,444,396,385,336,342,396,356,373,391,424,400,455,412,358,373,293,299,351,326,354,382,420,372,447,372,315,354,248,254,301,291,327,363,405,337,426,326,268,327,204,208,248,250,292,335,381,296,396,275,220,292,461,462,494,387,336,289,277,401,322,474,472,338,451,454,493,396,357,321,318,417,363,480,466,358,433,437,480,396,369,344,351,423,394,476,450,370,408,413,462,388,374,360,376,420,416,463,428,374,377,382,433,373,371,367,390,409,426,441,398,370,341,347,397,350,359,364,395,389,426,409,362,358,301,307,355,322,338,353,389,362,417,373,321,338,260,265,309,288,311,333,373,328,396,329,278,311,219,223,260,250,278,305,347,290,365,282,234,278,459,462,492,384,331,281,267,397,313,471,471,332,451,453,488,389,346,305,300,408,345,475,463,347,434,437,476,388,356,323,325,411,368,470,449,356,409,413,457,379,357,333,342,405,384,455,426,356,381,386,430,363,350,335,350,393,390,434,399,349,347,352,396,341,337,329,351,373,387,405,365,336,311,315,358,313,317,317,342,347,373,370,328,316,272,277,314,282,290,296,325,315,352,330,288,290,234,238,271,247,260,269,299,279,322,288,248,259,459,461,488,380,323,271,254,390,301,467,470,325,450,451,483,382,333,287,276,396,322,467,462,334,434,436,470,377,337,296,293,395,337,459,447,337,411,413,450,366,334,300,302,387,345,445,425,334,383,387,423,350,325,298,304,372,345,423,398,324,352,356,392,328,310,289,300,352,338,396,366,309,317,321,354,302,291,275,289,326,324,362,331,289,281,285,316,273,266,256,272,297,303,327,294,265,246,249,276,241,238,231,248,264,276,287,257,237,459,459,484,375,315,260,241,383,287,462,468,317,449,450,476,372,318,265,250,383,297,457,458,318,432,434,461,363,315,267,256,376,301,447,442,315,409,412,440,351,308,263,258,365,301,430,421,307,383,385,413,333,296,258,254,348,296,407,394,296,353,355,381,311,280,246,245,327,286,380,363,279,320,323,348,287,261,231,235,303,271,350,330,260,286,288,311,259,239,214,218,275,252,315,295,237,252,254,275,231,213,192,198,246,229,281,260,212,458,459,480,369,306,248,225,375,272,455,466,308,447,447,468,361,300,243,223,368,269,446,454,301,430,430,449,349,291,235,219,356,263,430,436,292,407,407,426,332,279,227,211,340,254,411,413,279,380,381,398,313,264,215,204,321,246,387,386,264,350,350,367,291,248,202,193,299,231,360,356,247,318,319,334,266,227,188,181,275,219,330,324,227,286,287,301,242,209,173,168,250,200,299,291,208,252,254,266,215,187,155,151,223,183,267,257,186,458,457,476,363,297,235,212,367,257,450,463,298,445,445,459,350,282,220,195,352,240,434,450,284,426,425,436,332,266,204,181,334,224,413,429,268,401,400,409,312,249,189,168,313,210,389,404,250,373,372,379,290,231,175,156,291,195,362,375,231,342,342,348,267,213,162,145,269,182,334,344,214,311,310,315,244,196,148,133,245,168,305,312,196,280,279,282,220,178,135,123,222,155,276,280,178,248,248,252,198,161,122,111,199,140,247,249,160,457,455,473,358,288,224,198,360,243,444,462,290,443,441,451,338,265,198,170,337,214,422,445,267,421,420,423,315,241,174,146,312,188,394,421,244,395,392,391,291,219,154,127,286,166,364,393,221,364,361,357,266,199,138,112,261,149,334,361,200,331,329,323,242,181,125,103,238,136,304,328,182,299,297,291,219,164,112,94,215,124,275,296,165,268,265,260,198,149,103,87,194,114,248,265,150,238,236,229,177,135,94,79,174,104,223,235,136,455,455,470,353,280,214,186,353,231,438,459,282,441,438,444,328,249,178,147,323,189,411,441,252,418,413,411,299,218,146,113,292,153,377,413,221,388,384,373,269,191,123,92,261,127,340,381,194,354,349,333,241,168,106,80,233,110,304,345,172,318,313,296,215,150,95,72,208,98,271,309,153,283,279,262,194,135,87,68,187,91,242,275,139,252,249,233,174,123,81,64,168,85,217,244,126,223,221,208,157,112,76,60,152,80,196,217,114,455,454,467,349,274,206,176,348,221,434,459,277,440,437,438,320,237,162,127,312,169,401,438,240,416,411,401,286,198,123,87,275,124,363,409,202,384,378,358,250,164,96,66,239,95,319,373,170,346,338,310,216,139,83,61,209,82,276,331,146,303,296,266,188,124,78,60,183,77,238,288,130,265,258,231,169,113,74,57,163,73,209,250,119,233,227,204,153,105,70,56,147,70,187,222,109,206,202,183,139,98,67,55,134,68,170,197,102,455,453,466,346,271,200,170,344,214,432,458,273,440,436,436,315,227,151,112,305,154,396,437,231,415,409,397,277,184,104,68,263,102,353,407,188,383,375,350,236,142,80,62,225,79,304,370,153,345,335,297,194,115,78,61,196,73,254,326,129,300,289,240,164,108,76,60,169,72,211,276,115,252,239,200,149,103,73,57,147,70,180,229,108,214,206,177,137,97,70,56,133,69,162,199,102,191,184,162,127,92,67,55,123,67,149,179,95,455,453,466,346,269,199,168,343,212,430,458,271,440,434,434,313,225,146,108,302,149,394,437,227,415,408,396,274,177,97,63,258,95,349,407,183,383,374,349,231,130,80,62,222,75,298,369,147,345,333,296,185,111,78,61,191,73,242,325,125,300,287,238,147,107,76,60,165,72,200,275,110,252,237,184,139,102,73,57,142,70,168,224,105,206,196,165,131,97,70,56,127,69,150,190,99,184,176,153,122,92,67,55,118,67,140,171,94]}