{"c":"40001","n":"三国","la":36.24333333333333,"lo":136.17333333333335,"e":34,"t":[3.2,3.4,6.3,11.7,16.3,20.1,24.1,25.8,21.8,16.3,10.9,6.1],"s":[42,56,8,0,0,0,0,0,0,0,0,9],"i":[463,472,527,407,334,213,150,360,190,444,488,318,453,462,526,418,358,233,163,367,204,449,480,336,434,444,514,421,373,248,173,367,214,444,463,348,405,417,491,413,381,257,180,360,221,430,438,351,370,381,457,398,379,261,183,344,223,405,403,346,330,340,413,374,369,259,182,323,221,375,361,334,285,294,362,342,350,250,177,295,215,336,314,314,237,244,305,303,323,237,168,262,204,292,262,288,189,195,244,258,289,218,157,225,192,244,209,254,463,472,526,405,332,212,150,360,190,444,488,317,453,463,526,417,355,231,162,367,202,448,480,335,434,444,514,419,369,246,172,366,213,442,463,345,405,417,491,412,375,254,178,358,218,428,438,347,373,383,459,396,373,258,180,343,220,405,405,342,332,343,416,373,362,256,179,322,218,375,364,330,289,298,367,341,342,247,174,294,212,337,318,310,242,250,312,302,315,233,165,262,202,294,268,283,196,202,252,259,281,214,154,225,189,247,217,250,463,472,526,404,329,210,148,358,188,442,487,314,454,463,525,413,348,227,159,363,200,445,480,329,434,445,514,413,360,239,167,362,208,438,465,337,409,420,492,405,363,246,172,354,212,425,440,338,377,388,462,390,359,247,173,339,213,401,409,332,340,350,423,366,346,243,171,318,210,373,371,319,299,308,377,336,326,234,165,292,202,338,328,298,256,264,327,299,299,219,156,261,193,297,282,272,213,220,274,259,266,200,144,227,179,254,236,242,463,472,524,400,323,206,145,355,185,438,487,309,454,462,522,405,338,219,154,359,194,440,479,321,436,446,511,405,345,227,159,356,200,433,463,326,411,421,491,395,345,231,162,346,202,419,441,324,382,391,462,379,339,231,161,331,200,397,412,316,347,357,426,355,325,225,158,311,196,369,377,302,309,317,384,327,304,214,151,286,189,336,337,282,270,278,339,293,279,199,142,257,178,299,296,257,231,238,291,257,248,181,130,227,165,260,254,229,463,471,521,395,316,200,142,352,182,436,484,304,453,461,517,397,325,208,147,352,187,434,476,310,436,444,504,392,327,213,150,347,189,425,462,311,413,422,486,382,324,213,150,336,189,409,440,306,384,393,458,364,313,210,147,320,186,388,412,296,352,361,425,342,299,202,142,300,180,361,379,281,317,325,388,314,279,192,135,277,172,330,343,261,280,288,345,283,254,176,125,250,162,296,304,238,244,250,303,250,227,160,113,222,150,261,266,213,463,470,517,389,308,194,138,347,177,430,484,297,451,459,511,386,309,197,139,344,179,426,474,297,434,442,496,378,306,196,139,336,178,413,458,293,413,420,475,363,298,193,136,323,175,397,436,285,385,392,450,346,286,187,131,307,170,375,409,273,354,361,418,323,269,178,125,286,163,349,377,257,321,327,382,297,250,167,118,264,154,319,343,238,287,293,345,268,227,153,108,239,145,288,308,216,252,257,305,238,204,139,98,213,134,254,271,194,462,469,513,383,299,187,133,343,173,426,480,290,451,457,501,374,292,184,131,335,170,417,470,284,433,438,484,361,282,179,127,323,166,401,451,274,409,415,461,344,271,172,122,308,160,381,429,262,382,388,434,322,254,164,115,290,153,358,401,247,352,357,404,300,238,153,109,270,146,332,371,231,319,324,369,275,219,143,102,248,138,304,337,212,286,291,334,249,200,130,93,225,129,274,304,193,254,258,298,222,178,117,84,202,120,245,270,173,462,467,509,376,290,180,129,338,168,422,479,282,449,454,493,361,276,171,123,325,161,407,465,269,429,433,471,342,259,161,115,310,153,387,444,254,404,408,443,321,241,151,109,291,145,363,418,238,375,379,412,298,224,140,102,271,138,337,389,221,344,348,381,273,206,130,94,250,129,311,358,202,312,315,348,250,188,119,87,229,122,283,325,186,280,282,315,225,171,109,80,208,113,254,292,168,249,250,281,200,152,98,73,187,107,227,260,150,461,466,504,370,282,174,125,333,164,417,476,275,447,451,483,349,259,158,114,316,152,397,459,254,425,428,454,324,235,144,105,296,142,372,436,234,397,399,421,297,213,130,97,274,132,343,405,213,366,367,387,271,192,119,89,250,123,314,373,194,333,334,352,246,173,109,82,229,115,285,340,176,300,301,319,221,158,99,76,208,109,258,306,159,268,269,288,199,142,91,70,188,103,231,275,144,237,238,257,179,128,82,64,170,97,208,244,130,461,465,500,365,275,168,121,329,160,413,475,269,445,448,474,338,244,147,108,308,145,388,455,243,421,422,440,306,213,128,96,283,131,357,428,216,390,390,400,273,185,112,86,257,120,323,393,191,355,353,358,242,162,101,79,231,111,289,355,169,317,316,318,215,144,92,74,208,105,258,317,150,283,281,284,192,130,84,69,187,100,229,282,136,250,249,252,173,118,78,64,169,95,206,250,123,222,221,227,156,108,71,59,153,91,185,223,112,459,463,497,361,269,164,119,326,157,409,474,264,444,446,467,328,231,138,102,301,139,381,453,233,419,419,428,291,194,114,88,273,122,346,422,200,386,384,380,252,160,97,79,242,110,306,383,170,346,342,329,215,135,87,74,213,103,266,339,146,302,297,282,185,119,81,71,188,99,229,294,129,262,257,245,164,109,76,67,167,95,202,254,117,229,225,217,149,101,71,62,150,92,180,223,107,202,199,195,135,94,66,57,137,89,163,199,99,459,463,496,358,265,161,117,324,155,408,473,261,443,446,463,323,224,132,98,297,135,377,451,225,418,418,421,281,181,104,82,266,115,339,419,189,385,382,370,236,139,87,77,233,104,295,379,154,345,339,312,190,112,84,74,202,100,249,332,129,298,291,249,157,104,80,71,174,97,208,279,113,248,238,202,141,99,75,67,151,94,176,229,105,208,202,180,130,94,71,62,136,91,158,197,98,184,179,165,122,89,66,57,125,88,145,176,92,459,463,495,357,264,160,115,324,154,408,473,260,443,445,462,321,221,129,97,296,133,376,450,224,418,418,420,278,175,100,80,263,112,338,418,184,384,382,368,231,128,87,77,229,102,292,378,149,344,339,310,180,107,84,74,199,100,242,331,124,298,290,246,137,103,80,71,171,97,200,278,106,247,237,184,129,98,75,67,146,94,167,223,101,199,191,164,122,94,71,62,130,91,149,185,96,175,171,152,115,89,66,57,121,88,138,166,90]}