{"c":"40082","n":"勝山","la":36.038333333333334,"lo":136.52166666666668,"e":196,"t":[1.2,1.5,5.0,11.7,16.8,20.7,24.3,25.7,21.5,15.2,9.4,3.9],"s":[65,77,25,0,0,0,0,0,0,0,0,23],"i":[433,416,474,366,321,223,167,341,208,413,441,304,423,407,472,375,343,246,184,349,224,417,434,321,405,392,461,376,357,263,197,350,237,412,419,332,380,369,440,369,363,273,206,344,246,399,397,335,348,340,409,354,360,278,212,331,250,378,366,331,312,305,372,332,350,276,212,312,250,350,330,319,271,267,328,304,331,268,208,288,246,315,289,301,227,225,279,270,305,252,200,258,237,276,244,276,185,184,225,231,273,233,187,225,224,233,198,246,433,416,473,365,319,223,167,341,206,413,441,303,423,408,472,374,340,244,183,348,223,416,434,319,405,392,461,374,353,261,196,349,235,411,419,329,381,369,441,367,358,271,204,342,244,398,397,332,350,341,412,352,355,275,209,330,248,377,367,327,314,307,374,331,343,273,209,311,247,350,332,315,274,270,331,302,324,264,204,287,242,316,292,297,231,229,283,269,298,249,196,258,233,277,248,272,191,189,231,231,266,229,184,225,220,236,204,242,433,415,473,364,316,220,165,339,204,412,440,300,423,407,471,370,334,239,179,345,219,413,434,314,405,392,461,370,344,252,190,345,229,408,420,322,383,371,441,362,347,261,197,338,236,395,398,323,353,343,413,346,342,263,200,325,239,374,370,317,319,311,379,325,329,259,199,307,237,348,337,305,282,276,338,298,309,250,194,283,231,316,299,286,243,238,294,265,284,235,185,254,222,280,259,261,204,200,248,229,252,214,172,225,209,241,218,231,433,415,471,361,311,216,162,337,202,409,438,296,423,407,468,365,324,231,173,340,212,409,433,307,407,392,458,362,331,240,180,338,220,403,419,311,384,371,438,353,330,245,185,330,224,389,398,309,357,345,413,338,323,245,186,317,225,370,372,302,325,315,381,316,310,239,183,298,222,344,340,288,290,282,344,290,290,227,177,276,215,314,305,269,254,248,304,260,265,213,167,250,204,281,269,246,219,213,262,227,236,193,155,222,192,246,231,219,432,413,469,357,305,210,157,333,197,405,438,290,422,405,463,358,312,219,164,334,204,404,430,296,407,391,451,352,314,225,169,329,208,396,417,297,385,371,434,342,310,225,170,320,209,381,397,292,358,346,409,325,300,222,169,306,208,361,371,282,329,317,379,304,286,215,164,288,202,337,342,269,296,287,346,279,266,204,157,266,196,309,310,250,262,254,308,252,243,188,147,241,186,278,275,227,229,221,270,222,217,171,136,216,174,246,240,202,432,413,466,352,297,202,152,329,192,403,437,284,421,404,459,349,298,206,155,326,195,397,428,284,405,389,445,340,295,206,155,319,195,386,413,281,384,369,426,327,286,204,154,307,193,370,393,272,359,345,401,310,275,198,150,292,189,350,369,261,329,317,373,288,258,188,144,273,183,326,340,245,299,287,341,265,240,177,137,252,175,299,309,227,267,257,307,239,218,163,127,229,167,271,277,206,234,225,271,212,196,147,117,206,157,241,244,185,430,412,462,347,289,196,147,324,187,399,434,277,420,401,451,339,283,193,145,317,184,389,425,271,403,386,436,327,273,188,141,306,180,375,408,262,381,365,413,311,261,180,137,292,175,357,387,250,356,341,389,291,246,172,131,276,170,335,362,236,327,314,361,271,229,162,124,257,163,311,334,221,297,284,330,247,211,150,117,237,156,285,304,202,266,254,298,223,192,138,108,216,148,259,273,184,236,225,266,199,172,124,100,195,140,231,242,165,430,411,458,342,281,188,142,320,181,394,433,270,418,400,444,329,267,178,135,308,174,381,421,258,400,382,424,312,250,168,127,294,166,363,401,244,377,360,399,292,234,158,120,277,158,341,379,227,350,334,372,271,217,146,112,258,151,318,352,212,321,307,343,248,200,136,106,239,144,293,324,195,291,278,313,227,182,125,99,219,138,268,294,178,261,249,282,204,165,113,92,200,131,242,264,161,231,221,252,182,148,102,85,180,125,218,235,144,430,409,455,337,273,181,137,315,176,390,432,264,417,397,436,319,252,165,125,300,164,373,417,245,397,378,411,297,229,149,113,281,152,350,395,225,371,353,382,273,208,135,105,260,142,325,369,204,342,325,351,249,188,123,97,240,134,298,340,187,312,296,319,225,170,112,91,219,127,272,309,170,281,267,289,204,154,102,85,200,122,247,279,154,250,238,261,184,139,94,79,182,117,223,250,139,222,211,233,165,126,85,74,165,112,200,222,125,429,409,451,332,267,175,132,312,172,387,430,258,415,395,429,310,238,152,115,292,155,365,413,233,394,374,400,283,209,132,102,269,140,338,389,208,366,347,365,254,183,114,92,245,128,308,359,184,333,315,328,227,161,103,85,222,120,277,325,163,299,283,292,202,143,94,80,200,114,249,292,146,267,252,261,181,129,86,76,182,111,223,260,132,237,224,233,163,117,79,71,165,108,200,231,120,210,199,209,146,107,73,68,150,105,181,206,109,429,409,449,329,261,170,128,309,168,384,429,254,413,394,424,302,227,142,109,286,148,360,411,224,392,371,390,271,192,117,92,259,130,329,384,193,362,342,350,237,160,98,82,231,117,293,351,165,326,308,305,204,135,87,78,206,110,258,313,143,287,270,264,179,120,81,75,183,107,225,273,127,250,236,229,159,110,76,72,165,105,199,238,114,219,206,204,144,101,72,69,150,104,179,210,106,194,183,183,130,94,67,66,137,102,163,187,97,429,409,448,327,258,167,126,307,166,383,428,250,413,393,421,298,220,135,104,282,143,356,409,218,391,370,385,263,179,105,85,252,122,323,382,183,361,341,342,225,140,86,80,223,111,284,348,151,325,306,292,186,114,83,78,197,107,244,308,128,284,265,238,156,106,79,75,172,106,206,262,113,238,222,197,141,100,75,72,152,104,178,219,105,200,190,175,130,95,71,69,138,103,161,189,98,178,169,160,120,90,66,66,128,102,148,169,92,428,409,447,326,257,166,125,306,165,382,428,250,413,393,420,296,217,133,102,280,141,355,409,215,391,370,384,261,174,101,83,250,119,321,381,178,361,340,340,221,130,86,80,221,108,282,347,146,324,305,290,178,109,83,78,194,107,238,306,124,283,265,235,140,105,79,75,169,106,200,261,108,238,221,181,132,100,75,72,148,104,171,213,102,194,183,162,124,95,71,69,133,103,153,180,96,171,163,149,115,90,66,66,124,102,143,161,91]}