{"c":"40121","n":"大野","la":35.971666666666664,"lo":136.49666666666667,"e":182,"t":[1.1,1.3,5.1,11.9,17.2,21.1,24.7,26.1,21.8,15.4,9.4,3.9],"s":[66,81,34,2,0,0,0,0,0,0,0,25],"i":[428,415,468,365,315,215,162,338,202,413,437,299,418,407,467,374,336,235,177,345,217,416,430,315,401,392,455,375,350,250,189,345,229,412,416,325,376,369,434,368,355,260,197,339,237,399,393,328,345,339,405,353,352,264,200,326,241,378,363,323,309,305,368,331,342,261,200,307,241,350,327,312,269,267,324,303,324,252,197,283,236,316,287,293,225,225,276,269,298,239,189,254,227,277,242,269,184,184,223,229,267,220,177,221,215,235,197,239,428,415,468,365,314,214,161,337,200,412,437,298,418,407,467,373,334,234,176,344,216,416,430,314,401,391,455,373,346,249,187,344,227,409,416,323,377,369,436,366,351,258,195,338,235,397,394,325,346,340,407,351,347,261,198,325,238,377,365,320,311,306,370,330,336,258,198,306,238,350,329,308,272,269,328,302,317,250,194,282,233,316,290,289,231,229,280,268,292,236,186,254,224,279,247,265,190,189,229,229,260,216,174,222,212,238,202,235,428,415,467,363,311,212,159,336,199,411,437,295,418,407,466,369,327,229,172,341,212,413,430,309,401,392,455,369,338,242,181,340,222,408,416,316,379,370,436,361,340,249,188,333,227,395,395,317,349,343,409,346,335,250,190,320,229,374,367,310,316,311,375,324,322,246,189,302,227,348,334,298,279,276,334,297,303,237,184,279,223,317,296,279,241,238,291,264,278,222,175,250,213,281,257,254,202,200,246,229,247,202,163,222,200,243,216,225,428,415,466,360,306,208,156,333,196,409,436,291,418,405,463,364,319,221,166,336,206,409,429,301,401,392,453,361,325,229,173,334,213,401,416,305,380,371,434,352,324,234,177,326,217,389,395,303,353,345,408,337,317,233,177,313,217,369,369,296,321,315,377,315,304,227,174,294,214,344,338,282,287,281,340,289,284,217,168,272,206,315,303,263,252,247,300,259,260,200,159,246,198,282,266,240,216,213,259,227,231,183,147,219,186,247,229,214,426,413,463,356,300,202,152,330,192,405,434,286,418,405,459,357,307,211,159,330,199,403,426,292,401,390,447,351,308,216,162,325,202,395,413,292,381,371,429,341,304,216,163,316,202,381,394,287,354,346,405,324,294,212,161,302,200,361,368,277,325,317,375,304,280,204,157,284,196,337,339,263,293,286,341,278,261,194,150,263,189,310,307,244,259,254,304,250,238,178,140,238,180,279,272,223,225,221,267,221,213,162,130,213,169,248,238,199,426,413,461,351,293,196,148,326,188,401,434,280,417,404,454,348,293,199,150,323,190,397,425,280,401,388,440,340,290,199,150,315,190,386,409,276,380,368,421,326,281,196,148,304,188,370,390,267,354,344,397,309,270,189,144,289,183,350,365,256,325,317,368,288,254,180,138,270,178,326,337,240,295,287,337,264,236,169,131,250,170,300,306,223,264,257,303,238,214,155,122,227,162,272,275,202,231,225,268,212,192,140,112,204,152,243,242,181,426,412,457,346,285,189,143,321,183,398,432,273,415,401,447,338,279,186,140,315,180,389,421,268,399,385,430,326,269,181,137,304,176,375,405,259,377,365,409,310,257,174,132,290,171,357,384,247,352,340,385,290,242,166,127,273,166,336,359,233,323,313,357,270,225,155,120,254,159,312,331,217,293,284,326,247,208,144,112,235,152,287,301,200,263,254,294,223,189,132,105,214,144,260,271,181,233,225,263,199,169,119,97,193,137,234,240,162,425,411,454,341,277,182,138,317,178,394,430,267,413,399,440,328,263,173,131,306,170,381,417,254,396,381,420,311,248,163,124,291,163,363,399,241,373,359,395,292,231,153,117,275,155,341,376,225,346,334,368,271,215,142,111,256,149,318,349,209,318,306,339,248,197,132,103,237,142,294,321,192,288,278,310,227,180,121,97,218,135,269,292,176,258,248,279,204,163,111,90,199,129,244,262,159,229,221,249,182,146,99,83,179,123,220,233,142,425,409,450,336,270,176,133,313,173,390,428,261,412,397,432,318,249,160,122,298,161,373,413,242,392,377,407,296,227,145,112,279,150,350,392,223,367,353,378,273,206,132,103,259,141,325,366,204,338,325,348,249,186,120,96,238,133,299,337,185,308,296,316,225,168,110,90,219,126,273,307,168,278,267,286,204,153,100,84,200,121,248,277,152,248,238,258,183,138,92,79,182,115,225,248,138,220,211,229,164,124,83,73,165,112,202,220,124,424,409,447,332,263,170,129,309,169,387,426,254,409,395,425,309,236,149,114,290,153,365,409,231,389,374,396,283,208,130,101,267,139,338,386,206,362,346,362,254,182,113,92,244,128,308,357,183,330,315,325,227,160,102,85,221,120,278,323,163,296,283,290,202,143,93,80,200,114,250,290,146,264,252,259,181,129,85,76,182,111,225,258,132,235,224,231,163,115,79,72,165,108,204,229,119,208,199,206,146,106,72,68,151,106,184,204,108,424,409,445,329,258,166,126,306,166,384,426,250,409,394,420,302,225,140,108,284,147,360,408,222,388,371,387,271,191,115,92,258,129,329,382,192,359,342,347,237,159,98,83,231,117,294,349,165,323,307,303,204,135,87,79,206,111,259,311,143,284,270,262,179,120,82,76,184,108,227,272,127,248,236,229,159,110,77,73,165,106,202,237,114,218,206,202,144,102,72,69,150,104,182,209,106,192,183,182,130,94,67,66,138,103,166,186,97,424,408,443,327,254,163,124,305,164,383,425,248,409,393,417,298,218,133,104,280,142,356,405,216,387,370,382,263,179,105,86,252,122,323,380,182,358,341,339,225,141,87,81,223,111,286,346,151,322,305,290,186,115,84,79,197,108,245,306,128,281,265,237,157,106,80,76,173,107,209,261,113,237,222,197,141,101,76,73,152,105,180,219,106,200,190,175,130,95,71,69,139,104,164,189,99,177,169,159,120,90,66,66,129,102,151,169,92,424,408,443,326,254,162,123,304,163,382,425,247,409,393,416,296,215,131,102,279,141,355,405,214,387,370,380,261,174,101,84,250,120,322,379,178,357,340,337,221,131,87,81,221,109,283,345,147,321,305,288,178,110,84,79,194,108,240,305,124,281,265,235,141,106,80,76,170,107,202,260,109,236,221,181,132,101,76,73,149,105,173,213,103,193,183,162,124,95,71,69,134,104,156,179,97,171,163,149,115,90,66,66,125,102,146,161,91]}