{"c":"40221","n":"古河","la":36.20166666666667,"lo":139.71666666666667,"e":20,"t":[3.3,4.2,7.6,13.3,17.9,21.2,24.8,26.3,22.4,16.6,10.6,5.5],"s":[2,2,0,0,0,0,0,0,0,0,0,0],"i":[403,405,432,331,311,288,285,373,329,438,413,310,394,397,430,338,332,325,333,390,375,445,407,331,378,382,420,338,345,354,372,398,413,441,393,346,355,360,401,331,350,374,401,398,438,429,372,352,327,331,375,318,348,385,421,389,455,407,344,350,293,298,342,298,338,387,429,372,458,377,311,341,256,260,302,273,320,378,425,346,450,340,273,324,217,220,258,243,295,361,411,314,430,296,231,299,178,179,211,209,264,334,385,276,399,248,189,269,403,405,430,331,310,286,283,372,327,438,413,309,394,397,430,337,330,322,329,388,372,444,407,330,378,382,420,337,342,350,366,396,407,441,393,343,356,360,401,330,347,369,394,395,433,428,372,348,328,332,375,316,344,379,411,386,447,405,345,346,295,300,343,297,333,379,418,369,449,377,313,336,259,263,304,272,315,371,413,344,440,340,275,319,220,224,262,242,289,352,399,312,420,298,235,295,183,185,216,209,258,326,373,275,388,252,195,264,403,404,430,329,307,282,277,369,321,436,412,306,394,397,428,335,324,313,317,383,361,441,405,324,378,382,417,333,334,337,349,389,391,437,392,334,357,361,400,326,337,352,372,387,412,425,373,338,330,334,374,312,332,360,386,376,422,403,346,334,299,304,344,292,320,358,389,359,421,375,315,323,265,269,307,268,301,347,382,334,409,340,280,305,229,233,268,239,276,328,365,303,388,301,243,281,194,197,225,208,246,302,339,268,357,258,206,252,401,404,428,327,302,275,268,365,313,433,412,301,394,396,424,330,315,300,299,375,343,436,405,315,379,382,413,327,321,318,323,378,366,430,392,322,358,362,395,318,321,329,338,373,380,417,372,323,333,337,372,304,314,332,346,362,385,397,347,317,303,308,342,285,301,328,346,343,381,369,318,305,272,276,309,261,282,317,336,319,367,338,285,287,239,242,272,234,258,297,318,290,345,301,250,263,206,209,234,204,229,271,292,257,315,262,216,236,401,404,426,324,296,266,256,359,301,429,409,295,393,395,420,324,304,283,276,364,321,429,403,304,379,381,408,319,305,294,291,363,335,422,389,306,359,362,390,309,302,300,299,356,341,407,370,304,334,337,366,293,293,299,300,342,341,387,346,295,307,310,339,275,278,292,296,324,334,361,319,282,277,280,307,252,260,280,284,300,318,330,288,264,245,248,273,227,237,261,266,273,297,297,256,242,215,217,239,200,212,238,243,243,271,261,223,217,401,403,423,320,289,256,242,352,287,425,409,288,392,394,415,317,290,263,250,352,296,420,400,290,377,379,400,309,287,267,254,346,299,409,386,288,358,360,382,296,279,266,256,335,299,394,367,281,334,337,358,281,268,262,252,320,292,373,343,270,307,310,330,261,252,252,242,300,282,347,316,254,279,281,301,240,235,240,231,278,267,319,287,238,249,252,269,216,214,223,214,252,247,287,257,217,219,221,237,192,191,202,194,225,225,254,225,195,401,401,420,315,281,244,227,345,273,420,407,280,391,392,409,308,275,242,224,338,268,411,397,275,375,376,392,297,267,237,219,327,263,396,381,267,355,356,371,282,254,231,211,312,252,377,361,256,331,333,347,265,240,223,202,294,244,355,337,243,305,306,319,246,225,212,191,274,229,329,310,227,277,278,290,225,206,198,179,252,216,301,282,210,249,250,261,202,189,184,165,229,198,273,252,192,220,221,231,181,168,167,149,204,180,243,224,172,400,401,416,311,273,233,214,338,258,415,405,272,389,390,401,300,260,220,197,324,241,400,394,260,373,373,382,285,245,208,182,307,224,381,376,246,351,351,358,267,229,195,169,288,209,358,354,231,327,327,332,248,213,183,156,268,194,333,328,215,300,300,304,227,196,172,144,247,180,307,301,199,271,272,275,208,180,158,132,225,166,279,273,182,244,244,246,187,162,147,122,204,152,252,245,165,216,217,219,168,146,134,109,183,138,225,217,149,400,400,413,307,266,221,200,331,244,409,404,265,388,387,395,292,246,199,172,310,215,389,390,245,369,368,371,273,224,178,148,287,188,364,370,225,346,345,344,252,204,161,129,263,166,337,345,204,319,318,315,229,185,146,113,240,149,308,317,187,291,290,285,209,168,134,103,219,135,280,288,170,262,261,256,189,152,123,94,198,123,254,260,155,235,233,229,171,137,113,86,178,112,227,231,141,209,206,202,153,125,104,78,160,103,204,206,127,399,399,411,304,260,212,189,325,231,405,403,258,386,385,390,284,231,179,149,297,191,380,387,231,367,365,362,261,204,150,117,269,155,349,365,204,341,338,330,236,180,128,94,240,127,316,337,181,312,308,296,212,159,112,81,215,110,283,305,161,281,277,263,190,142,102,72,192,98,252,274,145,250,247,234,171,128,94,68,173,91,225,244,131,223,220,208,153,115,88,63,155,84,200,217,119,197,195,185,137,106,82,61,140,79,181,192,109,399,398,409,301,254,204,179,320,223,401,401,252,386,384,385,278,222,163,130,287,171,372,385,221,365,362,355,250,188,126,90,252,126,337,361,189,338,334,318,222,158,100,68,221,96,297,330,160,306,300,278,194,134,87,62,193,82,258,295,138,270,264,241,170,120,81,60,170,76,223,258,124,236,229,209,152,109,77,59,152,73,196,225,112,208,202,185,138,101,73,56,137,70,175,199,104,184,180,166,125,94,70,56,125,68,159,176,96,399,398,408,299,250,198,173,317,216,399,401,250,385,383,383,274,215,151,115,280,157,367,384,213,365,361,351,245,176,107,71,242,104,329,359,176,338,332,313,212,139,82,62,209,80,284,328,144,305,298,269,178,113,80,61,182,73,239,291,124,268,259,221,152,106,77,60,158,72,199,249,112,227,216,185,138,100,74,59,139,70,170,209,104,194,186,164,127,95,71,56,125,69,153,181,97,172,166,149,117,89,68,56,114,67,141,162,91,399,398,408,298,250,196,171,315,214,398,401,248,385,383,383,273,212,147,112,278,152,366,384,211,365,360,351,243,171,101,65,238,97,325,359,172,338,331,312,209,129,82,62,204,75,279,327,140,306,297,268,172,109,80,61,178,73,229,290,120,268,258,220,140,105,77,60,155,72,191,249,107,227,215,173,131,100,74,59,134,70,161,204,102,188,178,154,122,94,71,56,120,69,144,174,96,167,159,142,113,89,68,56,112,67,133,156,90]}