{"c":"40248","n":"敦賀","la":35.653333333333336,"lo":136.06166666666667,"e":2,"t":[4.5,4.7,7.7,13.3,17.8,21.6,25.7,27.3,23.3,17.6,12.4,7.4],"s":[27,27,7,0,0,0,0,0,0,0,0,7],"i":[428,429,483,372,323,223,166,340,192,413,446,306,418,420,480,381,344,245,182,346,206,416,438,323,400,403,470,382,358,261,194,346,216,411,424,334,375,379,448,375,364,271,202,339,222,397,401,337,344,348,417,360,361,275,206,325,224,375,370,332,308,312,377,337,350,273,206,305,221,346,333,320,268,272,332,308,331,264,200,279,214,311,291,301,225,227,281,273,305,250,192,248,202,270,245,276,183,185,225,233,273,229,178,214,188,227,198,245,428,429,483,372,322,222,165,339,192,413,446,305,418,420,480,380,342,243,181,346,204,416,440,322,400,403,469,380,354,259,193,345,215,409,424,331,376,380,448,373,359,268,200,338,220,396,401,333,346,350,418,358,356,272,204,324,221,375,371,328,310,314,380,336,344,269,202,304,218,346,335,316,271,275,336,307,325,260,198,278,211,311,294,297,229,233,286,272,298,246,188,248,200,272,250,272,189,191,234,234,265,225,175,215,185,229,204,242,428,428,482,370,318,220,163,337,190,411,446,303,418,420,480,376,335,238,177,343,200,413,438,317,401,404,469,376,346,250,187,341,209,407,425,324,378,381,449,368,348,259,193,334,213,393,403,325,349,353,421,352,343,261,195,319,213,372,374,318,315,319,385,330,330,256,193,300,209,345,340,305,278,282,343,302,310,246,187,275,200,311,301,286,240,243,298,269,284,231,177,246,190,274,260,261,202,204,250,233,252,211,163,215,174,235,219,231,428,428,480,367,313,216,160,335,187,409,445,298,418,419,476,371,326,229,171,338,196,409,438,309,401,404,467,368,332,239,178,335,200,401,424,313,379,382,447,359,331,243,181,326,202,388,403,311,352,355,421,343,324,243,181,312,200,367,376,303,321,324,388,321,310,237,178,292,195,340,344,289,286,289,349,295,290,225,170,269,186,310,308,270,250,254,309,263,265,210,160,242,174,275,271,246,216,218,265,231,236,191,146,213,160,240,233,219,426,426,478,363,307,210,156,331,183,405,444,293,417,418,474,364,314,219,163,332,188,403,436,299,401,403,461,358,315,224,166,326,190,394,422,299,380,382,443,347,312,224,167,316,189,379,401,294,354,356,417,330,301,220,165,301,186,359,376,284,324,327,386,309,287,213,159,282,179,334,346,270,292,295,352,283,267,200,151,259,169,305,313,250,259,261,313,254,243,186,140,234,157,273,278,227,225,227,275,225,217,168,128,206,144,240,242,202,426,426,475,358,299,202,151,328,178,401,443,287,417,417,468,355,300,206,153,324,179,397,434,287,400,401,454,346,296,206,153,316,178,385,418,283,380,380,434,332,288,202,151,304,175,369,398,274,354,356,409,315,276,197,146,288,169,348,373,262,325,327,380,293,259,187,140,269,161,323,344,246,295,296,347,269,241,176,131,247,151,295,313,229,263,265,313,243,218,161,121,223,140,266,280,206,231,233,276,215,196,146,110,199,128,235,247,186,426,426,471,353,291,196,146,323,174,398,441,280,415,415,461,344,285,193,143,316,170,389,430,274,398,398,445,332,275,187,139,304,165,374,413,265,377,376,422,316,263,180,134,290,159,355,392,252,352,352,397,296,247,172,128,272,151,333,367,238,323,324,368,275,231,161,120,252,143,308,338,222,293,294,336,250,212,150,112,231,133,281,308,204,263,263,303,227,193,137,102,210,123,254,277,185,233,233,271,202,172,123,93,188,112,227,246,166,425,425,468,347,283,189,141,319,169,394,438,273,413,412,453,334,269,179,133,307,161,380,426,261,396,394,433,317,252,168,125,292,152,362,408,246,373,371,407,297,236,158,118,274,144,340,384,229,346,345,379,276,219,146,110,254,135,316,357,213,318,316,350,252,200,136,102,235,126,290,328,197,288,287,319,231,183,125,95,215,117,264,298,179,258,256,288,208,166,113,86,194,108,238,267,163,229,227,256,185,148,102,79,174,100,212,238,145,425,423,463,342,276,182,136,315,164,390,437,267,412,409,445,324,254,165,124,299,152,372,422,248,392,390,420,302,231,150,112,279,141,349,401,227,367,364,390,278,210,136,103,259,129,323,374,208,339,335,358,252,189,124,95,237,120,296,344,189,308,305,326,229,171,112,87,216,111,269,313,171,278,275,295,206,155,103,81,196,103,243,283,155,248,246,265,186,140,94,74,177,96,218,252,140,220,217,237,167,126,85,68,159,89,195,225,126,425,423,461,338,269,176,131,311,160,387,436,261,411,408,438,315,240,153,114,291,145,365,419,236,390,386,408,288,212,133,101,268,129,337,394,211,362,357,372,258,185,115,90,244,117,306,364,187,330,325,334,229,162,104,82,219,108,275,330,165,296,291,298,204,144,94,76,197,100,246,295,148,264,260,265,184,130,86,71,177,94,220,263,133,235,229,237,165,118,80,66,160,88,197,234,121,208,204,212,148,108,73,61,144,82,176,208,110,424,422,458,335,264,171,128,308,157,384,434,256,409,407,432,307,229,144,108,285,138,359,416,227,388,383,398,275,194,119,91,258,120,328,390,196,359,353,356,241,162,99,80,231,107,292,356,167,324,316,311,208,137,88,75,204,99,256,317,144,285,277,268,181,121,82,72,180,94,222,277,128,248,241,233,161,111,77,68,160,89,196,241,115,218,211,206,145,102,72,64,144,84,174,212,107,192,187,186,132,95,68,59,131,80,157,188,98,424,422,457,333,260,168,125,306,155,383,434,254,409,405,429,303,222,137,104,281,134,356,415,221,387,382,393,268,182,107,84,252,113,322,387,186,358,351,348,229,143,88,78,223,101,283,353,153,323,314,297,189,115,84,75,195,96,242,312,130,282,272,242,158,106,80,72,169,92,204,265,114,238,227,199,142,101,76,68,147,88,174,221,106,200,193,176,130,96,72,64,132,84,156,190,99,177,171,161,121,90,67,59,121,79,142,170,93,424,422,457,332,259,167,125,306,154,382,434,252,409,405,428,301,219,134,102,280,132,355,413,218,387,382,391,265,176,103,82,250,111,321,387,181,358,351,347,225,132,88,78,220,100,281,352,148,322,314,296,181,110,84,75,192,96,236,311,125,282,272,240,141,106,80,72,166,92,199,264,109,237,225,183,132,101,76,68,143,88,167,215,103,194,185,163,125,96,72,64,127,84,148,180,97,171,165,150,117,90,67,59,117,79,137,162,91]}