{"c":"40281","n":"下妻","la":36.166666666666664,"lo":139.94666666666666,"e":20,"t":[2.7,3.6,7.0,12.6,17.3,20.5,24.0,25.4,21.9,16.1,10.1,4.9],"s":[2,1,0,0,0,0,0,0,0,0,0,0],"i":[396,401,444,332,302,272,274,366,318,429,413,302,388,393,442,339,321,305,319,381,362,434,408,322,372,378,432,339,333,331,355,389,397,430,394,334,350,356,413,332,338,348,382,388,421,418,373,340,322,328,385,319,336,357,400,379,436,397,345,337,290,295,351,299,325,357,407,361,438,368,312,327,252,259,310,273,308,348,403,336,430,331,274,310,215,219,264,243,284,331,389,305,411,289,233,286,177,179,215,209,254,306,365,267,381,243,190,256,396,401,443,332,301,270,272,365,316,428,413,301,387,393,442,338,319,301,315,380,359,433,407,319,372,378,432,338,331,325,350,387,392,430,394,331,350,356,412,331,335,340,375,385,415,417,373,335,323,329,386,317,331,348,391,376,428,396,346,332,291,297,352,298,321,347,397,358,430,368,313,322,256,261,312,273,303,337,393,333,421,332,276,304,218,222,268,243,279,319,378,302,401,291,236,280,181,184,221,209,248,294,354,266,371,246,195,250,396,401,442,330,298,266,267,362,311,426,413,298,388,393,440,335,314,292,304,375,348,430,407,314,372,378,429,334,323,311,334,380,377,426,393,323,352,358,411,327,325,323,355,377,396,413,374,325,325,331,385,313,320,327,367,366,405,393,347,320,295,301,353,293,309,324,370,348,404,366,316,308,261,267,315,269,290,313,363,324,392,332,281,290,227,231,275,240,265,294,347,294,372,293,244,266,192,196,231,208,237,268,322,259,342,252,206,238,396,400,440,328,294,259,258,358,303,424,412,293,387,393,436,331,305,279,287,367,331,426,405,305,373,379,426,328,311,293,309,369,352,421,392,311,352,358,407,319,311,300,323,364,366,407,373,310,328,334,383,305,303,300,331,352,370,388,348,303,299,305,351,286,291,294,329,334,366,361,318,290,268,273,317,262,272,281,320,310,352,329,286,272,235,240,279,235,249,262,303,281,331,293,252,249,202,206,240,206,222,237,278,249,302,254,217,222,395,400,438,325,288,250,247,352,291,420,411,288,387,392,432,325,295,263,265,357,310,419,403,294,372,378,420,319,296,270,280,355,324,412,390,295,353,358,401,309,292,272,287,347,329,398,371,291,329,334,376,294,283,269,287,334,328,377,346,282,302,308,348,275,269,259,282,315,321,352,319,268,272,277,315,252,250,246,271,292,306,322,288,250,241,246,281,227,229,227,254,265,286,290,256,227,211,215,246,200,204,204,231,236,260,254,224,202,395,399,434,321,281,241,234,346,279,416,409,281,386,390,426,317,282,244,242,345,287,411,401,281,371,376,412,309,279,245,246,338,290,401,386,278,352,357,393,297,271,241,246,328,289,385,367,270,328,333,368,281,260,234,242,312,283,364,343,259,302,307,340,262,245,223,233,293,272,339,316,243,274,279,310,241,227,209,221,271,258,311,288,225,245,249,277,217,206,192,204,245,238,280,257,204,215,219,244,193,185,172,186,219,217,249,225,183,394,398,430,316,274,229,220,339,265,411,408,273,385,388,420,309,268,225,217,332,261,401,398,267,369,373,401,298,259,218,212,321,254,388,381,258,350,353,381,283,248,209,204,306,246,369,361,247,326,330,356,266,234,198,196,288,236,347,337,233,300,304,328,247,219,186,185,268,222,322,311,217,273,276,298,225,200,172,173,246,209,294,282,199,244,248,268,204,183,158,159,223,191,266,254,182,216,219,237,181,163,141,143,199,174,237,224,162,394,397,428,312,266,220,206,332,250,405,405,266,383,386,413,301,254,206,191,318,235,392,394,252,367,369,392,286,239,192,177,302,219,373,376,239,346,348,367,268,224,177,164,283,204,350,354,223,321,323,341,249,208,164,151,263,189,326,328,206,295,297,312,229,191,151,140,242,176,300,301,190,267,269,283,209,175,138,129,221,162,273,273,174,240,242,252,188,158,126,118,199,149,247,245,157,213,215,225,168,142,112,106,178,135,221,218,141,393,396,424,308,259,210,195,326,238,401,404,259,381,384,405,292,240,187,168,305,210,381,390,240,363,365,381,273,219,166,145,283,185,357,370,219,341,342,353,252,199,148,126,260,164,330,345,200,314,315,322,231,181,133,112,237,146,302,317,181,287,287,292,210,165,120,102,215,133,275,288,165,258,259,263,190,149,108,93,195,121,249,260,149,231,231,235,171,135,99,85,176,112,224,231,135,204,206,208,153,122,90,77,157,102,200,206,122,392,395,421,304,252,202,184,320,227,396,403,252,380,382,400,285,227,171,146,294,187,372,387,227,361,361,371,261,200,142,115,265,153,343,365,202,336,335,338,237,177,121,94,238,127,310,336,178,307,306,303,212,156,105,81,213,110,278,305,158,277,275,269,190,140,94,73,190,98,248,273,142,247,245,238,171,126,86,69,171,90,222,244,128,220,218,212,154,114,80,64,154,84,198,217,115,194,193,189,138,105,74,61,139,79,178,192,105,392,395,420,301,248,196,175,315,217,393,401,248,379,380,395,279,217,157,129,284,169,365,385,218,360,359,363,252,185,122,90,250,125,331,361,186,333,331,325,222,156,97,69,219,97,293,330,159,302,298,284,194,133,85,63,192,83,254,294,137,267,262,245,171,119,79,61,170,77,221,258,123,234,229,213,153,109,75,60,151,74,194,225,112,206,202,188,138,100,71,57,137,71,174,198,103,182,179,168,125,93,67,56,124,68,157,176,95,392,394,419,300,245,191,169,312,211,391,401,246,379,379,393,275,211,148,115,278,155,361,384,211,359,358,360,245,174,107,73,241,105,323,359,175,333,329,319,212,138,83,64,208,81,281,327,144,301,296,274,178,113,80,63,181,75,237,290,124,265,257,224,153,106,78,61,158,73,198,248,112,225,215,186,138,100,74,60,139,71,170,209,104,192,185,165,127,94,71,57,125,69,153,181,97,170,165,150,117,89,67,56,114,67,140,162,91,392,394,419,299,244,190,167,311,209,390,401,244,379,379,393,274,208,144,112,275,150,359,384,209,359,357,359,244,169,100,67,237,98,320,359,171,333,329,319,209,129,83,64,204,77,276,327,140,301,294,273,172,110,80,63,178,75,227,290,121,265,256,223,140,105,78,61,155,73,190,248,107,225,214,173,131,100,74,60,134,71,161,204,102,186,177,155,122,94,71,57,120,69,144,173,96,166,159,143,113,89,67,56,111,67,133,156,90]}