{"c":"40311","n":"鉾田","la":36.166666666666664,"lo":140.52666666666667,"e":32,"t":[2.6,3.3,6.5,11.7,16.0,19.1,23.0,24.8,21.4,15.8,10.1,4.9],"s":[1,1,0,0,0,0,0,0,0,0,0,0],"i":[438,448,482,370,316,267,267,379,303,440,455,317,429,438,480,379,337,299,310,394,344,446,450,338,411,421,470,380,351,324,346,401,377,442,434,352,386,396,449,373,357,341,372,399,400,429,409,357,354,364,418,358,354,350,389,388,413,407,379,354,317,326,380,336,344,350,396,369,416,377,341,343,276,283,335,307,326,342,392,342,408,339,298,325,231,238,284,272,300,325,379,309,389,295,250,299,188,192,229,233,269,300,355,269,361,247,202,267,438,448,482,369,315,265,265,378,302,438,455,316,429,438,480,377,335,295,306,393,341,445,449,336,412,422,470,378,348,318,340,399,373,441,434,348,387,397,449,371,353,334,365,396,395,428,411,353,356,365,419,356,350,341,381,386,407,405,380,349,319,328,382,334,339,340,387,366,408,376,343,338,279,287,337,306,321,331,383,340,400,339,301,319,236,242,289,273,295,313,369,307,381,297,256,294,194,198,236,234,263,289,345,269,352,250,210,262,438,448,480,367,312,261,260,376,297,438,455,313,430,438,479,374,329,286,296,388,332,442,449,330,413,422,467,374,339,305,325,392,359,438,434,339,389,399,447,366,342,317,346,389,377,425,412,342,359,369,419,351,338,321,358,377,385,403,382,337,325,334,384,329,326,318,361,358,384,375,348,325,286,295,342,302,307,307,354,331,373,340,308,305,247,254,297,270,281,289,339,300,353,300,266,280,208,214,250,234,250,264,315,264,325,257,224,250,438,447,478,364,307,254,250,372,289,434,455,308,430,438,475,369,320,273,280,381,316,438,448,321,413,423,463,367,327,287,301,382,336,432,433,327,391,400,443,358,327,294,315,376,348,418,411,326,363,373,417,342,320,294,322,363,352,398,384,319,330,340,382,321,307,289,321,344,348,370,351,306,296,304,345,295,288,277,312,319,335,338,315,287,259,266,303,265,263,258,296,288,315,301,276,262,223,229,261,231,235,233,271,254,287,262,237,234,438,446,475,360,301,245,240,366,278,430,454,302,429,438,469,362,309,258,259,370,296,430,445,309,413,422,457,357,310,265,273,368,309,423,430,311,391,401,437,346,307,267,280,360,314,409,409,307,365,374,409,330,298,264,280,345,313,388,383,297,335,344,379,310,284,254,276,326,306,362,353,283,302,310,343,285,265,242,265,301,292,331,318,264,267,275,306,257,242,224,248,273,272,298,283,241,234,240,267,225,217,202,225,243,247,262,247,215,438,446,472,356,293,236,227,360,266,426,451,295,429,436,463,353,295,240,236,359,274,422,442,296,413,420,447,344,292,240,240,352,277,412,426,292,391,399,426,332,284,236,240,340,276,396,405,284,365,373,401,315,273,229,236,324,270,374,380,273,336,344,370,294,258,219,227,304,260,349,350,257,305,312,338,271,239,206,216,281,246,320,318,238,272,279,302,244,218,189,200,254,227,288,284,217,240,245,266,218,195,169,182,227,206,256,250,194,438,445,468,350,285,225,214,353,252,422,450,287,426,434,455,343,279,221,211,346,249,413,438,281,409,417,437,331,271,213,206,334,244,398,421,272,388,395,413,315,259,206,199,318,235,379,399,260,362,369,387,297,245,195,191,300,225,357,373,245,334,340,357,276,229,183,180,279,213,331,343,229,304,309,324,252,211,169,169,256,200,303,312,211,272,278,292,229,193,155,156,233,183,275,281,192,241,246,258,202,172,139,140,208,166,244,248,171,437,443,463,345,277,216,200,346,240,417,448,279,425,430,447,332,264,202,186,332,225,403,434,266,407,413,425,316,249,188,172,315,210,383,415,250,384,389,398,297,233,174,160,295,196,360,390,235,357,362,369,275,217,161,148,274,182,336,363,218,327,332,338,254,199,149,137,252,169,309,333,200,297,301,306,231,183,136,126,231,156,282,302,183,267,271,274,209,165,124,115,208,143,254,271,166,237,241,244,187,149,111,104,187,129,227,241,149,437,442,459,340,270,206,189,340,227,412,446,272,424,429,438,322,249,184,163,319,200,392,430,252,403,408,412,300,227,163,141,296,177,367,408,229,378,381,381,277,206,145,123,272,158,340,380,209,349,351,348,252,187,130,109,248,141,311,349,190,318,320,315,229,171,117,100,225,128,283,317,173,287,289,283,208,155,107,91,204,117,256,286,156,256,258,252,188,140,97,83,184,108,229,256,142,227,229,224,168,127,88,76,165,98,206,227,128,436,442,457,336,263,198,178,334,217,407,445,265,422,426,433,313,235,167,142,307,180,383,426,238,400,403,400,286,206,140,112,278,148,352,401,211,372,373,363,257,182,118,91,249,123,319,370,186,340,339,325,229,160,103,79,223,106,286,335,165,306,304,288,206,143,93,71,199,95,254,299,147,272,271,254,185,129,84,67,179,88,227,266,133,242,242,225,166,118,78,62,161,82,204,236,121,214,214,200,149,108,72,59,145,77,183,210,110,436,441,455,332,258,192,170,329,208,404,444,260,421,425,426,305,225,154,125,298,162,375,424,227,399,400,391,274,190,120,88,263,122,340,397,195,369,368,348,240,159,95,67,229,94,301,362,165,332,329,302,206,135,83,61,202,82,261,321,142,292,288,259,181,120,77,60,177,76,225,280,126,254,250,224,161,110,73,57,157,72,199,243,114,224,221,198,146,101,69,56,142,69,178,214,106,199,196,176,133,95,66,54,129,67,161,190,98,436,440,454,330,254,188,164,326,202,401,443,257,421,423,425,300,217,145,112,291,150,370,423,221,398,398,387,265,177,104,70,252,103,332,394,182,368,366,342,227,139,81,62,219,80,288,359,149,332,326,290,187,113,79,61,190,74,243,316,127,290,282,234,158,106,76,60,164,72,202,269,112,244,234,193,142,100,73,57,143,70,173,223,105,206,200,170,131,95,69,56,128,68,155,192,98,184,178,155,121,89,66,54,118,66,143,172,92,436,440,453,329,252,186,162,325,200,401,443,256,421,423,424,299,214,141,108,289,145,369,423,218,398,397,386,263,172,98,65,249,96,329,394,178,368,364,341,223,129,81,62,215,76,283,358,144,332,325,289,179,109,79,61,186,74,233,315,122,290,280,233,141,105,76,60,160,72,194,268,107,244,231,178,133,100,73,57,138,70,163,218,102,200,190,158,125,94,69,56,123,68,145,183,96,178,169,146,117,89,66,54,113,66,135,165,91]}