{"c":"40317","n":"小浜","la":35.483333333333334,"lo":135.78166666666667,"e":10,"t":[3.6,3.8,7.0,12.7,17.4,21.3,25.3,26.7,22.6,16.7,11.4,6.4],"s":[25,30,5,0,0,0,0,0,0,0,0,7],"i":[430,438,480,357,301,206,165,333,187,405,450,288,420,429,479,365,319,224,181,338,200,408,443,303,401,412,468,365,330,238,194,337,210,401,426,311,377,387,446,357,334,246,202,329,215,387,403,312,345,355,415,343,330,248,206,315,217,365,372,307,309,317,375,321,320,245,204,295,214,336,334,295,268,276,330,293,302,237,200,269,206,301,291,277,225,229,280,260,278,223,191,239,196,262,245,254,182,186,225,223,248,204,177,206,182,219,198,225,430,438,480,356,300,206,165,332,187,405,450,287,420,429,479,363,317,223,180,338,199,407,443,301,401,412,467,363,327,236,192,336,208,400,426,309,377,388,446,355,330,243,199,328,213,386,404,309,347,356,417,341,325,245,202,314,214,365,373,304,311,319,378,319,314,242,202,294,211,336,336,292,271,279,334,292,296,233,197,269,204,302,295,274,229,236,285,259,271,219,187,239,193,263,250,250,188,192,233,223,242,200,174,206,178,221,204,222,430,438,480,354,297,204,163,331,185,404,450,285,420,429,478,360,311,219,176,335,196,404,442,297,403,413,467,359,319,229,186,333,202,398,428,302,379,389,447,351,320,235,192,324,206,384,405,302,350,360,419,335,314,235,194,310,206,362,376,295,316,325,383,314,302,231,192,290,202,335,341,282,279,287,342,288,283,221,186,266,194,302,303,264,240,247,296,256,259,206,176,238,183,266,261,240,202,206,250,222,229,188,162,206,169,227,220,213,430,438,479,352,292,200,160,328,182,401,449,281,420,429,476,355,303,212,170,331,190,401,442,290,404,413,463,352,308,219,177,327,195,393,426,293,381,391,445,342,306,221,181,318,197,379,405,290,354,363,418,327,298,220,181,303,194,358,378,282,322,331,386,305,285,214,177,284,189,332,346,268,287,295,347,280,265,202,169,260,180,301,310,250,250,258,307,250,243,188,159,234,169,267,272,227,216,222,264,220,215,171,145,206,154,231,234,202,429,437,476,348,287,195,155,325,178,399,448,277,420,428,472,348,292,202,162,325,183,396,440,281,404,412,459,342,293,206,166,319,185,386,425,280,382,391,441,332,288,204,166,309,184,371,405,275,356,364,415,315,278,200,164,293,180,350,378,265,326,334,384,295,264,193,159,274,173,325,348,250,294,301,350,270,245,182,150,252,164,297,315,231,260,267,311,243,223,168,140,227,152,265,279,211,225,231,273,214,199,151,127,200,139,233,244,188,429,437,473,343,281,189,151,322,174,395,446,271,419,426,466,340,280,191,153,318,175,389,437,271,403,409,451,331,276,190,152,310,174,378,422,266,381,389,432,318,268,187,150,297,170,361,401,257,356,364,408,301,256,180,145,281,164,340,376,246,327,334,378,280,240,171,139,262,156,315,346,229,296,303,345,257,223,160,130,241,146,288,315,213,265,271,311,231,200,146,120,218,136,260,282,193,231,238,275,204,180,132,109,193,124,229,248,173,428,436,470,339,274,183,146,318,170,392,445,265,417,424,459,331,267,180,143,310,166,382,434,259,401,407,443,319,258,175,139,299,162,367,417,250,379,385,421,303,246,167,134,284,155,349,395,239,354,360,395,283,231,159,127,267,148,327,369,225,325,331,367,263,215,148,120,248,139,302,341,209,294,300,335,240,198,138,111,227,130,276,310,192,264,269,302,217,179,125,102,204,120,248,278,174,234,238,269,193,160,112,93,183,110,221,247,155,428,434,466,334,267,177,140,314,165,388,443,259,416,422,451,321,254,168,133,302,158,374,430,248,398,403,430,305,239,158,125,288,149,356,411,234,375,379,405,286,223,148,118,270,141,334,387,219,348,352,377,265,206,137,110,250,132,310,359,202,319,323,348,243,190,127,102,231,123,285,330,187,289,293,318,221,173,117,94,211,114,259,300,170,259,262,286,200,156,106,86,191,106,233,269,154,229,233,254,177,139,95,78,171,97,208,239,137,426,433,463,329,260,171,135,310,161,384,441,254,413,420,444,312,241,156,124,295,150,367,426,237,395,399,418,291,220,142,112,276,138,344,404,218,369,373,388,268,200,129,103,256,128,319,377,199,341,343,356,245,181,118,94,235,118,292,347,181,310,312,324,222,164,108,87,214,110,265,315,165,279,281,294,200,149,98,80,194,102,239,285,149,249,250,264,180,134,90,73,175,95,215,254,135,221,222,236,161,121,81,68,157,88,192,225,121,426,433,459,325,254,166,131,306,157,381,438,249,413,417,437,304,229,147,114,288,142,360,422,227,392,394,407,278,202,128,101,265,128,333,398,202,364,365,371,250,179,112,90,242,115,303,367,181,332,332,334,224,158,101,82,218,107,272,332,161,298,297,297,200,141,92,76,196,99,243,297,145,266,265,264,179,127,85,71,176,93,217,265,130,236,235,236,161,114,78,66,159,87,194,235,118,208,208,211,144,105,71,61,143,82,174,209,107,426,432,457,323,250,162,128,304,154,379,438,245,412,416,430,297,219,138,108,282,136,355,420,218,390,392,397,267,188,115,91,257,119,325,393,191,361,360,356,235,159,99,80,229,106,290,359,164,326,323,310,204,136,88,75,204,99,254,319,143,286,282,268,178,121,82,71,180,94,221,279,127,249,245,233,159,111,77,68,160,89,194,242,115,218,215,206,143,102,72,63,144,84,173,213,106,193,190,185,130,94,67,59,130,80,156,189,97,426,432,455,321,247,159,125,302,152,377,438,242,412,415,428,293,214,133,104,279,132,352,418,213,390,391,392,261,178,106,84,250,112,319,391,182,360,359,348,224,143,89,78,223,102,282,356,152,325,321,297,187,118,85,75,196,96,241,314,130,284,277,242,158,109,81,71,170,93,204,268,115,239,229,199,141,103,76,68,148,88,173,223,107,200,195,176,130,97,71,63,132,84,155,191,99,178,173,160,120,91,66,59,121,79,141,170,92,426,432,455,320,246,158,125,302,152,377,438,242,412,415,426,292,211,130,102,278,131,351,418,211,389,391,391,258,173,103,82,249,111,318,390,178,360,359,346,221,134,89,78,221,100,280,355,148,324,321,296,180,112,85,75,193,96,237,313,126,283,277,240,142,108,81,71,167,93,199,267,110,238,229,183,133,103,76,68,144,88,167,217,104,194,187,163,125,97,71,63,128,84,148,181,98,171,166,150,115,91,66,59,117,79,136,162,91]}