{"c":"41091","n":"黒磯","la":36.98166666666667,"lo":140.01833333333335,"e":343,"t":[0.6,1.1,4.3,10.2,15.0,18.6,22.1,23.4,19.7,13.9,8.1,3.1],"s":[4,14,3,0,0,0,0,0,0,0,0,2],"i":[395,369,384,315,301,267,252,350,290,433,382,294,387,362,382,321,321,301,293,365,329,440,377,314,372,349,374,321,334,327,326,372,360,437,365,327,350,331,358,315,339,345,351,372,382,425,346,333,323,306,335,302,337,354,367,363,395,405,322,331,291,277,307,284,327,355,373,347,397,376,292,322,256,245,274,260,310,347,370,323,390,340,258,306,218,210,236,231,287,331,358,294,374,297,221,283,180,174,197,200,257,306,336,259,348,250,183,254,395,369,383,314,300,265,250,349,289,433,382,293,387,362,382,320,319,297,289,363,326,438,377,312,372,349,373,320,331,321,321,370,356,437,365,324,351,330,357,313,336,337,344,369,376,424,346,329,324,307,335,300,333,345,359,360,388,404,322,326,293,278,308,282,323,345,365,344,390,376,293,317,258,246,275,259,305,336,361,320,382,340,260,300,221,212,239,231,281,319,348,291,365,299,224,277,184,177,200,200,250,294,326,257,339,252,187,248,395,368,382,313,297,261,246,347,284,430,382,290,387,362,380,317,313,287,279,359,317,436,376,306,372,349,371,316,323,307,307,363,342,433,364,315,352,331,356,309,326,319,326,361,359,421,346,318,326,307,334,296,321,325,337,351,367,401,322,314,296,280,307,277,310,322,340,334,367,373,294,303,263,250,276,254,292,311,334,311,357,339,263,286,227,218,242,227,268,293,320,283,339,301,229,263,194,186,206,198,239,268,298,250,313,259,195,235,394,368,381,311,292,254,238,343,277,428,381,285,386,361,377,313,305,274,264,351,302,430,375,297,372,348,368,310,311,289,284,353,321,426,363,303,352,330,352,302,311,296,297,348,333,413,345,303,328,308,331,288,304,297,304,338,337,394,322,296,299,282,304,270,292,292,303,320,333,367,295,285,269,254,276,248,274,280,295,298,321,336,266,267,236,224,244,223,250,261,279,271,303,300,235,245,204,194,211,195,224,237,257,240,278,262,202,219,394,367,379,307,286,245,227,338,267,424,380,280,386,360,373,307,294,258,245,342,284,424,373,286,371,347,363,302,295,266,258,340,295,417,361,288,352,330,347,292,292,269,264,333,300,403,343,284,328,308,325,278,283,265,265,320,300,383,321,276,302,283,301,260,270,257,261,302,293,359,295,262,272,256,273,239,252,244,250,280,280,328,267,245,242,227,244,215,229,225,235,254,262,296,238,224,212,199,213,190,206,204,215,227,240,260,208,200,393,366,376,304,279,236,216,332,254,420,379,273,384,358,369,301,281,240,224,331,263,416,371,274,370,345,356,293,278,241,227,325,265,405,357,270,351,327,340,281,270,237,227,314,265,390,339,263,327,306,319,266,260,231,224,299,259,369,317,252,302,282,294,248,245,220,215,281,250,344,292,237,274,256,268,227,227,206,204,260,237,317,266,221,244,229,240,204,206,191,191,236,220,285,238,200,215,200,211,182,186,171,173,211,200,254,209,179,393,365,374,300,272,225,204,325,243,415,377,266,383,356,364,293,266,221,200,318,240,405,368,260,368,342,349,282,258,213,196,308,235,391,353,250,348,324,331,268,247,206,189,293,227,373,334,240,325,302,309,252,233,195,182,277,218,351,312,227,298,278,285,234,218,184,172,258,206,326,287,212,271,252,259,213,200,169,161,237,194,299,261,194,244,227,233,193,183,156,149,215,179,271,234,177,215,200,206,171,163,139,134,192,163,241,206,158,392,364,371,296,265,215,192,319,231,409,376,258,381,354,359,285,252,200,178,306,217,395,365,246,365,339,341,271,237,187,165,290,202,376,348,231,344,319,320,254,222,174,153,272,190,353,328,217,319,297,297,236,206,160,142,252,177,329,304,200,293,272,273,217,190,148,132,233,165,303,279,185,266,247,247,198,174,135,122,213,153,277,252,169,239,221,221,178,158,124,112,193,141,250,227,153,212,197,197,159,142,111,100,173,129,224,202,138,391,363,369,292,257,204,180,312,220,404,374,252,379,352,353,277,238,182,156,293,195,384,362,233,361,335,333,260,217,161,136,272,173,360,343,213,338,314,309,240,197,144,120,250,154,332,320,194,312,290,284,220,179,129,107,229,140,304,295,176,285,264,258,200,163,117,98,209,128,277,269,160,257,238,231,181,148,106,90,189,118,250,242,145,229,213,208,163,134,97,83,171,109,225,217,131,204,189,184,146,122,88,75,153,100,202,192,118,391,363,366,289,250,197,171,307,210,400,373,246,378,350,349,271,225,166,137,282,175,375,359,220,359,332,326,249,199,138,110,256,145,344,339,195,334,309,298,225,175,117,91,229,123,312,314,172,305,282,269,202,154,102,80,206,108,279,285,153,275,254,241,182,139,92,72,185,98,249,256,138,246,227,215,164,125,84,68,167,91,223,229,124,219,202,191,148,113,78,64,151,86,200,204,112,194,179,171,132,104,72,60,136,81,180,181,103,390,362,365,286,246,190,163,303,202,396,372,241,377,349,345,265,215,152,121,273,159,367,357,211,357,330,320,240,182,118,88,242,121,332,336,180,331,305,289,213,153,94,70,213,97,293,308,153,299,275,256,187,131,83,65,188,86,254,277,134,265,244,223,165,118,78,63,166,81,221,244,120,231,214,197,148,108,74,61,149,78,195,214,110,204,190,175,134,100,70,59,135,75,175,190,101,182,168,156,122,93,66,56,123,72,159,169,94,390,362,364,285,243,186,157,300,196,394,372,238,377,348,344,262,208,143,109,267,147,362,356,204,357,329,317,234,171,102,72,233,104,324,334,169,330,304,285,204,135,81,66,202,84,280,306,140,299,273,248,172,112,79,65,177,79,236,273,121,262,240,208,149,105,76,63,155,78,198,237,110,223,202,178,135,100,73,61,137,76,170,200,103,191,177,159,125,94,70,59,125,73,154,176,96,171,158,144,114,88,66,56,114,71,141,158,90,390,362,364,284,242,185,155,299,194,393,372,237,377,348,343,261,204,139,105,265,143,360,356,200,357,328,316,233,166,96,68,229,98,321,334,165,330,303,284,200,125,81,66,199,81,275,306,136,298,273,247,167,109,79,65,174,79,225,273,118,262,239,206,139,104,76,63,152,78,189,236,106,223,202,169,130,99,73,61,134,76,160,198,101,186,171,152,121,94,70,59,121,73,145,170,95,166,153,140,112,88,66,56,112,71,134,153,89]}