{"c":"41116","n":"土呂部","la":36.89333333333333,"lo":139.56833333333333,"e":925,"t":[-4.2,-3.7,-0.2,6.1,11.2,15.1,18.8,19.9,15.9,9.4,3.8,-1.3],"s":[77,88,66,6,0,0,0,0,0,0,2,28],"i":[400,381,390,302,295,261,234,344,267,434,390,286,392,374,389,308,314,292,268,357,299,441,385,304,376,361,380,307,326,317,297,363,326,438,372,317,355,341,364,301,331,334,319,362,346,428,353,322,327,315,341,288,329,342,333,354,358,409,328,320,294,285,312,271,319,343,339,339,364,383,297,311,258,250,278,248,302,335,337,317,362,350,262,295,220,214,240,222,279,319,327,290,352,312,225,273,181,177,199,192,250,296,310,259,334,269,186,246,400,381,390,302,294,259,231,344,266,434,390,285,392,374,389,307,312,288,265,356,297,440,385,302,377,361,380,306,323,311,292,361,322,438,372,313,355,341,363,299,327,326,313,360,341,426,353,318,328,316,341,287,324,334,326,351,353,409,328,315,296,286,313,269,314,333,332,336,358,383,298,306,260,252,279,247,297,325,329,315,355,350,264,290,223,217,242,221,274,308,319,288,344,313,227,267,185,181,202,191,244,284,301,257,327,272,190,240,400,381,389,300,291,254,227,341,262,432,390,282,392,374,388,304,306,279,257,352,289,437,385,297,377,361,379,302,315,298,280,356,311,434,372,305,356,342,363,295,318,310,297,353,327,424,354,308,330,317,341,282,313,314,308,344,336,405,329,303,300,289,314,264,302,311,311,328,338,381,301,293,266,257,282,243,284,301,306,307,334,350,268,276,231,224,247,217,261,283,295,281,323,315,234,254,196,191,211,189,233,260,277,252,306,277,199,227,400,380,388,298,287,247,221,338,256,429,389,277,392,373,385,300,298,267,244,345,277,432,383,288,377,360,376,297,304,280,261,347,294,428,371,294,357,341,360,288,303,287,273,342,305,417,353,293,332,319,340,275,297,288,279,332,311,399,330,287,303,291,313,258,285,283,279,316,311,375,302,275,272,262,284,236,267,271,273,296,305,347,272,258,239,231,250,212,244,252,260,271,293,315,240,236,206,199,218,186,218,229,242,244,277,280,208,211,399,379,386,295,281,240,213,333,248,425,388,272,391,372,382,295,288,250,227,337,262,425,382,278,376,359,372,290,289,259,238,335,273,419,369,279,357,341,356,280,286,261,244,328,279,407,351,276,333,318,335,266,277,258,245,316,280,389,329,267,306,293,311,248,263,249,242,300,278,367,303,254,276,264,283,227,246,237,235,280,271,339,274,237,245,235,252,204,224,220,222,258,260,311,244,216,214,206,222,181,200,199,204,233,245,279,214,193,399,379,384,292,274,229,202,328,239,421,387,266,390,370,378,289,275,234,209,327,245,417,379,266,375,357,366,281,272,235,212,321,248,408,366,263,356,338,350,269,264,231,213,312,250,394,348,254,332,316,329,254,254,225,210,298,247,376,326,244,306,291,304,237,239,214,204,281,243,353,300,229,277,265,279,217,222,200,196,263,235,329,273,214,248,237,250,195,202,186,184,241,225,301,245,194,218,208,221,174,181,167,170,219,213,273,215,174,398,378,382,288,267,221,192,322,229,416,386,259,388,368,373,282,261,216,190,316,227,408,376,252,373,354,359,271,252,209,186,306,223,395,362,244,353,335,341,257,242,200,180,293,218,378,343,234,329,313,320,242,227,191,174,278,214,358,321,220,302,288,296,224,214,179,166,261,206,336,295,206,275,261,269,204,196,166,158,242,200,312,269,189,247,235,243,185,179,152,148,223,191,287,242,172,218,208,216,164,160,137,136,202,183,262,214,153,397,377,379,285,260,211,182,317,219,411,384,252,386,366,367,274,248,197,170,305,208,398,373,240,370,350,351,261,233,184,159,290,198,380,357,225,348,330,330,245,219,171,149,274,189,360,336,211,324,307,308,227,202,158,140,257,181,338,313,196,297,281,283,209,187,146,132,239,174,315,287,180,269,254,258,190,171,133,124,221,168,291,261,165,242,229,231,171,155,122,117,202,161,268,234,149,215,202,206,153,139,110,108,186,155,245,208,134,397,376,376,281,252,200,172,311,210,407,383,245,385,364,362,267,234,179,152,294,190,388,370,227,366,346,342,250,214,159,134,275,174,365,352,208,343,324,319,231,195,142,121,254,160,340,329,190,317,299,293,212,177,128,110,235,151,314,303,173,289,273,268,193,161,115,103,217,144,290,276,157,260,246,242,174,147,106,97,200,139,267,250,142,233,220,218,157,132,97,92,183,136,245,223,129,206,195,194,141,120,88,87,168,133,225,199,115,396,375,374,278,247,193,164,306,202,401,382,240,383,362,357,261,222,164,135,284,175,379,367,216,364,343,334,241,196,137,112,260,151,351,347,191,338,319,307,219,173,117,96,237,135,320,321,170,309,290,278,197,153,103,87,215,126,290,293,151,278,262,250,177,138,93,82,196,121,263,263,136,249,234,223,160,125,85,79,179,119,240,235,123,221,208,200,144,112,79,76,165,118,220,210,112,196,185,179,128,103,73,75,153,119,204,187,102,396,374,372,276,242,187,157,303,196,399,381,235,382,361,353,256,212,151,122,276,162,372,365,206,362,341,328,233,181,118,93,248,132,339,344,177,335,315,297,206,153,95,78,221,114,303,316,152,303,284,263,183,131,84,75,198,109,267,283,133,268,250,231,161,118,79,74,178,108,236,250,119,235,220,204,145,108,75,73,163,109,213,219,109,206,194,182,131,100,71,72,150,111,196,194,101,183,172,163,119,93,68,72,140,112,183,173,93,396,374,371,275,240,183,152,300,191,397,380,231,382,360,351,252,206,142,112,271,152,367,364,200,362,339,324,227,170,103,80,240,119,331,342,167,335,313,292,199,136,83,75,212,105,291,313,139,302,282,254,170,113,81,75,188,103,250,279,121,265,246,214,147,106,78,74,168,105,214,242,110,225,208,183,134,100,75,73,151,107,189,204,103,193,180,164,123,94,71,72,140,110,176,179,96,172,161,149,112,88,68,72,132,112,166,161,90,396,374,371,274,238,182,151,299,190,396,380,231,382,360,350,252,202,138,109,269,149,366,364,198,362,339,323,225,165,98,76,237,113,329,341,163,335,312,290,197,126,83,75,209,102,287,312,135,302,281,252,165,110,81,75,185,103,241,279,118,265,245,211,138,105,78,74,165,105,206,241,107,225,206,172,129,100,75,73,148,107,180,200,101,188,174,155,120,94,71,72,136,110,167,172,95,167,156,142,111,88,68,72,129,112,160,155,89]}