{"c":"41142","n":"甲府","la":35.666666666666664,"lo":138.55333333333334,"e":273,"t":[2.8,4.2,8.0,13.9,18.3,21.9,25.4,26.6,22.8,16.5,10.4,5.0],"s":[5,3,1,0,0,0,0,0,0,0,0,0],"i":[465,480,512,389,347,312,295,417,341,491,486,350,454,469,511,399,372,354,345,434,389,498,478,375,434,450,499,400,388,387,386,444,428,494,461,392,407,423,476,392,395,411,416,442,455,479,434,399,372,387,443,377,393,423,436,430,471,454,401,398,332,346,401,353,382,425,444,409,474,420,360,387,287,300,352,322,362,417,440,381,465,377,313,367,240,250,298,286,333,397,425,343,445,327,263,339,193,200,240,244,298,368,398,300,412,272,211,303,466,480,512,389,346,311,293,416,339,490,486,348,454,470,511,398,369,351,340,433,385,497,478,373,434,451,499,398,384,382,379,441,422,493,461,388,407,423,476,391,390,404,407,438,447,478,434,395,374,389,444,375,387,416,425,428,462,454,403,392,334,348,404,352,375,417,432,407,463,420,362,381,291,304,356,322,355,407,426,377,454,378,317,361,245,254,304,285,326,387,411,341,433,329,268,333,200,206,248,245,290,358,384,298,400,276,218,298,466,479,512,387,342,305,287,413,333,488,486,345,455,470,509,394,362,340,328,428,373,494,478,366,436,451,498,394,374,367,361,433,404,488,462,378,409,426,478,386,378,385,384,430,425,475,438,383,378,393,447,369,374,393,398,417,434,450,405,379,341,355,409,346,360,392,401,397,434,418,369,366,300,313,365,317,339,380,393,368,422,379,326,345,257,268,318,283,311,359,376,333,400,333,281,317,216,225,267,245,276,330,348,293,367,285,236,284,465,479,509,384,337,297,277,408,323,484,484,339,455,470,507,388,352,326,309,419,354,488,476,355,437,451,496,386,360,346,333,421,378,482,462,364,412,428,476,376,360,358,349,416,392,467,438,365,383,398,448,360,353,363,357,401,397,444,409,359,348,362,413,337,339,358,355,381,392,413,374,345,310,323,373,310,317,346,345,354,378,377,335,324,271,283,329,277,290,324,326,320,355,335,294,297,233,242,283,243,259,296,298,283,324,291,252,266,465,479,508,379,329,287,265,401,311,480,484,332,455,468,504,381,339,306,285,407,332,480,475,342,438,451,491,375,341,319,300,405,346,472,459,345,413,429,472,364,338,326,308,397,352,455,438,343,385,399,444,346,328,325,308,381,351,432,409,333,353,367,413,325,312,318,304,361,343,404,377,318,318,331,375,298,292,305,291,334,327,369,341,298,281,292,335,269,266,284,272,303,305,332,303,273,245,254,294,237,238,259,248,270,278,292,265,244,463,478,505,375,321,276,250,395,297,475,482,324,454,467,498,371,323,284,259,394,306,470,473,326,437,450,483,363,320,289,262,387,309,458,457,324,413,426,463,349,311,288,263,375,308,441,434,316,386,399,437,331,299,284,258,358,301,417,408,305,355,367,405,308,282,273,249,335,290,388,376,288,322,333,372,284,262,260,236,311,274,357,342,269,287,298,335,254,239,242,218,282,254,321,307,245,252,261,296,227,214,219,198,252,231,285,270,220,463,476,501,369,312,263,235,387,282,469,480,315,453,463,491,361,305,261,231,379,277,459,469,309,434,446,473,348,296,256,225,366,271,442,451,300,411,423,450,331,283,249,216,349,261,421,428,288,384,395,424,311,267,240,208,330,250,396,401,272,353,363,394,289,250,227,195,307,236,368,370,256,321,330,360,264,229,214,183,283,221,337,337,236,288,296,326,239,210,198,168,257,202,304,303,216,254,263,291,213,187,179,151,229,185,272,269,193,463,475,497,363,303,250,221,379,267,463,479,305,451,462,482,350,288,236,202,363,249,447,465,291,430,442,461,332,270,222,186,344,231,425,445,275,407,416,434,312,252,208,172,323,215,399,419,258,378,387,405,289,235,195,159,300,200,371,390,240,346,355,374,266,215,183,146,277,184,342,359,221,314,322,342,243,197,168,134,252,171,311,326,202,282,288,308,218,179,156,123,229,156,281,293,185,250,257,276,196,161,142,110,204,142,250,261,166,463,474,493,358,294,237,206,371,252,457,476,296,449,459,473,339,271,212,177,348,222,434,461,274,426,437,447,316,246,189,151,322,194,405,437,250,400,408,416,291,223,169,131,295,171,374,408,227,369,375,383,266,200,153,114,269,152,342,376,206,336,342,349,241,182,140,104,245,138,311,342,188,302,308,316,217,165,128,94,221,126,281,309,170,270,275,285,196,149,119,86,200,114,252,277,154,240,244,254,176,135,109,79,179,106,225,246,140,462,473,488,354,287,225,194,364,240,451,475,289,447,457,466,329,254,190,153,334,197,423,457,258,424,432,434,300,223,157,119,301,159,388,430,227,394,399,397,270,194,133,94,269,131,350,397,199,359,363,357,241,170,115,80,240,112,312,360,176,322,325,319,215,151,104,71,214,100,277,322,157,287,289,284,193,136,95,67,192,92,247,287,141,254,256,254,173,123,90,62,173,86,221,254,129,225,227,227,155,112,83,60,156,81,198,227,117,462,473,487,350,281,217,185,359,231,448,474,283,446,455,459,321,243,172,134,323,177,415,454,245,422,428,423,288,202,130,91,284,129,374,425,206,390,393,380,252,168,100,67,247,97,328,388,173,351,352,332,217,141,86,60,215,82,283,345,148,308,307,286,189,124,80,57,188,77,243,300,131,268,266,249,168,112,76,56,167,74,212,261,119,235,234,221,152,105,72,56,150,71,189,229,110,206,206,199,138,98,70,55,137,70,171,204,102,461,472,484,347,277,211,178,355,224,446,473,279,446,454,455,316,234,158,119,315,163,409,451,236,421,426,417,279,189,109,71,271,108,364,422,193,389,392,370,238,146,79,60,233,80,313,384,154,349,349,316,196,117,77,59,200,73,261,338,130,304,301,257,164,107,75,57,172,72,215,287,115,254,248,213,147,102,73,56,149,71,181,238,107,214,210,188,136,97,70,56,134,70,162,204,101,189,187,172,126,92,68,55,124,68,149,183,95,461,472,484,346,276,209,176,354,222,445,472,277,445,454,454,314,231,153,114,312,157,407,451,233,420,426,415,276,183,101,65,267,100,361,421,187,388,391,367,234,134,79,60,229,75,308,382,149,348,348,313,187,110,77,59,196,73,250,336,125,303,300,252,146,106,75,57,168,72,204,285,109,252,247,193,137,101,73,56,144,71,170,231,104,204,200,172,129,97,70,56,128,70,151,192,98,181,178,159,121,92,68,55,119,68,140,172,93]}