{"c":"41171","n":"今市","la":36.72666666666667,"lo":139.67666666666668,"e":414,"t":[0.3,0.8,4.2,10.1,14.8,18.3,21.7,23.0,19.3,13.6,7.9,2.8],"s":[7,17,8,0,0,0,0,0,0,0,0,1],"i":[389,376,389,309,295,277,271,356,306,438,385,294,381,369,387,315,314,312,317,371,349,444,379,313,366,356,378,314,326,339,354,379,383,441,367,327,345,336,362,308,331,358,382,379,407,429,348,332,319,311,339,295,329,368,400,371,421,408,323,331,287,281,310,277,319,369,408,355,425,379,293,322,252,247,276,254,302,361,405,331,418,342,259,306,215,211,238,225,279,344,391,301,401,300,221,283,177,175,197,196,250,318,368,266,373,252,183,254,389,376,388,308,294,275,269,355,305,437,384,292,381,369,387,314,312,307,313,370,346,443,379,311,367,356,378,313,324,333,348,377,378,440,367,323,346,336,362,306,328,350,375,376,401,428,348,328,319,312,339,293,325,358,391,368,413,407,323,325,288,282,311,275,314,358,398,351,417,379,294,316,254,249,277,252,297,349,394,328,409,343,260,300,218,214,240,225,273,331,380,298,391,301,224,277,182,178,200,195,244,306,356,264,364,256,187,248,389,375,387,307,292,270,264,352,300,434,384,289,381,369,385,311,307,297,302,365,335,440,378,305,367,355,376,309,316,318,332,370,363,437,366,314,347,337,360,302,318,331,354,368,382,425,348,317,321,313,338,289,314,337,367,358,392,404,324,313,292,285,311,271,302,334,370,342,392,376,296,302,259,252,279,248,284,323,364,318,382,342,264,285,225,221,244,222,261,304,349,290,363,303,229,262,191,188,208,193,233,278,324,257,335,261,196,235,389,375,386,305,287,262,254,348,292,432,383,285,381,368,382,307,299,284,285,357,319,434,377,296,367,355,373,304,305,299,307,359,340,430,365,302,347,336,356,295,304,307,322,355,353,417,346,302,323,314,335,282,297,308,330,344,358,398,324,296,295,287,308,264,285,302,329,327,355,371,297,284,265,258,279,242,267,290,320,304,343,340,267,266,233,227,246,217,244,271,304,277,323,303,236,244,200,196,213,190,218,245,279,246,297,265,204,218,388,374,384,302,281,252,244,342,281,429,382,279,380,367,378,302,288,267,263,347,299,428,375,286,366,354,367,296,289,275,277,346,312,421,363,287,347,336,351,286,286,278,285,338,318,407,345,283,323,313,329,272,277,275,286,325,318,387,322,275,297,288,305,254,263,266,282,308,312,362,297,261,268,261,276,233,246,252,271,285,298,331,268,244,238,231,246,210,224,234,254,260,280,299,238,223,208,202,216,185,200,211,231,231,256,264,209,199,388,373,381,298,275,243,231,336,268,424,381,272,379,365,374,295,276,247,240,335,277,420,373,273,365,352,361,287,273,248,243,329,280,409,359,269,346,334,344,275,265,245,244,319,280,394,341,262,323,312,323,261,254,238,240,304,274,373,319,250,297,287,298,242,239,227,231,286,265,348,294,236,269,261,271,222,222,214,221,265,252,320,267,219,241,233,243,200,202,197,204,240,234,289,239,200,212,204,214,178,181,176,186,215,214,257,210,178,387,372,379,294,268,231,217,330,254,419,379,265,377,363,369,288,262,227,214,323,252,409,370,259,363,349,354,277,254,220,209,312,246,395,355,250,343,330,335,263,243,212,200,298,238,377,336,239,320,308,313,247,229,200,194,281,229,354,314,225,294,284,288,229,214,189,183,262,217,329,289,211,267,258,262,209,196,174,172,241,204,302,262,193,240,231,236,189,179,160,158,219,189,274,236,176,212,204,208,168,160,143,143,196,173,245,208,157,387,371,376,291,261,221,204,323,242,413,378,258,376,361,363,280,248,206,188,309,227,399,367,245,360,345,345,266,234,193,174,293,212,380,350,231,339,325,324,250,219,178,162,275,198,357,329,216,315,302,301,231,204,165,150,256,185,333,306,200,289,278,276,213,187,152,138,236,172,307,281,184,262,252,250,194,172,138,128,216,160,280,254,168,235,225,223,175,155,127,117,195,148,254,227,152,209,200,199,156,140,113,105,175,135,227,202,136,386,371,373,287,254,211,191,316,229,408,377,250,374,359,358,273,235,187,165,297,202,388,364,231,356,342,337,256,215,165,142,275,179,363,345,212,334,320,313,236,195,147,124,252,160,336,322,193,308,295,287,217,177,132,110,231,144,308,297,175,281,269,260,197,162,119,100,211,132,281,270,159,254,243,235,178,147,108,92,191,122,254,244,144,227,217,210,160,132,98,84,173,112,229,218,130,200,192,186,143,120,90,77,155,104,206,193,118,385,370,371,284,248,202,180,311,219,404,375,245,373,357,353,267,223,170,143,285,182,379,361,220,354,338,329,245,197,141,112,258,149,348,341,194,330,314,302,223,173,119,92,231,125,315,315,172,301,287,272,200,154,103,79,208,110,282,287,152,272,258,243,180,138,93,72,187,100,252,258,137,243,231,217,162,125,84,68,168,93,225,229,124,216,206,193,146,112,79,63,152,88,202,204,112,191,182,172,131,103,73,60,138,83,183,182,102,385,369,370,282,243,196,171,306,210,400,375,240,372,356,350,261,213,156,125,276,164,371,359,210,353,336,324,237,181,120,88,244,123,336,338,179,327,311,292,211,153,95,68,214,97,296,310,153,296,280,258,185,131,83,62,189,85,258,278,133,262,248,225,164,118,77,61,167,81,224,245,120,229,217,198,147,108,73,59,150,78,198,215,110,202,192,176,133,100,70,56,136,76,177,190,101,180,170,157,120,93,66,56,124,74,161,169,93,385,369,369,280,240,191,165,303,204,398,374,237,372,355,348,258,206,146,112,270,151,366,358,202,352,335,321,231,170,103,70,234,104,327,336,169,326,309,288,202,136,81,63,204,83,284,308,140,295,278,250,172,113,79,62,178,78,239,275,121,260,243,210,149,106,76,61,156,77,200,238,110,221,204,179,135,100,73,59,138,76,172,202,103,190,178,160,124,94,70,56,125,74,155,176,96,169,159,145,113,88,66,56,115,73,143,158,90,385,369,369,280,239,190,163,302,202,397,374,236,372,355,348,257,204,142,108,267,146,364,358,200,352,335,320,229,166,97,65,231,98,325,336,164,326,309,287,200,127,81,63,200,80,279,307,136,295,277,250,166,110,79,62,175,78,229,274,118,260,242,209,139,105,76,61,153,77,192,237,106,221,204,169,130,100,73,59,134,76,162,198,101,185,172,152,121,94,70,56,121,74,146,170,95,164,154,140,112,88,66,56,112,73,136,153,89]}