{"c":"41181","n":"塩谷","la":36.75666666666667,"lo":139.88333333333333,"e":225,"t":[0.9,1.6,5.0,11.0,15.8,19.3,22.8,24.1,20.3,14.4,8.4,3.3],"s":[1,1,1,0,0,0,0,0,0,0,0,0],"i":[392,371,391,312,299,275,264,354,305,433,385,295,384,364,390,318,318,310,307,370,346,438,379,315,369,351,381,318,331,337,342,378,380,436,367,328,348,332,365,311,336,356,369,377,404,424,348,334,321,307,341,298,334,366,386,369,417,403,323,333,289,278,312,280,324,367,393,353,420,374,293,323,254,245,278,257,307,359,390,329,412,338,259,307,216,210,240,229,283,341,377,299,394,295,222,285,178,174,199,198,254,316,354,263,365,248,183,256,392,371,390,311,298,273,262,353,303,432,384,294,384,364,389,317,317,306,303,368,343,438,379,313,369,351,380,317,328,331,337,376,375,434,367,325,348,332,364,310,333,348,362,375,398,423,348,330,321,308,341,297,330,356,378,366,409,401,323,327,290,279,313,279,319,356,384,349,412,374,294,318,256,247,279,256,302,347,380,326,403,338,260,301,219,212,242,227,278,329,366,296,385,296,224,278,183,177,202,197,248,304,343,261,356,250,187,250,392,370,390,310,295,268,257,351,298,430,384,291,384,364,387,314,311,296,293,363,334,434,378,307,369,350,378,313,320,316,322,369,361,432,366,316,349,332,362,306,323,329,342,366,379,420,348,319,323,309,340,292,318,335,354,356,388,399,324,315,294,281,313,274,307,332,357,340,387,371,296,304,261,250,280,250,289,321,351,316,376,338,264,287,227,218,246,225,265,302,336,287,356,299,229,264,193,186,209,196,236,276,312,254,328,256,196,236,392,370,388,308,291,261,248,347,290,428,383,286,384,363,384,310,303,282,276,356,317,430,377,298,369,350,375,307,309,297,298,358,338,425,365,304,349,332,358,298,308,305,312,353,350,412,346,304,325,310,337,285,301,306,319,342,355,393,324,298,297,283,310,267,289,301,318,325,350,366,297,286,266,254,281,245,271,288,310,302,338,334,267,268,234,225,248,220,248,269,293,274,317,298,236,246,202,194,215,193,221,244,269,243,290,260,204,219,391,369,386,305,285,252,238,341,279,424,382,281,383,362,381,305,292,265,256,346,297,424,375,287,369,349,370,299,293,273,269,344,310,416,362,289,349,331,353,290,290,276,277,337,315,401,345,285,326,309,331,275,281,273,277,324,315,382,322,276,299,284,307,257,267,264,273,306,308,357,297,263,270,257,278,236,250,250,263,283,293,326,268,246,240,227,248,213,227,233,246,258,274,294,239,224,210,200,217,187,204,210,224,229,249,259,209,200,390,368,384,301,278,242,225,335,267,419,381,274,382,360,376,298,279,246,233,334,275,415,373,274,367,347,363,290,276,247,237,328,278,404,359,271,348,329,346,279,268,244,237,318,277,389,341,263,325,307,325,263,258,237,233,303,271,368,319,252,299,283,299,245,243,225,225,284,261,343,294,238,271,257,273,225,225,213,214,263,247,315,267,221,242,229,244,202,206,196,199,238,227,284,239,200,213,202,215,180,184,175,180,213,208,252,210,180,390,367,381,297,271,231,212,329,254,413,379,267,380,358,371,291,265,225,209,321,250,405,370,261,365,344,356,280,257,219,204,311,244,391,355,252,345,326,337,266,245,211,196,296,236,372,336,241,322,304,315,250,231,200,189,279,227,350,314,227,296,280,290,231,217,188,178,260,213,325,289,212,269,254,263,211,199,174,167,239,200,298,262,195,242,227,237,191,182,160,154,217,184,269,236,177,213,202,210,169,162,143,139,193,167,240,208,158,389,366,378,294,263,220,199,322,241,409,378,259,379,356,365,283,250,206,184,308,225,394,367,247,362,341,347,269,236,192,170,292,210,375,350,231,341,321,326,252,221,177,158,274,196,353,329,217,317,298,302,234,206,164,147,254,182,329,306,200,291,274,277,215,189,152,136,234,169,303,281,185,264,248,250,196,173,138,125,214,156,276,254,169,237,222,225,176,157,126,114,193,143,249,227,153,210,198,200,158,141,112,103,173,129,223,202,138,388,365,375,290,256,210,187,315,227,404,377,252,377,354,360,275,237,187,161,296,202,384,364,233,359,337,339,258,217,165,140,274,178,359,345,213,336,315,315,238,197,147,122,250,158,332,322,194,310,291,288,218,179,131,109,229,142,304,297,176,283,265,262,199,163,119,99,209,129,277,270,160,254,239,236,179,148,108,91,189,118,250,244,145,227,214,211,162,133,98,83,171,108,225,218,131,202,190,187,145,121,89,76,153,98,202,193,118,388,365,373,287,250,202,176,310,218,399,375,246,375,352,355,269,225,169,141,284,180,374,361,221,356,334,331,247,198,140,112,257,148,344,340,195,332,310,303,225,175,119,91,231,123,311,315,173,303,283,273,202,154,103,80,206,107,279,287,153,273,254,244,181,139,93,72,185,96,249,258,138,244,227,218,163,125,84,68,166,89,223,229,124,217,202,194,147,113,79,63,150,82,199,204,112,192,180,173,131,104,73,60,135,77,179,182,103,388,364,372,284,245,195,168,305,209,396,374,241,375,351,352,263,215,155,124,275,163,367,359,211,355,332,325,239,183,120,88,243,122,332,337,180,329,307,294,212,154,95,69,213,95,293,310,153,298,277,259,186,132,83,63,187,83,254,278,134,263,245,225,164,118,77,61,166,77,221,245,120,231,215,199,148,108,73,60,148,73,195,215,110,204,190,176,134,100,70,57,134,70,174,190,101,181,169,158,121,93,66,56,122,67,158,169,93,387,364,371,283,242,191,162,302,202,394,374,238,374,350,350,260,208,145,111,269,150,362,358,204,354,331,323,233,171,103,71,233,103,324,336,169,328,305,289,202,136,81,65,202,81,280,308,140,297,275,252,172,113,79,63,177,75,236,275,122,261,241,210,149,106,76,61,155,73,197,238,110,222,204,179,135,100,73,60,136,71,170,202,103,191,177,160,124,94,70,57,123,69,153,176,96,170,158,145,113,88,66,56,112,66,140,158,90,387,363,371,282,241,189,160,301,200,393,374,238,374,350,350,259,204,141,107,266,145,360,358,202,354,330,322,231,166,97,66,229,96,321,336,165,328,305,289,200,127,81,65,199,77,275,307,136,297,274,250,167,110,79,63,173,75,225,274,118,261,240,209,139,105,76,61,151,73,189,237,106,222,202,169,130,100,73,60,132,71,160,198,101,185,171,153,121,94,70,57,119,69,144,170,95,165,153,140,112,88,66,56,110,66,133,153,89]}