{"c":"41247","n":"那須烏山","la":36.641666666666666,"lo":140.11666666666667,"e":82,"t":[1.7,2.5,5.8,11.5,15.9,19.3,22.9,24.4,20.6,14.8,8.9,3.9],"s":[2,2,1,0,0,0,0,0,0,0,0,0],"i":[434,438,448,354,313,279,278,383,321,457,441,315,425,430,447,362,335,314,325,400,367,463,434,337,407,413,437,363,349,341,363,408,403,459,419,351,382,390,418,356,355,360,392,408,429,447,396,357,350,358,390,342,353,371,412,398,445,425,366,355,313,321,356,321,343,371,420,379,448,394,330,345,272,279,314,294,325,363,417,353,440,354,289,327,229,235,268,262,300,346,403,319,421,309,244,303,185,189,219,225,269,320,378,279,391,258,198,271,434,440,447,353,312,277,276,382,319,455,441,314,424,430,447,361,333,309,321,398,363,463,434,334,407,413,437,362,346,335,358,405,398,459,419,348,383,390,418,355,351,352,385,405,423,446,397,353,352,360,391,341,348,361,403,395,437,424,367,350,316,323,357,320,338,361,409,376,440,394,332,340,275,283,316,294,320,351,405,350,430,355,292,321,233,239,272,262,294,334,391,317,411,311,248,296,191,195,224,225,263,308,367,278,381,262,204,265,434,438,446,351,309,271,270,380,314,454,440,311,425,430,445,358,327,300,310,394,352,459,434,328,408,415,434,357,337,320,341,399,382,455,419,338,385,392,416,350,340,334,364,396,403,443,398,341,355,363,390,336,336,339,378,385,413,421,369,337,321,329,358,315,325,336,381,366,413,392,336,325,283,290,320,289,306,325,375,340,401,356,298,307,244,250,279,259,280,306,359,309,381,314,258,282,206,211,235,225,250,280,334,272,351,269,217,252,434,438,444,349,304,264,261,375,305,451,438,306,425,430,441,352,318,286,292,385,335,455,432,319,409,415,430,351,325,301,315,388,358,450,418,325,387,393,412,342,325,309,331,383,372,436,397,325,359,366,387,327,318,310,339,371,377,415,371,318,327,334,356,307,306,305,339,351,373,387,339,306,292,299,322,282,287,292,330,326,360,353,304,287,256,262,283,254,262,273,313,296,339,315,267,263,220,225,244,222,234,247,287,262,310,274,229,235,434,438,442,345,298,254,250,369,294,447,438,299,425,430,436,346,306,269,269,374,313,447,430,307,409,415,424,341,308,277,285,373,328,440,416,309,387,394,405,331,305,280,293,365,334,425,396,305,361,367,381,315,296,277,294,351,334,404,370,296,332,338,353,296,282,268,290,332,327,378,341,282,299,305,319,272,264,254,279,307,312,345,308,263,265,270,285,245,240,236,262,279,292,312,273,240,231,236,249,216,215,213,239,248,266,274,239,215,433,437,438,340,290,245,236,363,280,442,436,292,424,428,430,338,292,249,245,362,289,438,426,293,408,413,416,329,289,250,249,355,292,426,412,290,387,392,397,317,282,247,250,344,293,411,392,282,361,366,372,301,271,240,247,328,287,390,367,271,333,337,344,281,254,229,238,308,277,363,338,254,302,307,313,258,238,215,227,285,262,334,308,237,269,274,280,233,217,198,211,259,243,301,275,216,237,241,247,208,194,178,191,231,221,268,242,193,433,436,434,335,283,234,222,355,266,437,434,284,422,425,423,328,277,229,219,348,262,426,424,278,405,409,405,317,268,221,214,336,257,413,407,269,384,388,385,301,257,213,206,321,248,393,385,257,358,362,360,284,242,202,199,303,239,370,360,243,330,334,332,263,227,191,188,282,225,344,332,227,300,304,301,241,209,176,176,259,212,315,302,208,270,273,271,218,191,162,163,235,194,286,271,190,238,242,240,194,170,145,146,210,177,254,240,170,432,434,430,330,275,223,208,348,252,430,433,276,420,423,416,318,261,208,192,333,235,416,420,263,401,404,395,302,246,194,177,316,219,396,400,248,379,381,370,284,231,179,165,296,204,373,377,231,352,354,343,263,214,166,152,275,190,347,350,215,323,326,315,243,197,153,141,254,177,320,321,198,294,295,285,222,181,140,130,231,164,292,291,181,264,265,254,200,164,128,120,210,150,264,262,164,235,236,227,179,148,114,107,188,136,236,233,147,430,434,428,326,267,213,195,341,238,426,430,269,418,420,409,309,246,189,167,319,210,405,416,248,398,399,384,288,225,167,144,296,184,379,394,225,373,373,355,266,204,148,126,271,163,350,367,206,344,344,324,243,185,133,111,248,146,320,337,187,313,313,294,221,168,120,101,225,133,291,307,170,283,283,264,200,153,109,93,204,121,264,277,154,252,252,236,180,138,99,85,184,112,237,247,139,225,225,209,162,125,90,78,165,102,213,220,126,430,433,425,321,260,204,183,335,225,421,429,262,417,417,403,300,233,171,145,307,186,394,412,234,395,394,373,274,204,142,113,277,151,362,388,206,367,365,340,247,179,120,92,248,125,327,357,182,334,332,304,221,158,104,80,221,108,292,323,161,300,297,270,198,142,93,72,198,97,260,289,144,268,265,240,178,128,85,68,178,90,233,258,130,238,236,213,160,115,79,63,160,84,209,229,119,211,210,190,144,106,73,60,144,79,188,202,108,430,432,423,318,254,197,174,330,217,417,429,257,416,416,398,293,222,157,126,297,167,386,409,224,393,391,365,263,187,121,88,261,123,348,383,190,363,360,327,231,156,95,67,227,94,307,350,161,327,321,284,200,133,83,61,199,81,265,311,139,287,281,245,175,119,77,60,175,76,229,271,124,250,245,213,157,109,74,57,156,73,200,236,112,220,216,189,142,101,70,56,141,70,180,208,104,195,191,169,129,94,67,55,128,68,163,185,96,430,432,422,316,252,193,168,327,211,415,428,254,415,415,396,288,214,147,112,290,153,381,409,217,393,390,362,254,175,104,69,250,102,340,381,178,363,357,320,219,137,81,62,216,79,293,347,146,326,319,274,182,112,79,61,187,73,245,306,124,284,275,223,154,105,76,60,162,72,202,261,112,239,227,186,140,100,73,57,141,70,173,217,104,202,195,165,129,94,70,56,127,68,156,188,97,180,174,150,119,88,67,55,117,66,143,168,91,430,430,422,316,250,191,166,326,209,413,428,252,416,413,395,287,211,142,109,287,148,379,408,214,393,389,361,252,169,97,64,246,95,336,381,173,363,356,320,215,127,81,62,212,75,287,346,141,326,317,273,174,109,79,61,183,73,234,306,120,285,273,222,140,104,76,60,158,72,194,260,107,239,225,173,131,99,73,57,136,70,162,212,101,196,185,155,123,94,70,56,122,68,145,179,96,174,165,143,114,88,67,55,112,66,135,161,90]}