{"c":"41277","n":"宇都宮","la":36.54833333333333,"lo":139.86833333333334,"e":119,"t":[2.4,3.3,6.8,12.6,17.2,20.6,24.1,25.6,21.8,16.1,10.0,4.8],"s":[2,2,1,0,0,0,0,0,0,0,0,0],"i":[391,387,409,334,318,284,282,370,325,447,396,312,383,380,407,340,340,321,331,388,372,455,390,334,367,366,398,340,354,350,371,397,409,451,377,348,346,346,381,334,360,371,401,397,438,438,358,355,319,319,356,320,358,382,422,389,454,418,332,353,288,289,326,300,348,383,430,373,458,388,301,344,252,254,290,275,330,375,428,348,450,350,265,327,215,217,249,245,304,357,413,316,430,306,227,302,177,179,206,211,273,331,389,279,400,256,187,271,391,387,408,333,317,282,280,369,323,447,395,311,382,380,407,340,338,317,327,386,369,454,390,331,368,366,398,339,351,344,365,394,405,451,377,345,346,346,380,332,356,362,394,394,430,438,357,350,320,320,357,318,354,371,413,386,446,417,332,348,289,290,327,299,343,371,420,369,449,387,302,338,254,256,291,274,324,362,417,344,441,350,267,320,218,219,252,244,299,344,401,313,421,307,229,296,181,183,210,211,267,317,377,277,390,260,191,265,391,387,407,332,314,277,274,366,317,445,395,307,383,379,405,337,332,306,315,381,357,451,389,325,368,366,395,335,342,328,348,387,389,447,376,335,348,346,379,327,346,342,372,385,409,434,358,338,322,321,355,314,341,348,386,375,421,413,333,334,292,293,326,294,329,346,390,358,421,385,304,323,259,260,292,269,310,335,385,334,409,350,271,305,225,225,256,241,284,315,368,304,389,309,236,280,192,193,218,210,254,288,343,269,358,266,200,250,390,386,405,329,309,269,265,362,308,442,394,302,382,379,401,332,322,292,296,372,340,445,388,315,368,365,392,329,329,308,321,375,363,440,375,322,348,346,375,320,329,317,337,371,378,426,356,322,324,323,352,306,323,318,346,360,384,407,333,315,296,295,324,286,310,313,346,342,380,379,305,303,265,265,293,262,291,300,337,318,367,347,274,284,233,234,259,236,266,280,320,289,346,309,242,261,200,202,224,206,238,254,294,257,316,269,209,233,390,385,404,326,302,259,252,356,296,438,393,296,381,378,398,326,311,274,273,361,317,438,386,303,367,364,387,321,312,282,289,360,332,430,373,305,348,346,369,310,309,286,298,353,339,417,354,302,325,323,347,295,300,283,299,340,339,396,331,293,298,297,321,276,286,274,296,321,332,370,305,279,269,268,291,252,267,261,285,298,318,338,276,260,239,238,259,227,244,242,267,271,297,305,245,238,209,208,227,200,219,218,244,242,271,268,215,213,389,385,401,322,295,249,238,349,282,433,392,289,380,376,393,319,296,252,248,348,292,429,383,290,366,362,380,311,293,254,252,342,296,418,369,286,347,344,362,298,286,250,254,332,296,401,351,278,324,321,340,282,275,245,250,317,290,381,328,267,298,295,313,263,259,234,242,297,280,355,302,252,271,269,285,241,241,220,231,275,266,326,275,234,241,240,254,217,220,202,214,250,246,294,246,213,212,211,225,193,197,182,195,223,225,262,216,190,389,384,398,318,287,237,224,342,268,428,390,281,379,374,388,311,281,231,220,334,264,418,380,275,364,359,372,299,272,225,215,323,259,404,365,265,344,340,352,284,261,216,208,308,250,385,346,254,321,317,329,267,246,204,200,291,241,362,323,239,295,292,303,248,229,193,189,271,227,336,297,224,269,265,275,225,212,179,178,249,214,308,270,204,241,238,248,204,193,164,164,225,196,279,242,187,213,211,219,181,173,147,148,202,179,248,214,167,388,383,395,314,279,225,209,334,252,422,389,273,377,372,382,302,265,211,193,320,236,407,377,259,361,356,363,287,250,196,178,303,220,388,360,244,340,335,341,270,234,181,165,284,204,364,339,227,316,312,316,250,217,167,152,264,191,339,315,212,290,286,290,229,200,154,141,243,177,312,289,195,263,259,263,210,183,141,130,222,164,285,262,178,236,231,235,188,166,129,120,200,150,257,234,161,210,206,209,169,149,115,107,180,137,229,208,145,387,382,392,310,271,215,196,327,239,417,387,265,376,370,376,294,250,190,167,306,210,396,374,245,358,352,354,275,227,167,143,283,184,371,355,223,336,329,329,254,206,148,124,260,162,342,331,202,310,304,301,233,188,132,110,237,145,313,305,184,282,277,273,212,171,119,100,215,132,285,277,167,254,250,246,191,155,108,91,195,120,258,250,151,227,223,220,172,140,99,84,176,111,231,224,137,202,198,195,154,127,90,76,158,101,208,198,124,387,381,390,306,264,206,184,321,227,412,386,259,375,368,371,287,236,171,144,294,186,386,371,231,356,349,346,263,208,141,112,265,150,355,350,204,331,324,317,239,182,118,89,237,123,320,324,180,303,295,285,215,160,102,76,212,106,286,294,159,273,266,254,193,143,91,69,189,95,254,264,143,244,238,227,173,129,83,65,170,87,227,236,128,217,212,202,156,118,78,60,153,82,204,210,117,192,188,180,139,108,72,57,138,77,184,186,106,386,380,389,303,259,198,174,316,217,408,385,254,374,367,367,281,225,156,125,283,166,378,369,221,354,346,340,254,190,119,84,249,120,342,347,188,328,320,306,225,159,93,63,217,91,301,318,159,297,289,270,197,135,80,56,190,78,261,285,137,263,254,235,173,120,75,56,168,73,225,250,123,231,224,206,156,110,71,55,150,70,199,220,112,202,198,183,141,102,68,54,136,67,177,195,103,180,175,164,128,95,65,53,124,66,161,173,96,386,380,388,302,256,194,167,313,211,405,385,250,373,366,366,277,218,146,110,277,151,373,368,214,354,345,337,248,177,101,65,238,99,333,345,175,328,318,302,215,139,77,57,206,75,287,316,144,296,287,262,182,114,75,56,179,69,241,282,124,261,250,218,156,106,73,56,156,68,200,243,112,222,211,185,142,101,70,55,137,67,172,206,104,190,183,165,130,95,68,54,125,66,155,179,98,169,163,150,120,90,65,53,114,64,142,161,91,386,380,388,301,254,192,165,312,208,405,385,249,373,365,365,276,215,141,106,274,146,371,368,211,354,345,336,246,172,94,59,234,91,330,345,171,328,318,301,212,128,77,57,202,71,282,315,139,296,286,261,176,110,75,56,175,69,229,281,120,261,250,217,144,105,73,56,153,68,192,242,107,222,210,175,135,100,70,55,133,67,162,202,102,185,176,157,126,95,68,54,120,66,145,173,96,165,158,144,117,90,65,53,111,64,135,156,90]}