{"c":"41331","n":"真岡","la":36.47833333333333,"lo":139.98666666666668,"e":91,"t":[1.3,2.4,6.0,11.8,16.6,20.0,23.6,25.0,21.2,15.2,9.0,3.6],"s":[2,2,0,0,0,0,0,0,0,0,0,0],"i":[413,412,433,338,310,282,283,374,324,441,419,310,404,404,432,345,331,318,330,390,370,448,413,331,387,388,422,345,344,346,369,399,407,444,399,345,364,366,404,338,350,365,399,398,433,432,378,351,335,337,377,325,348,375,418,389,449,409,350,349,300,303,344,305,337,376,426,372,453,380,316,340,262,265,304,279,320,368,423,346,445,342,277,322,222,224,260,248,295,350,409,314,425,299,235,298,181,182,213,214,264,324,384,276,395,250,192,267,413,412,433,337,309,280,281,373,322,441,419,309,403,404,432,344,329,313,326,389,367,447,413,329,387,388,422,344,341,339,363,396,401,443,399,341,364,366,403,337,346,357,391,396,426,430,378,347,336,338,377,323,343,365,409,386,441,409,350,344,302,305,345,304,333,365,416,369,444,380,317,334,265,268,306,278,314,356,412,343,434,343,279,316,225,227,264,248,290,338,397,311,415,300,239,292,186,188,218,213,258,311,372,274,385,254,197,261,413,411,430,335,306,275,275,370,317,438,418,305,404,404,429,341,323,303,315,384,356,444,412,322,388,389,419,340,333,324,347,389,386,440,398,332,366,368,401,333,336,338,370,387,407,428,379,335,338,340,376,319,331,343,384,376,417,405,352,331,307,309,346,298,320,340,387,359,416,378,321,319,271,274,309,274,301,329,381,334,405,343,285,301,235,237,269,245,276,310,365,303,384,303,247,277,198,200,227,213,246,283,339,267,354,260,209,247,412,411,429,333,301,267,265,365,308,436,418,300,404,403,426,336,314,289,297,375,338,438,411,313,388,389,416,334,321,305,320,378,361,434,398,320,367,368,397,325,320,313,336,373,375,420,378,319,342,343,374,311,313,314,344,362,381,400,353,313,311,313,344,291,301,308,344,343,377,373,323,300,279,281,311,267,282,296,335,319,363,340,290,282,245,247,273,240,258,276,317,289,342,303,254,258,211,212,236,210,229,250,292,256,313,264,219,229,412,409,426,329,295,258,254,360,296,432,417,294,403,401,421,330,303,272,274,365,316,432,409,302,388,388,409,325,304,280,289,363,331,425,395,303,368,368,392,315,301,283,297,356,337,411,376,300,343,344,368,299,292,280,298,342,337,390,351,290,315,316,340,280,278,271,294,323,330,364,324,276,284,285,308,257,260,258,283,300,315,333,292,258,252,252,275,231,237,239,265,272,294,300,260,236,220,221,240,204,212,215,242,242,268,263,227,211,411,409,424,325,288,248,240,353,283,428,415,287,401,400,416,322,289,252,249,352,292,423,405,288,387,386,401,314,286,252,252,346,295,413,392,285,367,367,383,302,278,250,254,335,295,397,372,277,342,343,360,286,267,243,250,320,289,376,348,266,315,315,332,267,252,231,241,300,279,350,321,250,286,287,303,245,234,218,229,278,264,322,292,231,256,256,271,221,214,200,214,252,245,290,261,212,225,225,238,197,191,180,194,225,223,258,229,189,411,408,421,321,280,237,225,346,268,423,413,279,401,398,409,314,274,231,222,338,265,413,403,273,385,383,393,302,266,224,217,327,259,399,387,264,364,363,372,287,254,216,209,312,250,380,366,252,340,339,348,270,240,204,202,295,240,357,342,238,313,312,321,250,225,193,190,274,227,332,315,223,285,284,291,229,206,178,178,252,213,304,286,204,254,254,262,208,189,163,165,229,196,275,257,187,225,225,231,184,168,146,148,204,178,245,227,166,409,407,418,316,272,225,211,339,254,417,412,271,399,396,403,305,259,211,195,324,237,403,399,258,382,379,383,290,244,196,180,307,221,383,381,243,360,357,359,272,229,181,167,288,206,360,359,227,335,332,333,252,212,168,154,268,192,335,333,211,307,305,305,231,195,155,143,247,178,309,306,194,279,276,277,212,179,141,132,225,165,282,277,177,250,248,247,191,162,129,121,204,151,254,248,161,222,221,220,171,146,115,108,182,137,227,221,144,409,407,413,312,265,215,198,332,240,412,409,264,397,394,396,296,244,191,170,311,211,392,396,244,378,374,372,277,223,168,146,288,186,367,375,223,354,350,345,256,202,150,127,264,164,339,350,202,327,323,315,234,184,134,112,241,147,310,322,184,298,294,286,213,167,121,102,219,134,282,293,167,269,265,257,192,152,110,93,198,122,256,264,151,240,237,229,173,137,100,86,179,112,229,236,137,214,211,204,155,124,91,78,160,102,206,209,123,409,405,412,308,258,206,186,326,229,408,409,258,396,391,391,288,231,173,147,298,188,382,393,231,376,370,363,264,204,143,114,269,152,351,370,204,349,343,330,239,179,121,93,241,126,318,341,179,319,313,296,215,158,105,80,215,109,284,309,159,287,281,264,192,141,94,72,193,97,254,277,142,256,250,234,173,127,85,68,173,90,227,247,128,227,223,208,155,115,80,63,156,84,202,220,117,202,198,185,139,106,74,60,141,79,183,195,106,409,405,409,305,252,199,177,321,219,404,408,252,395,390,386,282,221,158,128,288,168,375,390,220,374,368,355,254,187,122,88,254,124,339,366,188,346,339,319,224,156,96,67,222,95,299,334,159,312,304,278,196,133,83,61,194,82,259,298,137,275,267,241,172,119,78,60,171,76,224,261,123,241,233,210,154,109,74,57,153,73,197,227,112,212,206,186,139,101,70,56,138,70,176,200,103,188,182,166,126,94,67,55,125,68,160,179,96,409,404,409,304,250,195,170,318,213,401,407,250,395,389,384,278,213,148,113,282,154,370,389,213,373,366,352,248,175,105,70,243,103,330,364,176,346,337,313,214,138,81,62,210,79,286,332,144,312,302,269,179,113,79,61,183,73,240,294,124,273,262,220,153,105,76,60,159,72,200,252,112,231,218,185,138,100,73,57,139,70,171,211,104,197,188,164,127,94,70,56,126,68,154,183,97,175,168,149,118,89,67,55,115,67,141,164,91,409,404,409,303,249,193,168,317,210,401,407,248,395,388,384,277,211,144,110,279,149,368,389,210,374,365,351,246,170,98,64,239,96,327,363,171,346,336,312,211,128,81,62,206,75,281,331,140,312,300,268,172,109,79,61,179,73,229,293,120,273,260,219,140,105,76,60,155,72,192,250,107,231,217,173,131,100,73,57,135,70,161,206,101,191,180,155,123,94,70,56,121,68,144,175,96,170,161,142,113,89,67,55,112,67,134,158,90]}