{"c":"42156","n":"長野","la":36.66166666666667,"lo":138.19166666666666,"e":418,"t":[-0.6,0.0,3.8,10.6,16.0,20.0,23.7,25.2,20.6,13.8,7.5,2.1],"s":[37,31,6,0,0,0,0,0,0,0,0,10],"i":[467,462,490,373,314,269,219,380,267,459,473,319,457,453,488,382,336,300,249,392,297,466,466,339,437,434,478,383,350,325,273,396,320,462,450,353,409,409,457,377,356,342,291,392,336,448,426,358,375,376,426,362,353,350,302,379,344,424,393,355,335,337,388,340,343,351,306,359,345,393,353,345,290,294,342,311,325,342,302,332,338,353,309,326,242,246,291,277,300,326,291,298,324,307,260,301,195,199,236,238,269,302,273,260,303,257,210,269,467,462,490,372,313,267,217,379,266,459,473,317,457,453,488,381,333,297,246,391,294,465,466,337,438,434,478,382,346,321,269,394,316,459,450,350,409,409,457,375,351,337,286,389,331,446,426,354,377,378,428,360,348,344,296,377,338,424,394,351,337,339,390,338,338,344,299,357,339,392,356,340,294,297,345,310,319,335,294,330,331,354,312,321,247,250,296,276,294,318,283,297,317,309,265,296,200,204,243,238,263,293,265,259,295,261,216,265,467,462,488,371,310,263,213,377,263,458,473,315,457,453,488,378,327,289,238,387,287,462,466,331,438,436,478,377,338,309,258,388,305,457,451,341,413,412,458,370,341,322,271,383,317,443,428,344,381,381,429,354,336,327,279,370,322,420,397,339,344,345,395,333,324,324,279,350,320,391,361,327,303,305,353,305,305,314,274,323,312,354,320,308,260,262,308,273,280,296,261,292,296,313,277,283,218,221,260,237,250,271,243,257,275,268,233,252,467,461,488,367,305,257,208,373,257,455,472,310,457,451,484,372,318,278,227,380,275,457,465,323,440,436,475,370,325,293,241,380,289,451,450,329,415,413,455,360,325,301,250,372,297,436,428,329,386,384,430,345,318,303,254,359,298,415,400,322,351,351,396,324,305,298,252,338,294,385,366,309,313,313,359,297,286,286,244,313,284,352,328,290,274,275,317,267,262,268,229,284,268,313,288,265,235,236,273,234,234,244,212,250,247,273,248,237,467,459,484,363,299,249,200,369,249,451,471,304,457,451,480,365,306,263,212,371,261,450,463,311,440,434,470,359,308,272,221,368,269,441,448,313,416,413,451,349,305,276,224,359,271,426,426,310,388,385,425,332,296,273,223,343,269,404,399,300,356,354,395,311,282,266,219,324,263,377,368,286,321,319,360,285,263,254,210,299,250,345,333,267,283,283,321,258,240,236,196,271,236,310,296,244,247,247,283,227,215,214,180,242,217,273,259,219,466,459,482,359,292,240,191,363,240,446,469,297,455,449,475,356,292,246,196,361,245,441,459,298,438,433,462,347,290,248,197,354,245,429,444,295,416,411,442,334,281,246,197,342,244,412,423,287,388,384,418,317,271,241,192,325,237,390,397,276,357,353,387,295,254,229,185,304,229,363,366,260,324,321,355,271,237,218,175,282,217,333,333,242,289,287,320,245,215,202,162,256,202,301,299,221,254,252,283,218,193,183,148,229,187,267,263,198,465,458,478,353,284,229,182,357,231,441,467,289,454,446,468,345,277,227,178,349,227,430,455,283,436,429,451,333,268,222,174,338,222,415,438,275,412,405,429,317,257,215,167,322,214,395,416,263,385,379,404,298,242,206,160,304,206,372,390,249,354,349,375,277,227,195,151,283,195,345,360,233,322,317,343,252,208,182,142,260,184,316,327,214,289,285,311,229,190,168,130,237,171,286,295,196,256,252,277,204,169,151,119,213,158,254,262,175,465,457,474,348,276,220,173,351,222,436,465,281,451,444,459,335,262,208,161,338,210,420,451,268,432,424,438,318,246,197,150,321,197,400,432,254,407,399,413,298,231,184,140,301,186,376,407,238,378,371,386,277,214,172,130,281,174,349,378,221,347,341,356,254,197,161,121,259,163,322,348,204,314,309,325,231,180,148,112,237,153,293,316,187,283,277,293,209,163,136,103,215,142,265,284,170,250,246,263,187,147,123,94,194,133,237,252,152,463,455,470,343,268,210,164,345,213,430,463,274,450,441,451,324,247,190,145,326,193,409,447,254,428,419,426,302,225,171,128,304,174,384,424,233,400,391,396,279,204,154,114,280,159,354,395,212,368,360,364,254,185,141,104,257,146,324,364,193,335,327,332,231,168,129,95,234,135,295,331,176,302,295,301,209,153,118,88,213,127,267,299,160,270,264,271,188,138,109,82,193,119,240,268,145,240,234,242,169,125,99,75,174,112,215,239,131,463,455,467,338,261,202,157,340,206,426,462,267,448,438,444,315,234,173,131,315,178,400,443,241,424,413,413,288,206,147,109,288,153,368,417,214,393,382,377,259,180,127,93,260,135,333,384,189,357,347,339,231,159,112,84,234,122,298,348,168,320,311,303,206,142,103,77,210,113,266,312,150,285,277,270,186,128,94,73,190,107,238,278,136,254,246,242,167,115,88,68,172,102,213,247,124,225,219,217,150,107,81,65,156,98,191,220,112,463,454,463,335,256,195,151,336,200,423,459,262,446,436,438,307,223,159,119,307,166,392,440,229,421,409,403,276,188,127,92,275,136,355,412,197,389,377,361,241,158,103,77,243,114,314,375,167,349,336,315,209,134,92,73,214,106,273,333,145,305,294,272,183,120,86,70,189,101,236,290,129,265,256,238,163,110,81,68,169,98,206,252,118,233,225,212,148,101,76,65,153,95,185,223,109,206,199,191,134,94,72,63,140,93,168,198,100,462,453,463,333,252,191,147,334,196,421,459,259,446,434,434,303,216,149,110,302,157,388,438,223,420,409,397,268,176,111,80,266,123,348,409,185,387,375,352,229,138,90,75,233,105,302,371,152,347,334,300,189,113,86,73,202,100,254,327,130,301,287,244,160,106,83,70,176,98,212,277,115,250,237,204,145,101,79,68,154,96,180,229,108,211,202,182,134,95,75,65,139,94,162,199,101,187,181,166,124,89,71,63,128,92,149,178,95,462,453,462,332,252,189,146,333,194,420,459,258,445,434,433,301,213,146,107,299,154,386,438,220,420,408,395,265,171,105,77,263,118,345,408,180,386,374,349,224,128,90,75,229,102,297,370,147,346,333,297,181,110,86,73,199,100,245,325,126,299,286,240,144,105,83,70,172,98,204,275,111,249,236,186,136,100,79,68,149,96,170,224,105,202,193,167,128,95,75,65,133,94,152,188,99,179,173,154,119,89,71,63,124,92,142,169,93]}