{"c":"42221","n":"田代","la":36.46333333333333,"lo":138.46333333333334,"e":1230,"t":[-4.6,-4.4,-0.9,5.8,10.9,14.7,18.6,19.4,15.3,9.0,3.6,-1.6],"s":[74,87,81,17,0,0,0,0,0,0,0,20],"i":[425,418,415,313,305,280,250,369,288,468,420,299,416,409,413,319,325,315,289,383,324,476,413,320,399,395,404,319,338,343,321,390,354,475,399,333,374,372,386,312,343,362,344,389,377,463,377,339,344,342,361,300,341,373,360,381,391,445,349,338,308,308,329,281,331,374,367,365,397,417,315,329,268,269,292,258,313,366,365,341,394,382,276,312,225,227,250,229,289,349,353,312,383,341,234,289,183,185,206,198,259,323,333,278,364,296,191,260,425,418,413,313,304,278,249,368,286,468,420,298,416,409,413,318,323,312,285,382,321,475,413,318,399,395,404,318,335,338,315,388,350,474,399,330,375,372,386,311,339,357,338,387,371,463,377,336,345,344,362,298,336,366,352,378,384,444,350,333,310,309,331,280,325,367,358,362,389,417,317,324,271,271,294,256,308,358,355,339,386,383,279,307,229,231,254,229,283,340,343,310,375,343,238,284,189,190,211,197,252,315,323,276,355,299,196,254,425,418,413,311,301,274,244,365,282,466,419,295,416,409,412,316,317,303,276,377,313,472,413,312,399,395,403,314,327,326,302,382,337,470,399,322,377,374,386,307,329,340,320,380,354,459,379,325,348,346,362,293,325,347,331,370,365,441,352,322,315,314,333,275,313,345,334,354,367,415,321,311,278,278,298,252,294,335,329,331,363,383,285,294,240,240,261,225,270,317,316,303,350,346,247,271,202,202,222,196,241,290,295,272,331,306,209,242,425,418,413,309,296,267,236,362,275,463,418,291,416,409,409,311,309,291,261,370,299,467,412,304,400,395,400,308,315,308,280,372,317,463,398,310,378,374,383,299,314,318,293,368,330,451,378,310,352,348,361,286,307,321,299,357,337,434,354,305,320,318,333,268,295,317,299,340,336,409,324,293,286,285,301,246,276,305,291,319,329,381,291,275,250,250,267,220,252,286,277,293,317,346,256,252,216,215,229,193,225,261,256,264,298,311,220,225,425,417,411,306,290,258,227,357,266,459,417,285,415,409,405,306,297,274,243,361,282,459,409,292,400,394,396,300,298,285,254,360,294,454,396,295,379,374,379,291,295,290,261,353,300,442,377,292,353,349,357,276,286,288,262,340,302,423,353,283,324,321,331,258,272,282,258,324,300,401,325,271,292,290,301,236,254,269,249,303,291,373,294,252,258,256,269,213,231,250,234,279,279,343,261,231,225,224,236,188,206,229,216,252,263,310,229,208,424,416,408,302,283,248,215,351,256,454,416,278,413,407,401,299,284,254,223,350,263,450,408,279,399,392,389,291,281,259,225,344,266,441,393,277,378,372,372,279,273,258,225,335,268,426,374,270,353,348,351,264,262,252,222,321,265,409,350,260,325,320,325,245,247,243,215,303,260,386,323,245,295,291,297,225,229,231,206,284,252,361,294,229,263,260,267,202,209,214,192,261,240,333,263,209,231,227,236,180,187,194,177,238,227,304,231,187,423,415,405,299,276,237,204,345,245,448,415,271,413,405,396,292,270,235,200,338,242,440,405,265,396,389,382,281,261,229,196,328,238,426,389,257,375,368,363,267,250,224,190,314,233,409,369,247,350,344,340,250,235,215,183,299,227,389,345,233,322,317,315,231,220,204,173,281,220,367,318,219,293,287,287,212,202,191,164,261,213,342,289,202,263,258,260,191,185,177,153,241,202,317,260,184,231,229,231,170,164,160,140,220,194,291,231,165,423,413,401,295,268,225,193,338,234,443,413,263,411,401,390,284,254,214,179,325,221,429,401,250,393,385,373,270,240,202,166,310,209,409,384,237,371,362,351,252,225,189,156,293,199,388,361,223,344,337,327,235,209,177,145,275,191,366,336,206,316,309,301,216,192,166,136,256,182,342,309,191,286,280,274,197,176,152,127,237,176,319,280,175,257,250,247,177,159,141,118,219,169,295,252,159,229,223,221,158,143,128,109,200,163,272,224,143,422,413,400,291,261,215,182,332,223,437,412,256,409,400,384,277,241,193,159,313,200,417,398,237,390,380,363,259,220,173,139,292,182,393,377,217,365,355,338,239,200,156,124,271,167,366,353,198,336,327,311,219,181,142,112,250,156,339,325,181,306,298,283,199,165,130,103,231,149,314,296,165,276,269,256,180,150,119,97,213,144,291,267,150,247,240,231,162,135,110,91,196,140,269,239,136,219,213,206,145,122,101,85,180,137,250,213,123,421,412,397,288,254,206,173,327,214,433,409,250,408,398,379,270,229,175,141,302,183,407,395,224,387,376,354,248,202,147,113,276,157,376,372,199,359,348,325,225,177,126,96,250,139,344,344,176,327,317,293,202,156,111,86,227,128,312,313,156,294,284,263,182,140,101,80,206,122,284,280,141,262,254,235,163,126,92,77,190,120,260,250,127,233,225,210,147,114,86,73,175,120,241,223,115,206,200,188,132,105,80,72,162,121,225,198,106,421,412,395,285,250,199,165,322,206,429,409,245,407,396,374,264,218,159,126,294,169,399,392,214,385,373,346,240,185,124,94,263,136,363,368,183,356,344,313,212,156,99,76,233,114,324,337,156,320,308,276,187,133,86,72,208,108,286,302,135,281,270,241,164,119,81,71,186,107,252,264,121,246,236,212,148,109,77,70,170,109,229,231,111,216,208,189,134,101,73,69,157,111,212,204,102,191,184,170,121,94,69,68,148,112,200,181,94,421,411,394,284,247,194,160,320,202,426,409,241,405,395,372,261,212,148,114,288,158,394,391,206,384,372,342,234,174,106,78,252,120,355,366,171,354,342,307,204,138,83,72,223,104,311,334,141,319,306,266,173,113,80,72,197,102,266,297,122,278,265,221,149,106,78,71,174,104,227,254,111,234,221,188,135,100,74,70,156,107,200,214,103,198,190,168,124,94,71,69,145,110,189,185,96,176,169,153,113,89,68,68,137,112,181,166,90,420,411,393,283,246,192,159,319,200,426,408,240,405,395,371,260,209,144,111,285,154,392,390,204,383,371,341,231,169,100,74,250,113,352,365,167,353,341,305,200,128,83,72,219,100,306,333,137,318,305,264,167,110,80,72,193,102,256,296,119,277,264,219,138,105,78,71,171,104,219,252,107,231,219,175,129,100,74,70,152,107,191,209,101,191,181,158,120,94,71,69,140,110,179,176,95,169,162,145,111,89,68,68,134,112,174,159,89]}