{"c":"42366","n":"館林","la":36.233333333333334,"lo":139.53333333333333,"e":21,"t":[3.7,4.5,7.9,13.7,18.3,21.7,25.3,26.8,22.8,16.9,11.0,5.9],"s":[1,1,0,0,0,0,0,0,0,0,0,0],"i":[417,426,453,338,310,294,291,382,332,449,432,314,407,418,451,345,331,332,340,399,380,455,425,336,390,401,441,345,344,362,380,408,418,451,411,350,367,378,421,338,349,384,411,407,445,438,389,357,337,347,393,324,347,395,430,398,461,416,359,356,302,312,358,304,337,397,438,380,465,385,324,346,263,271,316,278,319,389,436,354,457,346,283,329,222,227,269,248,294,371,421,320,436,301,240,304,181,185,218,213,263,344,395,281,405,250,195,273,417,426,451,337,309,292,288,381,331,448,432,313,407,418,451,344,329,329,336,397,376,454,425,334,391,401,441,344,341,358,374,405,413,450,411,348,367,378,421,337,346,378,403,404,438,437,389,353,338,349,394,323,342,389,421,395,453,415,360,351,304,313,359,303,332,390,428,377,455,385,325,341,266,275,318,277,313,381,424,351,446,346,286,324,225,231,273,247,288,362,409,318,426,303,244,299,186,191,225,213,257,335,383,279,394,254,200,268,417,426,451,335,306,288,282,378,325,446,430,310,408,418,449,341,323,320,324,392,365,451,425,328,391,401,438,340,333,344,357,398,396,447,409,339,369,380,420,332,335,361,380,396,417,434,390,343,341,352,392,318,331,369,394,385,426,412,362,339,309,319,360,298,319,367,398,367,426,383,329,328,273,282,321,273,300,357,391,341,416,347,292,310,236,243,280,244,275,337,374,310,394,306,252,285,199,204,236,212,245,310,348,273,362,262,213,256,416,426,449,333,301,280,273,373,315,443,430,305,407,418,445,336,314,306,305,384,347,446,423,319,392,403,434,333,321,325,329,387,370,441,409,327,370,381,415,324,320,337,345,382,385,426,389,327,344,355,390,310,313,340,354,370,390,405,363,321,313,324,359,290,300,337,353,351,386,377,332,309,281,290,324,266,281,325,344,326,372,345,298,291,246,254,285,239,257,305,325,296,350,307,262,267,212,218,245,209,229,278,299,263,319,267,225,239,416,425,446,329,295,271,261,368,303,440,429,299,407,417,440,330,303,289,281,373,324,438,421,307,392,401,428,325,304,301,297,372,339,432,407,310,371,381,409,315,301,307,305,364,345,417,387,308,346,356,384,299,292,306,306,350,345,395,362,299,317,327,355,280,277,299,302,331,337,369,333,286,286,295,322,257,259,287,290,307,322,337,301,267,252,261,286,231,236,268,272,279,301,304,267,245,222,227,250,204,211,244,248,248,274,267,233,220,415,424,443,325,288,260,246,361,289,434,428,291,405,415,434,322,289,268,256,360,299,430,418,293,391,400,420,314,286,273,260,354,302,420,403,291,370,380,400,302,278,272,261,343,302,403,383,284,346,355,376,286,267,268,256,327,295,382,359,274,318,327,346,266,252,258,247,307,285,355,330,259,289,297,316,245,234,245,236,285,270,326,300,241,258,265,283,220,213,227,218,258,250,294,269,221,227,233,249,196,191,206,198,231,227,261,236,198,415,423,438,321,281,248,231,353,275,430,426,283,405,413,428,314,274,247,227,346,271,420,415,278,389,397,409,302,266,242,222,335,265,405,398,270,368,376,388,287,254,236,214,319,254,386,377,259,343,351,363,270,240,227,206,302,245,363,352,246,315,323,335,250,225,216,194,281,231,337,324,231,287,294,303,229,206,202,182,258,217,309,295,212,258,264,273,206,188,188,168,235,199,279,265,195,227,234,242,184,168,170,151,210,181,249,235,174,413,422,436,317,273,236,217,346,260,424,424,275,403,409,420,305,260,224,199,331,242,409,411,263,386,392,399,290,244,211,184,314,225,390,392,249,363,370,374,272,229,198,171,295,210,366,369,233,338,344,347,252,213,186,158,274,195,341,343,217,310,316,318,231,195,174,146,252,181,314,315,200,281,286,288,212,179,161,134,231,167,286,285,184,252,257,257,191,162,149,123,209,153,258,256,167,224,229,229,171,146,136,110,187,139,231,227,151,413,421,433,312,265,225,202,339,246,419,422,268,401,408,413,296,245,202,174,317,216,399,407,248,382,388,388,277,224,180,149,294,189,373,386,227,358,363,359,256,202,163,129,269,167,344,360,206,330,334,327,234,184,148,113,246,149,315,331,189,301,304,296,213,168,135,104,224,135,287,301,172,271,275,267,192,152,124,94,202,123,260,271,156,243,245,238,173,137,114,87,183,112,233,242,142,216,218,211,155,124,106,79,164,103,209,215,128,413,420,429,309,259,215,191,333,234,415,421,261,400,405,407,289,231,181,150,305,192,389,404,234,379,384,377,265,204,151,117,275,155,357,380,206,353,355,343,239,179,129,94,246,127,323,350,183,322,323,307,215,158,112,80,219,110,289,317,162,290,290,272,193,142,103,72,196,98,257,284,146,258,259,241,173,128,94,68,176,90,229,252,132,229,229,214,155,115,89,63,159,84,206,225,120,202,204,191,139,106,82,60,143,79,185,199,109,413,420,428,306,254,206,181,327,224,411,420,254,399,404,401,282,221,165,131,294,172,381,401,223,378,381,369,254,188,127,89,259,125,344,376,190,350,350,330,225,158,100,67,225,95,304,343,161,315,314,287,196,134,86,61,197,81,263,306,139,278,275,247,172,120,81,59,173,76,227,267,124,243,240,214,154,109,77,57,154,72,200,231,112,213,211,190,139,101,73,56,139,70,178,204,104,189,187,169,126,94,70,55,127,68,161,182,97,413,419,426,304,250,200,175,324,217,409,420,252,399,403,400,279,215,152,117,287,157,376,401,215,377,379,366,248,176,107,70,248,104,336,374,177,349,348,324,214,139,81,61,214,79,291,341,145,315,311,277,180,113,79,60,185,72,244,301,125,276,269,225,153,106,77,59,161,71,202,257,112,233,224,187,139,100,74,57,140,70,172,215,104,198,192,166,128,95,71,56,126,68,155,185,98,176,171,150,118,89,68,55,115,66,142,166,91,413,419,426,303,250,199,173,323,215,408,419,250,399,403,400,277,212,148,112,285,152,374,400,212,378,379,365,246,171,100,64,244,96,333,374,172,349,347,324,211,129,81,61,210,74,286,340,141,315,310,276,173,110,79,60,182,72,234,300,121,276,268,225,140,105,77,59,157,71,194,256,107,233,222,174,131,100,74,57,136,70,162,210,102,192,183,155,123,94,71,56,121,68,145,177,96,170,163,143,113,89,68,55,112,66,134,159,90]}