{"c":"42396","n":"神流","la":36.108333333333334,"lo":138.89666666666668,"e":357,"t":[0.5,1.4,5.1,11.0,15.7,19.1,22.7,23.7,19.7,13.6,7.5,2.6],"s":[6,4,1,0,0,0,0,0,0,0,0,0],"i":[413,420,418,309,296,273,275,367,311,447,417,293,405,412,416,315,314,307,319,382,352,454,411,312,388,396,407,314,326,333,355,389,386,450,397,324,364,373,389,307,330,351,383,388,409,437,375,329,335,342,363,294,327,360,400,378,423,415,347,327,300,307,331,276,317,361,407,360,425,384,313,318,261,268,293,252,300,352,404,335,417,345,274,302,220,225,250,225,276,335,389,302,398,301,231,279,179,183,206,194,247,310,365,265,369,252,189,250,413,420,418,309,295,272,273,366,309,446,417,292,405,412,416,314,313,304,315,381,349,453,411,310,388,396,405,313,323,329,350,387,381,449,397,322,365,373,388,306,327,346,375,385,403,436,375,326,336,344,364,293,323,354,391,375,415,413,348,323,302,309,332,275,313,354,397,357,416,384,314,314,264,271,295,250,295,345,392,332,407,346,277,297,224,229,254,224,271,327,377,300,388,302,236,274,185,188,211,194,242,302,353,264,359,254,195,246,413,420,417,307,292,268,267,364,304,445,417,289,405,412,415,311,307,296,304,376,339,450,411,305,389,396,405,309,316,317,333,380,366,445,397,314,367,375,389,302,317,330,354,377,384,432,377,317,338,346,364,288,313,336,366,366,392,411,350,312,307,314,335,270,301,334,369,348,390,382,319,301,271,278,300,247,282,323,362,323,380,346,283,284,234,240,262,221,259,305,346,293,359,305,245,262,197,202,223,192,229,280,321,258,330,262,206,234,413,420,416,305,288,261,258,360,295,442,417,285,405,412,413,307,299,284,287,368,322,445,409,297,390,397,403,304,304,300,308,370,342,438,397,303,368,375,386,295,303,309,323,365,355,425,377,302,342,350,364,281,296,311,330,353,359,405,352,296,311,319,335,263,284,306,328,334,354,376,322,284,279,285,304,241,265,295,319,310,341,344,289,267,244,250,268,216,242,276,301,281,320,306,254,245,210,215,231,189,216,250,276,249,292,266,219,219,413,419,413,302,282,252,247,354,285,438,416,279,404,409,409,302,289,268,265,359,302,438,408,286,389,396,399,296,289,278,279,357,315,430,395,288,369,376,383,286,286,283,286,349,319,415,376,285,344,350,360,271,276,280,286,335,318,394,351,276,315,322,334,254,263,273,281,316,311,368,324,263,284,290,304,231,245,261,270,293,296,336,293,246,252,257,271,209,223,243,252,266,276,302,260,225,220,225,238,184,199,221,229,237,250,266,227,202,413,418,412,299,276,244,234,348,272,433,413,273,404,409,405,295,277,250,242,347,280,429,405,274,388,394,393,287,273,252,245,341,282,418,392,271,368,374,376,276,265,252,246,330,281,401,373,264,344,350,354,261,254,247,241,314,274,380,349,254,316,321,327,242,239,237,231,295,264,354,322,239,287,292,300,222,222,224,220,273,250,325,293,223,256,261,269,200,202,208,204,247,231,293,262,202,225,229,238,177,180,188,185,221,210,260,231,182,412,417,409,295,269,234,221,342,259,428,413,266,401,407,400,288,263,231,217,334,254,419,403,261,386,391,385,278,254,225,211,323,249,404,387,252,365,370,366,263,243,220,202,308,240,384,367,242,341,346,344,247,229,211,195,291,229,361,344,229,314,318,319,229,214,200,183,271,217,335,317,214,285,289,290,209,196,187,172,249,202,307,288,197,256,260,262,189,179,173,158,225,186,278,259,180,225,229,234,167,159,156,142,202,170,248,229,161,412,416,405,291,262,223,208,335,246,423,411,259,401,404,394,281,250,211,191,321,229,408,400,247,383,387,376,267,235,199,176,304,214,388,382,234,361,365,354,250,220,187,164,286,200,365,360,219,336,339,330,231,204,175,151,266,186,339,335,204,308,311,304,214,188,163,139,245,172,312,308,188,279,282,277,195,172,150,128,224,159,285,279,172,250,252,249,175,155,139,117,202,145,257,250,156,223,225,223,156,139,126,105,181,132,229,223,140,411,415,403,288,254,213,195,328,234,418,409,252,399,401,388,274,236,192,168,308,206,397,396,234,380,382,366,256,216,172,145,286,182,371,376,215,356,357,341,237,197,155,126,263,161,343,352,196,328,329,314,217,178,141,112,240,145,314,324,179,299,300,286,197,162,129,101,219,131,285,295,163,270,271,259,178,147,118,92,198,120,258,267,148,241,242,233,161,132,109,85,179,110,231,239,134,214,214,208,144,120,100,77,161,101,208,212,121,411,413,400,285,249,204,184,323,223,413,409,246,398,400,382,267,224,174,147,297,185,387,393,222,377,378,357,246,199,147,115,269,152,356,371,197,351,350,328,224,175,126,94,242,126,322,343,175,320,319,296,202,155,111,81,216,110,287,312,156,288,286,265,181,139,101,73,194,99,256,280,140,256,254,237,163,125,93,68,174,91,229,250,127,227,227,212,146,113,87,64,157,85,204,222,115,202,200,190,131,104,80,61,142,80,184,198,105,409,413,399,283,245,197,175,318,214,409,408,241,396,398,378,262,215,159,129,288,167,380,391,212,375,375,350,238,184,125,91,254,126,343,367,182,348,346,316,212,155,100,70,223,98,303,336,156,314,310,279,186,133,88,64,196,85,262,301,136,276,272,243,164,119,82,62,173,79,225,264,122,241,237,214,147,109,78,60,154,76,199,231,111,212,209,190,133,100,74,57,139,73,177,204,102,188,185,171,121,93,70,56,127,70,161,181,94,409,413,397,281,242,192,169,315,209,407,407,238,396,398,375,259,209,149,115,281,155,375,390,206,374,374,346,233,173,108,73,244,107,335,365,171,346,344,310,204,138,84,65,212,84,290,333,142,312,308,269,173,114,82,63,185,77,243,296,123,273,267,223,149,107,79,62,161,75,202,254,112,229,222,189,135,101,75,60,141,73,172,214,104,195,190,169,124,95,72,57,127,71,154,185,97,173,169,153,113,89,68,56,117,69,142,165,90,409,413,397,281,241,190,168,314,206,407,407,237,395,397,374,258,206,145,112,279,150,373,389,202,374,374,344,231,168,102,68,241,100,332,364,167,345,343,308,200,130,84,65,209,79,285,332,138,311,307,266,168,111,82,63,181,77,233,295,120,272,265,221,139,106,79,62,158,75,194,252,108,229,221,176,130,100,75,60,137,73,162,208,102,188,181,158,121,95,72,57,122,71,145,176,96,166,162,145,112,89,68,56,112,69,134,158,90]}