{"c":"43256","n":"越谷","la":35.88333333333333,"lo":139.75666666666666,"e":3,"t":[4.1,4.9,8.1,13.7,18.2,21.4,25.1,26.8,22.8,17.0,11.3,6.4],"s":[1,1,0,0,0,0,0,0,0,0,0,0],"i":[407,424,451,342,301,274,270,370,315,433,426,306,398,415,449,349,320,307,313,386,358,438,421,325,381,399,438,349,332,333,348,392,392,434,405,338,358,375,419,342,336,350,374,391,415,421,384,343,330,345,390,328,333,359,390,381,429,399,355,340,295,309,355,308,323,360,397,362,430,369,320,330,258,269,313,281,305,351,393,337,422,331,280,313,218,225,266,250,281,334,378,304,403,289,237,288,178,183,216,214,250,309,354,266,373,241,192,258,408,424,450,341,300,273,269,369,314,432,426,305,398,415,449,348,318,304,309,384,355,437,421,323,382,399,438,348,329,329,342,390,387,433,405,335,359,375,418,341,333,345,367,388,409,420,384,340,331,346,391,327,329,354,382,378,421,398,356,336,297,311,356,306,318,353,387,360,423,369,321,326,260,272,315,280,300,344,382,334,413,332,282,308,221,229,270,249,276,327,368,302,393,290,240,284,183,189,222,214,246,301,344,265,363,245,198,254,407,424,449,340,297,269,263,367,309,430,426,302,398,416,447,345,313,296,299,379,344,434,420,318,383,400,434,344,321,317,327,384,372,430,405,327,361,378,417,336,323,331,348,381,390,417,385,330,333,349,390,322,318,336,359,369,399,395,357,325,302,316,358,301,306,334,361,351,397,367,325,314,267,279,319,276,288,323,354,326,386,333,288,296,231,241,277,247,263,305,338,295,365,294,250,271,195,202,234,214,235,279,313,260,335,250,211,243,407,423,447,337,293,262,254,363,300,428,426,297,398,415,443,340,304,285,283,372,328,430,419,310,383,400,432,338,310,300,303,373,348,424,405,316,362,378,413,328,309,309,317,368,361,409,384,316,337,352,388,314,302,311,323,356,365,390,359,309,306,321,356,294,289,307,322,337,360,362,328,297,274,287,321,270,270,295,312,312,346,331,294,278,241,252,283,242,247,276,295,283,325,294,259,254,206,217,243,212,220,250,270,250,296,256,222,227,407,423,444,334,287,254,244,358,289,424,425,292,398,413,438,334,294,269,262,362,308,424,417,299,383,400,426,329,295,279,275,360,320,416,403,301,363,379,407,319,291,283,282,352,325,401,383,298,338,353,382,303,282,281,281,338,324,380,358,289,310,325,353,284,268,274,276,319,316,355,329,275,279,293,320,260,250,262,265,295,301,324,297,257,248,259,285,235,227,244,248,268,281,291,264,235,217,227,249,206,202,221,225,238,254,256,231,210,405,422,441,330,281,245,231,351,277,420,423,285,397,413,433,327,281,250,239,350,285,415,413,286,382,398,418,318,278,254,242,344,287,405,399,284,362,378,398,306,270,252,242,333,286,388,379,276,338,353,374,290,259,248,238,317,279,367,355,265,311,325,345,270,244,238,227,297,269,342,327,250,282,295,314,248,225,225,217,275,254,314,297,233,252,264,281,223,206,209,200,249,235,283,266,213,221,231,247,199,184,189,182,222,213,250,234,191,405,421,438,325,273,235,218,344,263,415,422,278,396,411,426,318,267,231,215,337,259,405,411,273,380,395,409,307,259,227,209,326,252,392,394,264,360,374,387,291,247,221,200,311,244,373,373,252,336,349,362,274,233,212,193,293,234,350,349,240,309,321,333,254,218,200,182,273,220,325,321,224,281,292,302,231,200,188,170,250,206,297,292,206,252,263,272,210,183,174,156,227,189,269,262,189,223,233,241,187,163,157,141,202,172,240,231,169,405,420,434,321,266,224,206,338,250,409,420,270,394,409,419,309,254,212,190,324,234,396,407,258,377,391,398,294,239,200,176,307,218,377,389,244,356,368,373,276,224,188,163,288,202,354,366,229,331,342,346,256,208,176,150,268,188,330,340,213,303,314,317,236,191,165,139,247,175,304,312,197,275,285,287,215,175,152,128,225,161,277,282,180,247,256,256,193,158,140,117,202,147,250,252,164,219,227,229,173,142,127,104,182,133,223,225,147,405,419,430,316,259,214,194,331,237,405,418,263,393,405,412,300,240,193,167,311,210,386,404,244,374,386,387,281,220,173,145,288,185,362,382,225,351,361,358,259,200,157,127,265,164,335,356,204,323,333,327,237,181,143,112,242,146,306,328,187,295,303,296,215,165,130,102,220,133,279,298,170,266,273,266,195,150,120,93,199,121,252,269,155,238,244,238,175,135,110,85,179,111,225,240,140,211,217,210,157,122,101,77,161,101,202,213,127,404,418,428,313,252,204,183,325,225,401,417,257,391,404,405,292,227,175,147,299,188,377,400,231,372,382,377,268,202,148,117,271,154,348,377,206,346,354,343,242,177,127,95,243,128,315,348,183,316,322,307,217,157,112,82,217,110,282,315,162,284,289,272,195,141,102,74,194,99,250,282,146,254,258,241,175,127,94,69,175,91,224,250,132,225,229,214,157,114,88,65,157,84,200,223,120,199,202,191,141,105,81,61,142,79,180,198,109,404,418,426,310,249,198,174,321,217,398,416,252,391,401,401,286,218,161,130,290,170,370,398,222,370,379,369,258,186,126,92,256,127,336,373,190,343,349,330,227,157,102,71,225,98,297,341,162,310,313,288,198,134,89,65,197,84,258,304,141,273,275,248,174,120,83,63,173,78,224,265,125,239,239,215,155,110,79,61,154,75,197,231,114,210,211,190,140,101,74,59,139,71,175,202,105,186,187,169,127,94,70,56,126,69,159,180,97,404,417,425,308,246,193,169,318,211,396,416,249,390,401,399,282,212,150,117,283,156,365,397,215,370,378,365,250,175,110,75,246,107,328,371,179,343,348,324,217,140,85,66,213,83,285,338,147,310,311,277,182,115,82,65,186,76,240,299,127,271,269,225,155,107,79,63,161,74,200,256,113,229,224,187,139,101,76,61,141,72,171,214,105,195,191,166,128,95,72,59,126,70,154,184,98,173,170,150,118,89,69,56,115,68,141,165,92,404,417,425,307,245,191,167,317,210,395,415,248,391,401,399,281,209,146,112,281,152,364,397,212,370,377,365,249,170,103,70,243,100,325,371,174,343,346,324,214,131,85,66,210,78,281,338,143,310,310,277,175,111,82,65,182,76,231,299,123,272,268,225,141,106,79,63,158,74,193,254,109,229,222,174,132,101,76,61,136,72,162,209,103,190,182,155,123,95,72,59,122,70,144,176,97,168,163,143,114,89,69,56,112,68,133,158,91]}