{"c":"43266","n":"所沢","la":35.77333333333333,"lo":139.41333333333333,"e":119,"t":[3.6,4.1,7.3,12.9,17.3,20.6,24.3,25.8,22.0,16.3,10.8,6.0],"s":[2,2,0,0,0,0,0,0,0,0,0,0],"i":[397,409,445,335,305,287,282,367,319,425,417,309,388,401,443,341,325,323,327,383,362,430,411,330,372,385,433,341,337,350,364,390,396,425,397,343,350,363,413,334,342,370,392,389,420,412,375,348,322,333,385,320,339,380,409,379,434,391,347,346,289,299,350,300,328,381,417,362,437,362,313,336,252,261,309,274,310,372,413,337,428,325,274,319,214,220,263,244,286,354,398,305,408,283,231,295,175,179,214,209,254,328,373,267,378,237,189,264,397,409,444,334,304,285,280,367,317,424,417,308,388,401,443,340,323,320,323,381,358,429,411,328,373,385,432,340,334,346,359,388,391,425,397,340,350,363,413,333,338,365,385,386,413,411,375,345,323,335,386,319,335,374,401,377,426,390,348,342,290,301,352,299,323,374,407,359,428,362,314,332,254,264,311,273,305,364,401,334,418,326,277,314,217,224,267,243,280,346,387,302,398,285,236,290,180,184,220,209,250,319,361,266,368,240,195,260,397,409,443,333,302,281,274,364,312,423,416,305,388,401,441,338,317,311,312,377,348,426,409,322,373,386,430,336,326,334,342,381,376,421,396,332,352,365,412,328,328,348,364,379,394,409,376,335,325,337,385,314,323,355,376,367,403,387,349,331,295,306,353,294,311,352,379,350,401,360,318,319,261,271,315,269,292,342,371,325,390,326,282,301,225,234,274,240,267,323,354,294,369,288,244,277,191,197,231,209,238,296,329,260,339,246,206,248,397,409,441,330,297,274,265,360,303,420,416,300,388,400,437,333,309,298,294,369,331,422,409,313,373,386,426,330,315,316,317,371,352,416,395,320,353,365,407,321,314,326,331,365,365,401,375,320,328,340,383,306,306,328,338,354,369,382,350,314,299,310,351,287,294,324,337,335,363,355,320,301,268,277,317,263,275,312,327,311,350,324,287,283,235,244,279,236,250,292,309,282,328,288,252,259,202,210,240,206,223,266,283,250,299,250,217,231,396,408,438,327,291,265,254,354,292,417,413,294,388,400,433,327,298,282,272,359,310,415,407,302,373,385,421,321,299,292,287,357,323,408,393,304,354,365,401,311,295,298,294,349,328,393,374,301,329,341,377,296,286,296,294,335,327,372,349,292,302,313,348,277,272,288,289,317,319,348,321,279,273,283,315,254,252,276,277,293,304,317,290,261,241,250,281,229,229,257,259,266,283,285,257,239,211,219,245,200,206,234,236,237,258,250,225,214,396,407,436,323,285,254,240,348,279,412,413,288,387,398,428,320,285,262,248,347,287,408,404,289,372,384,413,311,282,266,252,340,289,397,390,286,353,364,393,299,274,265,252,330,289,381,370,279,329,340,369,283,263,260,247,314,281,360,346,269,303,313,340,263,247,250,238,294,271,335,319,252,275,284,310,242,229,237,225,272,256,307,290,236,245,254,277,218,209,220,209,247,237,277,259,215,216,223,244,194,187,199,189,220,215,245,227,193,396,405,433,319,277,244,225,341,266,408,412,280,386,396,421,312,271,242,222,334,261,399,401,275,371,381,404,300,262,237,217,323,254,384,385,266,351,361,382,285,250,231,208,308,246,366,364,256,327,337,357,268,236,221,200,290,236,343,340,242,300,310,329,248,221,210,188,270,222,318,313,227,273,281,298,227,202,196,176,248,208,291,284,208,245,252,269,204,185,182,162,225,190,263,256,191,217,224,238,182,165,164,146,200,173,234,225,170,395,405,429,314,270,233,213,334,252,403,409,272,384,394,413,303,257,221,196,321,235,389,398,260,368,377,393,288,242,208,181,304,219,370,379,246,347,355,369,270,227,195,168,285,204,348,357,231,322,330,342,250,210,183,155,265,190,324,331,215,296,303,313,231,193,171,143,244,175,298,304,198,268,275,283,210,177,158,131,223,162,271,275,181,240,246,252,189,160,146,120,200,148,245,247,165,213,219,225,169,144,132,107,180,134,218,219,148,394,404,426,310,263,222,200,328,239,398,408,265,383,392,407,295,243,200,172,308,211,379,394,246,365,373,383,275,222,179,148,285,186,356,373,225,342,349,354,254,202,161,129,262,164,329,348,206,315,322,323,233,183,147,113,239,147,301,320,188,288,293,293,211,167,134,104,217,133,274,291,171,259,264,263,191,151,123,94,197,122,248,262,155,231,236,235,172,136,112,86,177,112,222,234,141,206,210,208,154,123,104,78,159,102,199,208,127,394,404,423,307,257,212,189,322,227,394,407,259,382,390,401,287,231,181,150,296,189,371,391,233,363,369,373,264,204,152,119,268,154,342,368,206,337,342,339,238,179,130,96,240,128,310,340,183,308,312,304,214,158,113,82,215,111,277,308,162,278,280,270,192,142,103,74,192,99,248,276,146,248,250,239,172,128,95,69,172,91,221,246,131,220,222,212,155,115,89,64,155,85,198,218,120,195,197,189,138,106,82,61,140,80,178,193,109,394,403,421,304,252,204,180,317,219,391,405,252,381,388,397,281,221,165,132,286,170,364,389,222,361,367,365,254,188,128,93,252,127,331,364,190,335,338,327,224,158,102,70,221,98,293,333,162,303,304,285,196,135,89,64,194,84,254,297,140,267,267,246,172,120,82,62,171,78,221,260,125,234,233,213,154,110,78,60,152,75,195,227,113,206,204,188,139,101,74,57,137,72,174,200,105,182,181,168,126,94,70,56,125,69,157,177,97,393,403,421,302,249,200,174,314,213,389,405,250,380,388,395,277,214,153,119,280,157,360,388,215,360,365,362,248,176,110,74,243,107,323,362,178,334,336,321,214,140,84,64,210,83,281,330,146,301,302,275,180,115,81,63,183,76,238,293,126,265,262,225,154,107,78,62,159,74,200,250,112,225,219,187,138,101,75,60,139,72,171,210,105,191,187,165,127,95,72,57,125,70,153,181,98,169,167,150,117,89,69,56,114,68,140,162,92,393,401,420,302,248,198,172,313,211,388,405,249,380,387,395,276,211,149,114,277,153,358,387,212,360,365,361,246,172,103,68,239,100,321,362,174,333,336,321,211,131,84,64,206,78,277,330,142,301,300,275,174,111,81,63,180,76,229,292,122,264,261,225,140,106,78,62,156,74,192,250,108,223,217,174,131,101,75,60,135,72,162,204,102,184,179,155,123,95,72,57,121,70,144,173,97,163,160,143,113,89,69,56,112,68,133,155,91]}