{"c":"44056","n":"青梅","la":35.788333333333334,"lo":139.31166666666667,"e":155,"t":[2.8,3.6,6.9,12.6,17.0,20.4,24.0,25.4,21.5,15.8,10.2,5.3],"s":[6,4,0,0,0,0,0,0,0,0,0,0],"i":[399,413,443,330,301,280,283,367,318,429,419,303,390,405,441,336,319,314,329,383,361,434,412,323,374,390,430,336,331,340,367,390,396,430,398,336,351,366,412,329,336,359,395,389,420,417,376,341,323,337,384,315,332,368,413,379,434,395,348,339,290,302,349,295,322,369,420,361,436,365,314,329,252,263,308,270,304,360,416,336,428,329,275,312,214,222,262,240,280,342,401,304,408,286,233,288,175,180,213,206,250,317,375,266,379,239,190,258,399,413,442,329,300,278,281,367,316,429,418,302,390,405,441,335,318,311,325,381,358,434,412,321,374,390,430,335,329,336,360,388,390,429,398,333,352,367,411,327,332,354,387,386,413,416,376,338,324,338,384,314,328,362,403,376,426,395,349,335,292,304,350,294,317,362,409,358,426,365,315,324,256,266,310,269,299,352,404,333,418,329,277,307,218,225,266,240,275,335,389,301,398,288,237,283,180,185,219,206,245,309,363,265,369,243,195,252,399,413,441,328,297,274,275,364,311,426,418,300,390,405,438,333,312,303,313,377,347,430,412,316,375,390,428,331,321,324,344,381,375,426,398,325,354,369,409,323,323,338,366,378,394,413,377,328,326,341,383,309,317,344,378,367,403,392,350,323,296,309,351,289,305,341,381,349,401,364,319,312,262,273,313,265,287,331,373,324,390,329,283,294,227,236,273,237,262,312,356,294,369,291,245,270,192,199,229,206,234,286,331,259,339,249,206,242,399,413,438,325,292,267,266,360,303,425,417,295,390,405,434,328,304,290,296,369,331,426,409,308,375,390,425,325,309,307,318,371,351,421,397,314,354,369,405,316,308,316,333,365,364,407,376,313,330,344,381,302,301,318,340,353,368,387,352,307,300,314,350,282,288,314,339,335,363,359,321,295,269,280,316,259,269,302,329,311,350,327,288,277,236,246,278,231,246,282,310,282,329,291,252,252,202,212,239,202,219,257,284,249,300,252,218,227,398,413,437,322,287,259,254,354,292,421,416,289,390,404,430,322,294,275,274,359,310,420,408,297,375,390,419,317,294,285,288,357,323,412,394,298,355,370,400,306,290,289,295,349,328,398,375,295,331,344,375,291,281,287,295,335,327,377,350,286,304,317,347,272,267,280,290,317,319,352,323,273,274,286,314,249,249,267,279,293,304,321,291,254,242,252,279,225,225,249,260,266,284,288,258,233,212,221,244,198,202,225,237,237,258,254,225,209,398,412,434,318,280,249,241,348,279,417,415,283,389,403,426,315,281,256,250,347,287,412,405,284,374,388,411,307,277,259,252,341,289,401,391,281,354,368,392,295,269,258,252,330,288,385,371,274,331,344,367,279,258,252,248,314,281,364,347,263,304,316,338,259,243,242,239,294,271,339,320,248,276,288,309,238,225,229,227,272,256,311,291,231,246,257,276,214,204,213,210,247,237,280,260,211,217,225,243,191,183,193,190,220,216,248,227,189,397,411,430,314,273,239,227,342,265,412,413,275,388,401,419,307,267,237,223,334,261,403,403,270,372,385,401,296,259,231,218,323,254,388,386,262,352,365,380,281,247,225,209,308,246,370,366,250,329,341,356,264,233,215,200,290,236,347,342,237,302,313,328,245,218,204,189,270,222,322,314,222,275,285,297,223,199,191,177,248,208,295,285,204,246,256,267,202,182,177,163,225,191,266,256,187,218,227,237,179,162,160,146,200,174,237,227,167,397,409,426,310,266,227,214,335,252,407,411,268,386,399,412,299,252,216,197,321,235,393,399,256,370,381,392,284,239,204,182,304,219,374,381,242,348,359,367,267,223,191,168,285,204,352,358,227,324,334,340,247,208,179,155,265,190,327,333,211,297,307,312,227,190,167,143,244,176,301,305,195,269,278,282,206,174,154,131,223,163,274,276,178,242,249,252,186,158,142,120,202,149,247,248,162,214,222,225,167,142,129,108,180,135,221,220,146,396,409,424,306,259,217,200,328,239,403,409,261,385,396,405,291,240,196,173,308,211,384,395,242,366,377,381,272,219,176,149,286,186,359,375,222,343,353,352,250,200,159,129,262,165,332,349,202,317,325,322,229,181,144,113,240,148,304,321,185,289,296,292,209,165,132,104,218,134,277,292,169,260,267,262,189,149,121,94,197,122,250,263,153,233,239,234,170,134,112,87,178,112,225,235,139,206,212,206,152,122,102,79,160,103,200,209,125,396,408,421,303,252,208,189,322,227,399,409,254,383,394,400,283,227,178,151,296,189,375,392,229,364,373,371,261,202,150,119,268,155,345,369,204,339,346,338,236,177,128,95,241,128,313,341,181,310,315,303,212,157,112,82,215,111,280,309,161,279,283,269,190,141,103,74,193,100,250,277,144,249,252,238,171,127,94,69,173,92,223,246,130,221,224,211,153,114,88,64,156,86,200,219,119,196,199,188,137,105,82,61,141,81,179,194,108,395,408,420,300,248,200,180,318,219,395,408,250,382,393,395,278,218,163,132,287,171,368,390,219,363,371,364,250,186,127,92,254,128,334,366,188,336,341,326,222,157,102,70,222,99,296,334,161,304,307,284,194,134,89,63,195,85,257,298,139,269,269,245,171,120,83,61,172,79,223,261,124,235,235,212,153,110,79,60,153,76,196,227,113,206,206,188,138,101,74,57,138,73,175,200,104,183,183,168,125,94,70,56,126,71,158,178,96,395,407,419,298,246,196,174,315,213,393,407,247,382,392,393,274,212,152,119,281,158,363,389,213,362,369,360,245,175,110,74,244,108,326,364,177,335,340,320,213,140,85,64,211,84,284,332,146,303,304,275,179,115,82,63,184,77,240,294,126,266,264,225,153,107,79,61,160,75,200,250,112,225,220,186,138,101,76,60,140,73,171,211,105,191,188,165,127,95,72,57,126,72,153,181,98,170,168,150,117,89,69,56,115,70,141,162,92,395,407,419,298,245,194,172,314,211,393,407,246,381,392,393,273,209,148,114,278,153,362,389,210,361,369,360,243,171,104,68,240,101,324,363,173,334,339,320,210,131,85,64,208,79,280,331,142,302,303,274,173,111,82,63,181,77,231,293,122,265,263,224,140,106,79,61,157,75,193,250,108,224,219,174,131,101,76,60,136,73,162,206,103,185,180,155,123,95,72,57,121,72,144,173,97,163,161,143,113,89,69,56,112,70,133,155,91]}