{"c":"44116","n":"府中","la":35.68333333333333,"lo":139.48166666666665,"e":59,"t":[4.2,5.0,8.2,13.7,18.0,21.2,25.0,26.4,22.6,16.9,11.3,6.5],"s":[2,2,0,0,0,0,0,0,0,0,0,0],"i":[398,413,448,336,304,279,277,365,312,424,420,306,389,404,446,342,323,313,321,380,354,428,413,326,373,388,434,342,335,339,357,387,387,424,399,339,351,365,416,335,340,357,384,385,409,411,377,344,323,336,387,321,337,367,401,375,423,389,349,341,289,301,352,301,326,367,407,358,425,360,314,331,252,263,310,275,309,358,403,332,416,323,275,314,214,221,264,244,284,340,388,300,397,281,233,290,175,180,214,210,254,315,364,263,367,235,190,259,398,413,447,335,303,278,275,365,311,423,419,305,389,404,446,341,321,310,317,379,351,426,413,324,374,389,434,341,333,335,351,385,382,423,399,336,351,366,415,333,337,352,377,383,404,409,377,341,324,337,388,319,333,361,392,373,415,388,350,338,291,303,354,299,322,360,397,355,417,360,316,327,254,266,312,274,303,351,392,329,407,324,278,309,217,225,268,244,279,333,377,298,387,283,237,285,180,185,221,210,248,307,352,262,358,239,195,254,398,413,446,333,300,274,270,362,306,421,419,302,390,405,444,338,316,302,306,374,341,425,413,319,374,389,432,337,325,323,336,378,367,420,398,328,353,368,413,329,327,337,356,375,385,407,378,331,326,340,387,315,322,343,368,364,393,386,351,326,295,308,355,294,309,340,370,346,391,358,319,315,261,273,316,270,291,329,363,321,380,324,283,297,225,235,275,241,266,311,346,291,359,286,245,272,191,198,231,209,237,285,321,256,329,245,206,243,398,412,444,331,296,267,261,358,297,419,418,298,390,404,440,334,308,290,289,367,324,421,411,310,375,390,429,331,313,306,311,368,344,413,398,317,354,368,409,321,312,315,325,363,356,400,377,316,329,343,385,307,305,317,331,351,360,381,352,310,300,313,353,287,292,313,329,332,354,353,322,297,268,280,319,263,273,300,320,308,341,322,289,279,236,246,281,236,249,281,302,279,320,287,254,256,202,211,241,206,222,256,276,247,292,249,218,227,398,412,442,328,290,259,250,353,287,416,417,292,389,403,436,328,297,274,268,357,304,413,409,300,375,389,423,322,298,284,281,355,317,405,396,301,354,369,404,312,294,288,288,347,321,392,376,298,330,344,379,296,285,287,288,333,319,371,351,289,303,316,350,277,270,279,283,314,312,346,323,275,273,285,317,254,252,266,271,290,297,316,292,258,242,252,282,229,229,248,252,264,277,284,259,235,212,221,247,202,204,225,231,234,250,250,225,211,397,411,438,324,284,249,237,347,274,412,416,286,388,401,430,321,284,256,245,346,282,407,407,287,373,387,415,312,281,259,248,339,284,396,392,284,354,367,396,300,273,257,248,328,283,380,372,277,330,343,371,284,261,252,243,312,276,359,348,266,304,316,342,264,246,242,234,292,265,334,321,250,276,287,312,243,227,229,222,270,250,306,292,233,246,256,279,218,208,213,204,245,231,275,261,213,216,225,245,194,186,192,186,219,210,244,229,191,397,409,434,319,276,239,223,340,261,407,413,278,387,400,424,312,270,236,219,333,257,398,404,273,372,384,405,301,262,231,214,321,250,384,387,265,352,364,384,286,250,225,206,307,241,365,367,252,328,340,359,269,236,215,197,289,231,343,342,240,302,313,331,249,220,204,185,269,218,318,315,225,274,284,300,227,202,191,174,247,204,290,286,206,246,254,270,206,184,177,159,224,186,263,257,189,217,225,239,183,164,159,143,200,169,234,227,169,396,409,432,315,269,227,210,333,248,401,412,271,386,398,417,304,256,216,194,320,231,388,400,259,369,381,396,289,241,204,179,303,216,370,382,244,348,359,371,271,225,191,166,284,202,348,359,229,323,333,344,250,210,179,153,264,187,323,334,213,297,306,315,231,192,167,141,243,173,297,306,197,269,277,285,211,176,154,130,222,159,271,277,180,241,249,254,189,159,142,119,200,146,244,248,164,214,221,227,170,143,129,106,179,132,218,221,147,396,408,429,311,262,217,198,327,236,398,411,263,384,396,409,295,242,196,171,307,209,379,396,245,366,376,385,276,222,176,147,285,184,355,376,225,343,352,356,254,200,159,129,262,163,329,350,204,317,325,325,233,183,145,113,239,146,301,322,187,288,296,294,212,166,132,103,217,132,274,293,170,260,267,265,191,151,121,94,197,120,248,264,154,233,238,236,173,136,112,86,177,111,222,236,140,206,212,209,154,123,102,78,159,101,199,209,126,395,408,426,307,256,208,187,321,225,394,409,257,383,393,404,288,229,178,150,296,187,370,393,231,364,373,375,264,204,150,119,268,154,342,370,206,339,346,341,239,179,129,96,240,128,310,342,182,310,315,306,215,158,113,83,215,111,278,310,162,279,282,271,192,141,103,74,192,99,248,277,146,248,252,240,173,127,94,70,173,91,221,247,131,221,224,213,155,115,88,65,155,85,198,219,120,195,199,190,139,106,82,61,140,79,178,195,109,395,407,424,305,250,200,178,317,216,391,409,252,382,392,399,282,220,163,132,287,169,364,391,222,362,370,367,254,188,128,93,254,127,331,367,190,336,341,329,225,158,102,71,222,99,293,335,162,304,306,287,196,135,89,65,195,85,256,299,140,268,269,247,172,120,83,63,172,79,222,261,125,235,235,214,154,110,79,61,153,76,195,227,113,206,206,189,139,101,74,59,138,72,174,200,105,183,183,169,126,94,70,56,125,69,157,178,97,394,405,423,303,248,196,172,314,211,389,408,249,381,391,397,278,214,152,119,280,157,360,390,215,361,369,364,248,176,111,75,244,108,323,365,178,335,339,323,215,141,85,65,211,84,282,332,147,302,304,277,181,115,82,64,184,77,239,294,126,265,264,225,154,107,79,63,160,75,200,252,112,225,220,187,139,101,76,61,140,73,171,211,105,191,188,165,127,95,72,59,126,71,153,182,98,169,168,150,117,89,69,56,115,68,140,162,92,394,405,423,302,247,194,171,313,209,388,408,248,381,391,397,277,211,148,114,278,152,358,390,212,361,368,363,246,172,104,70,240,101,321,364,174,334,339,323,212,131,85,65,208,80,278,332,143,302,303,276,175,111,82,64,181,77,231,294,123,265,263,225,140,106,79,63,157,75,193,250,109,224,219,174,131,101,76,61,136,73,162,206,103,184,180,155,123,95,72,59,121,71,144,173,97,163,161,143,113,89,69,56,112,68,133,155,91]}