{"c":"44112","n":"八王子","la":35.666666666666664,"lo":139.31666666666666,"e":123,"t":[3.2,4.1,7.5,13.2,17.6,20.9,24.7,26.0,22.2,16.4,10.7,5.6],"s":[2,2,0,0,0,0,0,0,0,0,0,0],"i":[399,409,451,331,302,283,279,366,316,425,420,305,390,401,450,337,320,318,324,382,358,429,413,325,374,385,440,337,332,345,360,388,392,425,400,338,351,362,420,329,336,364,387,387,415,412,378,343,323,333,391,316,333,373,405,377,429,390,349,341,289,299,355,296,323,374,411,359,430,360,314,331,252,261,313,271,305,365,407,334,422,324,275,313,214,219,266,240,281,347,392,302,403,282,233,289,175,178,215,206,250,321,367,264,373,236,189,259,399,409,451,330,301,282,277,366,314,424,420,304,390,401,450,336,319,315,320,380,355,429,413,323,374,385,438,336,329,341,354,386,387,424,400,335,352,363,419,328,333,358,380,384,409,411,378,340,324,335,392,314,329,367,396,374,421,389,350,337,291,301,357,295,318,367,401,356,422,360,316,326,254,263,315,270,300,357,396,331,413,325,278,309,217,223,270,240,275,339,381,300,393,284,237,285,179,183,222,206,245,313,356,263,363,239,195,254,399,409,450,329,298,277,272,363,309,423,419,301,390,401,448,333,313,307,309,375,344,426,413,318,374,386,437,332,321,329,338,380,372,421,399,327,353,365,418,324,323,343,359,377,390,408,379,330,326,337,390,310,318,349,371,365,398,387,351,325,296,306,358,290,306,346,373,347,396,359,320,314,262,270,319,266,287,335,366,322,385,325,284,296,225,233,277,237,263,316,349,292,364,286,246,272,191,197,234,206,234,290,323,257,334,245,206,243,399,409,448,326,293,271,263,359,300,420,419,297,390,401,444,329,305,294,292,368,328,422,412,309,375,386,433,326,310,311,313,369,348,415,398,316,354,365,413,316,309,320,327,364,360,401,378,315,329,340,389,302,302,323,334,352,364,381,353,309,300,310,357,283,289,318,332,333,359,354,322,296,268,277,322,259,270,306,322,309,345,323,289,278,236,244,283,231,246,286,304,280,324,287,254,254,202,210,243,204,220,261,279,248,295,250,219,227,398,408,446,323,288,262,252,354,290,417,417,291,390,400,440,323,294,278,270,358,308,415,409,298,375,386,426,317,295,288,284,356,320,407,396,300,355,366,408,307,291,293,290,348,325,393,376,297,331,341,383,292,282,291,290,334,323,372,351,288,304,313,354,273,268,283,285,315,315,347,324,275,273,283,320,250,250,271,273,291,300,317,292,257,242,250,285,225,227,252,254,265,280,285,259,235,212,219,249,198,202,229,233,235,254,250,227,210,398,408,443,319,281,252,239,348,277,413,416,284,389,398,434,316,282,259,247,346,285,408,407,286,374,384,419,308,278,263,249,340,287,397,392,283,354,364,400,295,270,261,250,329,286,381,373,275,331,340,375,280,259,256,245,313,279,360,349,265,304,313,345,260,244,246,235,293,268,335,321,250,276,285,315,239,225,233,223,271,252,307,292,233,246,254,282,215,206,216,206,246,234,276,261,212,217,223,248,191,184,196,187,219,212,245,229,190,397,407,438,315,274,242,225,341,264,408,413,277,388,396,428,308,268,239,221,334,259,399,404,272,372,381,409,297,259,234,215,322,252,385,388,263,352,361,388,282,248,227,206,307,244,366,367,252,329,337,363,265,233,218,199,290,234,344,343,239,302,310,334,245,218,206,187,269,220,318,315,224,275,282,303,224,200,193,175,247,206,291,286,206,246,252,273,202,182,179,160,224,188,263,257,188,218,224,241,180,162,162,144,200,171,234,227,168,397,405,436,311,267,231,212,334,250,403,413,269,386,394,420,300,254,219,195,320,234,389,400,258,370,377,399,285,240,206,180,304,218,371,382,243,348,356,374,267,224,193,167,285,202,348,359,227,324,331,346,248,208,181,154,265,188,324,334,212,297,304,317,227,191,169,142,244,174,298,306,196,269,275,288,208,175,156,130,222,161,271,277,179,242,247,257,187,158,144,119,200,147,245,248,163,214,219,229,167,142,130,107,180,133,219,221,147,396,405,433,307,260,220,199,328,238,399,411,262,385,392,413,292,241,198,172,308,210,380,397,244,367,373,388,273,220,178,148,285,185,356,376,224,343,349,359,252,200,160,129,262,164,329,350,204,317,322,328,229,182,146,113,239,147,302,322,186,289,293,297,209,165,133,103,217,133,274,293,169,260,264,267,189,150,122,94,197,121,248,264,154,233,236,238,171,135,112,86,177,111,223,236,139,206,210,211,152,122,103,78,159,101,199,209,126,396,404,430,303,254,211,188,322,227,395,409,256,383,390,408,284,229,180,150,296,188,371,394,231,364,369,378,261,202,151,119,268,154,343,371,204,339,343,344,237,178,130,96,240,128,311,342,181,310,312,308,212,158,113,83,215,111,278,310,161,279,280,273,190,141,103,74,192,99,248,277,145,249,250,242,171,127,94,69,173,91,222,247,131,221,222,215,153,114,89,65,155,85,198,219,119,196,197,191,137,105,82,61,140,80,178,194,108,395,404,428,301,249,202,179,317,218,392,409,250,383,389,403,278,219,164,132,287,170,365,392,221,363,367,370,252,187,128,93,254,128,331,367,189,336,338,331,223,158,103,71,222,99,294,335,161,304,304,289,195,135,89,64,195,85,256,299,140,269,267,248,171,120,83,62,172,79,222,261,125,235,233,215,153,110,79,61,153,75,195,227,113,206,204,190,138,101,74,59,138,72,174,200,104,183,181,169,125,94,71,56,125,69,157,178,96,395,403,426,299,246,198,173,315,212,390,408,248,382,388,401,275,213,153,119,280,157,360,390,213,362,366,367,246,176,111,75,244,108,324,365,177,335,337,325,213,140,84,65,211,84,283,332,146,303,302,278,179,115,82,64,184,77,239,294,126,266,262,227,153,107,79,62,160,75,200,252,112,225,219,188,138,101,76,61,140,73,171,211,105,191,187,166,127,95,72,59,126,71,153,181,98,169,166,150,117,89,69,56,115,68,140,162,92,395,403,426,298,246,196,172,314,210,389,408,247,382,388,401,274,210,149,114,278,153,359,390,211,361,365,366,244,171,104,69,240,101,322,364,173,334,336,325,210,132,84,65,208,79,279,332,142,302,301,278,174,111,82,64,181,77,231,294,122,265,261,227,140,106,79,62,157,75,193,250,108,224,217,175,131,101,76,61,136,73,162,204,103,184,179,155,123,95,72,59,121,71,144,173,97,163,159,143,113,89,69,56,112,68,133,155,91]}