{"c":"44172","n":"大島","la":34.748333333333335,"lo":139.36166666666668,"e":74,"t":[7.0,7.0,9.6,13.9,17.5,20.3,23.8,25.3,22.6,18.1,13.8,9.6],"s":[0,1,0,0,0,0,0,0,0,0,0,0],"i":[395,428,482,367,305,277,258,366,290,421,434,316,386,419,480,375,323,308,294,378,323,425,428,335,369,401,467,374,334,331,323,382,350,419,413,346,346,377,445,366,337,347,344,378,367,405,390,350,318,346,413,350,333,354,356,366,376,383,359,346,285,310,375,328,322,353,359,346,375,353,323,334,248,270,329,299,304,344,354,320,365,317,282,315,209,227,278,265,279,325,339,287,347,275,238,290,170,183,224,225,248,300,316,250,319,229,193,258,395,428,480,367,304,275,256,365,288,421,434,315,386,419,479,374,321,305,291,377,321,424,428,333,370,401,467,373,331,327,318,380,345,418,413,344,347,378,445,365,334,342,338,376,362,404,390,347,319,348,415,349,329,349,349,364,369,382,361,342,286,312,377,327,317,347,351,344,368,353,325,330,250,273,332,298,299,337,345,318,358,317,285,311,213,231,283,265,274,318,330,286,338,277,242,286,175,189,231,227,243,292,307,249,311,233,199,254,395,428,480,365,302,271,252,363,284,419,434,313,386,419,476,371,316,297,282,372,312,422,428,328,370,403,465,369,324,316,305,374,333,416,413,336,349,380,444,360,325,328,321,369,346,401,391,338,322,351,413,344,319,332,329,356,351,380,362,332,291,317,379,322,306,328,328,337,347,352,329,319,257,281,337,295,287,317,320,311,335,318,291,299,222,241,292,262,262,298,304,280,315,280,252,274,188,202,245,227,231,272,280,246,288,239,212,244,395,428,478,362,297,265,244,359,277,417,434,308,386,419,473,365,308,286,267,366,299,418,426,320,371,403,461,362,313,300,284,365,314,411,412,325,350,381,440,352,311,308,294,358,322,396,390,323,325,354,413,336,303,308,298,345,323,375,364,316,296,323,378,314,289,302,295,325,316,348,332,302,265,288,340,288,270,290,284,300,302,317,298,283,231,252,299,258,246,270,267,271,282,281,261,258,200,217,256,225,219,245,243,239,256,244,225,229,395,426,476,359,292,258,235,354,268,413,433,303,386,418,469,359,298,271,250,357,282,412,424,309,371,403,455,353,298,279,260,353,291,403,409,310,351,382,434,342,294,283,264,344,293,388,389,306,327,356,407,325,283,279,262,329,289,367,363,296,300,327,376,304,269,271,256,309,281,342,334,281,270,294,340,278,250,258,244,285,265,311,302,262,239,260,302,250,227,239,225,258,246,279,267,239,209,227,263,220,202,217,204,229,222,245,233,213,395,426,472,354,285,249,225,349,258,409,430,296,386,417,463,351,286,254,229,347,263,405,422,297,371,401,447,342,282,256,231,339,263,394,405,293,351,381,426,328,273,252,229,327,261,377,386,285,328,356,399,311,261,247,224,311,252,356,361,273,301,327,367,289,245,236,214,290,242,330,332,257,273,297,335,266,227,223,202,267,227,303,302,239,244,265,299,239,206,206,186,242,208,272,269,217,214,233,263,213,184,186,168,215,188,241,237,194,394,426,469,350,279,239,213,343,247,405,430,289,385,415,455,342,272,236,209,335,242,397,419,283,369,399,437,329,263,229,202,323,236,382,401,274,350,378,413,313,250,223,194,308,225,363,380,262,326,352,387,294,237,213,186,290,215,341,355,248,300,324,356,273,221,202,174,269,202,316,327,231,272,294,323,249,202,187,162,246,188,288,296,213,244,264,290,225,184,173,148,223,171,260,266,194,216,234,257,200,164,155,133,199,154,231,236,173,394,425,466,345,272,229,202,337,236,401,428,282,384,413,449,332,259,217,188,324,222,388,415,269,367,395,426,316,244,204,174,307,206,369,396,254,346,373,399,296,227,191,161,288,193,347,373,239,322,346,370,274,212,179,148,267,178,323,346,222,295,318,339,252,194,166,137,246,164,297,317,204,267,288,306,229,178,153,125,224,151,270,287,187,240,258,274,206,160,141,113,202,137,243,257,169,213,229,244,185,144,127,102,180,123,217,229,152,394,424,462,340,265,219,192,331,225,398,426,275,382,411,442,323,246,199,168,312,202,379,412,256,364,392,415,302,225,179,147,290,179,356,390,235,342,366,384,278,204,162,129,267,160,329,364,215,315,338,350,254,186,147,114,244,144,302,335,196,287,308,317,231,169,134,105,222,130,274,304,178,259,277,285,208,153,122,95,200,118,248,274,161,231,247,254,188,138,112,87,180,108,222,244,146,206,220,224,168,124,102,78,161,98,199,217,132,393,423,459,336,259,211,183,326,217,394,425,269,381,409,436,314,234,182,150,302,184,371,409,243,362,388,404,288,208,155,123,275,154,344,385,217,338,360,368,260,183,133,102,248,131,312,355,192,309,328,329,233,162,118,89,222,113,280,322,171,278,294,292,208,145,106,80,198,102,250,288,153,248,263,258,187,130,97,75,178,94,223,256,138,220,233,227,167,118,91,69,160,86,199,227,125,194,206,202,150,108,84,65,143,80,178,200,113,393,423,457,333,254,204,175,322,210,391,424,264,380,408,430,307,225,168,136,294,170,365,405,233,361,386,396,277,193,134,102,262,133,333,381,202,335,356,354,244,163,109,81,231,106,297,348,172,304,320,309,212,140,94,73,202,92,259,311,149,268,281,265,185,124,87,70,178,85,225,271,132,234,245,227,165,112,82,67,158,80,197,236,120,206,215,200,148,104,78,64,142,76,176,206,110,181,190,179,135,97,73,61,129,72,158,184,102,392,422,455,331,252,200,171,320,204,389,424,261,380,407,429,303,219,158,125,288,159,361,405,227,360,384,392,270,182,118,86,252,117,327,379,190,334,354,348,233,147,91,74,220,93,287,346,157,302,318,298,195,121,87,72,192,84,244,306,134,266,277,243,164,111,84,70,167,81,204,262,119,225,231,199,146,105,80,67,145,78,174,219,110,190,196,174,135,98,76,64,130,75,155,187,103,168,174,158,124,92,72,61,119,71,142,167,96,392,422,455,330,250,198,169,319,204,389,424,260,380,407,429,302,216,154,122,286,156,360,405,224,360,384,392,268,178,112,81,250,111,324,379,186,333,353,348,229,139,90,74,217,89,283,345,153,302,317,298,188,114,87,72,189,84,237,306,130,265,275,243,147,110,84,70,164,81,198,261,112,225,229,185,137,104,80,67,141,78,166,213,107,184,188,162,129,98,76,64,125,75,146,178,101,162,167,150,120,92,72,61,114,71,135,159,94]}