{"c":"44206","n":"新島","la":34.373333333333335,"lo":139.25166666666667,"e":9,"t":[9.4,9.3,11.8,15.7,19.0,21.6,25.0,26.7,24.3,20.2,16.1,12.0],"s":[0,0,0,0,0,0,0,0,0,0,0,0],"i":[429,473,523,405,326,272,248,379,277,430,475,334,418,462,520,415,346,302,283,391,309,434,467,354,399,442,507,416,359,325,310,394,333,428,449,367,373,413,482,407,363,340,330,389,350,413,423,370,341,377,446,390,359,348,341,375,357,389,388,366,304,334,401,365,348,346,344,354,356,358,347,353,263,287,350,332,328,337,338,325,346,320,300,332,219,237,293,292,301,319,324,290,328,277,250,304,177,187,231,248,268,293,302,250,302,229,199,270,429,473,522,404,325,271,247,379,276,430,475,333,418,462,520,413,344,300,279,390,306,433,467,352,399,442,505,413,356,322,305,392,329,426,449,364,374,413,482,405,359,336,324,387,345,412,423,367,343,379,448,389,355,342,334,373,351,389,390,362,306,337,405,364,342,340,336,352,350,359,350,349,266,292,355,332,322,330,330,323,339,321,304,328,224,243,300,293,295,312,315,289,321,279,256,300,183,196,242,250,262,286,293,250,294,234,206,266,429,473,521,401,322,267,242,376,272,429,474,330,418,463,518,409,338,292,271,386,298,430,466,347,400,444,504,409,347,311,293,387,318,424,449,356,377,418,480,401,349,322,308,381,330,409,425,357,346,384,448,384,343,326,315,366,334,387,393,351,312,346,409,359,330,322,315,345,329,358,356,337,275,303,361,329,309,310,306,317,318,323,313,316,236,259,312,292,282,291,291,285,298,283,269,288,198,215,260,252,250,265,268,248,272,242,224,256,429,473,519,399,317,261,235,373,266,426,474,326,419,463,513,404,329,281,257,379,286,426,465,338,401,446,500,401,335,295,273,378,300,420,449,344,379,420,476,392,334,302,282,370,307,404,425,342,351,390,447,375,325,302,286,355,308,383,396,334,319,354,409,351,311,296,282,334,301,355,361,319,284,315,368,322,290,284,272,308,287,323,322,299,249,275,322,288,265,265,254,277,268,286,282,272,214,235,274,252,235,240,233,244,242,248,241,242,429,473,516,395,311,252,227,368,257,424,472,319,419,463,509,396,318,267,240,370,270,421,463,327,403,446,494,391,318,275,250,366,278,412,447,328,381,422,472,380,314,277,252,356,279,397,425,324,354,393,441,361,304,274,250,340,276,375,396,313,325,361,408,339,288,266,245,320,267,349,364,298,292,325,368,311,269,252,234,294,252,318,329,277,258,287,326,281,244,234,217,265,234,285,290,252,225,250,285,247,218,212,197,235,211,250,252,225,428,472,512,389,303,245,216,363,248,420,471,313,418,462,501,387,304,250,222,360,252,413,461,313,403,445,484,378,300,252,223,352,252,403,444,310,381,422,462,364,291,249,221,340,249,386,422,301,356,394,433,345,279,243,215,322,241,364,394,289,327,362,398,322,263,231,204,301,229,338,363,272,296,329,363,296,244,219,194,277,216,310,330,252,265,294,325,267,221,202,178,250,198,278,294,229,231,258,285,238,198,183,161,223,179,247,258,206,428,472,508,384,296,235,204,357,237,416,469,305,418,459,494,375,289,231,200,349,233,405,457,299,401,442,473,362,280,225,195,336,225,391,438,289,380,419,448,345,267,219,187,320,217,372,416,277,354,391,418,325,252,209,178,301,206,349,388,262,325,360,385,302,235,198,167,280,193,323,357,245,296,327,349,276,215,184,155,256,179,295,324,225,266,294,314,250,196,170,142,231,163,267,292,204,235,261,278,223,175,152,127,206,147,237,258,183,428,471,504,378,288,225,195,351,227,411,467,297,417,458,484,364,274,214,181,337,213,397,453,284,399,438,459,346,258,200,168,319,199,378,433,268,376,413,430,324,241,188,155,300,185,356,407,250,350,384,399,301,224,176,143,278,171,331,378,233,321,353,365,277,204,164,132,256,158,304,346,215,291,320,330,252,188,150,120,233,144,276,314,197,261,287,295,227,169,138,110,210,131,249,281,178,231,256,263,204,152,125,98,188,118,222,250,160,426,470,500,372,281,216,185,345,217,407,466,289,415,455,476,352,259,196,162,325,195,388,449,269,396,434,447,328,237,176,142,302,173,365,425,247,371,405,412,302,215,159,125,278,154,338,396,225,342,373,375,275,195,144,111,254,139,309,364,204,312,340,339,250,177,131,101,231,125,281,330,186,281,306,304,225,160,120,91,208,113,254,297,168,250,273,271,202,144,110,83,187,104,227,265,152,223,243,239,182,130,100,75,167,94,202,235,138,426,469,496,367,274,208,176,340,209,403,463,283,413,453,470,341,246,179,145,315,178,380,446,256,394,429,434,311,217,153,119,287,150,352,419,227,366,397,393,279,190,131,99,258,127,320,386,200,335,361,350,248,168,114,85,231,110,287,348,177,301,323,308,221,149,104,77,206,99,254,311,158,268,287,271,197,134,95,72,184,90,227,275,142,237,254,240,177,122,89,66,165,83,202,244,129,210,225,213,159,111,82,62,148,77,182,216,117,426,468,494,363,269,200,169,336,202,400,463,278,413,451,463,333,236,166,131,306,164,374,443,245,392,426,424,297,200,132,99,274,129,341,413,210,363,392,377,259,168,107,78,241,103,304,377,178,328,350,325,222,142,93,70,210,89,265,335,152,289,306,276,191,125,85,67,184,83,229,290,134,252,264,235,169,113,81,64,162,78,200,250,121,220,231,206,152,105,76,61,145,73,178,219,111,194,204,183,138,98,72,59,132,70,161,194,103,426,468,493,361,266,197,165,333,198,399,463,274,413,451,462,327,229,156,121,301,154,370,442,237,391,425,420,288,188,117,84,265,113,335,412,198,362,390,370,244,149,89,71,229,90,293,374,161,327,348,312,199,120,85,69,199,82,249,329,135,286,300,250,163,109,81,67,171,79,208,279,118,242,247,199,144,103,78,64,147,76,176,229,109,202,206,172,133,98,74,61,131,72,156,193,102,178,182,156,123,92,70,59,120,69,143,172,95,426,468,493,360,265,195,164,333,196,398,463,273,412,450,462,326,225,152,118,299,151,369,442,235,391,424,420,285,183,111,78,261,108,332,412,193,362,389,370,240,139,88,71,225,86,290,373,156,326,346,313,190,112,85,69,195,82,242,328,129,285,298,250,141,108,81,67,167,79,200,278,110,240,245,183,132,103,78,64,142,76,167,223,104,194,195,158,125,97,74,61,125,72,146,182,99,170,172,146,117,92,70,59,114,69,135,163,93]}