{"c":"44226","n":"三宅島","la":34.123333333333335,"lo":139.52166666666668,"e":36,"t":[9.8,9.6,11.9,15.6,18.9,21.6,24.9,26.2,24.2,20.3,16.5,12.2],"s":[0,0,0,0,0,0,0,0,0,0,0,0],"i":[416,473,520,366,288,242,223,358,250,412,470,298,405,461,517,373,302,265,250,366,277,413,461,313,388,441,504,372,311,282,273,367,296,407,444,322,363,412,479,364,312,293,288,360,309,392,418,323,332,376,443,348,308,297,297,346,314,369,384,317,296,333,399,325,296,294,298,325,311,340,343,305,256,286,347,296,278,284,292,297,302,303,297,286,215,236,290,262,254,268,279,264,285,262,247,262,174,187,229,223,227,246,259,227,262,217,197,231,417,473,519,365,287,241,222,357,250,412,470,298,405,462,517,372,301,263,249,365,275,413,462,312,388,441,503,371,309,279,269,366,293,407,444,320,363,413,478,363,310,289,284,359,304,392,418,321,333,378,445,347,304,292,291,344,309,369,385,314,298,336,401,325,292,289,292,323,306,340,346,302,260,291,352,296,274,279,285,296,296,304,301,283,219,242,297,262,250,263,272,263,279,264,252,258,180,195,240,224,223,240,252,227,254,221,204,229,417,473,518,363,285,238,219,355,247,409,469,295,405,463,515,369,296,257,242,362,268,411,461,307,389,443,501,367,302,271,259,361,284,404,444,313,366,417,478,359,302,278,271,354,292,390,420,313,337,383,445,342,295,279,275,339,294,367,388,306,304,345,405,320,282,275,274,318,289,340,352,292,268,302,359,293,263,263,266,292,278,306,310,273,229,258,310,260,240,246,252,261,260,268,266,249,194,215,258,225,213,224,231,227,237,229,222,221,417,473,516,361,281,233,213,352,242,408,468,292,407,463,511,364,289,248,231,356,258,408,459,300,390,445,498,361,292,258,243,354,268,400,444,304,368,420,474,350,290,262,250,345,273,385,421,301,341,389,445,335,281,261,252,330,273,364,392,292,310,354,407,313,268,254,247,309,265,337,357,278,277,314,365,287,249,242,238,284,252,306,319,259,242,275,320,256,225,225,222,254,235,271,279,236,208,235,272,224,200,202,202,224,212,235,238,210,416,473,513,357,276,227,206,349,235,405,467,287,407,462,505,357,281,237,216,349,245,403,458,292,391,446,491,352,280,242,223,344,250,394,443,291,370,422,469,340,275,243,225,334,250,378,420,286,344,392,438,323,264,238,223,318,246,357,392,275,315,360,405,303,250,229,217,298,237,332,360,261,284,324,366,277,231,217,206,273,224,302,325,242,250,286,324,250,210,200,191,246,206,271,287,220,219,250,283,219,187,181,172,217,186,237,250,196,416,472,509,353,271,220,197,344,227,401,466,281,405,461,500,349,270,223,200,341,229,397,455,281,391,445,482,340,265,224,200,333,229,385,438,277,370,422,459,327,257,219,199,320,225,369,417,268,345,394,430,310,245,213,193,303,217,347,390,256,317,362,396,288,229,202,184,282,206,322,359,240,288,329,361,265,212,190,173,259,193,295,326,222,257,294,323,238,192,175,159,234,177,265,291,202,225,258,283,212,171,157,143,206,160,234,256,180,416,471,505,348,265,213,188,339,218,399,463,275,405,459,492,340,259,209,185,331,214,389,453,269,390,442,471,328,250,202,179,319,206,375,434,260,369,419,446,312,238,196,171,304,198,356,411,248,344,391,417,293,224,186,163,285,188,334,384,234,316,360,384,272,208,175,152,264,176,309,353,219,287,327,348,248,190,162,141,242,163,282,321,200,258,294,313,225,173,149,129,218,148,254,288,182,227,261,277,200,153,134,114,194,133,225,254,162,416,470,501,343,259,204,179,334,210,395,463,269,405,458,484,331,247,195,168,321,198,382,449,258,388,438,459,314,233,183,156,305,185,363,428,244,365,413,429,295,218,171,145,286,172,342,403,227,340,385,398,273,202,160,133,266,159,318,374,212,312,353,364,252,185,148,123,244,147,292,343,195,283,320,329,229,169,136,112,222,134,265,311,178,254,288,294,206,152,124,102,200,122,239,278,161,225,256,262,185,137,112,91,179,109,213,248,145,415,470,498,338,252,198,171,329,202,391,461,263,404,455,475,321,236,180,152,312,182,374,445,246,385,434,446,300,217,164,134,291,164,351,421,227,361,405,411,277,198,149,119,268,147,326,393,208,333,374,375,252,180,135,107,245,132,299,361,190,304,340,338,229,164,123,97,223,120,271,327,172,274,307,303,206,148,112,88,200,109,245,294,156,245,274,270,187,133,103,81,181,99,220,263,141,217,244,238,167,120,93,72,161,89,196,233,127,415,469,494,335,248,191,164,325,195,388,459,258,401,453,468,313,225,168,138,303,169,367,441,235,383,429,433,287,202,145,115,278,144,340,415,211,356,398,392,259,179,126,98,250,124,310,382,188,326,362,350,231,160,112,86,225,109,278,346,168,293,324,308,206,143,102,78,200,98,248,309,150,261,288,271,185,129,93,72,180,90,221,273,136,231,254,240,166,117,86,67,161,82,198,242,123,204,225,213,149,106,79,62,145,76,177,214,111,415,468,492,331,244,186,159,322,189,385,459,254,401,451,463,306,218,157,127,296,157,361,438,227,381,426,424,276,190,129,99,267,127,331,411,198,354,392,377,243,163,108,81,237,105,296,374,171,320,351,325,210,141,95,73,208,92,259,332,149,283,306,276,183,125,88,69,183,85,225,288,132,246,265,236,162,113,82,66,161,80,197,249,120,215,231,206,146,105,77,63,144,75,175,218,109,190,204,183,133,97,72,59,130,70,158,193,100,413,468,492,329,242,183,155,320,186,384,458,250,401,451,461,302,213,150,119,292,149,358,438,221,381,425,420,268,181,118,87,259,114,325,408,189,353,391,370,231,149,94,75,227,93,287,371,158,319,349,313,192,124,89,72,198,85,245,327,135,280,301,250,160,113,85,69,171,82,206,277,120,237,248,199,143,107,81,66,148,78,175,227,110,199,206,173,131,100,76,63,131,73,155,193,102,175,183,157,121,93,71,59,119,69,141,171,95,413,468,492,329,241,181,154,319,185,383,458,250,401,451,461,300,211,147,115,290,147,356,437,219,380,424,420,266,177,112,82,257,110,323,408,185,352,389,370,227,142,92,75,225,90,284,371,154,318,347,313,186,118,89,72,195,85,240,326,131,279,299,250,143,112,85,69,168,82,200,276,112,236,246,185,133,106,81,66,143,78,167,222,106,191,196,158,125,100,76,63,125,73,146,182,100,168,172,147,117,93,71,59,114,69,134,162,93]}