{"c":"44263","n":"八丈島","la":33.12166666666667,"lo":139.77833333333334,"e":151,"t":[10.5,10.4,12.6,16.2,19.4,22.0,25.3,26.5,24.9,21.1,17.2,12.9],"s":[0,0,0,0,0,0,0,0,0,0,0,0],"i":[378,432,497,399,303,250,221,346,234,396,436,318,369,421,493,407,318,273,245,353,254,397,428,333,353,403,479,405,326,290,263,353,268,390,412,341,331,378,455,396,328,299,276,345,276,375,388,341,304,346,421,379,322,302,283,331,278,353,357,334,272,309,380,353,309,298,282,310,274,325,320,320,238,268,331,320,290,288,275,283,264,290,279,299,202,224,278,282,266,270,262,252,248,250,234,273,166,180,221,239,236,247,243,217,227,209,189,241,378,432,497,399,302,250,220,345,233,396,434,317,369,422,493,405,317,272,243,352,252,397,428,331,353,404,479,405,324,287,262,351,265,390,412,339,331,379,455,395,325,296,274,344,273,375,388,338,305,348,423,377,319,298,280,329,275,353,358,331,274,311,382,352,306,294,279,309,270,325,322,317,240,271,335,320,286,282,272,282,260,291,282,296,204,229,284,283,261,265,258,250,244,252,239,269,171,187,231,240,231,242,239,217,223,213,196,238,378,432,496,397,300,247,217,344,231,395,434,315,369,422,491,403,312,266,238,349,247,395,426,327,353,405,476,400,317,279,254,347,258,387,412,332,333,381,455,391,317,285,264,339,264,373,390,331,307,351,423,373,309,285,268,324,264,351,360,322,278,317,385,348,295,279,265,304,258,324,327,307,246,279,341,317,275,267,257,278,246,291,289,287,213,240,295,281,250,249,243,249,229,256,249,260,181,202,247,243,221,225,223,217,209,219,210,229,378,432,494,394,296,243,213,341,227,393,434,311,369,422,488,397,305,257,229,344,239,391,426,320,354,405,474,394,308,266,240,341,246,383,411,323,334,383,451,382,304,269,247,331,249,367,389,319,310,355,423,365,295,267,248,316,247,347,363,309,282,323,386,340,280,259,243,296,239,320,331,293,252,288,347,311,261,246,234,271,227,290,296,273,222,252,304,278,236,227,219,243,210,257,259,248,191,217,260,243,210,206,199,213,189,223,223,219,378,432,491,390,291,237,206,338,221,390,434,306,369,422,484,390,296,246,217,338,229,387,425,311,354,405,469,384,294,250,224,332,231,377,409,310,335,384,447,372,289,250,225,321,231,361,389,304,312,357,418,353,278,245,223,305,225,340,362,292,286,328,386,330,262,235,217,285,217,315,333,276,257,295,348,302,243,222,206,261,202,286,300,256,227,261,308,272,220,204,192,235,187,256,266,231,199,227,269,239,196,184,174,208,168,224,231,206,377,430,488,386,286,229,199,334,215,387,432,300,368,421,479,382,285,233,202,330,217,381,423,300,354,405,461,372,280,231,204,321,215,369,407,295,335,384,438,358,271,227,202,309,211,352,386,285,312,358,411,338,258,220,197,292,202,331,361,272,287,329,378,315,241,209,188,271,192,306,331,254,260,299,344,289,223,195,177,249,179,279,301,236,231,267,307,260,202,179,164,224,164,250,269,213,204,234,270,231,180,161,148,199,147,221,236,191,377,430,484,380,280,223,191,329,208,384,430,294,368,420,472,372,273,219,189,322,204,374,420,288,353,403,451,359,264,212,184,310,198,360,403,278,334,382,428,340,250,204,177,294,189,341,381,265,311,356,400,320,236,193,170,276,179,319,356,250,286,328,368,297,219,182,160,254,167,294,327,233,259,297,333,271,200,168,149,233,155,267,297,213,231,267,300,245,182,154,136,210,141,241,266,194,204,236,265,218,161,138,123,187,126,213,235,172,377,430,482,375,273,215,183,325,200,380,429,288,367,418,465,362,261,204,174,313,191,367,417,276,352,401,442,344,247,193,163,297,180,350,398,261,331,378,413,323,231,180,153,279,168,328,375,244,308,351,384,299,213,168,142,259,156,304,348,227,282,322,351,275,196,155,132,237,144,279,318,209,256,291,317,250,178,142,121,216,131,252,288,190,229,262,284,225,160,129,112,194,119,227,258,172,202,231,252,202,144,115,100,173,107,202,229,154,377,429,479,370,267,208,176,321,195,377,428,282,366,417,458,352,250,191,159,304,179,361,413,264,350,397,430,329,229,173,143,285,163,339,393,244,328,372,399,303,210,157,129,263,148,314,367,223,303,343,364,277,191,143,118,240,134,288,337,202,277,313,329,250,173,130,108,218,122,261,306,184,249,281,295,225,156,119,98,197,111,235,275,167,223,250,263,204,141,108,91,177,101,210,246,151,197,223,231,182,126,98,82,158,91,187,217,135,376,429,476,366,262,202,169,317,189,374,426,277,366,415,451,342,239,178,146,297,168,355,411,252,348,394,421,314,215,155,125,273,147,329,388,227,325,367,383,283,190,136,109,248,129,300,359,202,298,335,343,252,169,120,97,223,114,270,325,181,269,301,304,225,151,109,89,200,104,241,291,162,240,267,268,200,136,100,82,178,96,214,259,145,213,237,237,180,123,92,76,160,88,191,229,131,188,210,210,161,112,84,70,143,80,170,202,119,376,428,474,362,259,197,164,314,185,372,426,273,365,413,448,335,231,168,135,291,159,350,409,244,348,392,413,302,202,140,110,263,134,322,384,214,324,363,370,266,173,117,92,235,113,289,352,185,295,328,323,229,149,102,83,208,101,254,315,160,262,288,277,199,132,94,78,183,93,221,276,142,229,250,238,175,120,88,74,162,87,194,240,128,200,220,208,157,110,82,69,145,81,172,209,117,177,194,184,143,101,77,65,130,75,154,185,107,376,428,473,360,256,193,160,312,182,371,426,270,365,413,446,330,225,160,128,287,153,347,408,239,347,391,409,294,192,128,98,257,124,317,383,204,323,362,365,252,159,102,85,227,104,281,350,171,294,326,313,210,131,96,81,199,96,243,311,146,261,285,256,174,119,91,78,173,91,206,267,128,224,239,206,153,112,86,74,150,86,175,223,117,189,200,178,140,105,81,69,133,80,155,189,109,166,177,161,130,97,76,65,121,75,140,168,101,376,428,473,360,254,192,159,312,181,371,426,269,365,413,446,329,224,158,125,285,150,346,408,237,347,391,409,291,188,123,94,254,120,316,382,200,323,361,364,249,151,100,85,224,102,279,349,167,294,325,313,202,123,96,81,196,95,238,310,141,260,284,256,154,118,91,78,170,91,200,267,121,223,238,196,141,111,86,74,147,86,169,219,112,184,192,166,133,104,81,69,129,80,148,181,106,161,169,152,124,97,76,65,117,75,135,161,99]}