{"c":"44356","n":"南鳥島","la":24.288333333333334,"lo":153.98333333333332,"e":7,"t":[22.3,21.6,22.3,24.2,26.0,27.8,28.4,28.3,28.3,27.8,26.3,24.3],"s":[0,0,0,0,0,0,0,0,0,0,0,0],"i":[657,600,573,581,536,461,385,537,415,598,610,526,617,570,558,587,566,505,425,544,450,591,582,553,565,528,530,579,582,537,455,538,474,571,541,566,501,474,490,557,583,554,473,520,487,539,488,565,428,412,441,521,569,558,480,490,488,494,426,550,348,343,382,473,541,547,475,449,476,438,358,521,266,270,317,413,500,522,458,398,454,375,284,479,187,198,247,346,446,484,430,341,421,305,211,425,126,139,178,271,381,434,392,280,378,234,148,362,656,601,572,581,534,459,383,536,413,597,610,525,620,572,558,588,563,501,421,543,447,591,584,551,569,530,531,580,577,531,449,537,470,572,543,563,508,479,493,558,577,547,466,519,480,540,494,561,437,419,446,523,562,549,471,488,480,497,434,545,361,353,388,476,533,537,465,449,469,443,367,516,281,283,327,420,491,512,447,400,446,382,297,474,206,215,262,355,436,473,418,344,412,315,227,421,145,158,199,285,373,423,380,286,368,248,167,360,658,604,572,579,529,453,377,534,408,596,612,521,625,578,558,584,553,490,409,539,437,590,587,542,579,541,534,576,563,514,433,532,455,572,551,551,522,494,498,557,560,525,445,514,463,542,505,547,459,440,454,523,544,524,446,486,459,500,451,530,390,380,401,480,514,509,437,447,446,451,391,501,321,319,347,428,472,482,418,401,422,396,329,461,254,259,289,369,422,443,388,351,387,336,268,411,198,206,234,307,362,393,349,297,344,277,213,354,661,607,572,576,521,444,368,530,401,594,613,514,630,584,558,578,538,472,394,533,423,587,591,529,590,553,535,571,544,490,409,525,436,570,559,535,540,512,501,549,537,495,417,505,438,541,518,527,484,463,462,520,518,488,413,479,432,504,470,509,424,413,416,479,490,472,401,443,415,459,418,480,363,359,365,434,450,444,381,401,390,408,362,442,303,306,314,381,404,405,351,354,357,355,308,397,250,257,266,327,350,362,315,306,318,302,258,346,664,610,571,571,511,430,358,525,391,591,615,504,637,592,558,571,521,450,374,524,404,583,595,514,602,564,534,560,519,458,381,513,409,564,567,512,558,530,505,540,508,457,383,495,408,538,531,501,508,488,468,509,488,447,375,467,397,501,488,482,454,441,425,475,459,426,360,434,379,462,440,453,400,394,381,430,422,401,339,395,353,416,392,418,345,346,334,386,380,365,310,352,323,367,342,377,294,299,288,338,334,327,279,309,288,319,294,333,668,614,570,565,499,418,346,520,380,588,617,494,644,598,556,560,499,424,350,513,383,577,599,494,612,574,533,545,488,422,350,499,381,557,573,486,573,543,504,524,474,413,343,478,372,530,540,471,528,505,470,495,450,399,332,451,357,496,501,448,476,463,429,459,421,378,314,417,337,455,455,419,426,419,388,422,387,351,293,382,313,415,411,387,376,375,345,379,348,321,267,343,285,371,365,349,326,329,301,336,310,287,240,302,254,325,319,311,671,616,568,558,486,403,333,513,368,584,619,482,650,603,553,547,475,395,326,501,361,569,602,472,621,581,529,527,458,383,316,482,348,547,577,455,584,552,499,501,433,367,303,458,334,518,545,434,540,517,465,472,408,346,285,428,314,483,507,409,491,476,426,437,377,324,267,395,293,445,465,379,443,433,384,399,344,297,246,360,270,403,420,347,394,390,344,362,311,272,224,324,244,362,376,315,344,347,304,321,274,242,200,287,219,320,331,279,674,619,567,550,474,388,319,505,355,580,620,471,656,606,549,532,450,366,301,488,337,561,604,449,628,586,522,505,423,342,281,463,316,534,578,424,589,556,491,474,392,318,260,433,293,501,545,394,544,520,454,441,358,292,240,401,270,463,505,364,495,478,413,405,327,266,219,367,248,423,463,333,446,434,372,367,296,243,199,332,224,383,418,302,396,392,333,330,263,219,181,298,204,342,374,271,347,349,294,296,236,197,161,264,181,303,330,243,677,620,565,543,462,373,307,500,343,576,621,459,662,609,544,517,426,338,277,474,314,552,605,426,631,587,515,482,387,301,247,443,283,519,578,390,590,554,479,443,347,267,219,407,252,480,541,353,543,514,438,404,309,237,195,370,225,438,498,317,490,470,394,364,273,211,173,333,202,394,451,283,437,424,351,326,242,188,156,297,181,352,404,252,384,379,310,291,216,168,141,265,163,312,358,225,335,336,273,258,192,153,127,235,147,276,315,200,681,622,564,537,451,360,296,494,333,572,622,450,666,611,541,501,405,312,254,462,293,543,606,405,635,586,508,459,354,263,216,423,252,505,576,359,591,551,465,412,304,220,181,381,215,459,536,312,536,505,417,363,258,184,153,337,184,409,486,268,476,454,368,317,219,157,133,296,160,360,433,231,415,401,321,277,189,138,119,259,142,314,379,200,359,353,279,243,167,124,109,227,129,274,330,178,309,310,242,216,149,115,100,200,118,240,287,160,684,623,563,532,443,350,287,490,325,569,623,442,670,612,538,490,387,290,237,451,276,537,607,389,640,586,501,440,325,229,188,407,225,493,576,332,594,548,455,382,263,177,146,357,180,441,532,274,535,497,399,322,208,136,117,307,146,382,476,222,465,436,341,267,165,111,102,261,125,324,413,181,389,373,286,222,139,100,96,222,112,272,349,153,322,315,241,192,124,95,92,192,106,231,293,137,269,271,208,171,114,91,88,169,100,200,249,125,686,624,563,528,438,343,281,487,319,568,624,436,675,613,538,483,374,276,224,446,263,533,609,377,646,588,500,426,305,206,168,396,206,487,578,313,602,549,451,361,231,141,119,340,153,429,534,245,544,497,392,290,164,95,100,286,120,364,478,183,472,434,325,220,115,89,97,239,107,296,411,142,390,362,252,167,100,88,94,198,103,235,335,119,300,283,198,143,98,87,90,164,99,189,260,109,227,225,169,132,97,86,87,143,96,164,208,105,687,624,564,526,437,340,279,486,317,568,625,434,677,613,539,479,371,270,220,444,259,533,610,373,650,588,501,420,297,197,161,392,199,484,580,304,607,549,454,353,218,126,110,335,142,426,537,231,549,497,396,278,139,90,100,280,112,360,480,169,479,434,329,198,95,89,97,233,106,286,413,127,397,361,256,119,95,88,94,192,103,224,338,101,307,282,180,112,96,87,90,157,99,175,256,98,215,206,152,112,96,86,87,134,96,149,192,98]}