{"c":"44456","n":"浜松","la":34.708333333333336,"lo":137.71833333333333,"e":32,"t":[5.9,6.5,9.7,14.7,18.7,22.0,25.7,27.0,24.1,18.7,13.5,8.4],"s":[0,0,0,0,0,0,0,0,0,0,0,0],"i":[446,476,519,404,351,312,312,413,343,471,480,356,434,465,516,413,375,352,365,430,391,476,472,381,415,446,503,416,391,383,409,438,428,472,454,396,388,417,479,408,398,404,441,436,455,457,428,403,354,380,444,391,395,416,462,424,470,432,393,401,315,338,400,366,383,417,471,403,472,398,351,389,272,291,350,333,363,407,467,373,463,356,304,367,225,240,294,294,333,387,451,335,441,308,254,338,182,191,233,249,297,357,423,292,408,256,202,301,446,476,519,404,350,310,311,412,342,470,480,354,434,466,517,413,373,348,363,428,387,475,472,378,415,446,503,413,388,377,405,434,423,470,455,393,388,417,479,405,393,398,436,433,449,455,428,399,356,383,446,389,389,408,457,421,462,430,395,395,317,341,404,365,377,407,463,400,463,398,354,383,276,296,354,333,355,397,459,370,453,357,309,362,231,247,300,294,326,376,443,333,430,311,260,332,189,199,243,250,289,347,415,291,398,260,210,296,446,476,518,401,346,305,305,409,336,468,480,351,434,466,516,409,366,338,352,423,376,472,472,371,416,447,504,409,377,363,389,428,407,467,455,383,392,421,482,401,381,379,416,425,428,451,430,387,360,388,450,384,376,386,432,412,437,428,399,382,324,349,412,359,362,383,437,390,436,397,362,368,285,306,365,329,339,371,430,362,423,358,319,346,244,262,316,292,311,349,412,326,400,315,274,317,204,218,265,252,275,319,383,287,366,268,229,282,446,476,517,398,340,297,296,404,327,465,480,345,434,466,513,404,356,323,333,413,358,467,472,361,418,449,501,401,363,342,362,417,381,461,455,369,394,423,480,391,363,353,382,411,396,445,433,369,365,393,451,374,355,356,393,397,401,423,403,362,332,357,416,350,340,351,393,376,395,392,368,347,295,317,375,321,318,337,384,348,381,357,329,325,258,277,331,287,291,315,364,315,357,317,289,298,221,237,284,250,258,287,336,278,325,275,247,266,446,476,515,394,333,287,283,398,315,461,479,338,434,465,509,396,342,305,309,404,336,459,470,348,419,448,497,390,344,317,329,401,350,451,455,350,396,425,478,379,340,322,341,393,356,436,433,347,368,396,450,360,330,320,344,377,356,412,404,337,337,363,417,338,314,312,342,356,348,384,372,321,304,327,380,309,293,298,330,330,331,351,337,300,268,288,338,279,267,277,311,299,309,315,298,274,234,250,297,246,238,252,286,266,281,277,261,245,445,475,512,388,325,276,268,391,301,457,476,330,434,463,505,386,326,284,282,390,310,451,468,332,418,447,490,377,323,287,290,383,314,438,451,329,396,424,470,362,313,286,294,371,314,421,430,320,369,396,443,344,301,280,292,354,306,398,403,309,339,364,411,320,283,268,285,332,296,370,371,291,308,330,377,295,264,254,273,307,279,340,338,271,275,295,340,266,239,236,254,279,259,306,303,247,241,259,300,236,215,214,235,248,235,270,267,222,445,474,508,383,316,264,252,383,286,451,476,321,434,462,497,374,309,261,252,375,282,441,463,315,417,444,480,361,299,254,250,363,276,425,447,305,394,420,457,344,286,248,244,347,267,404,424,292,368,393,430,323,269,238,238,327,256,379,397,276,338,362,400,300,252,225,227,305,242,352,366,259,307,328,365,274,231,210,216,280,227,322,333,238,275,295,331,248,211,195,200,254,208,290,300,218,244,261,296,221,188,175,184,227,190,259,267,195,445,473,504,377,307,250,237,375,271,446,474,312,433,459,488,363,291,237,222,360,254,430,461,297,413,440,467,344,273,223,208,342,237,409,441,280,390,413,441,323,254,209,196,321,221,384,415,262,363,385,411,299,237,194,184,298,204,356,386,243,333,353,380,275,217,182,172,274,190,328,355,225,301,320,347,250,199,167,161,250,176,298,323,204,270,287,313,225,180,154,150,227,160,269,290,187,240,254,280,202,161,139,137,202,146,240,259,168,444,472,500,371,298,239,222,368,257,440,472,303,430,458,480,351,274,214,193,345,227,419,455,280,411,434,453,327,249,191,169,320,199,392,433,254,385,405,422,300,225,171,149,293,176,361,404,231,355,374,388,274,202,154,134,267,157,330,372,210,323,340,354,248,184,140,123,243,143,299,339,191,291,306,320,223,166,128,113,220,130,270,306,172,260,274,288,202,149,118,105,198,119,242,274,156,229,242,258,180,135,108,97,177,109,217,243,141,444,471,496,366,290,227,208,361,244,436,470,295,430,455,472,340,258,193,166,332,202,408,451,264,408,430,440,310,225,160,132,300,164,375,426,231,379,398,401,278,196,135,106,267,135,339,393,202,346,361,361,247,171,118,91,238,114,302,356,179,310,323,322,219,152,105,82,212,102,268,319,159,276,287,287,196,136,96,78,190,94,239,283,143,245,254,256,176,123,90,73,170,87,213,252,130,216,225,229,157,112,83,70,154,82,191,224,118,443,471,493,362,284,220,197,356,235,432,469,289,429,454,466,331,246,175,144,321,182,401,450,250,405,426,429,296,206,134,99,282,134,362,421,212,376,392,384,257,170,104,71,245,100,319,384,177,339,351,335,221,141,88,63,213,84,276,341,150,298,305,288,190,124,81,61,185,77,237,297,131,258,264,249,168,112,77,59,164,73,206,257,119,225,231,220,151,104,73,57,147,70,183,225,110,199,204,198,137,97,70,56,134,68,165,200,102,443,471,492,360,281,214,189,353,227,430,468,285,429,453,462,326,238,163,128,313,167,396,448,242,405,426,423,287,192,113,76,270,112,354,418,198,375,391,375,243,148,81,62,231,82,306,380,157,338,348,319,198,115,79,61,199,73,254,335,131,295,300,258,163,105,76,60,170,72,211,284,114,247,247,209,144,100,74,59,147,70,177,235,106,206,206,184,133,95,71,57,131,69,157,199,100,182,183,168,123,91,69,56,121,67,144,177,94,443,470,491,359,279,212,187,352,225,429,468,283,428,453,461,324,234,158,123,311,162,394,447,239,405,426,421,284,186,106,69,266,103,351,417,192,374,390,372,238,136,80,62,227,77,301,379,151,337,348,316,188,108,79,61,194,73,246,334,125,294,299,254,140,104,76,60,166,72,202,282,107,246,246,190,131,100,74,59,142,70,167,227,102,198,196,166,124,95,71,57,125,69,147,187,97,174,173,154,117,91,69,56,115,67,136,167,92]}