{"c":"45081","n":"香取","la":35.858333333333334,"lo":140.50166666666667,"e":37,"t":[3.6,4.3,7.5,12.7,16.9,19.9,23.6,25.2,22.0,16.6,11.1,5.9],"s":[0,0,0,0,0,0,0,0,0,0,0,0],"i":[430,441,470,360,307,263,261,372,301,430,447,310,420,432,469,368,327,294,301,387,342,434,440,330,401,415,458,368,339,318,335,393,373,430,425,342,378,390,437,361,344,334,360,390,396,418,401,346,347,358,407,346,341,342,375,380,409,396,371,343,311,321,370,325,331,342,381,361,411,366,334,332,270,279,326,297,313,333,377,334,401,329,292,314,227,234,276,263,288,316,363,301,384,287,246,289,185,189,224,225,257,291,340,263,355,240,199,258,430,441,470,359,306,262,259,371,300,430,447,309,420,432,468,367,325,290,298,385,338,434,440,327,403,415,457,367,337,313,330,391,368,430,425,339,378,390,437,360,341,327,353,388,389,417,401,342,348,360,408,345,337,334,367,377,400,395,372,339,313,323,372,323,326,332,372,358,401,366,336,327,273,282,328,296,308,323,368,331,392,330,294,309,231,238,281,263,283,305,354,299,373,288,250,284,191,195,231,225,252,281,330,262,345,243,204,252,430,441,468,357,304,257,254,369,294,428,446,306,421,432,466,364,320,282,288,380,328,432,440,322,404,415,455,362,329,300,315,384,354,426,425,330,381,393,436,355,331,311,335,380,371,413,403,332,351,363,407,340,326,315,346,368,379,393,374,327,318,329,373,319,314,311,348,349,377,364,340,314,280,290,333,292,295,300,341,323,366,330,301,296,242,250,289,261,270,281,325,292,346,291,260,271,204,210,243,225,240,257,302,257,318,250,219,241,430,440,466,354,299,250,246,365,287,426,446,301,421,432,463,358,311,270,273,373,313,428,438,313,404,416,451,356,317,283,293,374,332,421,424,319,382,394,430,347,316,289,306,368,344,408,401,317,355,367,405,332,309,289,312,355,347,388,376,310,323,334,372,311,296,283,310,336,342,360,343,297,289,299,336,285,277,270,301,311,329,328,308,277,252,262,295,256,252,252,284,281,309,292,270,254,218,225,254,224,225,227,261,248,282,254,231,225,430,440,463,351,293,243,236,360,276,422,444,296,420,430,458,352,300,254,252,363,293,421,436,302,405,416,445,346,301,261,265,361,305,413,422,303,383,394,425,336,298,263,272,352,310,399,401,299,357,368,399,320,288,259,272,338,309,378,375,289,328,338,369,300,274,250,267,318,301,353,345,275,295,305,334,275,256,237,256,294,287,322,311,256,262,270,298,248,233,219,240,267,267,290,276,233,229,236,260,219,209,197,218,237,243,254,242,208,429,438,459,346,286,234,224,354,264,418,443,289,419,429,451,343,287,237,231,352,272,413,434,289,404,413,437,335,284,238,234,345,274,403,418,285,383,393,416,323,276,233,234,334,273,386,397,277,357,367,391,306,265,227,229,317,267,365,372,266,329,338,360,285,250,215,221,297,256,340,342,250,298,307,329,262,231,202,210,275,242,312,311,231,266,275,294,236,211,186,195,248,224,281,278,211,234,241,259,211,188,166,176,221,202,250,245,188,429,438,457,342,279,224,211,347,252,413,441,281,418,426,445,334,273,219,208,340,248,404,430,275,401,411,426,322,265,212,202,328,242,390,413,266,380,389,404,306,252,204,195,313,233,371,391,254,355,363,378,288,239,193,187,294,224,349,365,240,326,335,348,268,223,181,176,274,211,323,336,224,297,304,316,245,204,167,165,250,198,296,306,204,266,274,285,222,187,153,152,227,181,268,275,187,235,242,252,197,167,137,136,202,164,238,243,167,428,437,453,337,272,214,199,340,239,409,438,274,417,425,437,324,259,200,184,327,224,395,426,261,399,407,415,308,244,187,170,310,209,376,407,246,376,383,389,289,227,173,158,290,195,353,383,229,349,356,361,268,212,160,146,270,181,329,356,213,321,327,331,248,195,148,135,248,168,303,326,197,291,297,299,225,179,135,124,225,154,276,296,180,261,267,268,202,161,123,113,204,142,249,265,162,231,237,239,182,145,110,102,183,128,223,236,146,426,436,450,332,265,204,187,334,227,404,438,267,415,422,429,315,245,183,162,314,200,385,422,248,395,401,403,294,224,163,140,291,178,361,400,227,370,376,373,271,204,145,123,268,158,334,373,206,342,346,341,248,185,130,109,244,141,306,343,188,311,316,308,225,168,117,100,222,128,278,312,170,281,285,277,204,152,107,90,200,117,252,281,154,250,254,248,184,138,97,83,181,107,225,250,140,223,225,219,164,125,88,75,162,97,202,223,126,426,434,446,328,258,197,177,328,217,400,436,261,413,420,423,306,231,167,142,303,181,376,419,235,392,398,392,280,204,140,113,275,149,347,394,208,365,369,356,252,180,119,93,246,124,315,363,184,333,335,319,225,160,104,80,220,107,282,329,163,300,301,283,202,143,93,73,197,96,250,294,146,267,268,250,182,129,85,68,177,88,225,262,132,237,238,223,163,117,79,63,159,82,200,233,120,210,211,198,147,107,73,60,143,77,181,206,109,426,434,445,324,252,191,169,324,208,396,434,256,413,419,418,299,222,155,126,294,163,369,416,225,391,395,384,269,189,121,90,260,123,335,390,193,362,363,343,236,159,97,70,227,96,297,356,164,327,326,298,204,136,85,63,200,83,259,317,142,288,285,256,179,121,79,61,176,77,225,276,126,250,248,221,160,111,75,59,156,73,197,240,114,221,219,196,144,102,70,56,141,70,176,212,106,195,194,175,131,95,67,55,128,67,159,188,98,426,434,443,322,250,187,163,321,202,394,434,252,412,417,416,294,215,146,113,287,151,365,415,219,390,393,380,261,177,107,73,250,105,328,388,182,361,361,337,224,141,83,65,217,82,286,353,149,326,323,287,186,115,80,63,189,75,242,312,128,286,279,233,158,108,77,61,164,73,202,266,113,241,231,192,142,102,74,59,143,70,173,222,106,204,198,170,131,96,70,56,128,68,155,191,99,181,176,154,121,90,67,55,118,66,142,171,92,426,434,443,322,249,186,162,320,200,394,434,252,413,417,416,293,212,142,110,285,147,363,415,216,391,392,379,259,173,100,68,247,98,325,387,177,362,360,336,221,132,83,65,214,78,281,352,145,326,322,286,179,111,80,63,186,75,233,311,124,286,278,231,142,107,77,61,160,73,195,265,109,241,229,178,133,101,74,59,138,70,163,217,103,198,189,158,125,96,70,56,123,68,145,181,97,176,168,146,115,90,67,55,113,66,134,163,91]}