{"c":"45116","n":"佐倉","la":35.72833333333333,"lo":140.21166666666667,"e":5,"t":[3.4,4.3,7.7,13.1,17.5,20.7,24.3,25.8,22.3,16.6,10.9,5.7],"s":[1,2,0,0,0,0,0,0,0,0,0,0],"i":[424,445,474,355,309,258,262,370,295,429,447,307,413,436,472,363,328,287,303,384,334,434,441,326,397,418,461,363,340,310,337,389,364,429,425,338,372,393,440,356,345,325,362,386,385,416,401,342,342,361,409,341,342,332,377,375,397,394,371,338,306,323,372,320,331,331,383,356,398,364,334,327,267,280,327,292,313,322,379,329,390,327,291,309,225,235,277,259,289,306,365,297,371,285,246,285,183,189,224,222,258,282,342,259,344,238,199,254,424,445,473,354,308,256,261,369,294,429,447,306,413,436,472,362,326,284,300,382,331,433,441,324,397,418,461,362,338,304,332,387,360,429,425,335,373,393,438,354,342,318,355,384,380,415,401,338,343,362,411,340,338,324,370,372,390,393,372,334,308,325,374,319,327,322,375,353,391,364,336,323,270,284,330,292,308,313,370,327,382,328,294,304,229,239,282,259,283,296,355,295,363,287,250,279,189,196,231,222,252,271,332,258,335,242,204,249,424,445,472,353,305,252,256,367,289,426,447,303,413,436,470,359,321,275,290,378,322,430,440,318,398,419,458,357,330,292,317,381,346,425,425,326,375,396,438,350,332,302,337,377,363,412,403,328,346,365,409,335,327,306,348,364,370,391,374,323,313,331,375,313,315,302,349,345,368,363,340,310,277,292,334,288,296,290,342,319,357,329,301,291,239,250,290,256,270,273,327,288,337,290,260,266,202,211,244,223,241,248,303,254,309,248,219,237,424,445,470,350,300,246,248,363,282,425,446,299,413,436,466,353,312,263,274,370,307,426,438,310,398,420,454,351,318,276,294,371,325,420,424,315,377,397,434,342,317,281,307,365,336,405,403,313,350,370,408,327,310,281,313,352,339,386,376,306,318,337,374,306,297,275,312,332,334,358,343,293,285,301,338,281,278,262,302,307,321,327,308,274,250,264,297,252,252,244,285,278,301,291,270,250,215,227,254,221,225,220,262,245,274,252,231,222,423,444,467,346,294,238,237,358,272,421,445,293,413,434,461,347,301,249,254,361,288,420,437,299,398,420,448,342,302,254,267,358,300,412,422,300,377,398,428,331,299,257,273,349,304,397,401,296,352,371,401,315,289,252,273,335,302,376,375,286,323,341,372,295,275,243,268,315,294,351,345,271,290,308,336,271,256,231,257,291,280,320,311,252,258,272,299,244,233,213,240,264,261,288,276,229,225,238,261,215,209,192,219,234,237,252,241,204,423,443,463,342,287,229,225,352,260,417,443,286,413,434,455,339,288,231,233,350,267,412,434,287,398,418,438,331,285,233,236,343,269,401,418,283,377,397,419,318,277,227,236,331,268,385,398,274,352,371,393,301,265,221,231,315,261,364,372,263,324,341,363,281,250,210,222,295,250,339,342,247,294,310,331,258,231,197,211,272,237,311,312,229,262,277,296,231,211,181,195,246,219,279,278,208,229,243,260,206,189,162,176,219,199,248,245,186,422,442,459,337,280,220,212,345,248,412,442,279,412,432,448,330,274,215,209,338,244,403,430,273,396,415,429,318,265,208,204,326,238,389,413,264,375,393,407,302,254,200,196,311,229,370,391,252,349,367,380,285,239,189,188,293,220,348,365,238,321,338,350,264,224,177,177,272,206,322,337,222,292,307,318,241,204,163,166,249,194,295,306,202,262,276,286,219,187,150,152,225,177,267,275,185,231,245,252,194,167,134,137,202,161,237,243,165,422,441,455,333,273,211,200,339,236,408,440,272,411,429,440,320,259,198,185,325,221,394,426,259,393,411,418,304,245,184,171,308,206,375,407,244,370,387,392,286,229,170,159,289,193,352,383,227,344,360,363,265,213,158,147,269,178,328,356,212,316,330,333,244,195,145,136,247,166,302,326,195,287,299,301,223,179,132,124,225,152,275,296,178,257,269,269,200,162,121,113,202,140,248,265,161,227,239,240,180,146,108,102,182,126,222,236,145,421,440,453,328,265,202,188,333,225,403,438,265,409,426,433,311,246,181,163,313,199,384,423,246,390,405,405,291,224,161,141,290,176,360,400,225,365,379,375,268,204,144,124,267,157,333,373,204,337,350,343,245,185,129,110,244,140,305,343,187,307,319,310,223,169,115,100,222,128,278,312,169,277,287,279,200,153,106,91,200,115,250,281,153,248,257,249,182,138,96,84,180,107,225,250,139,220,227,220,163,125,87,76,162,97,202,223,125,421,438,450,324,259,194,178,327,215,399,437,259,408,424,426,303,233,166,143,302,179,375,419,234,387,401,395,277,206,139,113,274,148,346,394,208,360,372,359,250,181,119,93,246,124,314,364,183,329,338,321,224,160,104,81,220,108,281,329,163,296,303,285,200,143,94,73,197,97,250,295,146,264,270,252,180,129,85,68,177,89,224,262,131,234,240,223,162,117,79,63,159,82,200,233,119,206,213,199,145,107,73,60,143,77,180,206,108,420,438,448,321,254,189,170,323,206,396,436,254,407,423,421,296,223,154,127,293,163,369,417,224,385,398,387,266,190,121,91,260,124,335,390,193,357,367,345,234,160,98,70,229,97,297,356,164,323,329,300,204,136,86,64,200,84,259,317,142,284,288,257,178,121,79,61,176,78,224,276,126,248,250,222,159,111,75,59,157,74,197,240,114,218,220,196,144,102,71,56,141,71,176,211,105,193,195,175,130,95,67,56,128,68,159,188,97,420,438,447,319,250,185,165,320,200,394,434,252,407,422,419,292,216,145,114,287,151,364,416,218,385,397,383,259,178,107,74,250,106,327,388,182,357,365,339,223,142,84,65,218,83,286,353,149,322,326,289,186,117,81,63,190,77,242,312,128,282,282,234,157,108,78,61,164,74,202,266,113,239,234,193,141,102,74,59,143,72,173,222,106,202,199,170,130,96,71,56,128,69,155,190,99,179,177,154,120,90,67,56,118,67,142,170,92,420,438,446,318,250,183,163,319,199,393,434,250,407,421,418,290,213,142,111,285,147,362,415,215,385,396,382,257,173,101,69,247,100,325,388,177,357,363,338,219,132,84,65,215,79,281,353,145,322,324,288,179,112,81,63,186,77,233,312,124,283,280,233,142,107,78,61,161,74,195,265,109,239,231,178,133,101,74,59,139,72,163,216,103,196,189,158,125,96,71,56,123,69,145,181,97,174,168,146,115,90,67,56,113,67,134,163,91]}