{"c":"46021","n":"塩津","la":35.52333333333333,"lo":133.56666666666666,"e":15,"t":[4.7,5.0,7.6,12.4,16.6,20.4,24.6,25.9,22.2,17.0,12.1,7.6],"s":[35,34,10,0,0,0,0,0,0,0,0,10],"i":[461,479,501,387,329,223,174,358,202,437,480,313,449,469,500,396,351,244,192,365,219,440,473,330,429,449,488,397,366,259,204,365,229,434,455,341,401,421,466,390,372,269,215,358,238,420,429,344,366,384,433,375,369,273,219,342,240,396,394,339,326,342,392,351,358,270,219,321,238,364,353,327,281,295,343,320,339,262,215,293,231,326,306,307,233,244,290,284,312,247,204,260,220,283,256,281,186,193,231,242,279,227,191,223,204,236,204,249,461,479,501,386,327,222,173,358,202,436,480,312,450,469,500,395,348,242,190,365,217,438,473,328,429,449,488,395,361,257,202,364,227,433,455,338,401,422,466,388,366,266,212,356,235,419,430,340,368,386,434,372,362,269,216,341,237,396,396,335,328,345,394,349,350,266,216,319,235,365,356,322,285,299,348,319,330,257,211,292,227,327,310,302,239,250,295,282,304,242,200,260,216,285,262,276,194,202,241,242,270,222,187,224,200,239,212,245,461,479,501,384,324,219,171,356,200,434,480,309,450,469,499,391,341,237,186,361,213,437,472,323,430,451,488,391,352,249,197,360,222,430,455,330,405,424,466,382,354,256,204,351,227,416,432,331,373,391,437,366,348,257,206,337,227,394,400,324,335,352,399,343,335,252,204,315,225,365,362,310,295,310,356,314,315,243,198,289,217,329,320,290,252,265,308,279,288,227,188,259,204,290,275,265,211,220,259,241,256,206,174,225,189,248,229,235,461,479,499,380,318,215,167,353,197,433,479,304,450,468,496,385,331,227,179,356,206,433,471,315,432,451,484,382,337,237,187,353,213,426,455,319,407,426,463,373,337,241,191,344,216,412,433,317,377,395,436,356,329,240,191,329,214,390,401,308,343,360,401,333,315,233,188,308,209,362,368,294,305,320,361,306,294,222,180,283,200,329,329,274,266,279,319,273,269,206,170,254,188,293,288,250,227,238,274,239,238,187,156,224,173,254,247,221,459,478,496,376,312,209,163,350,192,429,478,299,449,468,492,377,319,217,170,350,198,428,470,304,432,450,479,371,320,222,174,344,200,419,454,305,409,426,459,360,316,222,175,334,200,403,432,299,380,398,433,343,306,218,173,318,198,382,404,289,348,363,399,320,290,210,168,297,191,355,370,274,313,328,364,294,269,198,159,274,181,326,335,254,277,290,324,264,246,183,149,247,170,291,297,231,240,252,283,233,219,165,136,219,156,257,258,206,459,476,493,371,304,202,158,346,187,426,476,292,449,466,486,367,304,204,160,342,189,420,467,292,430,448,471,358,300,204,160,334,188,409,450,288,408,424,450,344,292,200,158,321,184,392,426,279,381,397,424,326,279,194,153,304,179,371,401,266,350,365,394,304,263,185,147,284,171,345,369,250,316,330,358,278,243,173,138,261,161,316,335,231,283,295,323,252,221,158,128,237,150,286,300,210,248,259,285,222,197,143,115,211,138,252,264,187,459,476,488,365,296,195,152,341,182,421,475,286,447,463,478,356,289,192,149,333,179,412,463,279,429,445,461,343,278,186,145,321,174,397,445,269,405,420,438,327,265,178,140,306,168,378,421,257,378,392,409,306,250,170,133,288,160,355,393,242,348,361,380,284,233,159,126,267,152,330,363,225,315,328,348,260,214,147,117,245,142,302,330,206,282,293,312,233,193,134,108,222,132,273,296,187,250,260,279,209,173,121,98,199,122,244,263,168,458,475,484,360,288,188,146,336,177,417,473,279,445,461,470,345,273,178,139,324,169,403,459,265,426,438,448,327,256,168,130,308,160,384,438,250,401,413,421,306,238,157,122,289,151,361,412,234,372,383,392,284,220,145,114,269,142,336,382,217,341,352,360,261,202,134,106,248,133,310,351,199,309,319,328,237,183,123,99,227,124,283,319,181,276,286,296,214,167,112,90,204,114,256,286,164,245,252,263,190,148,101,83,184,107,229,254,146,458,474,480,354,280,182,141,332,172,413,471,272,444,458,461,334,257,165,128,315,159,394,454,252,422,434,434,311,234,150,117,294,146,370,430,231,394,405,403,286,212,135,106,272,135,343,400,211,363,372,369,260,191,123,98,250,125,314,368,191,330,338,335,236,172,112,90,227,117,286,334,173,297,304,302,213,155,102,83,206,109,259,301,157,265,271,271,190,140,93,77,186,102,234,269,141,234,240,243,171,126,84,71,168,95,209,239,127,457,472,478,350,273,176,136,328,167,409,469,266,442,455,453,325,244,154,119,307,150,386,450,241,418,429,421,296,213,133,104,282,134,357,423,214,388,396,383,265,186,117,93,256,121,324,389,189,353,358,343,235,162,104,84,229,111,291,351,167,316,320,305,209,144,94,78,206,104,260,313,149,281,284,271,187,130,86,73,186,98,233,279,134,248,250,242,168,118,80,69,168,93,209,247,122,220,222,215,151,107,73,64,151,88,187,219,110,457,472,475,346,268,171,132,325,164,405,468,262,441,454,448,317,231,144,112,300,143,379,448,231,417,426,411,283,196,119,93,272,124,346,418,199,384,390,367,246,162,100,82,242,110,308,380,170,345,347,318,212,137,89,77,213,102,269,337,146,301,301,273,183,121,83,73,188,97,233,292,129,261,260,237,162,110,78,69,167,93,204,252,117,227,225,209,147,102,73,66,150,89,183,221,107,200,200,187,133,94,68,61,136,85,165,196,98,457,472,474,344,264,168,130,323,162,404,468,259,441,453,445,312,225,138,106,296,138,375,446,225,417,425,405,275,183,108,86,265,115,339,416,189,384,389,359,233,143,89,79,233,104,298,377,155,344,346,305,191,115,85,76,202,98,252,331,130,299,296,246,159,106,81,73,175,95,212,280,114,249,242,200,142,100,77,69,152,92,179,229,106,206,202,177,130,95,72,66,136,88,160,196,99,183,179,161,121,90,67,61,125,84,147,174,93,457,472,474,343,263,167,129,322,161,403,468,258,441,454,445,311,222,135,104,295,137,374,446,223,417,426,405,272,178,104,83,263,113,337,416,185,384,390,358,229,133,89,79,231,102,294,377,150,344,346,304,183,109,85,76,200,98,246,331,126,299,296,245,140,105,81,73,172,95,204,280,109,249,242,185,132,100,77,69,148,92,170,225,103,200,194,164,124,95,72,66,130,88,150,186,97,175,172,152,117,90,67,61,120,84,139,166,91]}