{"c":"46051","n":"今津","la":35.41166666666667,"lo":136.02833333333334,"e":88,"t":[2.5,2.8,6.0,11.6,16.6,20.7,24.5,25.9,22.2,16.1,10.3,5.2],"s":[28,32,6,0,0,0,0,0,0,0,0,8],"i":[434,440,479,379,308,224,173,343,208,411,451,304,424,430,476,387,326,245,190,350,223,413,444,319,405,413,465,388,338,260,202,349,234,407,428,329,381,389,444,380,342,269,212,342,240,393,404,331,349,357,413,365,338,273,216,328,242,371,373,325,312,320,374,342,327,270,216,307,239,341,335,313,271,278,330,312,309,261,211,281,231,306,293,294,227,233,280,277,284,246,200,250,220,266,247,269,184,189,225,236,254,225,187,216,204,223,200,239,434,440,479,378,306,224,173,343,206,409,451,303,424,430,476,386,324,244,189,349,221,412,444,318,405,413,465,386,334,258,200,348,231,405,428,326,381,389,444,378,338,267,210,340,238,391,405,327,350,358,413,363,333,269,213,326,239,370,374,322,314,321,377,340,321,266,212,306,236,341,337,309,274,281,333,311,303,257,206,280,227,307,296,290,231,238,284,275,278,242,197,250,216,268,252,265,190,195,233,237,247,222,183,217,200,225,206,235,434,440,478,376,304,221,171,341,204,409,451,300,425,430,475,383,318,238,185,346,217,409,444,313,407,413,463,382,327,250,195,344,225,403,429,320,384,391,444,373,328,258,202,336,229,389,405,319,354,361,416,357,322,259,204,322,231,367,377,312,319,327,381,335,309,254,202,302,225,340,342,299,282,289,340,306,290,244,196,277,218,307,304,280,243,249,295,272,265,227,185,248,204,270,262,254,204,209,249,236,235,208,171,217,189,231,221,225,434,438,476,373,299,217,167,339,202,407,450,296,425,430,473,377,310,229,178,341,211,405,442,306,408,413,462,374,315,239,186,338,217,398,428,309,385,392,442,364,313,242,190,329,219,384,407,306,357,364,416,348,305,241,190,314,217,363,379,298,325,332,383,325,292,235,186,294,211,336,347,284,290,296,345,298,272,223,178,271,202,306,310,265,254,260,305,267,248,206,167,244,189,271,273,241,219,223,263,234,220,188,153,215,173,236,235,214,434,438,474,369,293,212,163,335,198,404,449,291,424,429,469,370,299,220,170,335,202,401,441,296,408,413,457,364,300,224,174,330,206,391,426,296,386,392,438,352,295,224,174,319,204,376,405,291,359,365,412,335,284,220,172,304,200,355,379,280,329,335,382,314,270,212,167,284,193,330,348,265,297,302,347,287,250,200,158,261,183,301,315,246,262,268,309,259,229,184,147,236,171,269,280,224,229,233,271,227,204,167,134,209,156,237,244,199,434,438,471,364,287,204,158,331,193,400,447,285,423,428,463,361,287,208,160,328,194,394,438,285,407,411,450,352,283,206,160,319,193,382,423,281,386,390,430,337,274,204,158,307,189,366,401,271,360,365,405,320,262,197,153,291,182,345,377,260,330,335,375,298,246,187,146,271,174,319,347,243,299,304,343,273,227,175,137,249,164,292,315,225,267,271,309,246,206,160,126,225,152,263,283,204,235,239,272,218,185,145,114,200,139,231,249,183,433,437,468,359,280,198,152,327,188,396,446,279,422,426,458,351,273,195,150,320,184,387,434,273,405,408,441,338,263,189,146,308,179,372,418,263,383,386,418,321,252,181,140,293,172,353,396,250,357,361,393,301,237,173,134,275,164,331,370,237,329,332,364,279,221,161,125,256,155,306,342,220,298,301,333,254,202,150,117,234,145,279,310,202,267,270,300,229,184,137,107,212,134,252,279,184,236,239,267,204,164,123,98,190,123,224,248,164,432,436,463,354,273,191,147,323,182,392,444,273,421,423,450,340,260,181,139,311,174,379,430,260,401,404,430,323,244,171,131,296,165,361,412,246,379,381,404,303,227,160,123,278,155,339,388,229,352,354,376,281,211,148,114,259,146,314,361,213,323,325,347,257,194,138,107,238,136,289,331,196,292,294,316,235,176,126,99,217,127,263,301,179,262,263,285,211,160,114,91,196,117,236,270,162,231,233,252,188,143,103,82,176,109,211,240,144,432,434,461,349,266,184,142,319,177,389,442,266,419,421,442,330,246,168,129,303,165,371,426,248,399,400,417,308,225,153,118,284,152,349,405,229,373,374,388,283,204,139,108,263,140,323,378,209,344,344,356,259,185,126,99,241,130,296,348,190,313,313,324,234,168,115,91,220,121,269,317,173,282,282,293,211,152,105,84,199,112,243,286,156,252,252,263,190,137,96,77,180,104,218,256,141,223,223,235,170,123,87,71,161,97,194,227,127,430,434,458,344,260,179,137,315,173,386,441,261,417,419,436,321,234,157,121,296,156,364,424,238,396,396,405,294,208,137,105,272,140,338,399,213,368,367,371,264,183,120,94,248,127,307,369,189,336,334,334,236,161,107,86,224,115,276,334,168,302,299,298,210,144,98,80,200,108,247,300,150,269,267,265,188,130,90,74,181,102,221,267,136,238,236,236,169,117,82,69,163,96,197,237,123,211,209,211,151,107,76,64,147,90,176,211,111,430,433,455,341,254,174,133,313,170,383,440,257,417,417,430,314,224,148,112,290,149,359,421,229,395,394,397,281,192,123,95,263,130,329,395,199,365,362,356,246,162,104,84,235,114,294,361,171,329,325,312,213,139,93,78,209,107,258,322,148,290,285,270,185,124,86,75,185,101,225,281,132,252,248,235,165,112,81,70,165,97,198,245,120,221,217,208,149,104,76,66,148,92,176,215,110,195,192,187,135,96,70,62,134,87,159,191,100,430,433,454,339,252,171,131,311,168,382,438,254,416,417,426,309,218,141,108,286,145,356,420,223,394,393,392,274,181,112,88,257,123,323,393,189,364,361,349,234,146,92,81,227,110,286,358,157,328,323,300,194,120,89,78,200,104,245,317,134,287,280,245,163,111,84,75,174,100,206,271,119,242,233,202,146,105,80,70,152,96,177,225,110,202,198,180,134,98,75,66,137,91,158,194,102,180,176,164,124,92,70,62,125,87,144,173,95,430,433,454,338,252,170,130,310,167,381,438,252,416,417,426,308,216,139,106,285,143,355,420,221,394,392,391,271,177,108,85,254,120,322,392,185,364,361,347,231,137,92,81,225,108,284,357,153,328,323,298,186,114,89,78,198,104,240,316,130,287,280,243,145,110,84,75,171,100,202,270,112,241,233,188,136,104,80,70,148,96,170,220,107,197,190,167,128,98,75,66,132,91,151,184,100,173,169,153,120,92,70,62,121,87,139,165,94]}