{"c":"46091","n":"海老名","la":35.43333333333333,"lo":139.38666666666666,"e":18,"t":[4.6,5.3,8.5,13.9,18.2,21.4,25.1,26.5,22.9,17.4,11.9,7.0],"s":[1,2,0,0,0,0,0,0,0,0,0,0],"i":[398,421,461,339,295,271,272,361,302,413,426,302,389,412,459,345,313,302,313,375,340,417,420,320,373,396,448,345,324,326,348,380,371,412,405,332,350,372,426,338,327,342,373,377,392,399,383,336,322,341,398,323,324,351,389,367,404,377,354,333,288,306,361,303,313,350,394,348,405,348,318,322,252,266,317,277,296,341,390,323,396,313,278,305,213,223,269,246,272,324,375,291,377,272,235,281,174,180,217,211,243,299,351,254,349,227,190,250,398,421,459,338,294,269,270,360,300,413,426,300,389,412,459,344,311,299,310,373,337,417,420,318,373,396,447,344,321,322,342,378,366,412,405,329,351,372,426,336,324,338,366,375,386,398,383,333,323,343,399,322,320,345,380,364,397,377,355,329,290,308,363,302,309,344,385,346,397,348,320,318,254,269,320,276,291,334,379,321,387,313,281,300,216,227,274,245,267,317,364,289,368,274,239,276,178,186,225,211,238,292,340,252,340,231,196,247,398,421,459,337,292,265,265,358,295,412,426,298,389,413,457,342,306,292,299,369,328,413,420,313,374,396,445,340,314,311,327,372,353,409,405,321,352,374,426,332,315,323,346,368,369,395,384,323,325,346,398,317,310,328,357,356,375,374,356,318,295,313,364,297,298,325,359,338,373,347,324,306,261,277,324,272,279,314,351,313,362,314,287,288,225,238,282,243,254,296,335,283,342,277,248,265,190,200,237,211,227,271,310,249,313,237,209,236,398,421,457,334,288,259,256,354,288,409,425,294,389,412,453,337,298,280,283,362,313,409,418,305,374,397,441,334,303,295,303,362,331,404,404,311,354,375,421,324,301,303,316,356,342,390,383,310,329,349,396,310,294,304,322,344,344,370,358,303,299,318,363,290,281,299,320,325,339,343,327,290,268,284,327,266,263,287,310,301,325,312,293,272,235,250,288,238,240,268,292,272,305,277,257,249,202,214,247,209,213,244,267,240,277,241,221,222,398,420,454,331,282,252,246,349,278,405,424,288,389,411,448,331,288,265,263,352,294,404,416,295,374,397,434,325,288,274,275,350,305,396,401,296,354,376,416,315,285,278,281,341,309,381,382,292,330,350,390,299,275,275,281,327,306,361,357,283,303,322,361,280,261,267,275,308,298,336,329,269,273,291,326,256,243,254,264,285,284,306,296,250,242,257,290,231,221,237,246,258,264,275,263,229,211,225,252,202,197,215,224,229,239,242,229,204,397,420,451,327,276,242,233,343,266,401,423,282,388,409,443,323,276,248,240,342,273,397,413,283,373,395,426,315,273,250,243,335,274,386,398,279,354,375,407,303,264,248,243,323,273,370,379,272,330,350,382,287,252,243,238,308,265,350,354,261,304,322,352,266,238,233,227,288,254,325,326,246,275,293,321,245,221,220,216,266,240,298,296,229,246,262,287,220,200,204,200,240,221,268,265,208,216,229,252,196,179,184,181,214,200,237,233,186,397,418,448,322,269,233,220,337,254,398,421,275,387,408,436,315,263,229,216,330,249,389,409,269,372,392,418,304,254,224,211,318,243,375,394,261,352,371,395,288,243,218,202,303,234,356,373,250,328,347,369,271,229,208,194,286,224,335,348,236,302,319,340,250,214,198,182,265,210,310,320,221,274,290,309,229,196,184,170,243,196,283,291,202,246,261,278,208,178,170,156,221,179,256,262,185,217,231,246,184,159,153,140,197,163,227,231,166,396,417,444,318,262,223,208,331,242,394,419,268,386,405,429,306,250,211,192,317,225,380,407,256,369,388,407,291,236,199,177,301,211,362,388,242,348,366,381,273,221,186,164,282,196,340,365,227,324,340,353,254,204,174,151,262,182,316,339,211,297,313,323,233,188,163,140,241,168,291,311,195,269,283,293,213,172,150,128,220,155,265,282,178,242,254,262,191,155,138,117,198,141,239,252,161,214,225,233,171,139,125,105,177,127,213,225,145,396,417,441,314,256,213,196,325,229,390,418,261,384,404,421,298,237,192,170,305,204,372,403,243,366,384,396,279,217,173,147,284,180,349,382,223,343,359,366,257,198,156,128,261,160,323,356,204,317,331,334,235,180,142,112,238,143,296,327,186,289,302,302,214,163,130,103,216,130,269,298,169,260,272,271,193,148,119,94,196,118,243,268,153,233,243,242,174,133,109,86,176,108,218,239,139,206,216,214,156,121,100,78,158,98,195,212,125,395,416,438,310,250,204,185,319,220,386,416,254,383,401,415,290,225,175,149,294,184,364,400,231,364,380,385,267,200,149,119,267,152,336,377,204,339,353,350,241,177,128,97,240,127,305,347,182,310,321,313,217,156,112,84,215,110,274,315,162,279,288,278,194,140,102,76,193,99,244,281,145,249,257,246,174,126,94,70,173,91,218,250,131,221,227,218,156,114,88,65,155,84,195,222,120,195,202,194,140,104,81,62,140,79,175,197,109,395,415,436,307,246,198,177,315,212,383,416,250,382,400,411,284,217,162,133,286,167,358,398,221,363,378,377,257,186,128,95,254,128,326,372,190,336,348,337,227,157,104,73,223,100,290,340,163,304,312,293,198,135,91,66,196,86,252,303,141,269,274,252,173,120,84,64,173,80,220,265,126,235,238,217,155,110,80,62,154,76,193,229,114,206,210,192,140,101,75,60,138,73,172,202,105,182,185,171,127,94,71,57,125,70,155,180,97,395,415,434,306,243,193,171,312,206,381,415,247,382,400,409,281,210,151,120,280,155,354,397,214,362,376,373,250,175,112,78,245,110,319,371,179,335,346,331,217,141,87,67,213,86,280,338,148,303,310,283,182,117,84,66,186,79,238,299,127,266,269,229,155,108,81,64,161,77,200,254,113,225,224,189,139,102,77,62,141,74,171,213,106,191,190,167,128,95,73,60,126,71,153,183,99,169,169,151,118,89,69,57,115,69,139,163,92,394,415,434,305,242,191,170,312,204,381,415,246,381,399,408,279,208,148,115,278,151,352,396,212,361,376,373,249,171,106,72,241,103,317,370,175,334,345,331,214,133,87,67,210,82,276,337,144,302,309,283,176,112,84,66,183,79,231,298,124,265,268,229,141,107,81,64,158,77,193,254,109,224,223,176,131,101,77,62,137,74,162,208,103,184,182,156,123,95,73,60,122,71,144,174,97,163,162,144,113,89,69,57,112,69,133,156,91]}