{"c":"46136","n":"標津","la":43.66166666666667,"lo":145.13166666666666,"e":3,"t":[-5.9,-6.1,-2.2,3.2,7.8,11.2,14.8,17.8,15.5,10.1,3.5,-2.6],"s":[79,94,80,17,0,0,0,0,0,0,1,23],"i":[466,422,393,356,300,219,193,354,252,446,426,292,459,418,395,371,329,254,231,374,295,459,424,318,446,405,390,377,351,282,266,387,332,465,413,337,423,387,377,376,364,304,293,392,361,461,396,348,393,362,357,367,369,318,313,388,383,449,371,351,357,331,331,349,365,324,325,377,396,428,340,346,316,295,300,325,352,322,328,359,399,399,304,333,271,256,263,294,331,312,324,333,394,363,263,312,225,215,223,257,302,294,311,302,379,321,221,285,466,421,392,355,299,217,192,353,250,445,426,290,459,417,394,369,328,250,229,373,292,458,424,316,445,405,389,375,349,278,263,384,327,463,413,334,423,387,377,373,362,298,289,389,356,459,396,344,394,362,357,363,366,312,308,385,376,446,371,347,358,331,331,346,362,317,319,374,388,425,340,341,318,296,300,321,348,314,323,355,391,397,305,328,274,258,264,291,327,303,318,330,385,362,265,307,229,218,225,254,298,285,305,299,370,321,224,279,466,421,391,352,296,213,188,350,246,443,426,287,459,416,392,364,321,242,223,367,283,454,422,309,445,405,386,368,339,266,250,377,314,457,412,324,423,386,373,365,350,283,274,379,338,453,394,332,395,362,354,354,352,293,290,375,356,440,371,333,361,332,329,337,346,296,300,363,365,420,341,326,323,299,299,313,332,291,301,344,366,392,307,312,281,262,265,283,311,279,295,320,359,359,270,291,240,225,229,249,283,261,282,290,344,321,231,264,465,420,389,348,290,206,182,346,239,438,425,282,458,413,388,356,310,229,209,359,268,447,420,299,444,401,381,358,324,248,231,365,293,448,409,310,423,384,368,353,331,260,249,365,312,442,392,315,396,360,348,341,331,266,261,358,324,429,368,312,365,333,325,323,323,266,266,346,330,409,341,304,328,301,295,300,309,260,266,327,329,383,308,289,290,267,264,271,288,248,258,304,321,353,274,269,250,231,229,240,261,229,245,277,307,319,238,244,463,418,386,343,283,198,173,340,229,434,423,275,455,412,383,346,296,214,192,347,249,438,417,286,441,399,375,345,304,225,208,350,267,434,405,292,421,381,360,336,307,233,219,346,279,426,387,292,395,358,341,324,304,235,225,338,286,413,365,288,364,331,317,305,294,231,227,324,289,394,337,277,331,300,290,283,279,224,225,306,286,370,307,262,295,269,260,256,260,212,217,284,278,341,275,243,258,235,229,227,235,195,204,259,265,312,241,219,462,417,383,337,273,189,162,333,217,426,420,267,453,409,377,335,280,196,173,334,229,426,413,270,437,395,366,329,281,200,180,331,237,420,399,270,416,376,350,318,279,202,186,325,243,408,381,266,391,352,330,303,272,200,188,314,246,393,358,258,362,326,307,285,262,195,186,299,245,374,332,247,329,297,281,262,246,186,182,282,241,351,302,231,296,267,252,239,229,175,175,262,234,326,272,214,262,236,224,212,208,160,164,239,223,299,241,193,459,415,379,330,264,179,151,325,204,421,418,258,449,405,370,323,261,177,152,320,206,413,408,254,432,389,356,311,256,174,153,312,206,401,392,247,409,369,338,296,248,171,151,301,204,387,372,238,384,345,317,280,238,165,150,288,204,369,348,227,355,319,293,260,227,159,146,272,200,350,322,215,324,291,268,240,212,149,141,254,197,328,295,200,292,262,242,217,196,139,135,237,192,306,265,184,259,231,215,194,178,128,126,217,184,281,235,167,458,413,375,324,254,168,140,318,193,413,416,248,445,401,362,310,241,158,131,305,183,399,403,236,425,383,345,293,229,149,124,291,175,381,384,223,401,361,324,274,217,140,119,276,169,363,362,210,373,336,302,254,204,132,114,260,165,343,337,197,344,309,278,235,190,125,110,244,161,322,310,183,314,281,252,215,178,115,105,227,157,302,282,170,283,252,227,194,163,107,101,211,154,281,254,155,252,225,204,175,149,99,95,194,150,260,227,141,457,411,372,317,244,158,129,310,181,407,413,240,441,396,355,297,223,139,112,291,161,386,398,220,418,376,334,274,202,124,99,271,146,361,376,200,391,351,309,250,185,112,91,250,136,337,350,183,360,324,284,229,170,103,85,233,130,313,323,167,329,296,259,209,157,96,81,217,126,292,295,154,298,268,235,189,145,89,78,200,125,273,267,141,269,241,212,172,133,82,75,187,124,254,240,129,240,215,189,154,122,76,71,173,123,237,215,117,455,409,369,312,235,150,120,304,171,401,411,231,438,393,349,285,206,123,94,278,141,374,393,204,412,370,323,256,178,102,77,252,120,343,369,179,381,342,295,227,156,88,68,229,108,312,339,157,346,312,266,202,139,80,64,209,103,284,308,141,312,281,239,183,127,74,62,192,102,261,277,128,281,252,215,165,118,69,60,178,102,242,250,117,252,227,194,150,109,65,59,166,103,227,224,108,225,202,174,135,101,61,56,154,105,213,200,99,454,408,367,308,229,143,112,299,163,397,409,225,434,391,344,277,191,109,79,268,124,364,390,192,408,366,315,242,156,83,60,237,98,327,363,160,374,336,282,208,129,71,56,211,89,289,331,136,334,300,248,179,112,66,56,189,88,256,294,120,293,265,219,159,104,64,56,172,89,231,259,109,260,236,196,144,98,61,55,159,92,214,231,101,231,211,177,132,91,57,54,149,95,200,206,94,208,189,160,121,86,54,53,141,98,192,186,87,453,408,366,305,224,138,107,296,157,394,409,223,434,389,342,271,181,98,69,261,112,358,388,184,405,364,312,231,138,70,57,227,88,317,361,147,371,333,276,191,106,68,56,200,82,273,327,122,331,297,237,157,97,66,56,178,85,234,288,106,285,256,200,140,93,63,56,160,87,206,247,98,241,221,178,129,88,60,55,147,90,191,213,93,214,198,162,120,84,56,54,139,93,183,191,87,193,178,148,112,79,54,53,132,97,177,173,82,453,407,365,305,222,137,105,294,155,393,409,221,433,389,341,270,177,95,66,258,109,356,388,180,405,363,311,229,130,69,57,225,84,313,360,143,370,332,275,186,99,68,56,198,82,266,326,118,329,296,236,141,96,66,56,175,85,227,287,101,283,254,193,131,92,63,56,156,87,198,244,95,234,214,171,124,88,60,55,142,90,182,206,91,206,192,157,117,83,56,54,135,93,175,185,86,187,174,144,109,79,54,53,129,97,171,168,81]}