{"c":"46171","n":"中標津","la":43.54333333333334,"lo":144.97833333333332,"e":50,"t":[-7.1,-7.1,-2.6,3.4,8.5,12.1,15.7,18.1,15.2,9.3,2.6,-3.7],"s":[88,96,86,20,0,0,0,0,0,0,2,40],"i":[468,413,378,346,304,233,204,356,263,449,420,294,462,409,380,360,334,271,247,378,308,463,417,322,448,399,375,366,356,303,283,391,348,469,407,342,425,380,362,365,369,328,313,397,379,465,389,354,394,356,343,355,374,344,335,394,403,453,364,358,358,325,318,338,370,351,349,384,417,432,334,353,317,290,288,314,357,350,354,366,422,404,298,340,271,252,252,284,336,339,351,341,417,368,259,320,225,212,215,249,307,319,338,310,401,327,217,292,468,413,377,346,303,231,202,356,261,448,420,293,462,409,379,358,332,268,244,376,305,462,417,319,447,398,374,364,354,298,280,389,343,467,405,339,425,380,362,362,367,321,309,394,373,463,389,350,395,356,343,352,371,336,330,391,396,451,365,353,359,326,318,335,367,343,344,380,409,430,334,348,319,292,288,311,353,340,348,362,413,401,299,335,275,254,254,281,332,329,344,337,407,367,261,314,229,215,217,247,302,310,331,306,393,327,220,286,468,413,376,343,300,227,199,353,256,446,419,290,462,409,377,354,325,259,236,370,295,457,416,313,447,397,371,358,344,285,267,381,329,461,405,329,425,379,358,354,354,304,293,384,355,455,387,337,397,355,340,344,356,315,311,380,374,444,364,338,363,326,315,326,351,319,322,369,384,424,335,332,324,294,287,303,337,315,325,351,386,396,302,318,282,258,254,274,315,302,320,326,380,364,265,297,240,221,220,241,286,283,306,297,365,327,227,270,467,412,374,339,294,219,192,348,248,442,418,284,459,407,373,347,314,245,221,361,280,450,413,302,446,395,366,348,329,265,247,369,306,451,401,314,425,377,353,343,336,279,266,369,327,446,385,319,398,354,334,330,335,286,279,363,341,433,362,317,366,327,311,313,327,286,287,351,348,413,335,309,329,295,283,290,313,280,287,333,347,388,303,294,291,262,252,263,292,268,280,310,340,358,269,274,252,227,221,233,264,248,267,283,325,324,234,248,466,411,372,334,286,210,182,342,238,437,416,277,458,404,369,337,300,227,202,350,260,441,409,288,443,392,360,335,308,240,221,353,279,438,398,295,423,374,346,327,311,249,234,350,292,430,381,296,397,351,327,314,308,252,242,342,300,417,359,291,366,324,304,296,298,249,244,329,304,398,331,281,333,295,278,275,283,241,243,311,302,375,302,266,297,263,249,248,263,227,236,289,294,346,270,247,259,231,219,221,238,211,223,265,281,317,236,223,463,409,369,329,277,200,171,335,225,430,413,268,455,401,363,327,283,208,183,336,238,429,405,272,438,388,352,320,285,214,191,334,247,423,393,273,418,369,337,310,282,215,198,327,254,412,375,269,393,346,317,294,275,214,200,317,257,397,352,261,364,320,295,277,265,209,200,303,257,378,326,250,331,292,269,254,249,199,197,285,254,356,297,234,297,261,242,231,231,188,190,266,247,331,267,217,263,231,215,206,210,173,180,244,237,304,236,196,463,408,365,322,267,188,159,327,213,424,412,259,451,398,356,315,264,187,160,321,213,416,401,254,434,382,343,303,259,184,161,313,214,405,386,249,412,362,325,289,250,181,160,303,214,390,367,240,386,339,305,273,241,175,160,290,214,373,343,229,357,313,282,254,229,169,158,275,211,354,317,217,326,285,258,233,215,159,153,258,208,333,290,202,293,257,233,211,198,149,148,240,202,310,261,186,261,227,206,189,181,137,140,220,195,286,231,169,461,405,362,316,257,177,147,319,200,417,409,250,447,394,350,302,244,166,138,306,189,401,397,237,426,376,333,286,231,156,131,292,181,385,379,224,403,354,313,268,219,147,126,277,175,366,357,211,375,330,291,248,206,139,122,262,171,346,332,198,346,303,268,229,192,131,119,246,168,326,306,184,315,276,244,210,180,122,113,229,165,306,278,171,284,248,220,189,164,112,111,214,163,285,250,156,252,221,196,170,151,105,106,197,159,265,223,142,459,404,359,310,247,166,135,311,187,409,407,241,443,390,343,290,225,145,117,292,166,388,392,220,421,370,323,268,204,128,104,271,150,364,371,200,393,345,300,246,187,114,96,252,140,340,346,183,362,319,275,225,171,106,91,234,135,316,319,168,331,291,250,204,159,99,87,218,132,295,291,154,300,264,227,185,147,92,85,202,130,276,264,141,270,237,204,168,135,85,83,189,131,258,237,129,241,211,182,150,123,79,81,175,130,241,212,118,458,401,356,305,238,156,125,305,176,404,405,233,440,387,337,279,208,127,97,278,145,377,388,204,413,364,313,252,180,104,80,252,123,345,364,179,382,337,286,225,157,89,71,229,110,315,335,157,348,307,259,200,140,81,68,209,106,287,304,140,313,277,233,180,128,75,66,193,105,264,274,128,282,249,210,163,118,70,66,179,106,246,247,117,252,224,189,148,109,67,65,167,109,231,222,108,225,200,169,133,101,63,65,156,111,218,198,99,455,401,354,301,231,149,117,300,168,400,404,227,438,384,333,271,193,111,81,268,127,367,385,192,409,361,306,238,157,83,61,237,99,329,359,159,376,331,275,204,130,70,59,211,90,292,327,135,335,296,243,177,112,66,59,190,90,258,292,119,294,262,215,158,104,63,59,173,92,234,257,108,260,233,192,143,98,60,60,161,95,217,229,100,231,209,173,131,92,57,60,151,99,204,204,93,208,187,156,119,86,55,61,143,103,196,184,87,455,400,353,299,227,144,111,296,162,397,403,223,436,383,331,266,183,100,71,260,114,361,383,183,408,359,303,229,139,69,59,227,88,319,356,146,373,328,270,190,106,66,59,200,83,275,324,121,332,293,233,157,97,65,59,179,86,237,286,106,286,254,198,139,92,62,59,161,90,209,246,98,241,219,176,129,88,60,60,148,94,195,212,92,214,196,161,120,84,56,60,140,98,187,190,87,193,176,147,111,79,55,61,134,102,181,172,82,455,400,353,298,225,142,109,295,159,396,403,221,434,382,330,265,179,96,67,258,110,359,383,180,407,358,302,227,131,68,59,225,85,316,356,142,372,327,269,185,99,66,59,198,83,268,323,117,331,292,231,141,95,65,59,175,86,229,285,100,284,252,191,131,92,62,59,157,90,200,243,95,234,213,170,124,88,60,60,144,94,185,206,91,206,190,156,117,83,56,60,137,98,179,184,86,187,172,143,109,79,55,61,131,102,175,167,81]}