{"c":"46186","n":"津山","la":35.06333333333333,"lo":134.00833333333333,"e":146,"t":[2.2,2.9,6.4,12.3,17.1,21.2,24.9,26.0,21.9,15.3,9.3,4.2],"s":[2,3,0,0,0,0,0,0,0,0,0,3],"i":[447,428,459,375,331,238,206,360,245,437,445,315,436,419,455,383,352,260,231,370,269,441,437,332,417,401,445,383,365,277,249,371,287,434,421,342,390,378,424,375,371,287,263,365,298,420,398,344,356,347,395,360,367,291,270,351,303,397,366,339,318,311,359,337,356,288,271,331,300,365,329,327,275,271,316,307,336,279,265,303,291,327,288,307,229,229,269,272,309,263,254,271,275,284,242,281,185,185,218,231,275,241,236,234,252,237,196,250,447,428,459,374,329,237,206,360,244,437,444,313,436,419,455,382,349,258,229,368,267,440,437,330,417,401,445,381,361,274,247,369,284,434,421,339,391,379,425,373,365,284,259,363,294,420,398,341,358,348,396,358,361,287,266,349,298,396,368,335,320,313,360,335,348,284,266,329,295,365,331,322,279,274,319,306,328,274,260,302,286,328,291,302,235,233,273,271,301,258,248,270,269,286,247,277,192,192,225,231,267,236,231,234,247,240,202,245,447,428,458,372,326,234,202,358,241,436,444,311,436,419,455,378,342,252,223,365,261,438,437,325,418,403,444,377,352,266,238,365,275,432,422,332,393,380,424,368,354,273,248,358,283,417,399,332,362,352,397,351,348,275,252,344,285,394,370,325,326,318,363,329,334,270,250,323,280,365,336,311,288,281,325,301,313,259,244,297,269,329,298,291,247,243,282,268,286,242,231,266,252,290,257,265,206,204,238,231,254,220,213,233,229,248,217,235,447,426,455,369,321,229,198,355,236,433,443,306,436,418,453,373,333,244,213,359,250,434,436,317,419,403,441,369,338,252,225,357,262,426,421,320,395,381,422,359,337,257,231,349,266,412,400,318,366,353,396,343,329,256,233,334,265,389,372,309,333,323,365,320,314,249,229,314,258,362,340,294,296,288,328,294,293,237,220,288,246,328,304,274,259,252,290,262,268,220,206,260,229,292,267,250,222,217,250,229,237,199,190,227,208,252,229,222,447,426,454,365,314,223,192,351,229,430,442,301,436,417,449,365,321,231,202,352,240,428,434,306,419,401,436,359,322,237,208,347,244,419,419,306,397,381,417,348,317,237,210,337,245,403,398,300,369,355,393,330,306,233,209,321,241,382,372,290,337,325,362,309,291,224,202,301,231,354,341,274,304,293,330,283,269,211,193,277,219,324,309,254,269,260,294,254,246,195,180,250,202,290,274,231,233,225,257,224,218,176,164,221,184,254,239,206,446,426,451,361,307,216,185,346,223,426,441,295,434,416,444,357,307,219,189,343,225,421,432,294,418,400,430,348,302,218,190,335,225,409,416,290,396,379,409,333,293,215,188,322,221,392,395,281,369,354,386,315,280,206,182,305,214,370,370,268,339,325,357,294,263,197,175,285,204,344,341,250,307,294,325,269,244,184,165,261,191,314,309,231,274,263,292,242,221,169,152,237,176,284,276,211,241,231,258,214,197,152,138,210,158,250,243,188,446,425,448,356,299,209,177,341,215,422,440,288,434,413,438,347,292,204,174,333,211,412,429,281,416,397,421,334,281,199,170,321,204,397,412,271,394,375,400,317,268,190,164,306,197,377,390,259,367,350,374,297,252,181,156,287,187,354,364,244,338,322,346,275,235,169,147,266,176,328,335,225,306,292,316,252,216,157,137,244,163,300,305,208,274,261,283,225,195,143,125,220,149,270,273,188,242,231,252,202,174,129,113,197,134,241,242,168,445,424,445,351,291,200,170,336,206,417,438,281,432,412,430,337,277,190,160,323,196,403,425,268,413,393,411,320,260,179,150,307,184,384,405,252,389,370,387,300,241,168,140,288,172,361,382,236,362,344,359,278,223,155,131,267,160,335,355,219,332,315,330,254,204,144,121,246,148,308,326,200,300,286,301,231,186,131,112,224,136,281,295,183,268,254,271,209,169,120,102,202,124,252,265,166,238,225,240,185,150,108,93,180,112,225,235,147,444,423,442,346,284,194,162,331,200,413,436,275,430,409,424,327,262,177,146,313,182,394,422,254,409,390,400,305,238,160,132,292,164,370,400,234,384,364,372,281,216,144,119,270,149,343,373,214,354,335,341,256,195,131,108,247,135,314,343,194,322,305,310,231,175,120,99,224,124,285,312,176,290,275,280,209,159,109,91,202,112,258,281,159,258,245,250,187,143,99,83,182,103,231,252,143,227,217,224,168,128,90,77,163,94,206,223,129,444,422,438,342,277,188,156,327,193,409,434,269,430,408,418,319,248,164,134,304,169,386,418,244,407,386,390,292,219,143,113,279,146,357,394,217,378,358,357,263,191,124,100,252,128,324,364,193,345,325,321,234,167,111,90,227,113,291,330,171,309,292,286,208,149,100,82,202,104,260,296,152,275,260,254,186,134,92,77,182,95,231,263,137,244,231,227,167,121,84,71,163,88,206,234,124,215,204,202,150,110,78,66,147,81,185,206,112,444,422,437,338,272,183,151,323,188,405,434,264,429,407,413,312,237,154,124,297,158,379,416,234,405,384,382,280,200,127,100,267,131,346,390,202,375,354,344,246,168,106,85,237,110,308,358,174,338,318,302,213,142,94,78,209,98,269,319,150,297,279,262,185,126,88,75,184,92,233,279,133,257,243,227,165,113,82,71,163,86,204,243,120,225,213,202,148,106,77,67,147,81,182,213,110,198,188,180,134,98,72,62,132,76,164,189,101,444,422,436,337,269,180,148,321,184,404,434,262,429,405,411,308,229,147,117,292,151,375,415,227,405,383,378,273,189,115,90,260,119,339,389,193,375,353,338,234,150,94,81,227,100,298,355,159,337,316,292,195,121,90,78,199,93,252,315,135,294,275,240,163,111,86,74,173,89,212,270,120,247,229,200,146,105,81,71,150,84,180,225,111,206,196,176,134,100,76,67,134,79,161,193,103,182,173,160,124,94,71,62,122,74,147,172,96,444,422,436,336,268,179,146,320,183,404,434,261,429,405,411,306,227,145,113,291,148,374,415,225,405,383,378,271,184,111,86,257,114,337,389,189,375,353,337,231,140,94,81,225,97,294,355,155,337,316,291,188,114,90,78,196,93,245,315,131,294,275,240,146,110,86,74,169,89,204,270,113,247,229,187,137,105,81,71,146,84,171,221,108,200,188,166,128,100,76,67,129,79,151,185,101,175,168,152,120,94,71,62,118,74,139,165,95]}