{"c":"46251","n":"西会津","la":37.58833333333333,"lo":139.65666666666667,"e":165,"t":[-0.6,-0.3,2.4,9.1,14.8,19.1,22.7,24.0,19.6,12.9,6.7,1.9],"s":[83,93,59,4,0,0,0,0,0,0,1,28],"i":[459,455,470,355,281,176,134,331,184,409,462,271,450,447,470,364,299,191,144,338,197,413,455,285,430,430,459,366,310,200,153,337,206,409,440,292,405,405,441,360,315,206,158,331,214,398,417,294,372,373,412,346,312,209,160,318,218,379,386,289,333,335,376,326,303,206,160,300,218,354,348,278,289,292,332,299,287,199,156,276,215,322,304,262,243,245,284,266,265,188,150,248,208,286,257,240,196,198,231,229,238,173,141,216,198,245,208,213,459,455,470,354,281,176,133,331,183,409,462,270,449,447,470,363,297,189,144,337,196,412,455,283,432,430,459,364,308,199,151,336,206,409,441,290,405,405,441,358,311,204,156,329,212,397,417,291,373,375,413,344,308,206,158,317,216,379,387,286,335,337,377,324,298,202,157,298,215,354,350,275,292,295,335,298,282,195,154,275,212,322,307,258,247,250,288,266,260,184,147,247,204,287,262,237,202,204,237,229,233,169,138,217,195,248,215,210,459,455,469,353,278,174,132,329,182,407,461,268,450,447,469,360,292,185,141,334,193,409,455,279,432,430,459,360,300,193,147,333,200,405,441,284,408,408,442,353,302,197,151,326,206,395,419,284,377,377,415,339,298,197,152,313,208,376,390,278,341,343,382,319,287,192,150,295,206,352,355,266,300,303,342,293,270,184,146,272,202,322,315,249,259,261,299,262,248,172,139,246,196,289,273,227,217,220,252,227,222,157,130,218,186,252,229,202,459,455,467,350,274,171,130,327,179,405,459,265,450,447,466,354,285,179,137,330,188,405,454,273,433,430,457,353,290,184,141,327,193,401,440,276,409,409,438,344,289,186,143,319,197,389,419,273,381,381,415,330,282,184,143,306,197,371,392,265,347,348,383,310,271,178,140,288,195,347,359,252,310,311,347,285,254,169,135,267,190,320,323,236,272,273,307,256,231,157,127,242,182,289,284,215,233,234,266,225,206,142,118,216,172,256,244,191,459,454,465,346,269,167,127,324,176,401,459,260,449,445,462,347,275,172,131,325,181,401,451,265,433,430,451,343,275,174,133,320,184,393,438,264,409,409,434,333,272,173,133,311,184,381,418,259,383,381,409,317,263,168,131,297,183,362,391,250,352,351,382,298,250,161,127,279,179,340,361,236,317,317,348,274,234,152,121,259,174,314,327,220,281,281,311,248,213,139,112,236,166,286,291,200,245,246,274,218,191,125,104,212,157,256,254,178,458,453,462,341,263,162,124,321,172,398,458,254,448,443,455,338,263,163,125,318,173,394,449,254,430,426,443,331,260,161,124,310,173,384,434,250,409,405,425,318,252,157,122,299,171,370,413,243,382,380,401,302,242,151,118,285,168,351,388,231,352,350,373,282,227,143,112,267,163,329,359,217,320,318,343,260,212,133,107,248,157,305,327,202,286,285,309,234,193,122,99,225,150,278,293,183,250,250,274,209,172,109,91,204,143,250,259,163,457,451,458,336,256,157,120,317,167,394,455,250,446,440,449,329,250,154,118,310,165,386,445,244,428,423,433,317,242,149,114,300,162,373,428,236,405,401,413,302,231,142,110,286,157,356,407,225,379,375,389,284,218,134,105,271,153,337,381,212,348,345,361,264,204,125,99,252,147,314,352,198,317,314,330,241,187,114,94,234,142,291,321,181,285,283,300,219,171,105,87,214,135,267,289,165,252,250,268,195,152,94,80,194,129,241,257,147,455,450,454,331,249,152,117,313,163,390,453,244,443,437,440,318,238,145,111,302,157,377,440,234,424,418,421,302,224,136,105,288,150,360,421,221,400,394,397,284,210,127,100,272,144,341,397,206,372,366,371,264,195,118,94,254,138,319,369,192,341,336,343,243,179,109,88,237,132,296,340,177,310,305,313,222,164,99,82,218,127,273,309,162,279,274,283,200,149,91,77,199,122,250,278,146,248,244,254,179,134,81,70,181,118,227,248,131,455,449,450,326,243,148,112,309,159,386,451,239,441,434,432,308,225,136,105,294,149,369,436,223,419,412,408,288,206,124,97,277,140,348,413,206,392,385,379,265,188,112,90,257,132,324,385,189,361,354,349,242,171,103,84,238,125,299,355,172,329,323,319,221,156,95,79,219,120,275,323,157,297,291,289,199,142,86,74,200,115,252,292,142,266,261,261,180,128,79,69,184,112,231,263,129,237,231,234,162,115,71,64,168,109,211,234,115,454,448,446,321,237,144,110,306,156,383,450,234,438,430,425,299,214,128,99,287,142,362,432,214,415,407,395,273,190,112,89,266,130,336,405,192,385,376,361,246,168,101,82,244,121,307,374,172,350,341,325,220,149,91,77,221,114,279,339,154,314,305,291,197,135,84,73,202,111,252,303,139,280,273,260,178,122,77,69,184,108,229,271,125,249,243,233,160,111,71,65,168,106,210,242,113,221,216,210,144,101,65,62,154,104,193,215,103,454,447,444,318,233,141,108,303,153,380,448,231,438,429,418,292,204,122,95,282,137,356,428,206,413,403,385,262,175,104,83,257,122,326,400,180,381,369,344,229,149,91,77,231,112,293,365,156,341,329,300,199,130,83,74,206,109,259,324,137,298,287,261,174,117,78,71,185,107,229,282,123,260,250,229,156,108,73,68,168,105,206,246,112,229,221,204,142,99,68,65,153,104,189,218,103,202,196,184,129,92,63,61,142,103,175,194,94,454,446,442,316,229,139,107,301,151,378,447,227,438,428,415,288,199,118,92,278,133,352,426,200,413,401,379,254,165,97,79,252,117,320,398,172,380,367,335,217,134,86,76,225,109,284,361,145,341,326,286,179,113,82,74,199,106,245,317,125,296,280,231,153,107,78,71,175,106,211,269,112,246,229,196,139,101,73,68,155,105,186,224,104,210,199,176,129,94,68,65,142,104,171,195,97,187,178,161,119,88,63,61,132,103,161,175,90,454,446,441,315,229,138,106,301,151,377,447,227,438,426,413,286,197,115,91,277,132,351,426,200,413,400,376,252,161,94,78,250,114,318,396,169,380,366,332,213,125,86,76,222,107,280,359,141,341,325,282,171,112,82,74,196,106,239,316,122,296,278,227,140,106,78,71,171,106,204,267,108,247,227,178,132,101,73,68,150,105,178,218,102,202,189,161,124,94,68,65,137,104,164,184,95,181,170,149,114,88,63,61,128,103,155,167,89]}