{"c":"46296","n":"新津","la":37.791666666666664,"lo":139.08666666666667,"e":3,"t":[1.6,1.7,4.8,11.0,16.5,20.5,24.0,25.6,21.5,15.3,9.4,4.4],"s":[42,48,19,0,0,0,0,0,0,0,0,11],"i":[472,458,494,372,302,189,138,342,180,423,475,288,462,450,494,383,323,206,150,349,194,428,469,304,443,433,484,385,337,219,159,349,204,423,454,314,416,408,463,379,344,227,166,342,210,411,429,316,381,376,434,365,342,229,168,328,213,389,397,312,340,337,395,344,333,227,168,308,212,361,358,302,295,294,349,316,316,221,164,282,206,325,313,284,247,247,297,281,293,209,156,252,197,285,264,261,199,200,241,242,263,193,146,217,185,240,213,231,472,458,494,371,301,188,137,341,180,423,475,287,462,450,495,381,321,204,149,348,193,426,469,302,443,433,484,384,334,216,158,347,202,422,454,311,416,408,463,377,340,223,164,340,208,409,430,313,383,377,434,363,338,225,166,327,210,389,398,309,343,339,398,342,328,223,165,307,209,361,360,298,299,297,352,315,311,215,161,281,202,326,316,280,252,252,302,281,287,202,153,250,194,286,269,257,204,206,248,242,257,187,143,218,181,243,220,229,472,458,493,369,298,185,136,340,178,421,474,284,462,450,494,378,315,199,146,345,189,425,469,297,444,434,484,379,326,209,153,344,197,419,454,304,419,411,466,372,329,214,158,336,202,407,432,305,386,380,437,358,326,215,159,322,202,386,401,299,350,345,403,336,315,211,157,303,200,359,366,287,308,305,361,310,297,202,152,278,194,326,324,269,265,263,315,277,273,190,144,250,184,289,281,246,222,221,265,241,244,173,133,219,171,249,236,219,472,457,492,366,293,181,133,337,175,419,474,280,462,449,491,372,307,192,141,340,184,420,467,290,445,434,482,371,313,198,146,338,189,413,453,294,421,411,463,362,314,200,149,329,192,401,430,292,391,383,438,348,308,199,148,315,191,381,404,285,356,350,404,327,296,194,145,296,187,355,370,272,318,313,367,301,278,185,139,273,179,325,333,254,279,275,324,271,254,171,130,246,169,290,293,231,239,236,280,238,227,155,120,217,157,252,252,206,471,455,488,362,287,177,130,334,172,416,472,275,461,448,486,364,295,183,135,334,177,413,465,281,445,432,475,360,297,186,137,329,179,405,451,281,422,411,458,350,294,185,137,319,179,392,430,277,393,383,432,334,286,181,135,304,176,372,403,267,361,353,403,314,273,174,130,286,171,348,373,254,325,319,367,289,254,164,124,263,163,318,337,236,288,282,329,261,233,151,114,239,153,287,300,215,252,247,289,229,209,136,105,212,141,252,263,192,470,455,484,357,280,172,126,330,167,412,470,269,459,445,480,354,281,173,128,327,169,407,462,270,443,429,466,347,279,172,127,319,168,396,446,266,420,408,448,334,271,168,125,307,165,380,426,258,393,382,424,318,261,162,120,292,160,360,400,247,362,352,394,296,246,153,114,273,153,335,369,231,329,320,362,274,229,143,108,252,145,309,337,215,294,286,327,247,209,131,99,227,136,279,302,196,258,250,290,220,187,117,90,204,126,249,266,175,470,454,480,351,273,166,122,325,163,407,468,263,458,442,472,344,267,162,120,318,160,398,457,258,440,425,455,332,258,157,115,307,156,384,440,249,417,403,434,316,248,150,111,293,150,365,418,238,389,377,409,297,233,142,106,276,144,344,392,224,358,347,381,277,219,133,99,257,136,320,362,210,326,315,348,252,200,122,93,236,129,293,330,192,293,284,317,229,184,112,85,215,120,266,298,175,259,252,283,204,164,100,77,193,112,238,265,156,468,451,476,345,265,160,118,321,158,403,466,257,455,438,462,332,252,151,112,309,151,389,451,245,436,420,442,315,237,142,106,294,144,370,432,231,409,395,417,296,222,133,99,277,136,349,407,217,381,368,389,275,206,123,93,259,128,325,379,200,350,338,360,252,190,113,86,239,121,300,349,186,317,306,329,231,174,103,80,219,113,274,318,170,286,275,298,209,158,94,73,199,106,248,286,154,254,245,267,187,142,84,66,179,99,223,256,138,468,451,472,340,257,155,114,317,154,398,463,250,453,436,453,321,237,141,105,301,143,380,447,233,430,413,426,299,217,128,96,282,132,356,424,215,401,386,397,275,197,115,89,261,123,330,395,196,370,356,365,252,178,106,82,240,114,303,364,179,337,324,333,229,163,97,76,220,108,277,331,163,304,292,303,206,148,88,70,200,102,250,300,148,272,262,273,187,133,81,65,181,96,227,269,134,242,231,245,168,121,73,59,164,90,204,240,121,467,450,468,335,250,150,111,313,150,394,462,245,450,433,445,311,224,132,99,293,136,371,443,222,426,408,413,283,197,115,88,270,122,343,416,199,394,377,376,254,173,102,80,246,112,312,382,176,358,342,338,227,153,92,74,222,104,280,346,157,321,306,302,202,137,84,69,200,98,252,310,142,286,273,270,182,125,77,65,181,93,225,277,128,254,243,242,165,112,71,60,164,89,204,247,115,225,216,218,148,104,65,56,149,85,184,220,106,466,449,466,331,246,147,109,310,147,392,459,241,449,430,438,303,213,125,94,287,130,365,438,214,424,405,401,270,180,105,81,260,113,333,409,185,389,371,358,235,151,91,74,233,103,296,373,159,348,330,311,202,130,83,70,206,97,259,330,139,304,288,268,177,117,78,67,182,93,225,287,124,264,250,235,159,107,73,63,163,90,200,250,112,233,221,210,144,99,68,59,148,86,180,221,104,206,196,190,131,92,63,55,135,83,164,197,95,466,448,463,329,242,145,107,308,146,390,459,239,449,430,434,298,206,120,90,283,126,361,438,208,423,403,394,261,168,96,76,254,108,326,407,175,389,368,347,221,133,85,73,225,99,286,368,146,348,327,294,181,112,81,70,196,95,243,323,125,301,280,236,154,104,77,67,170,92,204,272,112,250,229,198,140,99,72,63,149,89,177,225,104,213,199,178,129,93,68,59,135,86,160,197,97,190,178,163,120,88,63,55,124,83,148,177,90,467,448,463,328,241,144,106,308,145,389,459,238,450,429,432,296,204,118,89,282,125,360,437,206,424,401,392,259,163,93,75,252,106,324,405,172,390,367,344,217,122,85,73,222,97,282,367,141,349,325,290,172,109,81,70,193,95,236,321,121,302,279,231,139,104,77,67,167,92,198,271,107,250,227,179,131,99,72,63,144,89,168,219,101,206,189,162,124,93,68,59,129,86,152,186,95,183,170,150,115,88,63,55,120,83,141,168,89]}