{"c":"46492","n":"油津","la":31.596666666666668,"lo":131.40833333333333,"e":5,"t":[8.7,9.8,12.6,16.8,20.3,23.3,27.2,27.5,25.1,20.5,15.6,10.7],"s":[0,0,0,0,0,0,0,0,0,0,0,0],"i":[388,490,483,398,366,306,300,386,323,412,454,357,377,476,476,405,389,337,342,398,359,413,443,377,360,451,462,404,401,360,374,401,386,405,424,389,335,419,437,394,407,375,398,396,404,389,397,392,306,379,404,375,401,380,411,381,412,365,363,386,272,332,362,349,387,376,413,359,409,335,322,371,235,281,314,315,363,363,405,330,397,298,277,347,196,227,261,276,332,342,387,294,375,256,227,316,159,176,206,231,293,312,359,254,343,212,180,279,388,490,483,398,365,304,298,385,321,411,454,356,378,476,476,404,387,334,338,396,355,412,444,375,360,453,463,401,399,356,369,399,381,404,425,386,336,421,438,392,401,370,390,393,397,388,399,388,307,381,405,373,396,374,401,379,404,365,364,381,274,336,365,347,381,369,404,356,400,334,325,366,238,287,318,314,357,356,395,327,387,298,281,342,200,236,268,275,326,334,376,292,364,258,235,312,164,186,215,233,287,304,348,252,332,215,189,275,389,491,482,395,362,300,293,383,316,409,454,352,378,476,476,401,380,326,327,392,345,409,444,369,361,455,463,398,391,344,353,393,367,401,426,378,338,425,438,386,392,354,371,386,379,386,401,378,311,389,409,368,384,356,379,371,382,364,369,369,280,347,370,342,369,349,377,349,376,334,332,353,246,301,328,310,345,334,366,321,361,300,291,330,211,254,282,274,314,311,346,287,337,263,249,300,178,210,235,234,277,281,317,250,306,223,208,264,389,491,480,392,357,294,285,379,308,408,453,348,378,478,475,395,371,313,311,385,331,407,444,360,362,457,461,390,377,326,331,384,346,398,426,364,341,429,438,378,377,332,342,375,354,382,403,362,315,396,409,359,367,330,345,359,352,360,373,352,286,357,375,335,350,321,340,338,344,333,339,335,254,316,336,304,327,304,326,310,327,300,302,312,222,274,294,271,298,282,306,279,304,266,263,284,191,231,252,235,264,252,279,245,274,229,225,250,389,490,478,388,350,285,274,374,299,405,453,341,379,478,472,388,358,297,292,377,313,401,443,348,363,458,458,381,361,304,303,372,321,392,426,349,342,432,436,367,356,304,307,361,323,375,403,342,318,401,409,348,345,299,306,345,318,354,376,331,290,366,376,323,328,288,298,323,306,327,344,313,261,327,340,296,305,270,282,296,289,298,309,290,231,288,302,264,279,249,263,267,266,266,274,264,200,250,263,231,248,223,238,236,240,233,238,234,389,490,476,384,342,275,262,369,288,401,451,334,379,478,468,379,344,279,269,366,292,396,442,334,363,459,451,369,340,278,272,358,293,384,425,329,343,433,430,353,332,274,269,344,288,366,401,319,320,403,403,332,318,263,263,326,279,344,375,305,293,370,373,309,301,250,252,304,265,319,346,287,265,334,339,281,279,234,236,279,248,291,313,265,236,296,303,254,254,214,219,252,227,261,279,241,206,261,268,224,227,193,198,224,204,231,245,215,389,490,473,379,334,265,250,363,276,399,451,326,379,476,462,369,328,260,245,354,270,389,438,319,363,457,445,355,317,252,239,342,262,374,422,308,342,430,422,337,305,240,229,325,252,355,398,294,319,401,394,315,288,227,219,305,238,332,371,277,293,369,363,290,269,213,206,282,224,307,342,257,265,335,331,265,249,197,191,258,206,280,311,237,237,298,297,238,225,178,175,233,189,250,277,214,210,263,264,212,204,161,158,206,169,223,246,192,389,488,471,374,325,254,237,357,265,395,450,318,378,475,455,359,311,239,221,342,249,382,437,303,362,454,436,340,294,224,204,325,231,363,417,286,341,426,409,318,275,208,190,304,215,341,392,267,317,396,380,294,256,192,176,282,199,317,364,247,290,362,348,269,237,176,161,258,182,290,333,227,262,328,316,243,215,161,149,235,167,264,302,206,234,293,284,219,196,145,134,211,151,237,271,187,206,258,252,194,176,131,122,188,136,210,239,167,388,488,468,369,317,244,225,351,254,391,449,310,378,474,450,349,294,220,198,331,227,375,434,288,361,450,425,325,270,196,174,308,202,352,412,264,338,421,395,298,246,175,153,283,179,326,385,240,312,387,362,271,223,157,136,257,160,299,354,217,284,351,328,245,200,142,122,233,144,271,321,196,256,315,295,220,183,127,111,210,130,244,288,177,227,280,264,196,166,115,100,188,118,218,257,159,200,247,235,175,149,105,93,168,107,194,227,143,388,488,466,364,309,236,214,346,244,388,447,303,377,472,444,340,279,202,177,320,208,368,430,274,359,447,415,311,247,172,145,292,175,342,407,243,335,413,380,279,217,146,119,262,147,311,376,214,307,375,342,248,190,126,101,234,126,280,341,188,276,335,303,219,168,112,90,208,111,249,304,166,245,296,268,194,151,101,83,185,101,221,270,149,217,260,237,173,137,92,77,165,93,197,238,134,191,229,210,154,125,85,72,148,86,175,210,122,389,488,463,361,303,229,206,342,236,386,447,298,377,472,440,333,266,189,160,312,192,363,430,263,359,445,407,299,227,151,119,278,151,333,404,225,334,409,367,262,190,120,90,244,118,298,370,190,303,366,322,225,158,100,76,213,99,262,331,161,269,318,277,193,137,90,72,186,89,227,288,140,234,272,238,168,124,84,69,164,84,197,248,125,202,235,208,150,113,80,67,146,80,174,215,114,178,204,185,136,106,76,64,131,76,155,189,106,389,488,462,359,299,225,200,339,231,385,447,294,377,473,437,329,258,179,148,306,181,360,429,254,359,446,403,292,213,134,101,269,133,328,403,213,334,411,361,250,167,98,75,231,98,290,369,172,304,367,312,206,130,88,73,200,87,249,327,142,268,316,257,168,112,85,71,174,83,209,281,122,229,261,206,145,107,82,69,150,80,176,231,111,190,210,177,132,101,78,67,132,77,154,192,104,165,183,159,122,96,75,64,120,74,140,169,98,389,490,462,359,298,223,198,338,229,384,447,293,378,474,436,327,254,175,144,304,177,359,429,252,360,448,401,290,206,127,94,266,126,326,403,208,335,413,359,247,156,91,75,229,94,287,369,165,304,369,309,200,113,88,73,198,86,244,327,134,269,319,254,151,110,85,71,170,83,202,281,114,229,263,195,132,105,82,69,146,80,168,229,106,188,204,160,125,100,78,67,127,77,146,184,101,160,175,146,117,95,75,64,115,74,133,160,96]}