{"c":"46561","n":"口之津","la":32.611666666666665,"lo":130.18666666666667,"e":10,"t":[6.9,7.7,10.8,15.3,19.3,22.8,26.7,27.6,24.7,19.5,14.1,9.1],"s":[0,0,0,0,0,0,0,0,0,0,0,0],"i":[429,511,538,458,401,296,257,401,284,443,493,385,417,497,533,470,430,327,290,412,313,445,482,409,396,472,517,471,449,351,316,413,336,438,462,423,369,438,488,461,455,366,334,408,350,421,432,428,336,397,451,440,453,372,344,392,356,396,395,422,297,348,405,409,438,369,346,368,353,362,350,405,254,294,349,371,413,357,339,336,342,322,299,381,210,238,288,324,380,336,323,298,323,276,245,347,167,183,225,270,336,308,300,254,296,227,192,305,429,511,538,457,399,294,254,400,282,443,493,384,417,497,533,467,426,324,286,411,310,444,482,405,397,473,518,468,444,346,311,413,331,437,463,419,370,440,491,458,450,360,328,405,344,421,434,423,337,399,453,437,446,365,337,389,350,395,396,416,300,352,408,407,430,362,337,365,346,362,353,400,258,300,355,368,405,349,330,334,334,323,304,374,216,246,297,323,371,328,314,297,315,279,252,341,174,193,236,272,328,299,290,254,288,231,200,300,429,511,536,454,395,290,250,398,278,441,492,380,417,498,532,463,419,316,278,407,302,442,483,399,399,475,517,461,434,334,298,407,320,434,463,409,373,444,492,450,438,345,312,399,330,418,436,411,342,405,458,430,430,347,317,383,332,394,401,403,307,363,413,401,416,341,315,359,327,362,361,386,268,314,366,363,391,327,306,329,314,325,316,360,229,266,314,321,357,305,289,294,293,284,270,328,192,219,260,274,315,276,265,254,266,241,223,288,429,511,534,450,389,284,244,394,272,438,492,374,418,498,530,455,407,303,265,400,291,438,482,388,400,476,515,451,417,316,280,398,304,429,463,395,376,448,491,438,419,323,288,389,309,413,438,394,347,413,459,417,411,321,290,372,308,389,405,383,314,373,420,390,393,312,285,349,301,360,369,365,279,330,376,355,369,297,274,320,286,326,329,340,243,286,328,317,337,275,257,287,266,288,285,310,208,242,281,274,300,248,234,252,240,249,243,274,429,511,532,445,381,275,235,389,264,436,491,367,418,498,525,445,392,288,249,391,276,433,480,375,401,478,511,438,397,294,257,386,283,422,463,377,378,450,486,423,393,294,260,374,284,405,438,370,351,418,457,403,383,290,258,358,280,383,409,359,320,381,421,375,365,279,250,335,270,354,374,340,287,341,381,344,342,263,238,307,254,323,336,316,254,301,338,307,313,243,221,277,235,288,298,288,221,261,294,270,279,218,200,244,212,252,259,256,429,509,529,438,371,265,225,384,254,432,488,358,418,497,520,433,374,270,231,381,259,426,479,359,401,476,503,422,372,269,231,372,260,413,461,354,379,451,480,405,364,265,229,358,254,395,436,345,353,420,449,382,350,254,223,339,248,371,407,329,324,385,417,356,333,243,214,317,236,345,375,311,292,348,379,325,309,225,200,290,221,314,340,287,260,308,338,293,283,208,185,262,202,282,302,262,229,271,299,259,252,187,167,233,183,250,266,233,429,509,525,430,360,254,216,378,246,428,488,349,418,496,513,420,354,250,212,369,241,418,475,342,400,475,493,403,344,242,204,356,234,401,455,330,378,448,468,383,330,231,198,338,225,381,430,315,352,417,437,359,314,220,187,317,214,357,401,298,323,383,403,331,293,206,177,294,200,330,370,277,293,347,369,303,273,190,164,269,186,301,336,254,261,310,331,272,248,173,150,243,171,271,301,231,231,273,293,242,224,156,135,216,153,240,266,206,429,509,521,424,349,245,206,371,236,424,487,340,417,494,505,405,334,229,193,357,223,409,472,323,398,471,480,383,315,215,179,338,209,389,450,304,375,442,451,358,295,200,166,317,195,365,423,284,348,409,419,331,274,184,154,294,181,338,392,263,319,375,384,303,254,169,142,270,167,310,359,242,288,339,349,273,231,155,130,245,153,282,325,220,258,303,314,246,212,140,118,221,139,252,292,199,227,268,279,219,191,126,107,197,125,225,258,179,429,508,518,418,339,235,196,365,227,420,484,331,416,492,497,392,313,212,174,345,204,400,468,306,397,466,468,363,286,189,154,321,184,375,443,279,371,434,433,332,259,168,137,295,165,347,413,252,342,399,396,300,234,150,123,268,149,317,379,227,311,361,358,270,211,136,110,243,135,287,343,206,279,324,321,242,192,123,101,219,123,258,308,186,249,288,287,216,174,111,92,196,112,231,275,167,219,254,256,192,156,101,84,175,102,206,243,150,429,508,515,412,330,227,187,360,219,416,484,323,416,490,488,380,294,195,157,334,189,393,465,290,394,462,454,344,257,165,130,304,161,363,437,254,367,426,413,306,223,139,110,273,138,329,401,223,334,385,369,268,193,120,96,243,121,295,363,194,300,343,326,235,170,107,86,216,108,262,323,171,266,302,288,206,153,97,79,192,98,231,286,152,235,266,254,185,139,89,74,172,91,206,252,137,206,234,225,165,127,83,69,153,84,183,222,125,429,508,513,407,323,220,181,356,212,413,483,317,416,488,484,371,278,180,144,325,176,386,463,277,394,459,444,328,231,144,111,290,141,352,433,235,365,421,397,282,189,112,88,254,114,314,394,195,329,375,344,238,155,96,77,221,98,273,349,163,289,324,293,200,133,87,73,192,90,235,302,140,250,277,250,174,120,82,70,168,84,204,259,125,217,238,217,155,111,78,67,149,79,180,224,113,190,208,193,140,104,73,63,135,75,161,197,106,429,509,511,405,317,215,176,354,208,412,483,313,416,490,480,365,267,171,134,320,167,383,462,268,395,462,438,318,214,127,96,281,127,347,432,220,366,423,389,266,161,93,78,242,99,304,392,173,330,376,330,212,121,86,76,208,89,258,345,140,289,322,266,167,105,83,73,177,85,214,292,118,243,262,209,143,99,80,70,151,81,179,238,107,200,212,179,130,96,76,67,133,77,157,197,101,174,184,162,122,92,73,63,121,73,142,173,96,429,509,511,405,316,214,175,353,206,411,483,312,417,492,479,364,263,167,131,318,163,382,463,265,395,463,437,316,206,121,91,278,121,345,432,214,367,425,386,262,147,89,78,239,95,301,393,166,331,379,327,204,104,86,76,204,88,252,346,131,290,325,263,142,101,83,73,174,85,208,293,109,245,266,194,127,98,80,70,147,81,171,235,101,196,204,159,121,95,76,67,127,77,147,187,97,168,178,146,115,91,73,63,117,73,135,164,93]}