{"c":"46717","n":"津別","la":43.70166666666667,"lo":144.03333333333333,"e":100,"t":[-9.2,-8.5,-3.0,4.6,10.4,14.5,18.3,19.8,15.2,8.7,1.7,-5.6],"s":[99,100,91,14,0,0,0,0,0,0,4,51],"i":[499,476,430,360,299,213,183,357,233,437,469,291,492,473,434,376,329,247,218,376,269,450,467,317,476,459,430,383,351,274,249,387,300,455,455,336,451,436,416,382,365,296,274,390,326,450,434,348,418,405,394,372,370,309,292,385,344,438,405,351,379,370,365,355,367,315,304,373,356,417,371,346,332,326,329,330,354,314,308,353,360,389,329,333,283,279,287,298,333,304,305,326,355,354,283,312,231,229,241,261,304,287,294,294,344,314,234,284,499,476,430,360,298,211,182,356,231,436,469,290,492,472,434,374,327,243,216,374,266,449,466,315,476,459,429,382,349,270,246,384,296,453,455,333,451,437,416,381,362,290,270,387,321,449,434,344,419,407,394,371,367,302,287,382,338,436,407,347,380,371,365,354,363,308,298,369,349,415,372,341,336,329,330,329,350,305,302,350,352,387,331,328,287,283,289,298,329,295,299,323,347,353,286,307,237,235,245,261,300,277,288,292,335,314,239,279,499,476,429,357,294,206,178,354,227,434,468,286,492,471,430,371,320,235,209,369,258,445,465,309,476,458,426,376,339,258,235,377,285,447,454,324,453,437,412,374,349,274,256,379,306,442,434,332,422,409,392,364,352,284,271,373,321,430,408,333,384,374,363,347,347,286,280,360,329,409,374,327,343,335,330,322,333,282,282,340,330,383,336,313,297,291,292,293,312,271,278,315,325,350,293,292,250,247,250,258,283,254,267,285,313,314,249,265,498,475,426,354,289,200,172,350,221,430,466,281,490,470,426,363,309,223,197,361,246,438,462,298,476,455,420,367,323,240,217,366,266,438,450,310,453,437,405,363,331,252,233,365,283,432,432,315,424,409,385,352,330,258,244,358,294,419,405,313,390,377,359,335,323,258,250,345,299,400,375,305,350,340,327,312,309,252,250,326,298,374,339,291,309,300,292,283,288,240,245,302,292,345,300,271,266,260,254,252,261,223,234,274,280,312,260,245,496,474,422,349,281,193,164,344,212,425,463,274,488,467,420,354,295,208,181,351,229,429,459,285,473,453,412,354,303,219,196,352,244,426,446,292,451,433,396,347,306,225,206,348,254,418,426,293,424,408,376,336,303,227,213,339,261,404,403,289,391,377,350,318,293,224,215,325,263,385,373,278,355,342,321,296,279,217,213,307,261,362,339,264,317,306,288,269,260,206,206,284,254,335,304,245,276,267,252,241,235,189,197,259,244,305,265,222,495,471,418,342,271,183,155,337,202,419,461,266,484,463,412,343,278,190,164,338,212,418,453,270,469,448,401,338,280,195,171,335,218,412,438,271,446,426,385,329,277,196,176,328,224,400,419,267,420,401,363,315,271,194,179,317,225,385,395,260,389,373,338,298,261,189,177,302,225,366,367,249,354,340,310,276,245,180,175,284,223,344,335,234,318,305,279,252,227,170,169,263,217,320,301,217,282,271,248,225,206,156,160,241,208,294,267,196,493,469,413,336,262,174,145,330,192,413,458,257,480,458,403,330,259,172,145,325,192,405,447,254,463,441,388,320,254,169,146,316,192,394,430,248,438,419,369,307,246,166,145,305,191,380,409,240,411,392,347,292,236,160,145,292,191,363,384,229,381,363,321,273,225,154,142,276,188,344,355,217,349,333,294,252,211,144,138,259,185,323,325,202,314,300,266,231,195,135,134,240,181,300,293,187,279,266,236,208,177,124,127,220,175,277,260,170,490,466,409,329,250,163,135,323,182,407,455,248,476,451,394,316,239,153,127,311,173,392,441,236,455,432,374,301,225,144,121,296,166,375,420,224,429,407,352,284,214,136,117,281,160,356,396,211,399,379,327,265,202,128,113,265,157,337,369,198,368,350,302,247,188,121,110,249,154,317,340,185,336,319,275,227,176,112,107,233,151,297,310,172,304,288,248,206,161,105,104,216,149,277,280,157,271,258,222,187,148,97,99,199,146,257,250,144,488,463,405,322,242,154,126,316,172,400,451,239,471,446,385,303,220,135,110,297,154,379,434,219,446,422,360,281,200,120,99,277,141,356,409,200,416,394,333,259,182,109,92,257,132,332,381,183,384,363,305,238,167,100,88,239,128,309,350,168,351,332,278,218,154,93,84,222,125,288,320,155,318,301,252,199,143,86,83,206,124,269,290,143,286,271,227,182,131,81,81,192,124,250,262,131,256,242,202,165,120,75,79,178,124,234,234,120,487,462,401,316,233,146,117,310,163,395,450,231,467,442,377,290,202,120,94,285,137,368,429,204,438,413,347,262,175,99,79,259,119,338,400,179,404,380,314,234,152,86,72,235,109,308,366,157,366,344,281,210,136,78,69,214,105,281,331,141,329,310,252,190,124,73,68,197,105,259,297,129,296,279,227,173,114,68,68,183,106,240,267,119,265,250,202,158,106,65,67,170,108,225,240,109,237,224,183,143,98,61,67,159,110,212,215,101,486,459,398,311,225,139,111,305,156,391,448,225,463,438,371,280,188,106,81,275,123,359,425,191,434,409,337,245,152,81,64,244,101,323,393,160,396,371,298,211,125,70,63,218,94,287,355,135,350,327,259,183,109,66,63,195,93,254,312,119,305,286,225,163,100,63,63,176,95,229,272,109,269,252,200,149,94,60,64,163,98,213,241,101,240,225,181,137,89,56,64,153,101,200,216,94,215,202,164,125,83,55,64,144,104,191,194,88,484,459,397,308,221,135,106,302,152,388,447,221,463,437,368,273,178,96,72,268,113,354,423,182,432,405,332,234,134,69,62,235,92,314,390,146,393,368,290,192,102,67,63,208,88,272,350,120,347,323,243,158,93,65,63,183,91,234,304,105,295,273,200,140,89,63,63,163,94,206,256,97,246,229,177,130,85,60,64,149,96,191,218,92,218,204,161,122,81,56,64,141,100,183,195,87,197,186,148,113,76,55,64,135,103,177,177,81,484,459,396,307,219,133,104,301,150,387,447,220,462,437,367,271,173,93,69,266,110,352,422,179,430,405,330,229,126,68,62,233,90,311,389,141,392,367,287,185,94,67,63,204,88,265,348,114,345,321,240,138,92,65,63,180,91,227,302,98,294,271,190,129,88,63,63,159,94,198,252,93,238,221,166,122,84,60,64,144,96,182,209,89,210,197,153,114,81,56,64,137,100,176,186,84,190,179,141,108,76,55,64,131,103,171,170,80]}