{"c":"46836","n":"津南","la":36.99666666666667,"lo":138.68333333333334,"e":452,"t":[-1.4,-1.3,1.7,8.0,14.4,18.6,22.2,23.5,19.1,12.9,7.0,1.6],"s":[94,98,91,50,2,0,0,0,0,0,5,57],"i":[434,422,458,338,263,204,150,333,216,409,438,269,425,413,457,346,279,224,163,340,229,413,432,283,407,399,447,346,288,238,173,340,242,409,418,291,383,377,428,339,292,247,181,334,250,399,396,292,352,347,400,326,288,250,185,323,254,383,366,288,316,313,364,306,279,249,186,306,254,360,331,278,275,274,322,281,264,241,184,284,250,332,291,262,231,231,276,250,244,229,178,258,244,300,247,241,189,190,225,216,218,211,170,229,233,265,200,215,434,422,458,338,263,204,149,333,215,409,438,268,424,413,457,345,277,222,162,339,229,412,432,281,408,399,447,345,286,235,172,339,240,409,418,289,383,377,426,338,289,244,179,333,247,398,396,290,353,348,401,324,285,247,183,321,250,382,367,285,317,314,366,305,275,244,183,305,250,360,333,275,278,277,325,279,260,237,181,283,248,332,293,259,236,236,280,249,239,224,175,257,240,301,250,237,195,195,231,215,214,206,166,229,229,267,206,212,434,422,457,336,260,200,148,331,213,408,437,266,425,413,455,342,273,217,159,336,225,409,432,277,408,399,446,340,279,227,167,335,235,405,418,283,385,378,428,333,281,235,173,329,241,396,397,283,356,350,401,319,276,236,175,317,243,379,369,277,323,318,369,299,265,231,175,301,242,358,337,265,285,283,331,275,249,224,172,280,238,332,299,249,246,245,289,246,227,210,166,254,229,303,260,227,208,206,245,214,204,193,157,229,219,272,220,202,433,421,455,334,257,198,145,329,211,405,437,263,424,413,453,337,266,210,153,332,220,407,430,271,408,399,443,334,270,218,160,330,225,401,417,274,386,378,425,325,268,221,163,322,229,391,396,271,359,352,401,311,262,220,164,310,231,375,371,264,327,322,370,291,250,215,163,294,227,354,340,252,293,288,335,267,234,206,159,274,223,331,306,236,257,254,296,240,214,192,152,250,215,304,269,215,221,219,256,210,191,175,143,225,204,275,231,192,433,420,453,330,252,193,142,326,206,404,434,258,424,412,449,331,257,200,147,326,213,401,428,263,408,398,438,325,257,204,150,322,216,395,415,262,387,377,421,315,254,204,151,313,217,384,395,258,360,352,396,299,245,200,150,300,215,367,370,248,331,324,368,280,231,195,148,284,211,348,341,236,298,292,335,257,217,184,143,265,204,325,309,219,264,259,300,231,197,171,136,243,198,301,274,200,231,227,263,204,176,155,127,221,188,276,240,178,432,419,450,326,247,187,138,323,202,400,434,252,422,409,444,323,247,190,140,320,204,396,425,252,407,395,430,315,243,189,140,313,204,387,411,249,386,375,413,302,236,186,139,302,202,374,391,241,360,351,389,286,225,181,136,288,198,358,367,231,331,322,361,266,212,172,131,272,193,338,338,217,301,293,331,245,197,162,126,254,187,318,308,200,269,262,298,220,179,149,120,233,180,295,276,183,236,229,263,196,160,135,112,213,172,272,243,163,430,418,447,322,241,181,134,319,198,397,432,248,421,408,437,315,235,178,132,312,195,389,422,243,404,392,421,303,227,173,129,302,191,377,405,235,382,371,401,288,217,167,125,289,186,362,385,224,357,346,377,270,204,159,121,274,181,345,360,211,328,319,350,250,191,150,115,258,175,326,332,197,298,289,319,229,175,139,111,240,170,305,302,181,268,260,289,206,160,128,105,221,163,285,272,165,237,229,258,184,142,114,99,202,158,264,242,147,430,417,443,317,235,174,130,315,193,393,430,242,419,405,430,306,224,166,124,304,186,382,418,231,401,387,409,290,211,157,118,291,179,367,399,219,377,365,387,273,198,147,112,276,172,349,376,206,351,339,361,252,184,137,107,259,165,330,350,191,322,311,333,231,169,128,102,242,159,310,322,176,292,282,304,212,154,118,98,225,154,290,292,161,262,252,273,191,140,108,93,206,149,271,263,146,233,225,245,170,125,98,88,191,145,252,234,131,430,416,440,313,229,169,126,311,189,390,429,237,417,403,422,297,213,154,117,297,177,375,413,221,396,383,398,278,196,141,108,280,167,356,392,204,371,358,371,256,178,129,101,262,158,335,366,188,342,330,341,235,162,118,96,243,151,313,338,172,312,300,311,213,148,109,91,225,146,292,308,157,281,271,282,193,135,100,88,209,142,272,278,142,250,242,254,174,121,92,84,193,139,254,249,129,223,214,227,155,110,84,81,178,136,237,221,115,429,415,436,310,224,163,123,308,185,387,426,231,415,400,415,290,202,144,110,290,170,369,409,212,393,378,387,266,181,126,99,270,157,346,386,191,365,351,354,240,161,112,92,249,146,320,357,171,333,319,319,216,143,102,87,227,140,295,324,153,299,287,286,194,129,93,84,209,136,272,290,139,267,256,254,174,117,86,82,193,133,252,259,126,237,227,227,157,106,80,79,178,132,236,231,113,210,202,204,140,97,74,78,165,131,221,206,104,429,413,434,307,221,159,120,305,182,385,426,229,413,399,409,283,195,136,105,285,164,364,408,204,391,376,378,256,168,113,92,262,148,338,382,179,362,346,340,225,144,98,85,238,137,308,349,156,325,310,298,198,125,89,83,215,132,278,311,138,286,273,259,174,112,84,82,195,130,252,272,124,250,238,227,156,104,79,80,178,130,231,238,112,220,210,202,142,96,74,79,165,129,217,211,104,195,186,182,128,88,69,77,154,129,206,188,95,428,413,433,305,218,156,118,304,180,383,425,227,413,398,407,280,190,130,101,282,160,361,405,200,390,374,373,250,159,105,87,256,142,333,379,171,360,344,332,216,130,90,85,231,132,301,345,146,324,308,285,182,111,87,83,206,130,267,305,127,282,267,234,156,104,83,82,185,129,236,261,113,237,223,197,142,98,78,80,167,129,213,219,106,202,193,176,131,92,74,79,155,129,200,190,99,179,172,161,120,85,69,77,146,129,193,171,91,428,413,432,304,217,156,118,303,180,383,425,225,413,397,405,278,188,128,100,281,159,360,405,198,389,374,371,247,156,101,86,254,140,332,378,168,359,343,329,213,123,90,85,229,130,299,344,142,323,307,282,175,109,87,83,204,130,263,304,123,281,266,229,144,103,83,82,183,129,231,259,110,236,222,181,135,98,78,80,163,129,206,213,104,194,185,164,126,91,74,79,150,129,194,181,97,172,166,151,117,85,69,77,143,129,188,163,90]}