{"c":"48031","n":"野沢温泉","la":36.91166666666667,"lo":138.44166666666666,"e":576,"t":[-1.5,-1.2,2.0,8.6,14.4,18.5,22.2,23.6,19.0,12.5,6.5,1.2],"s":[98,100,92,39,0,0,0,0,0,0,5,59],"i":[451,451,475,349,270,206,150,345,221,422,459,275,442,443,474,357,287,225,163,351,237,425,453,290,424,426,463,358,296,240,173,352,249,422,438,298,398,401,444,351,300,249,181,346,257,411,413,300,365,369,415,337,297,252,185,333,262,393,383,296,326,331,377,317,288,250,186,315,263,369,345,285,283,289,333,290,272,244,184,292,259,339,302,269,238,242,285,259,250,231,178,265,252,305,254,247,192,196,231,223,225,214,170,234,242,267,206,221,451,451,475,349,270,206,150,344,221,421,459,275,442,443,475,356,285,224,162,350,235,425,453,288,424,426,463,356,294,238,172,350,247,421,438,296,398,401,444,350,297,246,179,344,254,409,413,298,366,371,416,336,293,249,183,332,259,392,384,293,328,333,379,315,284,247,183,314,259,369,347,282,287,292,336,289,268,239,181,291,256,339,305,265,242,247,289,258,246,225,175,264,249,306,259,244,198,202,238,223,220,209,167,235,238,270,213,217,451,451,474,347,267,202,148,343,219,420,459,272,442,443,474,353,280,219,159,348,231,423,453,284,425,426,463,352,287,229,167,347,241,418,438,290,401,404,445,345,289,237,173,340,248,407,416,290,369,373,417,330,284,238,176,328,250,390,387,284,334,339,384,310,273,235,175,311,250,367,352,273,295,299,343,285,256,225,172,288,246,340,312,256,254,258,300,254,235,213,166,263,238,309,270,234,213,217,252,221,210,195,157,235,227,276,227,209,451,451,473,344,263,199,146,340,216,418,459,269,442,442,471,348,273,212,154,343,225,419,451,277,426,426,461,345,277,220,160,341,233,413,438,281,401,404,442,336,276,223,164,333,237,401,416,278,374,377,417,322,269,223,165,321,238,386,389,271,340,344,385,301,258,217,163,303,235,363,356,259,304,307,348,277,241,208,159,283,229,338,320,242,266,270,308,248,220,194,152,258,222,309,281,221,229,231,266,218,196,176,143,233,212,280,242,197,451,450,471,341,258,194,142,337,212,415,457,264,442,441,467,341,264,202,147,338,218,413,450,269,425,426,455,336,264,206,151,333,222,407,436,269,403,404,438,326,260,206,152,324,223,395,415,264,375,377,412,310,252,202,151,311,221,377,388,254,345,347,383,290,239,196,148,294,218,357,358,242,311,313,349,266,223,186,143,273,212,333,324,225,275,277,312,240,202,173,136,250,204,307,288,204,240,242,274,211,181,157,128,227,195,280,252,183,451,449,467,336,252,189,138,334,206,412,455,259,440,438,461,333,252,191,140,331,209,407,447,259,424,423,447,325,250,191,140,323,209,398,432,254,401,401,429,312,242,188,139,313,206,385,411,247,375,376,405,296,231,182,136,298,204,367,385,237,345,346,375,275,218,173,132,281,199,347,356,222,314,314,344,252,202,163,127,262,193,325,324,206,280,281,310,227,184,150,120,241,186,301,290,187,246,247,274,202,164,136,112,219,178,276,256,168,450,448,463,332,247,182,134,329,202,408,454,254,438,437,454,324,241,179,132,323,200,400,443,248,421,419,438,312,233,174,129,312,196,388,426,240,399,397,416,297,223,168,125,299,191,372,404,229,372,371,392,279,209,160,122,284,186,354,378,216,342,342,364,259,196,151,115,266,180,334,349,202,311,310,332,236,180,140,112,248,175,312,318,185,280,279,301,214,164,129,106,229,169,290,287,169,247,247,268,190,146,115,100,209,163,268,254,151,449,446,459,327,240,176,130,325,198,404,451,248,437,434,446,315,229,167,124,315,190,392,438,237,418,415,426,299,216,158,118,301,183,376,419,224,394,390,401,280,202,148,112,285,176,358,395,210,366,363,374,260,188,138,108,267,170,337,368,195,336,333,346,239,173,129,103,250,164,317,338,180,304,302,315,218,158,119,98,231,159,296,307,165,273,271,284,196,143,109,94,214,154,275,276,150,243,241,254,175,128,99,89,196,150,254,246,134,448,445,455,322,235,170,126,321,193,401,450,242,434,430,438,306,218,155,117,307,181,385,434,225,413,409,413,285,200,142,109,289,171,365,412,209,387,382,384,263,182,129,102,270,162,342,384,192,356,352,353,241,165,119,96,250,155,319,354,175,325,320,322,219,151,110,92,231,149,297,322,160,293,289,292,197,137,100,88,214,146,276,291,145,261,258,263,178,123,93,85,198,143,257,261,131,231,229,235,160,112,84,82,183,140,239,231,119,448,444,453,318,229,165,123,318,189,398,448,238,433,428,430,297,206,145,111,300,174,378,430,217,409,404,401,272,185,127,100,278,160,354,405,195,380,374,366,246,163,112,93,256,149,327,373,174,346,339,330,220,145,102,88,234,143,300,338,156,310,304,294,197,131,94,85,215,139,276,303,141,277,271,263,177,118,87,83,197,137,254,270,127,246,241,235,160,107,81,80,182,135,237,241,115,218,214,211,143,98,74,78,169,135,222,215,105,447,444,450,315,225,160,121,315,186,395,447,234,432,426,425,291,199,137,106,294,168,373,428,209,408,401,391,262,171,114,93,270,151,345,400,183,376,368,350,229,146,99,86,244,140,314,365,158,338,329,306,200,127,90,84,220,135,282,324,139,296,288,265,176,113,84,83,199,133,254,283,125,257,250,231,158,105,80,81,181,133,233,247,113,225,220,206,143,96,75,79,168,133,217,218,105,200,195,186,130,89,70,78,157,133,204,194,96,447,443,449,313,223,158,119,314,184,394,446,231,430,425,421,287,194,131,102,291,164,370,426,204,405,400,385,254,162,105,88,264,144,340,397,174,374,366,342,219,131,90,85,237,134,306,361,147,336,326,292,184,112,87,84,212,132,270,318,127,292,281,238,157,104,83,83,188,132,237,270,114,243,231,200,142,98,79,81,169,132,212,225,106,206,200,179,131,92,74,79,156,132,199,195,99,183,178,163,121,86,69,78,148,133,191,175,92,446,443,448,313,222,157,118,313,184,393,446,229,430,425,420,285,191,128,101,289,162,369,425,202,405,399,383,252,158,101,86,262,142,339,396,171,373,365,339,216,124,90,85,234,131,304,359,143,335,325,289,176,109,87,84,209,132,265,316,124,290,280,235,144,104,83,83,186,132,231,268,110,242,231,183,135,98,79,81,165,132,204,219,104,198,190,165,126,92,74,79,151,132,192,184,97,175,170,152,118,86,69,78,144,133,185,166,91]}