{"c":"48061","n":"信濃町","la":36.80833333333333,"lo":138.19833333333332,"e":685,"t":[-3.2,-2.9,0.6,7.4,12.9,17.0,20.8,22.0,17.7,11.2,5.1,-0.3],"s":[92,95,71,7,0,0,0,0,0,0,4,47],"i":[433,417,459,339,274,224,175,347,250,421,437,279,423,409,459,346,291,246,194,355,271,425,430,294,405,395,449,346,301,264,209,357,288,421,417,304,382,372,430,339,305,275,220,353,300,409,395,306,351,343,401,326,302,280,227,341,307,390,365,302,314,309,366,306,292,279,229,324,309,364,330,292,274,271,323,280,277,271,227,301,306,332,290,276,231,229,276,250,254,257,220,273,298,295,246,254,188,189,225,215,227,238,209,242,284,254,200,227,433,417,459,338,273,223,174,346,249,421,437,278,423,409,459,345,289,244,192,354,269,424,430,293,405,394,449,345,298,261,206,356,285,420,417,301,382,372,429,338,301,271,217,351,297,408,395,303,352,344,401,324,298,275,223,340,303,390,366,299,316,311,367,304,288,274,225,322,305,364,332,289,277,274,326,279,272,265,222,300,301,332,292,272,235,234,280,249,250,252,215,272,292,296,250,250,194,193,231,215,223,231,204,241,279,257,206,223,433,417,459,337,271,220,172,344,246,419,436,276,424,409,458,342,284,239,188,351,264,422,430,288,407,394,448,340,292,252,200,352,277,417,417,295,384,373,430,333,293,260,208,346,287,405,396,295,355,346,403,319,288,263,213,334,292,387,368,290,321,315,371,299,277,259,213,317,292,362,336,278,284,279,332,274,260,250,210,295,287,332,298,262,245,242,290,245,239,236,202,269,278,298,259,240,206,204,246,213,213,216,190,240,264,262,219,214,432,416,458,334,267,215,168,342,242,417,436,272,423,409,455,337,277,229,180,346,256,418,429,281,407,394,446,334,281,240,189,345,266,412,416,285,385,373,426,325,280,245,195,338,272,400,395,283,358,348,403,311,273,245,197,325,274,382,370,276,326,318,372,291,262,240,196,308,272,357,339,264,292,285,337,267,244,229,191,287,267,330,304,247,256,250,298,239,223,214,182,262,257,298,268,225,220,216,257,210,199,195,171,235,244,266,231,202,432,416,455,331,262,210,163,338,236,413,434,267,422,407,451,331,268,219,171,339,245,412,426,272,407,393,440,325,268,225,176,335,250,405,413,273,386,373,423,315,264,225,178,327,252,392,394,268,359,348,398,299,254,223,178,313,252,373,369,259,330,320,370,280,242,216,175,296,249,351,340,246,297,289,337,256,225,204,169,276,242,324,308,229,263,256,301,231,206,190,160,252,233,296,273,209,229,224,264,204,184,173,150,227,221,266,240,187,430,415,453,327,256,202,158,334,229,409,433,262,421,405,446,323,256,206,161,331,233,405,424,262,405,390,433,315,252,206,161,324,234,395,409,258,385,371,413,302,245,204,161,313,233,381,390,250,359,346,391,286,235,199,157,299,229,362,365,240,330,319,363,266,221,189,153,281,225,339,337,225,300,289,332,244,204,178,146,262,217,315,307,209,268,259,299,220,186,165,138,241,209,288,275,190,235,227,264,196,167,149,129,218,199,261,242,170,430,413,449,322,250,196,152,329,223,405,430,256,420,403,440,315,244,193,150,322,221,397,421,250,403,387,424,303,236,188,146,312,217,384,405,242,381,366,403,288,225,181,142,298,211,367,384,231,356,342,379,270,212,173,137,283,206,347,359,219,327,315,351,250,199,163,131,265,200,325,331,204,297,286,321,229,182,152,125,246,193,301,301,188,267,257,290,206,166,140,118,225,186,276,271,171,236,227,259,184,148,126,110,206,179,252,241,152,430,412,446,318,244,188,146,325,217,401,429,250,418,401,432,306,231,179,139,313,208,389,417,239,400,383,413,291,219,169,131,299,199,372,398,225,377,361,388,273,204,159,125,282,191,351,375,212,350,335,362,252,190,148,118,265,183,329,349,197,321,308,334,231,175,138,112,246,176,307,321,182,291,279,305,212,160,127,106,227,171,283,292,166,261,250,275,191,145,117,101,209,165,260,262,151,231,222,246,170,130,106,95,192,160,238,233,135,429,411,442,314,238,181,141,320,211,398,428,244,416,398,424,298,221,165,129,304,196,381,413,227,396,379,400,278,202,150,118,286,182,359,392,210,370,354,373,257,184,137,109,266,171,335,366,193,341,326,342,235,167,125,102,246,163,310,337,176,311,297,312,213,152,114,96,227,157,285,307,160,281,268,283,193,139,105,92,209,152,262,277,146,250,240,254,174,125,97,88,192,149,241,248,132,223,212,227,155,112,89,84,177,146,221,221,119,428,411,438,310,233,175,136,316,204,394,426,239,413,396,418,290,210,153,120,296,185,373,409,218,393,375,389,266,187,133,105,274,167,347,386,195,365,347,356,241,165,117,95,250,154,318,356,174,332,316,321,216,147,105,89,229,146,289,323,156,298,284,287,194,132,97,85,209,141,263,290,141,266,254,256,174,120,89,83,191,139,240,259,128,237,225,229,157,108,83,80,176,138,219,231,115,210,200,206,141,99,77,78,163,138,202,204,105,428,409,437,307,227,170,133,313,200,392,425,235,413,395,412,284,200,143,112,290,177,368,407,210,391,372,380,256,173,119,95,264,155,338,381,183,361,343,341,227,148,100,86,238,140,304,348,158,325,308,299,198,128,91,83,213,134,270,311,139,286,271,260,175,114,85,82,192,133,240,272,125,249,237,227,156,105,80,80,175,133,216,238,113,219,209,202,142,97,76,79,162,134,198,210,105,194,185,182,128,90,71,77,150,134,184,187,96,428,409,434,305,225,167,130,311,198,390,424,233,412,394,409,280,196,136,107,286,171,364,405,204,390,371,375,250,164,107,88,257,146,332,378,174,360,341,334,217,133,91,84,229,133,295,345,147,323,306,286,183,112,87,83,204,130,256,305,127,282,266,235,157,105,83,82,182,131,221,261,114,237,222,198,142,99,79,80,163,132,195,219,107,202,192,177,131,93,75,79,151,133,180,190,99,179,171,161,121,86,70,77,142,134,170,171,92,426,409,434,305,225,166,129,311,197,390,424,231,412,393,408,279,194,134,105,285,169,363,404,202,389,370,373,248,160,103,85,254,142,330,377,170,359,340,331,213,125,91,84,227,130,292,344,143,323,305,284,176,109,87,83,202,130,250,304,124,281,265,231,145,104,83,82,179,131,215,259,111,236,221,182,136,99,79,80,159,132,187,213,105,194,185,164,127,93,75,79,146,133,172,181,98,172,165,151,118,86,70,77,138,134,164,163,91]}