{"c":"48141","n":"白馬","la":36.69833333333333,"lo":137.86166666666668,"e":703,"t":[-3.0,-2.6,0.9,7.7,13.5,17.5,21.2,22.5,18.0,11.4,5.3,-0.1],"s":[89,94,67,5,0,0,0,0,0,0,4,40],"i":[434,426,446,335,279,225,159,343,233,422,436,280,426,418,444,342,296,248,174,350,250,426,429,295,408,403,434,342,307,265,187,352,265,422,415,305,384,380,416,335,311,276,195,346,275,409,393,307,352,350,388,322,308,281,200,335,280,391,363,304,315,315,354,302,298,280,200,317,281,364,328,293,275,276,313,277,282,272,198,294,277,332,288,277,231,233,269,247,260,258,191,266,269,294,244,254,188,190,220,213,233,239,180,234,256,252,199,227,434,426,445,335,279,224,158,342,231,422,436,279,426,418,444,341,295,246,173,349,249,425,429,294,408,403,434,341,304,262,185,350,263,421,415,302,384,380,415,333,308,272,193,344,272,409,393,304,354,351,389,320,304,277,197,333,277,390,365,300,318,316,355,300,294,275,197,315,277,364,330,290,278,278,315,275,277,267,194,292,273,332,291,273,236,237,272,246,254,252,187,265,264,296,248,250,194,195,225,212,227,233,176,234,252,256,204,224,434,426,445,333,276,221,156,340,229,420,434,277,426,418,443,338,290,240,169,346,245,423,429,289,409,403,433,337,297,252,179,346,256,418,415,296,386,381,415,329,299,262,185,340,263,405,394,296,356,353,390,315,294,264,188,328,267,387,366,291,323,321,358,295,283,260,188,310,266,363,334,279,285,284,321,271,265,250,184,288,261,332,297,262,246,246,281,242,243,236,176,262,252,298,257,240,206,208,238,210,217,217,165,233,239,261,218,215,434,426,443,331,272,216,153,338,225,418,434,273,426,417,440,333,282,231,163,342,238,419,428,282,409,403,430,330,287,241,170,340,246,413,413,286,387,381,413,321,285,246,174,332,250,400,394,284,360,355,389,307,279,246,175,320,252,382,368,277,328,325,359,287,267,240,173,302,249,358,337,265,293,290,325,263,249,229,168,281,243,330,303,248,257,254,287,236,227,215,160,256,234,298,267,225,221,220,248,206,202,196,149,229,221,265,229,202,434,425,441,327,267,211,149,335,222,415,433,268,425,416,437,327,273,220,156,335,229,413,426,273,409,401,425,321,273,225,159,331,233,405,412,273,388,381,408,311,269,227,160,322,235,392,392,269,361,355,384,295,260,223,159,308,233,373,367,260,331,327,357,277,247,216,155,291,229,351,338,247,299,295,325,252,229,206,149,271,222,324,306,229,264,261,290,227,210,190,141,247,213,295,272,209,231,227,254,200,187,173,131,223,202,265,238,187,434,424,438,323,261,204,145,331,216,411,432,263,424,413,432,320,261,206,147,328,219,405,423,263,408,399,418,312,258,208,147,321,219,396,408,259,387,379,400,299,250,204,145,309,217,381,388,250,361,354,377,283,239,199,142,295,213,362,364,240,332,326,350,263,225,190,137,277,208,339,336,225,301,296,320,241,209,179,130,258,200,315,306,210,269,265,288,217,189,165,122,236,192,288,274,191,236,233,254,193,170,150,113,214,183,260,241,171,433,423,434,319,254,197,140,326,211,407,430,257,422,412,425,312,249,194,138,319,208,398,420,250,405,396,409,300,240,189,134,309,204,385,404,243,384,375,389,285,229,182,130,295,198,367,382,231,358,350,366,267,216,174,125,279,193,347,358,219,329,322,339,248,202,164,119,261,186,325,330,204,299,292,309,225,185,152,112,242,180,300,300,188,268,262,279,204,169,140,105,222,172,275,270,171,237,231,249,182,150,126,98,202,165,250,240,153,432,421,432,315,248,189,135,322,204,403,428,250,420,409,418,303,236,180,128,311,197,390,416,240,401,391,399,288,223,170,122,296,188,372,398,227,379,369,376,270,208,159,114,280,180,352,374,213,352,342,350,250,194,148,109,262,173,329,348,197,323,314,323,229,178,139,103,244,166,306,320,182,292,285,294,210,162,127,97,225,161,283,291,166,262,254,265,189,147,117,91,206,155,259,261,151,233,227,237,168,132,106,85,189,150,236,231,135,432,421,428,311,242,182,131,318,200,399,426,245,418,407,411,295,224,166,120,302,186,381,412,229,398,387,388,276,206,151,110,284,174,360,391,211,372,362,361,254,187,137,102,264,164,335,365,193,343,333,332,233,170,126,95,244,156,310,336,176,313,303,302,212,154,115,90,225,150,285,306,161,282,273,274,191,141,105,85,206,145,262,277,146,252,244,246,172,126,98,81,190,141,240,248,132,224,216,220,154,113,89,77,174,138,219,220,119,430,420,425,307,237,176,127,314,195,395,425,240,417,405,405,288,213,154,112,294,177,374,409,218,395,383,378,264,190,134,100,272,161,348,385,196,367,354,346,239,167,118,91,250,149,318,356,175,334,322,312,215,149,106,85,227,141,289,323,156,300,290,279,193,133,97,81,206,137,262,290,141,268,258,249,173,121,90,78,190,134,239,258,128,238,229,223,156,109,83,75,174,132,218,229,115,211,204,200,140,100,77,72,161,131,200,204,105,430,419,423,305,231,171,124,311,191,393,424,236,416,403,400,282,204,144,106,289,170,368,405,210,393,380,369,254,175,119,91,263,151,338,381,183,363,350,333,225,149,101,83,237,137,304,348,159,327,314,292,198,129,91,80,213,131,269,311,139,287,275,254,174,115,85,78,191,129,239,272,125,250,241,223,156,106,81,76,174,129,215,238,113,220,212,199,141,98,76,73,160,128,197,210,105,195,188,178,128,91,71,71,149,128,183,187,96,430,418,422,303,229,168,122,309,189,391,423,234,415,401,397,278,199,137,102,285,165,365,405,204,392,379,365,249,166,108,85,257,143,332,378,174,362,348,325,216,134,91,82,229,131,295,345,147,325,311,281,183,112,88,80,204,128,256,306,128,284,270,231,157,105,84,78,181,128,220,262,114,238,225,196,142,99,79,76,162,128,194,220,107,202,194,175,131,93,75,73,149,128,179,190,100,180,173,159,121,87,70,71,140,128,168,171,93,430,418,421,302,229,167,121,309,188,391,423,233,413,401,396,277,197,134,100,284,163,364,404,202,391,378,363,247,162,103,83,254,140,331,377,171,361,347,323,213,126,91,82,227,128,292,344,143,324,311,278,176,110,88,80,202,128,250,304,125,283,269,229,145,105,84,78,178,128,215,260,111,237,224,181,136,99,79,76,158,128,186,214,105,195,186,163,127,93,75,73,145,128,171,181,98,173,167,150,118,87,70,71,136,128,162,163,92]}