{"c":"48196","n":"信州新町","la":36.54833333333333,"lo":137.99666666666667,"e":509,"t":[-1.4,-0.8,2.9,9.6,14.9,19.0,22.6,23.9,19.4,12.7,6.5,1.2],"s":[56,68,24,0,0,0,0,0,0,0,0,15],"i":[436,437,463,343,285,238,191,357,260,433,446,288,426,428,463,350,302,263,214,367,285,438,438,305,409,412,451,350,313,283,231,369,304,434,424,315,384,388,433,343,317,296,246,365,319,421,401,319,353,357,404,329,314,302,254,353,326,399,371,315,316,321,367,309,304,301,256,334,327,370,335,305,275,280,325,283,288,293,252,309,322,334,293,288,231,236,277,252,265,278,242,279,310,293,248,265,188,192,225,217,238,256,227,245,292,248,202,237,436,436,463,342,284,237,190,356,258,433,445,288,426,428,463,349,300,261,212,365,282,437,438,303,409,412,451,349,310,279,229,368,301,433,424,313,384,388,432,342,314,291,242,363,314,419,401,315,354,358,405,328,310,297,249,351,321,398,372,311,318,322,369,308,300,295,250,332,322,370,337,301,278,283,327,282,283,286,246,308,316,335,296,284,236,240,281,250,260,271,236,278,304,294,252,261,194,197,231,217,231,250,221,244,286,250,208,233,436,436,463,341,281,234,187,354,254,430,445,285,426,428,462,346,295,254,206,362,276,434,438,298,409,412,451,345,303,270,221,363,292,429,424,306,387,390,433,337,305,279,231,357,302,416,403,307,357,361,405,322,300,282,236,345,307,395,374,302,323,327,373,302,288,279,235,326,306,368,341,290,285,290,333,277,271,269,229,302,299,335,303,272,246,250,291,248,248,252,219,274,286,297,262,250,206,211,246,215,221,231,204,242,268,256,221,223,436,436,462,338,277,227,182,351,250,428,444,281,426,426,459,341,288,245,197,356,266,430,438,291,409,412,449,338,292,256,206,355,278,424,424,296,388,390,430,329,291,262,214,348,285,409,403,294,360,363,405,314,284,263,216,335,287,390,377,287,328,332,374,294,272,257,213,316,283,363,345,274,293,297,338,270,254,246,206,293,275,332,309,257,257,261,299,242,233,229,195,266,262,297,272,235,221,224,258,212,206,209,179,237,244,260,234,209,434,434,459,335,272,222,176,347,244,425,443,276,426,426,455,335,278,233,185,349,254,423,436,282,409,411,443,329,278,239,191,345,261,415,421,282,388,390,426,319,275,241,194,336,263,401,401,278,362,364,401,302,265,238,192,321,261,380,375,269,332,334,372,283,252,231,188,303,256,356,346,254,299,302,339,259,235,219,179,281,246,326,313,238,265,267,302,234,214,202,168,256,234,294,278,217,231,233,266,206,191,184,154,229,218,260,244,194,434,434,455,331,266,215,169,342,236,421,442,270,425,424,450,327,266,219,173,340,240,416,433,271,409,409,436,319,263,220,173,333,240,405,418,267,387,388,418,306,254,217,172,321,239,389,398,259,362,363,394,290,244,211,167,306,234,368,373,248,332,333,365,269,229,200,161,287,227,343,344,233,302,303,334,247,213,190,152,265,217,315,313,217,269,271,301,223,193,175,141,242,204,286,281,197,237,238,266,198,173,158,129,217,192,254,247,176,434,433,453,326,259,206,162,337,227,416,440,264,423,422,443,319,252,204,159,330,225,407,429,259,405,405,426,307,245,199,154,319,220,392,413,250,385,384,405,292,234,192,149,304,213,373,391,239,359,358,382,273,220,183,142,287,206,352,366,225,330,330,354,254,206,173,134,268,197,327,338,211,300,299,323,231,189,161,126,247,188,300,307,194,269,269,292,209,172,148,115,225,177,272,277,176,238,238,261,186,153,133,106,204,167,244,246,157,433,432,449,322,252,198,155,332,220,412,438,257,421,419,436,310,240,188,145,320,209,397,425,246,403,401,416,294,225,177,136,304,199,379,407,233,380,377,392,276,212,166,127,286,188,356,383,218,353,351,365,256,197,155,119,267,179,332,356,202,324,322,337,235,181,144,110,248,170,306,327,187,293,292,307,214,165,132,102,227,162,280,297,171,263,261,277,193,150,122,94,206,153,254,267,155,234,233,248,172,134,110,86,188,145,227,238,139,433,430,446,317,246,190,148,327,213,407,436,250,419,417,428,301,227,173,133,310,195,388,421,234,399,396,404,281,209,156,119,290,179,364,400,215,373,370,375,260,190,142,107,268,165,337,373,197,344,341,345,238,173,129,98,247,154,310,344,180,314,310,315,216,157,119,90,225,146,283,313,164,283,280,285,195,143,108,84,206,139,257,283,149,252,250,257,175,128,100,78,188,133,231,252,135,224,221,229,157,115,90,72,171,128,209,225,121,432,430,442,314,241,184,142,323,206,403,434,246,418,413,421,294,217,159,121,301,182,379,418,223,396,392,393,269,193,137,103,276,161,351,393,200,368,363,359,244,170,120,91,250,144,319,363,178,335,330,323,219,151,107,82,227,134,287,329,159,301,296,289,196,135,98,77,206,127,257,295,143,268,264,258,176,122,90,72,187,122,231,263,129,238,235,231,158,111,83,68,170,119,208,235,117,211,208,206,142,101,76,65,155,117,189,209,106,432,429,440,311,236,178,138,319,200,400,434,242,417,413,416,287,208,148,112,294,172,373,415,214,394,389,383,259,178,121,91,265,145,340,389,186,364,358,344,229,151,101,78,236,128,302,355,160,328,320,302,200,130,90,74,210,119,265,317,140,288,281,262,176,117,84,71,188,115,231,277,126,250,245,229,158,107,79,69,169,113,204,242,114,221,215,204,143,99,74,66,154,112,184,213,105,195,191,183,129,92,70,63,142,112,168,190,97,430,429,438,309,234,175,135,317,198,398,433,239,416,412,413,284,202,140,105,289,165,369,413,209,393,388,378,252,168,108,81,258,134,333,386,176,363,356,337,219,136,89,76,227,119,292,352,148,326,318,289,184,113,86,74,200,113,249,311,128,285,275,237,158,106,82,71,176,113,210,265,114,239,229,199,143,100,78,69,156,112,181,222,107,202,197,177,132,94,73,66,142,112,165,192,100,180,175,162,121,88,69,63,132,111,152,172,93,430,428,438,308,233,173,133,316,197,398,433,238,416,412,411,282,200,137,103,287,162,368,413,206,392,387,377,250,164,103,78,254,130,331,385,173,362,355,334,216,127,89,76,225,114,288,350,144,325,317,286,177,111,86,74,198,113,241,310,125,284,274,234,145,105,82,71,173,113,204,264,111,238,227,183,136,100,78,69,152,112,173,216,105,195,188,165,127,94,73,66,137,112,156,183,98,173,168,152,118,88,69,63,128,111,146,164,92]}