{"c":"48191","n":"大町","la":36.52333333333333,"lo":137.83333333333334,"e":784,"t":[-3.0,-2.6,1.1,8.0,13.6,17.5,21.1,22.2,17.8,11.3,5.4,0.1],"s":[72,84,42,1,0,0,0,0,0,0,1,22],"i":[443,433,457,344,305,258,200,368,279,448,444,302,433,424,455,351,326,287,225,380,307,453,438,321,415,408,446,352,339,310,245,384,330,449,423,334,390,385,426,345,344,326,260,380,346,437,400,338,358,354,398,331,342,334,269,369,356,415,370,335,320,318,362,311,332,333,272,351,359,386,333,325,278,278,320,285,314,325,268,326,354,350,292,308,234,235,274,252,290,309,259,296,343,308,247,284,189,191,223,218,260,286,244,261,325,262,200,254,443,433,457,344,304,257,199,368,278,447,444,302,433,424,455,350,323,285,222,379,305,451,438,320,416,408,445,350,336,306,242,382,326,448,423,331,390,385,426,343,340,321,254,378,342,434,400,335,359,355,399,329,337,328,264,367,351,413,371,331,322,320,364,309,326,327,266,349,352,386,335,321,281,281,323,283,309,318,262,324,348,350,295,303,238,239,277,252,284,302,252,294,336,309,250,279,195,196,229,218,254,278,237,260,318,265,206,250,443,432,455,342,301,252,195,366,274,445,444,299,434,424,455,347,317,277,216,375,298,449,438,314,416,409,445,346,327,295,231,377,316,445,423,323,393,386,426,338,330,307,244,372,329,432,401,325,362,358,400,324,325,311,249,360,335,411,373,320,328,325,367,304,313,308,250,342,335,384,340,309,289,288,328,279,295,298,244,318,329,350,302,290,249,248,287,249,271,281,234,289,317,312,261,267,210,210,243,216,241,258,218,257,299,271,221,238,443,432,455,339,296,247,190,362,269,443,443,294,434,424,451,342,309,266,206,368,287,445,436,306,417,409,442,340,315,280,218,368,301,438,422,312,394,387,424,330,314,287,225,362,309,425,401,311,366,360,399,316,308,289,227,349,312,405,375,304,333,329,368,295,295,284,225,331,310,379,344,291,298,294,333,271,276,272,219,308,302,348,308,273,261,258,295,243,252,254,208,281,290,312,271,250,224,222,254,213,225,231,192,250,272,275,234,223,442,430,453,336,290,240,184,358,262,438,442,289,433,422,448,336,298,252,194,360,273,438,434,295,417,407,437,330,299,261,200,357,281,430,420,297,395,387,419,320,296,263,204,348,285,416,400,293,368,361,395,304,286,261,202,335,285,395,374,284,338,331,366,285,273,254,199,317,280,371,345,270,304,299,334,260,254,241,191,294,271,341,312,252,269,265,298,235,231,224,179,269,259,309,277,229,235,231,262,206,208,204,165,242,244,275,243,206,442,430,450,332,284,231,176,353,252,434,441,282,432,420,443,328,284,236,180,351,258,430,432,283,416,405,430,320,281,238,181,344,259,419,417,280,394,384,411,307,273,236,180,333,259,403,396,272,368,359,388,291,262,229,176,317,254,382,372,261,338,330,359,270,247,220,170,298,248,357,342,246,307,300,329,248,229,208,161,277,239,330,312,229,274,268,296,223,209,192,150,254,227,300,279,208,240,236,261,199,187,175,138,229,215,269,246,187,441,429,446,327,276,222,169,347,245,430,438,275,430,418,437,320,270,219,166,340,241,420,428,270,413,401,421,308,261,214,162,329,237,405,412,261,391,380,400,293,250,206,156,314,229,387,390,250,365,355,376,274,235,198,150,298,224,365,365,236,336,327,348,254,220,187,141,278,216,340,337,221,305,296,318,231,202,175,133,258,208,314,306,202,274,266,287,210,185,161,124,236,198,286,276,185,242,236,256,187,164,145,113,214,188,258,245,165,441,428,443,323,269,212,161,342,236,425,437,268,428,416,429,311,256,200,151,329,224,411,425,256,409,397,409,295,240,190,141,313,213,391,405,242,386,374,386,277,225,178,133,295,202,369,382,227,359,348,360,257,209,166,124,276,194,344,355,211,329,319,332,236,192,155,115,256,185,319,327,194,298,289,302,215,175,142,109,236,178,293,297,178,268,259,272,194,159,131,101,216,170,267,266,161,238,229,243,173,143,118,93,197,164,242,237,145,440,426,438,319,261,202,154,336,227,420,434,261,426,413,422,302,241,184,138,318,209,401,420,242,405,393,398,282,220,166,123,297,191,376,399,223,380,367,370,261,200,150,112,275,177,349,372,202,350,338,340,238,181,137,102,254,167,321,343,185,319,308,310,217,165,125,95,233,159,294,312,169,287,277,281,195,150,113,89,214,153,268,282,153,256,248,252,176,135,106,83,196,148,244,252,139,227,219,225,158,122,96,78,179,145,221,224,125,438,426,436,315,254,196,148,331,220,416,434,254,425,411,415,294,227,168,126,308,194,392,417,229,403,388,387,270,200,144,107,283,172,362,393,204,374,360,354,244,177,125,94,257,155,329,363,182,340,327,319,219,156,111,85,233,144,297,329,162,306,294,285,196,139,101,80,211,138,267,295,146,272,262,254,176,126,93,76,193,135,241,263,132,242,233,227,159,113,86,72,176,133,219,234,120,214,206,204,142,105,80,69,162,132,199,208,109,438,425,434,312,250,189,143,328,215,413,433,250,424,409,409,288,218,155,115,301,183,385,413,221,400,386,378,260,185,125,93,271,155,350,388,190,370,355,340,229,155,102,80,241,136,312,355,162,333,318,298,200,133,91,76,215,128,274,316,141,292,279,259,176,118,85,74,192,126,240,277,126,254,243,227,158,108,80,72,174,126,213,242,115,223,214,202,143,100,76,70,160,126,193,213,106,198,190,182,129,93,71,67,148,127,178,190,98,438,425,433,310,247,185,140,325,211,411,432,247,423,408,407,285,211,146,109,296,175,381,413,214,399,384,373,254,173,110,83,263,142,343,386,179,369,353,333,219,137,89,78,231,126,301,351,149,331,316,286,185,113,86,76,204,122,256,311,128,288,273,235,158,105,83,74,180,123,217,266,114,242,227,198,143,100,79,72,161,124,189,222,107,204,196,176,132,94,75,70,147,125,172,192,100,181,174,161,121,89,70,67,138,126,161,172,93,438,425,432,309,246,184,138,325,210,409,432,246,423,408,405,283,209,143,106,294,172,379,412,211,399,384,372,252,168,104,80,260,138,341,385,175,368,352,331,216,127,89,78,227,122,297,350,144,330,315,284,178,109,86,76,200,122,249,310,124,287,273,231,145,105,83,74,177,123,211,264,111,240,227,183,136,100,79,72,156,124,180,217,105,197,187,164,127,94,75,70,142,125,163,183,99,174,168,151,118,89,70,67,134,126,154,164,92]}