{"c":"48216","n":"大津","la":34.99166666666667,"lo":135.91166666666666,"e":86,"t":[3.9,4.1,7.3,13.0,17.9,21.8,25.8,27.0,23.1,16.9,11.2,6.3],"s":[0,1,0,0,0,0,0,0,0,0,0,1],"i":[434,442,479,375,321,254,222,359,244,423,451,317,423,433,476,383,341,279,249,368,267,426,444,334,405,415,463,383,353,299,271,370,286,421,428,345,380,390,443,375,357,311,287,364,297,405,404,348,347,357,412,359,353,316,296,350,302,383,372,343,311,320,373,336,342,314,298,329,300,353,334,331,269,278,328,307,323,304,292,302,290,317,292,311,225,233,278,272,297,287,280,270,275,275,245,285,183,188,224,231,264,264,261,234,252,229,198,254,434,442,479,374,320,252,221,358,243,423,451,316,424,433,476,382,338,278,248,367,266,425,444,333,405,415,463,381,349,296,269,368,283,419,428,342,380,390,443,373,353,308,284,362,294,405,404,344,349,359,413,358,348,313,292,348,298,383,374,339,313,322,375,335,336,310,293,328,295,353,336,327,273,281,331,306,316,300,287,301,285,317,295,307,231,238,283,271,290,283,274,269,269,276,250,281,189,194,231,231,258,260,254,234,247,231,204,250,434,442,478,372,317,250,217,356,240,421,451,313,424,433,475,378,332,272,241,363,260,423,444,327,405,416,463,377,341,288,259,364,274,416,429,335,382,392,443,368,342,297,271,356,283,401,405,336,352,363,415,352,336,299,277,342,284,380,377,329,318,327,380,329,323,295,277,322,280,351,342,315,281,289,338,301,302,283,269,296,269,317,303,296,241,249,294,268,277,266,256,266,252,279,261,270,202,209,248,231,245,242,237,231,231,238,220,240,434,442,476,369,312,245,212,353,235,419,451,309,424,432,473,373,323,262,231,358,250,419,443,319,407,416,461,369,329,273,244,356,261,411,428,324,384,394,442,359,327,279,252,347,266,396,407,321,356,365,415,343,319,278,254,333,265,375,379,313,324,333,382,320,304,272,252,313,258,347,346,299,289,297,344,294,283,259,243,288,246,315,310,279,252,260,304,262,259,241,227,259,229,280,272,254,217,223,262,229,229,219,210,227,208,243,234,225,434,441,474,365,306,238,204,349,229,416,450,303,423,432,469,366,312,249,218,350,239,413,441,309,407,416,455,360,313,254,225,346,244,403,426,309,385,394,438,348,308,256,229,336,244,388,405,304,358,367,412,331,297,252,227,320,241,366,379,293,328,336,381,309,282,244,223,300,231,340,348,278,296,303,346,283,262,231,212,276,219,310,315,259,262,269,308,254,238,213,198,249,202,277,279,235,227,233,270,224,212,193,181,220,184,244,244,210,433,441,471,361,299,229,197,345,221,412,448,297,423,430,463,357,299,234,202,342,225,405,438,297,405,413,450,348,295,234,204,334,225,394,423,292,385,392,429,334,285,231,202,321,221,377,401,283,359,367,405,316,273,224,198,304,214,355,377,271,329,337,375,294,256,213,191,284,204,329,347,254,299,305,342,270,238,200,180,261,191,300,315,236,267,273,308,243,215,184,166,236,176,271,282,214,234,240,272,215,193,166,152,209,159,238,249,191,433,440,468,356,292,222,189,339,213,408,447,290,421,428,458,347,285,218,186,332,210,398,436,283,404,411,441,335,274,212,182,320,204,383,419,274,383,389,419,318,262,204,176,304,196,363,397,261,357,363,393,298,246,195,169,286,187,340,371,246,328,334,364,276,229,182,159,265,175,314,342,229,297,303,332,252,211,170,149,243,163,287,311,211,267,271,299,227,191,155,136,219,149,258,279,191,236,240,267,202,170,140,124,196,134,229,248,171,432,438,465,351,284,213,180,334,206,404,445,283,420,426,451,337,270,202,170,321,195,389,432,270,401,407,430,320,254,190,159,305,183,370,413,254,379,383,405,300,237,177,149,287,171,347,389,238,352,356,376,278,220,164,139,266,160,322,361,221,323,327,347,254,202,153,129,245,147,296,332,202,292,296,316,231,183,140,120,223,136,269,301,185,261,265,285,209,166,128,109,200,123,242,270,168,231,235,252,186,148,114,99,179,112,215,240,150,432,438,461,346,277,204,172,329,198,400,443,276,419,424,443,328,256,186,154,312,180,381,429,257,399,403,418,306,234,168,138,291,163,358,407,236,373,377,388,281,212,151,124,268,148,331,379,215,344,347,357,257,192,138,112,245,135,302,349,195,313,316,325,233,174,125,103,223,123,274,318,177,282,284,293,210,157,113,95,202,112,247,287,160,252,254,264,188,141,104,87,181,102,222,256,145,223,224,235,169,128,94,80,162,93,197,227,130,430,437,458,342,271,198,164,325,192,396,442,270,417,422,436,319,243,172,140,303,167,373,425,245,396,399,407,292,215,148,118,277,145,345,401,218,369,370,372,263,189,128,102,250,127,313,370,193,336,336,335,235,166,112,91,225,112,281,336,172,302,302,299,209,148,103,83,202,103,250,301,153,269,268,266,187,134,94,78,181,94,223,268,138,238,238,237,168,121,87,72,162,87,199,238,125,211,211,212,150,110,80,67,146,81,178,211,112,430,436,455,339,266,192,159,322,186,393,441,265,417,421,430,312,233,160,128,296,157,368,423,235,395,397,398,281,199,130,101,266,129,336,396,202,366,365,358,246,168,107,84,236,109,299,363,174,330,328,313,213,142,94,78,208,97,261,324,150,290,287,271,186,126,88,74,183,91,227,283,133,252,250,236,165,114,82,70,163,85,199,246,121,221,219,209,149,106,78,66,146,79,176,216,111,195,193,187,135,98,73,62,132,74,159,192,102,430,436,455,337,263,189,154,319,183,392,441,263,417,420,428,308,227,152,120,291,149,364,422,229,394,396,393,273,188,117,89,259,118,330,394,193,365,364,350,235,150,93,80,227,99,290,360,159,329,326,301,195,123,89,77,198,92,247,319,136,288,283,247,164,112,85,74,172,88,208,273,120,243,235,204,146,106,81,70,150,83,177,227,111,204,199,180,134,100,76,66,133,78,158,194,104,180,176,164,124,94,72,62,122,73,143,173,97,430,436,454,336,262,187,153,319,181,392,440,262,416,420,428,306,224,149,117,289,147,363,421,225,394,396,392,271,183,112,85,256,112,328,394,189,365,364,349,231,141,92,80,224,97,287,359,155,329,326,300,188,115,89,77,196,92,241,318,131,288,282,245,146,111,85,74,169,88,202,272,113,242,235,189,137,106,81,70,146,83,170,222,108,197,191,167,128,100,76,66,129,78,150,185,102,173,170,153,120,94,72,62,118,73,138,165,95]}