{"c":"48296","n":"穂高","la":36.343333333333334,"lo":137.88166666666666,"e":540,"t":[-1.0,-0.3,3.6,10.4,15.8,19.7,23.3,24.4,19.8,13.0,6.9,1.7],"s":[12,16,4,0,0,0,0,0,0,0,0,2],"i":[446,444,474,354,298,256,221,371,276,450,454,303,434,434,473,361,317,285,250,383,308,455,448,321,417,418,462,362,329,307,276,387,333,451,432,333,391,394,442,355,334,322,294,383,350,438,409,337,359,362,412,340,331,330,304,371,359,415,377,334,321,325,374,319,321,329,308,352,360,384,340,323,279,283,330,292,304,321,303,325,352,345,297,306,234,238,281,260,280,305,292,292,336,300,250,282,189,193,227,224,250,282,273,254,311,252,202,252,446,444,474,353,298,254,219,370,275,449,454,302,434,434,473,360,315,283,248,382,306,454,448,319,417,418,462,360,327,304,271,385,329,450,433,330,392,394,441,353,331,317,288,381,345,436,409,334,360,363,413,339,327,324,298,369,353,413,379,330,323,326,376,318,316,323,300,349,353,383,342,319,282,286,333,291,299,314,295,323,344,346,300,301,238,242,286,259,275,297,283,290,327,302,254,277,195,199,235,223,245,274,264,254,303,254,210,247,446,443,473,351,295,250,215,368,271,447,454,299,436,434,472,357,310,275,240,378,297,451,447,314,418,419,461,356,319,293,260,380,317,446,433,323,394,396,442,348,321,304,273,375,330,433,411,324,363,366,413,333,316,308,280,361,335,409,381,319,329,332,381,312,304,305,281,342,332,381,347,307,290,293,340,287,286,294,274,316,322,346,308,289,249,252,297,256,262,277,261,285,305,305,266,265,210,213,250,222,233,254,241,250,280,261,224,236,445,443,472,349,290,246,209,364,264,445,453,295,436,434,469,352,302,265,227,371,285,446,446,306,419,419,459,349,307,278,242,371,299,440,432,311,396,396,440,340,306,285,252,363,308,426,411,310,368,369,413,325,299,286,254,350,309,405,384,303,335,337,382,304,287,280,252,330,303,376,351,290,299,301,346,279,268,269,243,305,292,343,315,272,262,264,305,250,245,250,229,276,274,306,277,249,225,227,263,219,218,229,210,244,250,266,238,222,445,442,469,345,285,238,200,360,256,441,451,289,434,433,465,345,291,250,214,362,269,440,444,296,419,418,453,340,292,259,222,359,277,430,430,297,397,396,436,329,288,261,225,350,280,416,409,293,369,369,409,313,279,258,224,335,277,394,383,283,339,340,381,293,265,250,219,315,270,368,353,270,305,306,347,268,247,239,209,291,256,336,319,250,270,271,309,242,225,221,194,263,239,302,283,229,236,237,272,213,200,200,177,234,218,266,248,204,444,441,466,341,278,229,192,354,247,436,451,283,434,430,459,337,278,235,197,352,250,430,442,284,418,415,446,329,275,237,198,344,252,420,426,280,396,394,426,315,267,234,197,333,250,403,405,272,370,369,403,299,256,227,192,316,243,381,380,261,340,339,374,278,240,218,184,296,233,354,351,246,308,308,342,256,224,206,174,273,220,325,319,229,275,275,308,229,202,190,160,248,204,293,286,208,242,242,272,204,182,172,145,221,186,260,252,186,444,440,463,336,271,221,183,348,237,430,449,276,433,429,453,328,265,218,179,340,231,421,438,270,415,412,437,316,256,213,174,329,225,405,421,262,393,390,415,300,245,206,167,313,217,386,399,250,367,364,390,282,229,197,160,295,208,363,374,236,337,335,362,262,215,186,149,275,196,337,345,221,306,304,331,239,198,173,140,252,184,308,314,202,275,273,299,216,180,159,128,229,169,279,283,185,243,242,267,192,160,143,114,204,154,248,250,165,443,438,459,331,264,212,174,342,225,426,447,269,430,426,445,319,250,200,162,329,213,411,434,257,412,408,425,303,236,189,150,312,199,391,415,243,388,384,400,284,221,177,139,293,186,367,391,227,361,357,373,263,204,165,129,273,174,341,363,211,331,327,344,242,189,154,119,250,161,315,334,195,300,297,314,221,172,141,109,229,150,286,304,178,269,266,283,199,156,130,100,206,137,259,273,162,239,236,252,177,140,117,90,186,126,231,243,145,442,438,455,327,257,202,165,336,217,421,445,262,429,424,437,310,238,184,145,317,195,401,430,244,408,403,413,289,217,165,128,295,174,375,408,224,382,376,384,267,197,150,113,272,157,347,381,204,352,346,353,244,179,136,102,249,142,317,350,186,321,315,321,221,163,125,93,227,130,288,319,170,289,284,291,200,148,113,85,206,120,261,288,154,258,254,262,180,133,105,78,186,111,235,258,139,229,225,234,161,120,95,71,167,102,210,229,126,442,437,451,323,250,195,157,331,208,417,444,256,426,421,430,302,225,168,130,307,178,391,426,231,405,398,401,276,199,144,108,280,151,360,401,206,376,369,367,250,175,125,91,252,130,326,370,183,342,335,330,223,155,111,81,227,115,292,336,163,307,300,295,200,139,101,74,202,106,261,301,147,274,268,263,179,125,93,69,183,98,233,268,133,243,238,235,162,113,86,64,165,92,208,239,120,215,211,211,145,104,79,60,149,87,187,212,109,441,436,450,320,246,189,151,327,202,413,442,252,426,420,425,295,216,156,118,299,165,384,424,222,403,395,391,266,184,125,91,267,131,348,396,192,372,363,351,234,155,103,75,236,109,308,362,164,335,325,307,204,133,91,70,208,97,268,323,143,294,285,266,179,119,85,67,183,91,231,282,127,256,248,233,160,109,81,64,163,87,204,246,115,225,218,206,145,100,76,61,147,84,182,217,107,199,193,186,131,93,71,57,134,80,165,193,98,441,436,448,318,243,185,147,325,198,412,442,249,425,419,421,291,209,147,110,293,155,380,422,216,401,394,386,259,173,111,79,258,117,341,394,181,371,362,343,223,138,90,72,225,97,296,359,150,333,323,294,187,114,86,70,197,91,250,317,129,290,279,240,159,106,83,67,171,89,209,270,115,243,231,200,144,101,79,64,149,86,178,225,108,204,199,179,132,95,74,61,134,83,160,194,100,182,177,163,122,89,70,57,123,80,147,174,94,441,436,448,317,242,183,146,324,196,411,441,248,425,419,420,289,206,143,106,291,152,378,421,213,401,394,384,256,168,105,75,254,112,338,393,177,370,361,341,219,129,90,72,222,94,292,357,146,332,322,291,179,111,86,70,193,91,241,315,125,289,278,237,145,106,83,67,167,89,200,268,111,242,231,185,136,100,79,64,145,86,169,219,105,197,190,165,127,95,74,61,129,83,151,184,99,174,170,152,119,89,70,57,119,80,140,166,92]}