{"c":"48321","n":"東御","la":36.38333333333333,"lo":138.38333333333333,"e":958,"t":[-2.7,-2.3,1.5,8.1,13.2,16.9,20.6,21.6,17.3,10.9,5.5,0.3],"s":[24,41,20,2,0,0,0,0,0,0,0,9],"i":[473,470,492,377,337,296,270,405,322,482,478,336,462,459,491,387,362,335,313,421,363,488,471,361,442,442,480,388,378,367,349,428,395,484,455,378,413,416,459,382,386,389,375,426,418,471,429,386,379,381,428,367,384,401,393,415,432,447,396,384,337,341,388,344,374,404,400,395,434,413,355,374,292,296,342,315,355,396,397,367,429,373,310,355,244,247,290,280,328,378,384,331,412,326,260,329,195,198,234,240,293,351,361,291,385,273,209,295,473,470,492,377,336,294,267,404,321,480,478,335,462,461,491,386,359,332,309,419,359,488,471,359,442,442,480,387,374,362,343,426,390,484,455,374,413,416,459,380,381,383,368,423,412,470,430,381,380,383,429,365,379,394,384,412,424,446,397,379,340,343,390,343,368,396,390,392,426,413,358,369,296,299,345,314,348,387,386,364,419,374,313,350,248,252,295,279,321,369,373,329,401,328,265,323,202,204,242,240,286,341,350,290,375,277,216,289,473,470,491,375,332,289,262,401,316,479,478,332,462,461,490,382,352,322,298,413,349,484,471,352,443,443,479,382,364,348,327,419,375,480,455,365,417,418,459,375,369,365,348,415,393,467,432,369,384,387,430,360,365,373,360,403,401,443,401,366,347,350,396,337,352,372,363,383,401,413,364,354,305,308,353,310,332,361,357,356,392,375,322,334,262,265,308,276,305,342,342,323,374,332,278,308,219,222,259,240,272,314,318,285,347,286,233,275,472,469,490,371,326,281,254,397,308,476,476,326,462,459,487,376,342,308,281,405,334,479,470,342,444,444,476,375,350,328,302,408,353,473,455,351,419,420,458,365,351,339,317,401,365,459,432,352,390,391,432,350,344,344,324,389,370,437,404,346,354,356,398,328,331,340,323,369,366,407,369,333,316,318,360,302,311,328,314,343,354,373,331,313,276,278,318,271,285,308,298,312,335,333,291,288,237,239,274,237,254,282,274,277,310,292,250,258,472,469,487,367,319,272,243,391,297,472,476,319,462,459,483,369,329,290,261,396,315,472,468,329,445,443,472,364,331,303,274,394,326,463,453,332,421,420,454,354,329,309,281,385,331,449,432,330,392,392,428,337,319,308,281,370,331,426,404,321,360,360,397,316,305,302,277,351,324,399,372,308,324,325,362,290,285,289,267,325,311,366,337,288,286,287,323,262,260,270,250,296,293,330,299,264,250,250,284,231,233,246,229,265,270,292,261,237,471,468,484,362,311,261,229,385,285,467,474,311,461,457,478,360,313,269,238,383,293,462,465,314,443,441,463,351,310,273,241,377,295,451,449,312,420,418,445,338,302,273,242,365,294,434,428,304,392,391,420,321,291,269,237,348,288,411,401,294,361,360,390,299,274,259,229,327,279,384,370,277,328,327,358,276,256,247,219,304,265,354,337,259,292,292,322,248,233,229,202,277,249,321,302,237,256,257,285,221,209,209,185,249,229,286,266,213,471,467,480,357,302,248,217,377,273,462,473,302,459,455,471,349,295,247,213,370,269,451,461,297,441,437,454,337,286,242,208,358,263,436,444,288,417,413,432,320,274,236,200,342,254,415,421,277,390,387,407,301,259,227,193,323,245,392,394,262,358,356,378,280,243,216,182,302,233,364,364,246,326,323,345,256,223,202,172,279,221,335,331,227,293,291,313,231,204,188,158,254,206,304,299,208,259,258,279,206,182,170,144,229,191,273,265,186,470,465,476,351,293,236,204,370,260,455,471,293,457,451,462,338,278,223,189,355,245,440,457,280,437,432,442,321,261,210,174,337,229,419,437,264,412,407,416,301,244,198,162,317,216,394,412,248,383,378,388,279,227,185,151,296,202,367,383,229,351,347,359,257,209,173,140,274,190,339,352,213,318,315,328,235,191,160,129,250,179,310,320,195,286,282,295,212,174,149,119,229,167,282,288,178,254,250,265,189,156,135,108,206,155,254,257,160,469,463,472,346,284,224,192,363,249,450,469,285,455,449,453,327,261,200,166,342,222,428,453,263,433,426,428,305,237,178,144,317,199,401,429,240,405,398,398,281,214,160,127,292,179,371,400,218,373,367,366,256,194,146,112,268,164,340,368,199,340,334,334,233,176,134,103,244,152,310,336,181,306,301,302,210,160,122,95,223,142,282,303,164,273,269,273,190,144,112,88,202,134,254,272,149,243,238,244,170,131,104,82,183,127,229,242,135,469,463,469,341,277,214,182,357,238,445,467,277,453,446,446,317,246,179,146,329,202,417,448,247,429,421,415,289,215,149,115,298,170,384,422,218,398,389,379,260,186,126,95,268,147,347,389,191,362,353,341,231,163,111,84,241,131,311,352,169,325,316,304,206,145,100,76,216,121,278,315,151,289,282,271,186,131,92,72,195,114,250,281,136,257,250,243,167,119,86,68,177,111,225,250,124,227,222,218,150,109,80,66,162,108,204,222,112,468,462,466,338,271,204,173,352,229,441,466,271,451,445,440,309,233,162,129,319,185,409,445,235,426,418,404,277,195,124,92,283,146,370,416,198,394,383,362,241,160,96,72,248,120,327,380,166,353,342,316,208,135,83,67,218,108,283,337,142,309,298,273,181,119,78,66,192,104,245,293,126,268,259,238,162,109,74,65,172,102,216,254,114,235,227,212,146,101,71,63,156,100,194,225,106,208,200,191,133,95,68,62,144,99,178,200,98,468,462,465,335,267,200,168,349,225,438,465,267,451,443,436,304,225,150,115,312,173,404,444,225,426,416,398,268,180,103,75,272,128,362,413,184,392,381,353,227,138,78,68,236,106,313,375,148,351,339,301,187,112,76,67,204,101,263,331,125,305,292,244,157,103,74,66,178,100,219,280,111,254,240,202,142,98,71,65,155,100,187,231,104,213,204,180,131,93,69,63,141,99,169,199,97,189,182,165,121,89,66,62,131,98,157,179,92,467,462,463,334,266,198,166,348,223,438,463,266,451,443,434,302,221,145,112,309,169,403,443,223,425,416,396,265,174,96,70,268,121,359,412,179,391,380,350,223,126,78,68,231,102,308,374,143,350,338,298,178,106,76,67,200,101,252,329,120,303,290,240,140,102,74,66,174,100,210,278,105,252,238,185,132,98,71,65,150,100,176,225,100,204,194,165,124,93,69,63,135,99,158,188,95,180,173,153,115,89,66,62,126,98,148,169,90]}