{"c":"48331","n":"軽井沢","la":36.34166666666667,"lo":138.54666666666665,"e":999,"t":[-3.6,-3.1,0.5,6.9,11.8,15.6,19.5,20.4,16.3,9.9,4.4,-0.7],"s":[31,44,24,2,0,0,0,0,0,0,0,8],"i":[418,412,432,331,311,290,270,375,308,459,421,311,409,404,430,338,331,328,314,390,349,467,413,332,392,389,421,338,345,358,350,398,382,463,400,347,368,366,403,331,350,379,377,398,407,451,379,353,338,337,376,318,348,390,395,388,422,429,350,352,303,303,342,298,338,392,401,371,426,398,316,343,264,265,303,273,320,384,399,346,421,360,277,326,223,224,259,243,295,366,386,314,405,315,235,301,181,182,212,209,264,339,363,277,380,266,192,271,418,412,432,330,310,289,268,374,306,459,421,310,408,404,430,337,329,325,310,389,345,466,413,330,392,389,421,337,342,353,344,396,377,463,400,344,368,366,401,329,347,373,369,395,400,450,379,350,339,338,377,316,344,383,386,385,413,428,352,348,305,305,344,297,333,384,392,368,418,398,318,338,267,268,305,272,315,375,388,343,412,361,280,320,225,227,263,242,289,357,375,312,396,317,239,296,187,187,217,209,258,330,351,276,370,269,197,266,418,412,432,329,307,284,263,371,301,457,420,306,409,404,430,334,323,316,299,384,335,463,413,324,392,389,420,333,333,340,328,389,363,459,400,335,370,368,403,325,336,356,349,387,382,446,380,339,342,340,377,311,332,363,361,376,392,425,353,335,310,309,347,292,320,361,365,359,392,396,322,324,274,274,311,267,301,351,359,334,384,361,286,306,236,237,271,239,276,332,343,304,367,320,248,282,199,200,229,208,246,304,320,270,342,277,210,252,417,411,430,326,302,277,254,367,293,454,420,302,409,403,426,329,315,302,282,376,319,457,413,315,393,389,418,326,321,321,304,379,340,451,400,323,371,368,400,317,320,331,318,374,354,438,380,323,345,343,377,303,314,335,325,363,359,419,355,317,315,313,348,284,301,331,325,344,356,390,325,305,281,280,315,261,282,319,316,321,346,358,292,287,247,246,278,234,258,299,299,293,329,321,257,264,212,212,240,204,229,273,275,261,304,281,221,236,417,411,428,323,296,268,243,362,282,450,419,295,408,401,424,323,303,285,261,366,300,450,411,304,393,388,413,318,304,297,275,365,313,443,398,306,372,368,396,308,301,302,282,358,319,429,379,304,347,343,373,292,292,301,283,344,320,407,354,295,318,316,346,274,278,294,279,326,315,382,327,282,287,285,315,250,260,282,268,303,303,351,296,264,254,252,281,225,236,263,250,277,286,317,263,242,222,221,247,199,212,239,231,248,264,281,229,217,417,409,426,319,288,257,229,355,270,445,417,288,407,400,419,316,289,265,238,354,278,441,409,290,392,386,407,308,286,269,241,348,281,430,395,288,371,366,389,295,278,268,242,338,282,413,375,281,346,342,367,280,267,263,238,323,277,393,352,270,319,315,340,260,252,252,229,304,269,367,324,254,289,286,311,239,234,241,219,282,257,339,295,238,258,256,280,215,213,224,204,258,242,307,265,217,227,225,247,192,191,202,186,231,224,275,233,195,416,409,423,315,281,246,217,348,258,440,416,280,405,398,413,307,275,244,213,341,254,430,405,275,390,383,398,296,266,239,209,330,249,415,390,267,369,362,379,281,254,231,200,316,241,396,370,256,344,338,356,264,240,223,194,299,234,374,346,242,316,312,330,245,225,212,182,279,223,348,319,227,287,283,301,224,206,199,172,258,212,320,290,210,258,254,272,202,188,184,159,236,198,292,261,192,227,225,242,180,167,166,144,212,185,262,231,171,415,408,420,310,273,234,204,341,245,434,413,272,404,396,407,299,260,221,189,328,229,419,401,260,387,379,388,284,244,208,174,311,215,399,385,246,364,357,366,266,229,196,162,293,202,376,362,229,338,332,341,247,212,183,151,273,191,350,337,214,311,304,315,227,195,172,139,252,179,324,310,198,281,276,287,206,179,158,129,231,169,297,281,181,252,247,258,186,162,147,119,212,158,270,252,165,224,220,231,167,145,133,108,191,148,243,225,148,415,407,416,306,266,222,192,335,233,429,413,265,401,394,400,290,245,199,166,315,206,408,399,245,383,374,378,271,224,178,144,292,184,382,378,224,358,350,352,250,202,160,126,269,166,353,353,204,331,323,324,229,184,146,112,247,151,324,326,186,301,294,295,208,167,134,103,225,140,296,297,170,272,265,267,188,152,122,95,206,132,269,268,154,243,237,240,170,137,112,88,187,125,244,240,140,216,210,215,152,124,104,81,170,119,221,213,126,413,405,413,302,259,212,181,329,222,424,411,258,401,392,394,283,231,179,145,303,186,397,395,231,380,370,368,260,204,150,114,275,155,366,373,204,353,343,337,235,179,128,95,247,132,331,345,181,322,312,304,211,158,112,83,222,118,297,313,160,290,281,273,189,141,102,75,200,109,266,281,144,258,250,243,170,127,94,71,181,104,239,250,130,229,223,218,152,115,88,67,165,101,215,223,119,202,197,195,137,106,81,65,150,99,196,199,108,413,405,412,300,254,204,173,324,214,420,409,252,400,390,389,277,221,163,128,293,169,390,393,220,378,368,360,250,187,126,91,260,130,352,369,188,350,339,324,221,157,99,71,227,105,311,338,159,316,304,285,193,134,86,66,200,94,270,302,138,278,267,248,169,119,81,65,178,91,235,264,123,242,233,218,151,109,77,64,160,90,208,231,112,213,204,194,137,101,73,62,146,90,187,204,104,189,182,174,124,94,69,61,135,90,171,182,96,413,405,409,298,250,199,167,321,208,418,409,249,399,389,387,273,214,151,115,287,157,385,392,213,377,367,355,244,175,107,74,249,111,344,366,175,349,337,317,211,138,82,67,217,91,298,334,144,314,302,274,177,113,80,66,189,87,250,297,124,275,262,227,151,105,77,65,166,87,209,254,111,231,219,191,137,100,74,64,146,88,180,214,104,196,188,171,126,94,71,62,133,88,163,185,97,174,167,155,115,89,68,61,124,89,152,166,91,413,405,409,297,250,197,165,320,206,417,409,248,399,389,385,272,211,147,111,284,152,383,391,210,377,366,354,242,170,100,69,246,105,341,365,171,348,336,315,206,128,82,67,213,87,293,333,139,313,301,272,170,109,80,66,186,87,241,295,120,273,261,224,139,105,77,65,162,87,200,252,107,229,217,177,130,100,74,64,142,88,170,208,101,189,180,159,122,94,71,62,128,88,153,176,96,167,161,146,112,89,68,61,120,89,144,158,90]}