{"c":"48386","n":"佐久","la":36.24666666666667,"lo":138.47666666666666,"e":683,"t":[-1.8,-1.1,2.8,9.4,14.6,18.5,22.3,23.3,18.9,12.2,6.2,0.9],"s":[18,34,15,0,0,0,0,0,0,0,0,6],"i":[470,470,491,369,323,294,273,399,319,471,476,329,459,459,490,378,346,334,318,415,360,476,469,352,438,442,479,379,360,365,354,422,393,473,453,368,411,415,458,372,367,387,381,420,416,459,428,375,376,380,426,358,365,399,399,408,429,436,394,374,335,340,387,336,354,401,407,388,433,403,354,363,290,295,340,307,336,393,404,361,425,363,308,345,242,246,289,273,310,375,390,326,408,316,259,319,194,197,233,234,277,347,367,285,381,265,208,286,470,469,491,368,322,293,271,398,318,470,476,328,459,459,490,377,343,330,313,413,357,476,470,350,438,442,479,378,357,360,348,419,388,472,453,365,412,415,458,371,362,380,374,417,409,458,428,371,378,382,428,356,359,391,390,405,422,434,396,369,338,342,389,334,348,392,396,386,424,404,356,358,294,298,344,306,329,384,392,358,416,364,312,340,247,250,294,272,303,365,378,323,398,319,264,313,200,204,241,234,271,338,354,284,371,269,215,281,470,469,491,367,319,288,266,396,313,469,476,324,459,459,488,373,337,321,302,408,347,473,470,344,440,442,479,373,348,346,332,413,373,469,454,356,415,418,459,366,351,362,353,409,391,455,430,360,382,386,430,350,347,370,365,396,399,432,399,356,345,349,395,329,335,369,368,377,399,401,363,344,303,308,352,302,315,358,362,350,389,365,321,325,260,264,307,269,289,339,346,317,370,322,277,299,218,221,259,234,257,311,322,280,343,277,231,267,470,469,488,363,313,280,257,391,305,466,476,319,459,459,487,368,327,307,285,400,331,468,468,334,442,443,476,366,335,326,307,401,350,462,454,342,417,419,457,356,334,337,321,396,363,448,430,343,387,390,430,342,328,342,329,383,367,426,403,337,352,355,397,320,315,338,328,363,363,396,368,324,313,317,359,294,295,326,319,337,351,363,330,305,274,278,317,264,270,306,302,306,331,324,290,280,235,238,273,231,241,279,277,272,305,283,249,250,469,468,487,359,307,271,246,386,294,462,475,312,459,458,483,361,315,289,264,390,312,461,467,321,442,442,471,355,317,301,278,388,323,453,451,325,418,420,453,345,314,307,285,380,328,438,430,322,389,391,426,328,304,306,285,365,327,415,401,313,357,360,397,308,290,300,281,345,321,388,371,299,322,324,361,283,271,287,270,320,307,356,336,280,284,287,323,254,247,268,252,291,288,321,298,257,248,250,283,225,221,244,231,260,265,283,261,229,469,467,484,355,299,260,233,379,282,457,473,305,458,457,476,352,301,268,241,378,290,451,463,307,441,440,463,344,298,273,244,371,292,441,448,305,418,418,444,330,289,272,245,360,291,423,426,297,390,391,420,313,279,268,240,343,284,401,400,287,359,359,389,292,262,257,231,322,275,374,369,270,326,327,357,269,244,245,221,299,261,344,336,252,291,292,322,242,222,227,204,272,244,311,301,231,254,256,284,216,199,206,187,244,225,277,265,206,468,466,480,349,291,248,220,372,270,451,471,296,455,454,470,342,285,246,215,364,265,441,459,291,438,436,453,330,276,241,211,353,259,426,443,282,415,413,432,313,264,235,202,337,250,405,420,271,387,386,407,295,249,225,195,318,241,382,393,256,356,356,377,274,233,215,183,297,229,355,363,241,324,323,345,250,214,202,173,274,216,326,331,222,291,290,313,227,196,187,159,249,200,296,298,202,257,257,279,202,174,169,145,224,185,265,265,182,467,465,476,344,283,236,206,365,257,446,469,288,454,451,462,331,269,223,191,350,241,430,455,274,434,432,441,315,252,210,176,333,225,409,436,259,409,407,416,295,237,197,163,313,212,385,411,243,381,378,388,274,220,184,151,291,199,359,382,225,349,347,359,252,202,173,140,269,186,331,352,209,316,315,327,229,185,159,130,247,174,302,319,191,284,282,295,206,168,148,119,224,161,274,287,174,252,250,265,185,150,134,108,202,150,246,256,157,467,463,472,339,275,224,194,358,245,441,467,279,451,449,453,321,252,200,167,337,219,419,451,258,430,426,428,299,231,179,145,313,195,392,428,236,403,398,398,276,209,161,127,288,175,363,399,215,371,366,366,252,189,146,112,264,159,332,368,196,338,333,334,229,172,134,102,241,147,303,335,178,304,301,302,206,156,122,94,219,137,275,302,162,272,269,273,186,140,112,87,199,128,248,271,147,242,238,244,167,128,104,80,179,120,223,241,133,466,463,468,335,268,213,183,352,235,436,466,272,450,446,446,312,239,180,146,324,198,409,447,244,426,421,415,285,210,150,115,294,166,376,421,215,396,389,379,256,183,127,95,265,142,340,388,189,360,353,341,229,161,111,82,237,126,304,352,167,323,316,304,204,144,100,75,213,115,272,315,150,288,282,271,183,130,92,71,192,110,244,280,135,254,250,243,165,118,87,66,174,104,219,250,123,225,222,218,148,108,81,64,158,101,198,222,112,465,462,466,331,262,204,175,347,225,432,463,266,450,444,438,304,227,163,129,315,181,401,444,231,425,418,404,272,192,125,91,279,141,363,416,196,392,383,362,238,160,97,71,245,114,321,379,165,352,342,316,206,135,84,65,215,103,278,337,142,308,298,273,179,120,78,64,190,98,241,293,126,267,259,238,160,110,75,63,169,96,212,254,114,234,227,212,145,102,71,61,153,94,190,224,106,206,200,191,131,95,68,60,141,92,173,200,98,465,461,463,329,259,200,169,344,221,430,463,263,449,443,436,300,220,150,115,308,169,396,442,223,423,416,398,264,179,104,74,268,123,355,413,183,390,381,353,225,140,79,66,233,101,307,375,148,350,339,301,186,113,77,65,202,96,258,330,126,304,292,244,157,105,74,64,175,95,215,280,112,252,240,202,141,100,72,63,153,94,183,231,104,213,204,180,130,95,69,61,139,93,165,199,98,188,182,165,121,89,66,60,129,92,153,178,92,465,461,463,328,258,198,167,343,219,429,463,261,448,443,434,298,217,146,112,305,165,395,442,220,423,416,396,262,173,97,68,264,117,352,411,177,389,380,350,221,129,79,66,229,97,303,373,143,348,338,298,178,109,77,65,199,96,249,328,121,302,290,241,140,104,74,64,172,95,206,278,106,250,238,185,132,100,72,63,148,94,173,225,101,202,194,165,124,94,69,61,133,93,155,187,96,179,173,153,115,89,66,60,124,92,145,168,91]}