{"c":"48381","n":"立科","la":36.27166666666667,"lo":138.31333333333333,"e":715,"t":[-2.2,-1.6,2.3,8.9,14.1,18.1,21.7,22.7,18.3,11.7,6.0,0.6],"s":[25,38,15,1,0,0,0,0,0,0,0,6],"i":[480,476,503,378,334,292,266,405,317,482,487,334,469,466,501,387,358,331,308,421,356,488,479,359,448,448,491,389,373,362,343,426,387,484,462,375,419,420,469,382,381,383,369,425,409,471,436,382,383,385,437,367,379,395,386,413,423,447,401,381,341,344,396,345,369,397,393,392,426,413,360,370,294,298,348,315,350,389,389,364,418,372,313,351,245,248,295,280,323,371,376,328,401,324,263,325,196,199,237,239,289,344,353,287,375,271,210,291,480,476,503,377,332,290,264,404,315,480,487,333,469,466,503,387,355,327,304,419,353,488,479,356,449,448,491,388,370,357,337,425,382,484,462,371,420,421,469,380,376,377,361,422,403,469,437,378,385,387,438,365,374,388,377,409,415,446,404,376,344,346,399,343,363,389,383,390,417,413,363,365,299,302,352,314,343,380,378,361,409,373,317,346,250,254,300,279,316,362,365,326,392,326,268,319,202,206,245,240,282,334,342,286,365,275,218,285,480,476,503,375,329,286,258,401,310,479,486,330,469,467,501,383,348,318,294,413,343,484,479,350,450,449,491,383,360,342,321,418,368,480,463,362,423,424,471,375,365,359,342,413,385,466,438,366,389,391,441,360,360,367,353,401,393,442,407,362,351,353,405,338,348,365,356,381,392,412,370,350,309,311,361,310,328,355,349,354,383,374,327,331,264,267,314,276,301,336,334,320,365,330,282,304,221,223,264,240,268,308,311,282,338,284,236,272,480,475,501,372,323,278,250,397,302,476,486,324,470,466,499,377,338,304,277,405,328,479,478,340,451,449,488,375,346,323,298,408,346,473,463,348,426,425,469,366,347,334,312,401,358,459,440,349,395,395,442,351,340,338,318,388,362,437,411,343,359,360,408,329,327,335,317,367,358,405,375,330,320,321,369,302,306,323,308,341,346,372,337,310,280,281,325,271,281,303,291,310,327,332,295,285,239,241,280,237,250,277,268,275,302,290,252,254,480,475,499,368,316,269,239,392,292,472,484,318,469,465,495,369,325,286,257,396,309,471,476,327,451,449,483,364,328,299,270,394,320,463,461,330,428,426,463,354,325,305,276,385,325,448,438,328,398,397,438,337,315,304,277,370,324,425,411,319,365,365,407,316,301,297,272,350,317,398,379,305,329,329,371,290,281,284,262,324,304,365,343,285,290,290,331,262,257,265,245,295,286,329,304,261,252,254,291,231,229,242,224,263,263,290,266,234,479,474,495,363,308,258,227,385,281,467,483,310,468,463,488,360,310,266,235,384,288,462,473,312,451,446,475,352,307,270,237,377,290,451,457,310,426,424,455,338,299,270,238,365,289,433,436,302,399,396,430,321,288,265,233,348,282,411,409,292,367,364,400,299,271,254,225,327,273,383,377,275,333,331,367,276,252,243,214,303,260,353,344,257,297,296,330,249,229,225,198,276,243,319,308,235,261,260,292,222,206,204,181,247,224,284,271,211,478,472,492,357,300,246,214,378,269,461,480,301,467,461,480,350,293,244,210,370,264,451,470,296,448,442,465,337,284,239,204,358,258,434,451,287,424,419,442,321,272,233,197,342,250,415,429,275,396,392,417,302,256,224,190,323,240,391,401,261,364,361,387,281,240,213,178,302,227,363,371,245,331,327,354,256,221,200,168,278,216,333,338,225,298,294,321,233,202,185,155,254,200,303,304,206,263,261,287,206,180,167,141,227,186,271,270,185,478,471,487,352,291,234,202,371,256,455,479,292,465,458,473,338,276,221,186,356,241,438,465,279,444,438,451,321,259,209,172,338,225,418,445,263,419,412,426,302,242,196,160,318,212,393,419,247,389,383,397,280,225,183,148,296,199,366,390,229,357,352,367,257,206,172,137,274,186,338,359,212,323,319,336,235,190,158,127,250,175,309,326,194,291,286,303,212,172,147,115,227,163,280,293,177,259,254,271,190,155,133,105,206,151,252,262,159,476,470,483,346,282,222,190,364,245,450,476,284,462,455,463,328,259,199,164,342,219,428,459,262,440,432,437,305,236,177,142,318,196,400,436,240,411,403,407,281,213,159,125,293,176,370,407,218,379,371,374,257,193,145,111,268,161,339,375,198,345,338,341,233,175,133,101,245,149,308,341,180,311,304,309,210,159,121,93,223,139,280,308,164,278,272,279,190,143,112,86,202,131,252,276,148,247,241,249,170,130,103,79,183,123,227,246,134,476,469,479,342,275,212,179,358,235,445,475,276,461,451,455,318,244,179,144,330,199,417,455,247,436,426,424,290,214,149,114,299,168,383,429,217,404,394,387,261,186,126,94,269,145,346,395,191,368,357,348,231,163,111,82,241,129,310,358,169,329,320,310,206,145,100,75,217,119,276,320,151,293,285,277,186,131,92,71,195,112,248,285,136,260,252,248,167,119,86,66,177,108,222,254,124,229,224,222,150,109,80,64,161,104,200,225,112,476,468,476,338,269,204,171,353,227,441,474,270,459,450,449,310,231,162,127,320,183,409,453,235,434,423,413,277,194,124,92,284,144,369,423,198,400,388,369,242,161,97,72,249,118,325,386,166,359,346,321,209,135,84,66,218,107,282,342,142,313,301,277,181,120,78,65,192,102,243,297,126,271,262,242,162,109,75,63,172,100,214,258,114,238,229,215,146,101,71,62,156,98,192,227,106,210,202,193,133,95,68,60,143,96,175,202,98,475,468,475,336,265,199,166,350,222,438,473,267,459,449,446,305,224,150,114,313,172,404,451,225,433,422,407,269,180,104,75,273,127,361,420,185,398,386,360,227,139,79,67,237,105,312,381,149,356,343,306,188,112,77,66,204,100,261,335,125,309,295,247,158,104,74,65,178,99,217,283,112,256,242,204,142,99,72,63,155,98,184,234,104,215,206,181,131,94,69,62,140,97,166,200,98,190,183,166,121,89,66,60,130,96,153,180,92,475,468,474,335,264,197,164,349,220,438,472,265,458,449,444,303,221,145,111,311,167,401,450,223,432,421,404,266,174,97,69,269,120,358,419,179,397,385,357,224,127,79,67,233,101,307,380,143,355,342,302,179,107,77,66,200,100,250,333,121,307,293,243,140,103,74,65,173,99,208,281,106,254,240,185,132,98,72,63,150,98,173,227,100,204,195,165,124,94,69,62,134,97,155,189,95,181,174,153,115,89,66,60,125,96,145,169,90]}