{"c":"48531","n":"開田高原","la":35.93833333333333,"lo":137.60166666666666,"e":1130,"t":[-4.9,-4.4,-0.4,6.1,11.4,15.5,19.1,19.9,15.8,9.1,3.4,-2.0],"s":[77,85,62,5,0,0,0,0,0,0,1,27],"i":[430,425,450,358,311,257,216,367,289,436,434,309,420,416,448,366,331,285,244,379,318,440,428,327,403,400,438,366,344,306,266,383,341,437,413,339,378,377,418,359,349,321,283,379,359,425,391,343,347,347,390,344,346,327,293,368,369,404,361,339,311,312,355,323,335,327,297,351,372,377,326,328,271,273,314,296,317,318,294,327,367,343,286,310,227,229,268,263,292,302,284,297,356,304,242,285,185,188,218,225,261,279,268,263,338,261,197,254,430,425,450,358,310,254,215,366,288,434,434,308,420,416,449,365,329,282,242,377,316,438,428,325,403,400,438,365,341,302,264,381,338,436,413,336,379,377,418,357,345,316,280,377,354,423,391,339,349,348,391,343,341,322,290,366,364,404,363,335,313,313,357,321,330,320,293,348,366,377,327,324,274,275,316,294,311,311,289,325,361,343,288,305,231,234,272,262,286,294,279,295,350,305,246,281,191,193,225,225,254,271,263,262,331,264,202,250,430,424,449,356,307,252,212,364,284,434,434,305,421,416,447,362,323,275,236,373,309,437,428,320,404,401,437,361,332,292,254,376,328,432,413,328,381,379,418,352,335,302,269,371,341,420,393,330,351,350,392,337,329,306,276,359,348,400,365,324,318,318,360,316,317,302,277,342,349,375,332,312,281,282,322,290,298,292,273,318,343,343,295,293,242,243,281,258,273,274,262,290,330,307,254,268,204,204,238,224,243,250,245,259,312,269,216,239,430,424,448,353,302,246,206,361,279,430,434,300,421,415,445,357,315,264,225,367,298,432,426,312,404,401,434,354,320,277,240,367,312,426,413,317,382,379,416,344,319,283,250,361,322,413,392,315,355,353,392,329,312,284,254,349,325,395,367,308,323,322,361,308,299,278,254,331,323,370,335,295,288,288,326,282,279,267,247,308,316,341,301,276,252,252,288,252,254,249,235,282,303,308,265,252,218,218,249,222,227,225,219,252,285,273,227,225,429,423,446,350,296,239,200,357,271,428,433,295,420,413,441,350,303,250,213,359,284,426,425,301,404,399,429,344,304,258,223,356,293,419,411,302,383,379,412,334,300,260,227,348,297,405,391,298,356,353,388,317,290,257,227,334,297,386,366,288,327,324,359,297,276,250,225,317,293,362,337,274,295,293,327,271,257,237,217,295,284,335,305,254,261,259,291,245,234,219,204,270,272,304,270,233,227,225,256,216,209,200,191,244,256,273,237,208,429,422,443,345,290,231,192,352,263,424,432,288,419,413,436,342,290,235,199,350,268,419,423,289,403,397,423,333,286,237,200,343,270,409,408,285,382,377,404,320,278,234,202,332,270,393,388,277,356,352,381,303,267,227,199,317,266,374,363,266,327,324,353,281,250,217,194,299,260,350,335,250,297,294,323,259,233,204,186,278,250,324,305,231,265,263,290,233,211,189,174,254,240,297,273,211,233,231,256,206,189,171,162,231,227,267,240,189,428,421,440,340,282,222,184,346,254,420,430,281,418,411,430,333,275,219,182,339,250,409,420,276,401,394,415,321,266,213,180,328,247,396,403,267,379,373,394,304,254,206,175,314,241,379,382,254,354,348,370,286,240,197,170,298,235,358,357,241,325,321,343,265,224,186,162,279,227,335,329,225,295,290,313,242,206,173,154,259,219,309,299,206,265,261,282,219,187,159,145,237,209,284,269,188,234,231,250,195,167,143,134,216,199,258,239,168,428,420,437,336,274,213,176,341,245,415,428,274,416,408,424,323,261,202,166,328,234,401,416,262,398,390,404,307,246,190,157,313,223,383,398,248,375,368,381,288,229,178,149,295,213,362,375,231,348,342,354,267,213,166,141,276,204,339,348,215,319,313,327,245,196,155,133,257,195,315,320,198,289,284,298,223,179,142,126,237,188,290,290,181,260,254,268,200,162,131,118,218,180,266,261,165,229,225,239,179,145,118,110,199,174,243,231,147,426,419,434,331,267,204,168,335,236,411,426,267,413,405,417,314,247,185,151,318,217,392,412,249,394,386,393,293,225,167,137,297,200,370,391,229,369,361,366,270,204,151,125,276,186,344,365,209,341,333,336,247,185,138,115,254,175,318,337,190,310,303,306,224,168,126,108,235,167,292,306,173,279,273,277,202,153,114,102,216,161,268,277,156,250,244,250,182,137,106,96,198,156,245,248,142,221,216,223,163,124,96,91,181,153,224,220,128,426,418,430,327,261,197,160,331,229,407,425,262,413,404,411,306,234,170,137,308,202,384,409,237,392,382,383,280,206,146,117,283,179,357,386,211,364,354,351,252,181,127,103,258,162,326,356,187,332,323,317,225,160,112,95,234,151,296,324,166,298,290,283,202,143,102,89,213,144,268,290,149,266,258,252,181,129,94,86,195,141,243,259,135,236,229,225,163,117,87,82,179,140,222,231,122,209,202,202,146,107,80,79,165,139,204,204,111,426,418,429,324,256,191,154,327,223,404,424,257,412,403,405,299,224,158,125,300,190,378,407,227,390,380,375,269,190,127,101,271,161,346,381,196,361,350,338,237,160,105,87,242,142,311,350,167,325,315,297,206,136,93,82,216,133,275,312,145,287,276,258,180,122,87,80,194,131,243,274,130,250,241,225,161,111,82,78,176,131,218,239,118,219,212,200,146,103,77,76,163,131,199,211,109,194,188,180,132,95,73,74,151,133,185,187,100,426,417,426,322,252,187,150,325,219,401,424,254,411,401,403,295,217,149,117,296,182,374,405,220,389,379,370,262,179,112,90,263,148,340,379,185,360,348,331,225,142,91,83,233,131,301,346,153,324,312,286,189,117,88,82,206,127,259,307,131,283,271,236,160,108,84,80,183,128,223,264,118,239,227,198,144,102,80,78,164,129,195,221,109,202,195,176,133,96,76,76,151,131,180,191,102,179,173,160,123,91,71,74,142,132,169,171,95,426,417,426,321,252,185,149,324,218,401,423,252,411,401,401,293,214,146,114,294,179,373,405,218,389,378,369,260,174,108,86,260,144,338,379,181,359,348,329,223,133,91,83,229,127,298,345,149,323,312,283,182,112,88,82,202,127,252,306,127,283,271,233,146,107,84,80,180,128,217,262,112,238,225,184,136,102,80,78,160,129,188,216,106,195,187,164,128,96,76,76,146,131,172,182,100,172,167,151,119,91,71,74,138,132,163,163,94]}