{"c":"48546","n":"辰野","la":35.98166666666667,"lo":137.98333333333332,"e":729,"t":[-1.5,-0.8,3.1,9.7,14.8,18.7,22.3,23.3,18.9,12.4,6.4,1.3],"s":[17,18,3,0,0,0,0,0,0,0,0,3],"i":[470,470,497,378,333,285,260,394,301,463,479,332,459,459,495,388,357,321,301,409,338,470,471,355,438,441,484,389,372,350,335,415,368,466,455,370,411,413,462,382,379,370,360,412,389,451,429,377,375,379,430,367,377,380,377,400,401,428,395,375,334,339,390,344,367,382,383,379,403,395,354,364,289,294,342,315,347,373,380,351,395,355,308,345,240,244,290,279,320,356,367,316,378,309,258,318,193,196,233,238,286,329,345,275,352,257,206,285,470,470,496,378,332,283,259,393,300,463,479,331,459,459,496,387,354,318,299,407,336,469,471,353,438,441,484,388,369,345,332,413,364,463,455,367,411,415,462,380,375,363,356,409,384,450,429,373,377,381,432,365,372,373,372,397,395,426,397,370,337,341,392,343,360,373,378,377,396,395,357,359,293,297,346,314,341,364,375,349,388,356,312,340,246,250,295,279,313,346,361,314,370,311,264,313,200,202,241,239,279,320,339,275,344,261,215,279,470,469,496,376,329,279,254,391,295,461,479,328,459,459,495,383,348,309,290,403,327,466,471,346,440,442,484,383,359,331,319,405,351,461,455,358,415,417,463,375,363,347,340,401,367,447,432,362,381,385,434,359,358,353,353,389,375,424,400,357,344,348,398,337,346,351,356,369,374,394,363,345,302,307,355,309,325,341,351,342,364,356,321,325,259,263,309,275,298,322,337,309,345,314,277,298,217,220,260,239,266,295,314,271,319,269,231,266,470,469,495,373,323,271,247,387,288,458,478,322,459,459,492,377,338,296,276,395,313,461,470,337,442,443,480,375,345,313,298,396,331,454,455,345,417,419,462,365,345,323,314,390,342,440,432,345,387,389,434,350,339,326,322,377,346,418,404,338,352,355,401,328,325,322,322,356,341,388,369,325,313,316,362,302,304,310,314,330,329,354,331,305,274,277,320,270,279,290,299,299,311,315,290,280,235,237,275,237,248,265,276,265,285,274,249,250,470,468,492,368,316,263,237,381,278,454,476,316,459,458,488,370,325,279,257,385,295,453,469,325,442,442,476,364,327,290,272,383,306,445,453,327,419,420,458,354,324,295,281,374,311,430,432,324,389,391,430,337,314,293,284,359,310,407,404,315,357,359,400,316,300,286,281,339,303,380,372,301,322,324,365,290,280,273,272,314,290,348,337,281,284,286,325,262,254,254,256,285,272,312,298,257,248,249,286,229,227,231,236,254,249,275,261,229,469,467,488,363,308,252,225,375,267,450,475,308,458,457,482,361,310,260,236,374,275,444,466,310,441,440,468,352,307,263,242,367,277,433,450,307,418,418,449,338,298,262,245,355,277,416,428,300,390,390,424,321,287,257,242,338,270,393,401,288,359,359,393,299,270,246,236,317,262,366,370,272,326,326,361,276,252,234,227,294,248,336,337,254,291,292,325,248,229,217,212,267,231,303,302,231,254,256,287,221,204,197,195,238,212,269,266,208,469,466,484,358,300,241,213,368,256,444,473,300,457,454,475,350,293,239,212,361,252,434,462,294,438,436,458,338,284,234,210,349,247,418,445,285,415,413,436,321,271,227,204,333,239,398,422,273,388,386,411,302,256,218,200,315,229,374,395,259,357,356,381,281,240,206,190,293,218,347,365,242,324,322,349,256,220,194,181,270,206,318,332,223,291,290,316,231,200,179,169,245,190,288,299,204,257,257,282,206,179,162,154,220,175,257,265,183,468,465,480,352,291,229,200,361,244,438,471,291,455,451,467,339,276,217,189,347,229,423,458,277,436,432,446,322,259,204,177,329,216,401,438,262,409,407,420,302,243,192,168,310,202,378,412,246,381,378,392,280,225,179,158,288,190,351,384,227,350,347,362,258,206,168,148,266,177,324,353,211,317,315,331,235,189,154,139,244,166,295,321,193,285,282,298,212,172,143,129,221,153,266,288,175,252,250,267,190,154,129,118,198,141,238,257,158,467,463,476,347,283,219,189,355,233,433,470,283,453,449,458,328,260,196,166,334,208,412,453,262,430,426,432,306,236,175,147,310,186,386,430,239,403,398,401,282,214,158,131,286,168,356,401,218,372,367,369,257,193,143,119,261,153,325,369,198,338,334,337,233,175,131,110,238,140,296,336,180,305,301,305,210,159,120,102,216,130,267,304,163,272,269,275,190,143,111,95,195,121,240,272,148,242,238,246,170,130,101,88,176,112,215,242,134,467,463,474,343,275,209,178,349,223,429,468,276,451,446,450,319,245,177,145,322,189,401,449,247,428,421,419,291,215,149,118,292,159,369,423,218,397,390,383,261,187,126,99,263,136,334,390,192,361,353,344,233,164,111,88,235,121,298,353,169,324,316,307,208,146,100,80,211,110,265,316,151,288,282,274,186,131,92,76,189,103,237,281,136,256,250,245,167,119,86,71,171,97,212,250,124,225,222,220,150,109,80,68,155,93,190,223,112,466,462,471,339,269,202,169,344,215,425,467,270,450,445,444,311,233,161,128,312,173,394,446,235,426,418,409,278,195,125,93,277,135,356,417,199,393,384,366,242,162,99,73,243,110,314,381,168,353,342,319,209,136,85,67,213,97,272,338,144,308,298,275,182,120,80,65,187,92,235,294,127,267,259,240,162,110,76,63,166,88,206,254,115,234,227,213,146,102,72,60,150,85,183,225,107,206,200,191,133,95,69,57,137,83,166,200,99,466,462,469,337,266,196,163,341,210,423,466,266,450,444,441,306,225,150,114,306,162,389,445,227,425,417,403,270,182,106,76,267,118,348,415,186,391,382,357,229,141,81,68,231,96,301,377,150,351,340,304,189,112,79,66,200,90,252,332,127,304,292,246,158,104,76,65,173,88,209,281,112,254,240,204,142,99,73,63,150,86,177,233,105,213,204,180,131,94,70,60,135,84,159,199,98,188,181,165,121,89,67,57,125,82,146,178,92,466,462,469,336,265,195,161,340,208,422,465,265,449,443,438,304,222,146,111,303,158,388,444,224,424,416,401,267,176,100,71,263,112,346,413,181,390,381,354,225,129,81,68,227,92,297,375,145,350,339,301,180,108,79,66,196,90,243,330,122,303,291,243,140,103,76,65,169,88,200,279,106,252,239,185,132,99,73,63,145,86,167,225,101,204,194,165,124,94,70,60,129,84,149,187,96,179,173,152,115,89,67,57,120,82,138,168,91]}