{"c":"48571","n":"野辺山","la":35.94833333333333,"lo":138.47166666666666,"e":1350,"t":[-5.3,-5.0,-0.9,5.7,10.6,14.5,18.3,19.1,15.1,8.8,3.5,-2.1],"s":[22,24,7,1,0,0,0,0,0,0,0,5],"i":[422,417,449,343,322,304,280,379,314,451,429,323,412,409,447,350,344,344,325,396,357,457,423,346,395,393,437,351,358,375,363,403,391,453,408,361,371,370,417,344,364,397,391,401,415,440,386,368,340,340,389,330,362,409,409,393,430,417,356,367,304,305,354,309,351,411,416,375,434,386,321,357,264,266,312,283,332,403,413,349,426,348,281,339,222,224,266,250,306,384,398,316,409,303,237,314,180,182,216,216,274,356,374,277,382,254,193,282,422,417,449,342,321,302,278,378,313,450,429,322,412,409,448,350,342,340,321,394,353,455,423,344,395,393,437,349,355,370,356,401,386,451,409,358,371,370,417,342,360,391,383,399,409,438,386,364,341,342,390,328,357,401,399,390,422,417,358,362,306,307,356,308,345,403,405,371,424,386,323,352,268,269,315,282,326,393,401,346,417,348,284,334,225,227,270,250,300,374,386,313,399,305,242,308,186,187,222,216,267,346,362,276,371,257,199,276,422,417,448,341,317,297,272,376,307,448,429,318,413,409,447,346,335,330,310,389,343,453,423,337,396,394,436,345,346,356,340,394,370,448,409,349,373,372,418,338,349,373,361,391,389,434,388,353,344,344,392,323,344,381,374,380,398,413,360,349,311,312,360,303,332,379,377,362,398,384,328,338,275,276,321,278,312,368,370,337,388,348,291,319,237,238,280,248,286,348,354,306,369,308,252,294,200,200,237,215,254,319,328,270,342,264,212,263,422,417,447,338,312,289,263,371,299,445,429,313,413,409,444,342,326,316,292,381,326,448,422,328,397,394,434,339,333,336,314,383,347,442,408,336,375,373,416,329,332,347,329,378,360,428,388,336,348,347,392,315,326,351,336,366,365,408,362,331,317,317,361,295,312,347,335,347,361,379,331,318,283,283,327,271,292,334,325,323,349,346,298,299,248,248,289,243,267,314,308,294,330,309,262,275,213,214,248,213,238,286,282,261,303,269,225,246,421,416,445,335,306,280,252,366,288,441,428,307,412,408,441,335,314,298,270,371,306,441,420,316,397,393,429,330,315,310,284,369,319,433,405,318,376,373,412,320,312,316,291,361,324,418,387,316,350,348,388,304,303,315,292,348,324,397,362,307,321,319,360,285,288,308,287,329,318,371,334,294,289,288,328,261,269,295,276,305,304,339,302,275,256,254,292,235,245,275,258,278,286,305,268,252,224,223,257,206,219,250,236,248,262,269,235,225,421,416,442,331,298,268,238,359,276,437,426,299,411,405,436,327,300,277,246,359,283,432,418,301,396,391,423,319,296,281,249,352,286,421,403,299,375,371,405,307,288,280,250,341,286,404,384,292,350,347,382,290,277,276,245,326,280,383,360,281,322,319,354,270,261,265,237,306,271,357,331,265,292,290,324,248,243,252,225,284,257,328,302,248,261,259,292,224,221,234,208,258,240,296,271,225,229,227,257,199,198,213,190,231,221,263,238,202,420,413,438,326,290,256,225,352,263,432,425,291,409,404,430,319,284,254,220,345,258,422,413,286,394,388,413,307,275,249,215,334,252,407,399,277,373,367,394,292,263,242,206,319,244,387,378,266,348,343,370,274,248,233,199,301,235,365,354,252,320,316,344,254,231,221,187,281,223,338,326,236,290,287,313,231,213,208,176,259,211,310,297,217,261,258,284,210,195,192,162,236,195,281,267,199,231,227,252,187,173,174,146,212,180,250,237,178,420,413,436,321,282,244,211,345,249,426,423,282,408,401,423,310,268,229,195,331,234,411,411,269,391,384,404,294,252,217,179,314,218,391,393,254,368,362,381,276,236,204,167,295,204,368,370,238,342,337,355,256,219,190,154,275,191,342,345,222,314,309,327,235,200,178,142,254,178,315,317,204,284,280,299,215,184,164,131,231,167,288,288,188,254,250,269,193,167,152,120,211,154,260,258,171,227,223,241,173,150,138,109,190,142,233,229,153,419,413,433,317,275,231,198,338,237,421,421,274,407,400,415,301,252,206,171,318,210,400,407,254,387,380,393,281,231,185,147,295,186,375,387,231,363,355,365,259,209,166,129,271,166,346,361,211,334,327,336,237,189,151,113,248,150,317,333,192,305,298,306,215,172,138,103,225,138,288,303,175,275,269,278,194,156,126,95,204,128,261,274,159,245,240,250,175,140,117,87,186,119,235,245,144,218,213,223,157,127,107,80,168,112,211,218,130,419,412,429,313,268,221,187,333,225,417,420,267,405,397,409,293,239,186,149,306,188,390,404,239,384,376,382,268,210,155,118,277,155,359,381,211,357,348,350,242,184,131,95,248,131,325,352,186,326,317,315,217,162,114,83,222,114,290,319,165,293,285,282,194,144,104,75,200,105,259,287,147,261,254,252,174,130,95,70,180,99,231,256,133,231,225,225,157,118,89,66,163,94,208,227,121,204,200,202,140,108,83,64,148,91,187,202,110,418,411,426,310,262,213,178,328,217,413,419,262,404,396,404,286,227,169,131,296,171,383,401,227,383,373,373,258,192,129,92,261,129,347,376,193,354,344,336,227,160,101,71,229,102,306,345,163,319,309,295,198,136,87,65,200,90,265,308,140,281,271,256,173,120,81,63,177,86,229,269,125,245,236,224,155,110,77,62,159,84,202,235,113,215,208,199,140,102,73,61,144,82,180,206,105,190,184,179,126,95,70,59,131,81,164,184,97,418,411,426,308,259,206,173,325,212,411,418,258,404,395,401,282,221,156,118,289,158,378,400,220,382,372,368,250,180,109,74,250,110,338,374,180,353,342,328,216,140,81,65,217,88,293,341,146,318,306,283,181,113,79,64,189,82,246,302,125,278,266,233,154,105,77,63,164,82,204,259,112,234,221,195,138,100,74,62,144,81,175,216,104,197,189,173,127,95,71,61,130,81,157,187,98,175,168,158,118,89,68,59,121,80,145,167,92,418,411,425,308,258,204,171,324,210,409,418,257,403,395,400,281,217,151,113,287,154,377,399,217,381,372,367,249,174,102,69,247,103,336,373,175,352,342,326,213,130,81,65,213,84,288,340,141,317,306,280,174,109,79,64,185,82,237,301,121,277,265,229,139,104,77,63,161,82,197,257,107,233,220,179,130,100,74,62,140,81,165,211,101,190,181,160,122,94,71,61,125,81,147,177,96,168,162,147,113,89,68,59,117,80,137,159,90]}