{"c":"48731","n":"飯島","la":35.653333333333336,"lo":137.89833333333334,"e":728,"t":[-0.9,-0.1,3.7,9.9,14.6,18.4,22.0,23.0,19.1,12.7,6.8,1.6],"s":[6,10,2,0,0,0,0,0,0,0,0,2],"i":[470,475,501,394,347,293,267,400,303,468,482,345,458,465,500,404,373,331,309,415,342,474,474,369,438,446,488,405,389,361,344,421,373,470,457,385,409,418,466,398,397,381,371,418,394,455,430,392,374,382,433,383,395,393,387,405,405,430,396,390,332,341,392,359,384,394,394,385,408,398,355,379,287,295,344,328,364,385,391,356,400,357,308,359,238,244,291,290,336,367,377,320,381,309,258,331,190,195,233,247,300,339,354,278,354,257,206,295,470,475,501,393,346,292,266,399,302,468,482,344,458,465,500,403,370,328,307,413,339,473,474,367,438,446,488,404,385,356,341,419,369,469,457,382,409,418,466,397,392,375,367,416,389,454,430,388,376,384,434,381,389,385,383,403,400,430,398,385,335,343,395,358,377,385,389,382,401,398,358,373,291,299,348,327,357,376,385,354,392,358,312,353,244,250,296,290,328,357,371,318,373,311,263,325,198,202,241,248,292,329,348,277,346,261,214,290,470,475,501,391,342,287,261,396,297,466,482,340,459,465,499,399,363,318,298,409,330,470,475,360,438,447,488,399,375,342,328,413,355,465,458,372,413,421,467,391,379,358,350,408,372,451,434,376,380,389,437,375,375,364,363,395,379,426,401,371,342,351,401,352,362,362,366,375,378,396,365,359,301,309,357,323,340,351,360,346,367,358,322,338,257,264,310,287,312,331,345,313,348,315,277,310,215,221,261,249,278,304,322,275,320,269,231,277,470,475,499,388,336,279,254,392,289,463,480,335,459,465,496,393,352,305,283,401,315,465,474,350,441,448,486,391,361,323,306,401,334,459,458,358,416,423,466,381,361,333,322,396,346,444,434,358,386,393,438,366,354,336,331,382,349,422,405,352,350,358,404,342,340,332,331,361,344,391,371,338,312,319,365,315,318,319,323,335,332,357,332,317,272,279,322,282,291,299,306,303,312,317,291,291,233,239,277,247,260,273,283,268,285,275,250,260,469,474,497,383,329,271,243,387,279,459,480,328,459,463,493,385,338,287,264,391,297,458,472,337,441,447,480,380,341,299,280,389,308,450,457,340,418,424,462,369,338,304,289,380,313,434,434,337,388,395,434,351,328,302,291,364,312,411,405,327,356,363,404,330,313,295,288,344,305,384,374,313,321,327,368,302,292,282,279,318,291,350,338,292,283,289,328,273,267,262,262,288,272,315,300,267,247,252,288,241,239,239,242,257,248,277,262,240,469,473,494,378,321,260,231,380,268,454,479,319,458,463,487,375,322,267,242,379,276,449,469,322,441,445,473,367,319,271,248,372,278,437,453,319,418,423,453,353,311,270,250,360,278,420,430,311,390,395,428,335,299,265,249,343,271,397,404,300,358,363,397,312,282,254,242,322,262,369,373,283,325,330,364,288,263,241,231,298,248,339,340,264,290,295,328,260,239,223,217,270,229,306,304,241,254,259,290,231,214,202,199,241,210,271,268,216,468,472,490,372,311,248,219,373,256,449,476,311,457,459,480,364,304,246,218,365,252,438,466,305,438,442,463,351,295,240,216,353,247,423,448,296,415,419,441,334,282,234,210,337,239,401,425,283,387,391,415,314,266,225,204,319,229,378,398,268,356,360,386,292,250,213,195,297,217,351,367,252,324,327,352,267,229,199,186,273,204,321,334,231,291,294,319,242,209,184,172,248,188,290,301,212,257,260,285,216,187,166,158,222,172,259,267,190,468,471,486,366,302,236,206,366,244,443,475,302,455,458,472,352,287,223,193,352,229,428,461,288,434,437,451,335,269,210,181,333,215,407,441,271,409,412,425,314,252,197,172,313,200,382,416,254,381,383,396,291,234,184,162,292,188,355,387,236,350,351,366,268,214,172,151,269,175,327,356,218,317,319,334,245,196,158,142,246,162,298,323,200,284,285,301,220,178,147,131,222,149,269,290,182,252,254,270,197,160,133,120,200,136,240,259,163,467,470,482,361,293,225,193,359,231,438,473,293,453,455,463,341,269,200,170,338,206,417,457,271,430,432,437,317,244,180,150,314,184,390,433,247,403,404,405,292,221,161,134,288,165,360,404,225,372,371,373,266,199,147,121,263,149,329,372,204,338,338,340,242,180,134,112,240,136,298,339,185,305,304,309,218,164,122,104,217,125,270,306,168,272,272,278,196,147,112,96,196,114,242,274,152,242,241,248,176,134,103,89,176,106,217,244,138,467,469,479,356,285,215,182,353,222,434,471,285,451,451,455,331,252,182,149,325,187,405,453,254,428,426,424,301,221,152,120,295,155,373,426,225,397,395,387,270,192,129,100,265,131,337,393,197,361,358,348,240,168,112,88,236,114,301,356,173,324,320,310,214,149,102,81,211,104,268,318,155,288,285,276,191,134,93,76,189,97,239,283,139,254,252,247,172,121,87,71,171,90,213,252,127,225,224,222,154,111,81,68,154,85,191,224,114,466,468,476,352,279,206,173,348,214,430,470,279,450,451,449,322,240,165,130,315,170,399,450,242,426,424,413,287,200,127,94,279,131,360,421,204,393,389,370,250,165,100,73,244,104,318,384,171,353,347,322,215,137,86,67,213,91,275,341,146,309,302,278,185,121,80,65,186,85,236,296,129,268,262,242,165,110,76,62,165,81,206,257,117,234,229,214,149,102,72,60,149,78,184,225,108,206,202,193,135,96,69,57,135,75,166,200,100,466,468,474,350,275,202,167,345,208,428,469,275,450,450,445,317,231,153,118,309,158,394,448,234,425,422,407,278,186,108,77,269,112,352,418,191,392,387,361,236,142,80,67,231,90,304,380,153,351,344,307,192,112,78,66,200,83,254,334,128,305,296,249,160,103,76,64,172,81,211,283,112,254,243,204,143,99,73,62,149,79,178,234,105,212,204,181,131,94,70,60,133,76,159,200,98,188,182,165,122,89,67,57,123,74,146,178,93,466,468,474,348,274,200,165,344,206,426,469,274,449,449,444,315,229,149,113,306,154,392,447,231,424,422,405,275,180,101,72,265,106,350,417,185,391,386,358,231,130,80,67,227,86,300,378,147,350,343,304,183,106,78,66,196,83,246,333,122,304,295,245,139,102,76,64,168,81,202,281,106,252,242,186,131,98,73,62,143,79,168,227,101,202,195,165,124,94,70,60,127,76,148,188,96,179,173,152,117,89,67,57,118,74,138,168,91]}