{"c":"48767","n":"飯田","la":35.52333333333333,"lo":137.82166666666666,"e":516,"t":[0.9,1.9,5.7,11.8,16.5,20.3,23.9,24.9,20.9,14.3,8.3,3.2],"s":[7,8,1,0,0,0,0,0,0,0,0,2],"i":[457,463,490,381,331,276,259,393,304,467,470,329,446,453,488,390,353,309,299,407,343,473,463,351,426,434,476,391,368,335,332,413,374,469,446,364,399,408,455,384,374,352,357,409,395,454,421,370,365,374,423,368,371,361,372,398,407,430,387,367,325,334,383,345,360,362,378,377,408,397,347,356,281,289,337,315,341,353,374,349,400,356,302,336,234,240,285,279,314,335,361,313,381,309,252,310,188,193,229,238,280,310,338,272,353,257,202,276,457,463,490,380,329,274,258,392,303,466,470,328,446,454,488,389,351,306,297,405,340,472,463,348,426,434,476,390,364,330,329,411,369,468,446,361,400,409,455,382,369,347,353,407,390,453,421,366,367,376,425,367,366,355,367,395,400,430,389,362,327,336,386,344,354,354,373,375,401,397,350,351,285,293,340,314,334,344,369,346,392,357,306,331,239,246,290,279,307,327,355,312,373,311,258,304,195,199,237,239,273,301,332,272,345,261,210,271,457,463,490,378,326,270,254,389,298,463,470,325,447,454,488,385,344,297,289,401,331,469,463,342,428,436,476,385,355,318,317,405,356,463,447,353,403,411,455,377,358,331,337,400,372,450,423,355,371,380,426,361,353,336,348,387,380,426,392,350,334,343,392,338,340,334,351,367,378,396,356,337,294,302,349,310,319,323,345,339,367,358,315,317,252,259,303,276,293,304,331,306,347,315,271,291,211,216,254,239,260,278,308,269,319,269,227,259,457,463,488,375,321,263,246,385,291,462,470,320,447,454,484,380,335,285,274,394,316,463,462,333,429,437,475,377,342,301,296,395,335,458,447,340,405,413,455,367,341,309,311,388,346,443,424,339,375,384,428,352,334,311,318,375,350,421,396,332,341,349,394,330,320,306,318,354,344,390,362,319,304,311,356,303,299,294,309,327,332,356,324,299,266,273,314,271,274,275,294,296,312,317,284,273,227,234,270,237,244,250,271,262,285,275,244,244,457,463,486,371,314,254,237,380,281,458,468,313,446,453,482,372,322,270,256,384,298,457,459,321,430,436,470,367,324,279,271,381,309,448,445,323,407,413,451,356,320,283,279,373,314,433,424,320,378,386,425,339,310,280,281,357,313,409,396,310,347,354,394,318,296,273,277,337,305,383,365,296,312,319,359,291,275,260,268,311,291,350,330,276,276,282,320,263,250,242,252,282,272,313,292,252,240,246,281,231,224,220,231,250,248,276,256,225,455,462,483,366,306,246,225,374,269,453,467,306,446,451,476,363,307,252,235,372,277,447,458,307,429,434,462,354,304,254,240,365,279,436,442,304,405,412,443,341,295,252,243,353,278,419,421,296,379,385,418,323,284,247,240,337,271,396,394,285,348,354,388,301,267,236,234,315,262,368,363,268,316,322,355,277,248,224,223,292,247,338,331,250,282,288,320,250,225,206,208,265,229,305,296,227,248,252,282,222,202,188,192,236,209,269,261,204,455,461,479,361,298,235,213,367,257,447,465,298,445,449,469,353,291,233,212,359,254,437,454,292,426,430,453,340,282,227,210,347,248,421,437,283,404,408,430,323,270,220,204,331,239,401,413,271,377,381,405,304,254,211,199,313,229,377,388,256,346,351,376,282,238,200,189,291,217,349,358,240,315,318,344,258,218,186,179,267,204,320,325,221,283,286,311,234,199,172,166,243,188,289,293,202,250,254,277,208,177,155,152,217,172,258,260,180,455,459,476,355,290,225,200,360,245,442,463,290,443,446,462,342,275,213,189,346,229,426,450,277,424,426,441,324,259,200,177,328,215,405,430,261,399,401,415,304,242,188,168,308,202,380,405,244,371,374,387,282,224,175,158,287,188,354,377,227,340,343,358,259,206,163,147,264,175,325,347,210,308,311,327,237,188,150,138,241,162,296,315,192,277,278,294,213,171,138,127,218,149,267,283,174,246,248,263,191,153,125,117,196,136,239,252,156,455,458,472,350,282,215,190,353,233,437,462,282,441,444,453,331,260,193,167,333,208,415,446,261,420,422,428,308,236,173,148,309,185,388,423,239,393,394,398,284,214,156,132,284,165,358,395,218,362,363,366,259,193,142,120,259,149,327,364,198,330,330,333,235,175,129,110,236,136,297,331,180,297,298,302,212,159,118,102,214,125,268,299,163,265,266,272,191,143,109,95,193,114,241,268,148,236,235,243,171,129,99,87,173,106,215,238,133,454,458,468,345,275,206,179,348,223,432,459,275,438,441,446,321,245,176,147,321,188,405,442,247,417,417,416,293,215,148,120,291,156,372,417,219,387,386,380,263,188,127,100,261,132,336,384,193,352,350,342,235,165,112,88,233,115,299,348,170,316,314,305,209,147,101,81,209,104,266,312,152,281,279,272,187,132,92,76,187,96,237,277,137,250,248,243,168,119,86,71,168,90,212,247,125,221,219,218,151,110,80,68,152,85,190,219,112,454,457,466,342,269,199,170,343,215,428,459,270,438,440,440,313,234,161,129,311,171,397,438,236,415,413,405,281,197,127,95,276,131,359,411,200,383,380,363,245,164,101,75,241,104,316,376,170,345,340,317,211,138,88,68,211,90,273,334,146,302,297,274,183,122,82,65,185,84,235,291,129,262,257,238,163,111,77,63,164,81,204,252,117,229,225,212,147,103,73,61,147,77,182,222,108,202,199,190,133,96,69,57,134,74,165,197,100,454,457,463,339,265,194,164,340,209,426,458,266,438,438,437,309,225,151,118,304,159,392,438,229,413,413,400,272,184,110,78,265,113,350,409,189,382,379,355,231,143,84,69,229,90,302,372,153,343,338,303,190,115,81,67,198,82,252,328,129,299,291,247,159,106,78,65,171,80,209,279,113,250,240,202,142,101,75,63,148,78,176,231,106,209,202,180,131,95,71,61,132,76,157,197,99,185,180,164,122,90,68,57,122,73,144,176,93,453,455,463,338,265,192,163,339,208,425,458,265,438,438,434,307,223,147,113,302,155,390,437,225,413,412,398,269,178,103,73,262,107,348,408,184,381,378,352,227,133,84,69,225,85,298,371,148,342,337,300,182,109,81,67,194,82,244,327,124,298,290,243,140,105,78,65,166,80,200,277,108,249,239,186,132,100,75,63,143,78,166,224,102,200,193,165,124,95,71,61,126,76,147,186,97,176,172,152,115,90,68,57,117,73,137,167,92]}