{"c":"48826","n":"浪合","la":35.373333333333335,"lo":137.69166666666666,"e":940,"t":[-2.4,-1.7,2.2,8.1,12.8,16.6,20.2,21.0,17.3,11.1,5.6,0.3],"s":[12,16,4,0,0,0,0,0,0,0,0,4],"i":[424,421,438,337,298,244,225,351,263,420,426,293,413,412,434,343,316,268,256,361,290,423,420,309,396,396,425,342,326,287,280,363,311,418,405,318,372,373,405,335,329,299,297,358,325,405,384,321,341,343,378,321,325,304,308,346,331,383,354,317,306,308,344,300,315,302,310,327,330,354,319,306,266,269,304,274,297,293,306,302,322,318,280,288,224,227,260,244,273,277,293,271,306,277,237,265,183,185,212,210,244,254,274,236,283,233,193,236,424,421,437,337,298,243,225,350,261,419,426,292,413,412,434,342,314,266,254,360,288,422,421,307,397,396,424,341,323,284,277,362,308,417,405,316,373,373,405,333,326,294,294,356,321,403,384,318,343,344,379,319,321,299,304,344,327,382,355,313,308,310,345,299,310,296,306,325,325,354,321,301,269,272,306,273,292,286,301,300,316,319,282,284,229,231,263,243,267,270,288,270,300,279,241,260,188,190,218,209,238,248,269,236,277,235,199,231,424,421,437,335,295,239,222,348,258,417,426,290,413,412,434,339,309,260,248,356,281,420,420,302,397,396,424,337,316,274,268,357,298,413,405,309,375,375,405,329,317,283,282,351,308,401,385,309,346,347,380,314,311,285,289,338,312,379,357,303,313,314,348,294,298,280,289,319,308,352,325,291,276,278,311,269,279,270,283,294,298,318,289,273,238,240,272,239,256,252,269,265,281,281,250,249,200,202,229,208,227,231,250,233,258,241,211,222,423,420,436,333,291,234,217,345,252,415,426,286,413,412,432,335,301,250,237,350,270,416,419,295,398,397,421,331,305,261,252,349,282,409,405,299,375,375,403,321,303,266,262,341,289,394,385,296,349,349,379,306,295,265,266,328,289,374,359,289,318,318,349,286,282,259,263,309,283,347,329,276,284,284,315,262,263,247,254,285,272,316,294,257,249,250,279,235,240,229,241,258,254,281,259,235,214,215,240,206,213,209,221,227,231,245,223,209,423,420,434,330,285,227,209,341,245,412,425,281,413,411,429,329,291,238,223,343,257,409,418,286,398,396,417,323,291,244,233,338,264,401,404,286,377,375,400,312,286,245,237,329,265,386,384,281,350,350,376,296,276,241,237,314,262,365,359,271,321,321,348,276,262,233,231,295,254,340,330,257,290,290,316,252,243,221,223,272,241,310,298,239,256,256,282,227,221,204,208,246,225,278,265,217,224,224,248,200,197,185,191,219,204,245,231,194,423,419,430,326,279,221,200,336,237,408,424,275,413,409,424,322,279,225,206,334,241,403,415,275,397,394,411,313,275,225,210,326,241,391,400,271,376,373,392,300,266,221,210,314,239,375,381,263,351,349,370,284,254,215,206,298,231,354,356,250,322,321,342,263,239,204,199,279,222,328,328,235,292,291,312,242,221,192,189,257,209,301,298,218,261,260,281,217,200,177,175,233,194,271,267,198,229,227,247,193,179,159,160,206,177,240,235,177,422,418,428,322,273,213,192,331,227,404,423,269,412,407,419,314,266,210,190,324,224,394,413,263,395,391,403,303,257,204,186,312,219,380,396,254,374,370,383,287,245,196,180,297,210,361,375,243,349,345,359,269,231,187,174,280,200,338,351,229,320,318,333,249,215,176,164,260,190,313,323,213,291,288,303,227,197,163,155,238,178,286,294,196,261,258,273,204,179,150,143,216,163,258,264,178,231,229,243,182,159,134,130,193,149,229,234,159,422,417,425,318,266,204,182,326,219,400,421,263,409,405,413,306,252,194,172,313,208,386,409,250,392,387,394,291,238,183,162,298,195,367,391,238,370,365,371,273,223,171,152,280,183,345,369,223,344,339,345,252,206,159,143,260,171,320,343,206,315,311,318,231,190,148,133,240,159,295,315,190,285,282,290,211,173,135,124,219,148,268,286,173,256,252,260,190,157,124,113,197,135,241,256,157,227,224,231,169,140,112,104,177,124,215,227,140,421,416,422,314,260,197,173,321,211,395,420,257,409,403,405,298,241,179,155,304,192,377,405,240,389,384,384,279,221,163,139,283,173,354,386,221,365,359,357,258,200,147,125,262,157,327,360,202,336,331,329,236,182,134,113,240,143,300,332,184,306,301,299,214,166,123,105,218,131,273,302,168,276,271,271,193,150,112,97,198,121,246,273,152,246,242,243,174,135,102,90,178,112,221,244,137,219,214,217,155,122,93,83,160,103,198,217,123,421,415,420,311,254,191,166,316,204,392,419,252,407,401,401,292,229,166,140,295,177,369,403,229,387,380,375,269,204,144,118,270,152,341,380,204,360,352,344,243,180,125,101,244,133,310,352,183,329,321,311,219,160,112,91,220,119,278,320,163,295,288,278,196,143,101,84,198,109,249,287,147,263,257,248,176,129,93,79,178,101,222,256,133,234,227,221,158,117,86,73,160,95,199,227,120,206,202,198,141,107,79,69,145,89,178,202,109,420,415,418,308,250,185,159,313,198,389,418,248,407,400,396,286,221,155,127,288,165,363,401,221,385,377,367,260,190,127,100,259,135,331,377,192,357,348,332,229,161,106,83,229,112,295,346,166,323,313,293,202,139,94,76,204,101,258,310,145,284,276,254,177,124,88,73,180,95,225,272,130,248,241,223,159,112,82,70,161,91,198,237,118,218,211,198,143,104,77,66,145,86,176,209,108,192,187,178,130,96,72,63,132,82,159,186,99,420,413,417,306,247,182,155,311,194,387,417,245,405,399,394,283,215,148,118,283,157,360,400,215,385,377,363,254,180,114,87,250,122,325,375,183,356,347,325,221,146,93,78,221,103,285,343,153,321,312,282,188,121,89,76,194,96,244,305,133,282,271,235,161,112,85,73,170,93,206,263,119,238,227,197,145,105,81,70,149,89,176,221,110,200,194,175,133,99,76,66,134,85,158,190,103,178,173,159,122,92,71,63,123,82,144,170,95,420,413,416,306,246,180,153,310,193,387,417,244,405,399,393,281,212,145,114,281,154,358,399,213,384,376,362,252,175,110,83,248,117,323,374,179,355,346,324,219,138,93,78,218,100,282,342,150,321,311,280,182,115,89,76,192,96,237,304,129,281,271,233,148,111,85,73,167,93,200,261,114,237,227,184,138,105,81,70,145,89,169,216,108,194,187,164,129,99,76,66,129,85,150,182,101,171,166,150,119,92,71,63,119,82,138,163,94]}