{"c":"48841","n":"南信濃","la":35.321666666666665,"lo":137.93166666666667,"e":407,"t":[0.9,2.0,5.8,11.7,16.4,20.1,23.4,24.5,20.8,14.5,8.3,3.0],"s":[1,6,0,0,0,0,0,0,0,0,0,0],"i":[472,488,512,401,338,277,258,394,292,455,491,339,459,476,509,411,361,310,298,408,329,459,482,361,438,457,497,413,376,336,330,413,357,455,465,375,411,428,474,405,382,354,354,409,377,441,438,380,374,390,440,389,380,363,369,396,387,417,401,377,332,347,398,365,369,363,375,374,388,384,359,365,286,299,348,332,349,354,371,345,379,344,311,345,237,247,294,294,321,336,357,309,361,298,259,317,189,196,234,250,287,310,334,267,334,248,206,282,472,488,511,400,336,276,257,394,291,455,491,337,459,478,509,409,359,307,296,407,326,459,483,359,440,457,497,411,373,332,327,411,353,454,465,372,411,429,474,404,378,348,350,405,372,438,438,377,377,393,442,387,374,356,365,393,381,416,404,373,335,350,401,363,362,355,369,372,381,384,362,360,290,304,353,332,342,345,365,343,372,345,316,340,243,254,300,294,314,327,351,308,353,300,265,312,196,204,243,250,279,302,328,267,326,250,215,277,472,488,511,398,333,271,252,391,287,453,491,334,461,478,509,405,352,299,287,401,317,457,483,352,441,459,498,405,363,319,315,405,340,451,466,363,415,432,476,398,366,333,335,400,355,437,441,366,381,398,445,382,361,338,346,386,362,413,408,360,343,359,408,358,348,335,348,365,359,383,370,347,301,315,363,328,327,323,342,337,348,346,326,326,257,269,315,291,299,305,327,303,329,304,280,298,214,223,264,252,266,279,304,265,302,259,234,266,472,488,509,395,327,265,246,387,279,450,490,329,462,478,507,400,342,287,273,395,303,451,482,343,443,459,496,398,349,302,294,396,321,445,466,350,417,434,475,388,349,311,309,388,331,430,442,349,387,403,447,372,342,313,316,374,333,408,413,342,351,367,412,348,327,307,315,353,328,378,377,328,312,326,372,320,306,295,307,326,315,345,337,307,273,285,328,287,280,275,290,294,295,306,295,281,234,244,281,250,249,250,268,260,269,266,252,250,472,488,507,390,321,257,236,382,270,447,488,323,461,476,503,392,329,271,254,386,286,445,480,331,444,459,491,387,331,281,269,383,296,436,465,333,420,436,471,376,328,285,277,373,300,421,442,329,390,405,444,358,317,282,279,357,298,398,413,319,358,372,412,336,302,274,275,337,291,371,381,304,322,336,375,308,282,261,265,311,277,339,344,284,284,296,335,278,257,242,249,281,258,304,305,259,248,258,294,245,229,221,229,250,234,267,267,231,472,487,504,385,313,247,225,376,259,442,488,315,461,475,497,382,314,252,235,374,266,437,478,316,443,458,483,373,311,256,239,367,268,425,461,313,420,434,463,359,302,254,242,355,267,408,438,305,392,405,437,341,290,248,239,338,260,385,412,293,360,373,405,318,273,237,231,316,250,358,380,276,327,339,372,293,254,225,222,292,236,328,346,257,292,303,335,264,231,208,206,265,218,296,310,234,256,266,296,235,206,188,190,236,198,262,273,210,471,486,500,379,304,237,213,369,248,437,486,307,459,473,490,371,297,234,212,362,244,426,474,301,441,454,473,358,288,229,209,350,239,412,455,291,418,430,450,340,275,222,204,333,229,392,433,279,390,401,424,320,259,212,198,314,221,368,405,264,359,371,394,298,243,200,188,293,208,341,374,247,326,336,360,272,223,187,178,269,195,312,341,227,292,302,326,247,202,173,165,244,179,281,307,208,259,268,291,220,181,156,151,218,163,250,273,186,471,484,496,373,296,225,200,363,237,432,484,298,458,471,482,359,281,214,189,348,222,417,470,285,438,450,459,340,264,202,177,331,208,396,450,269,413,424,434,319,246,189,167,311,195,373,424,252,384,394,405,296,229,176,157,289,181,346,394,234,352,362,374,272,210,164,147,266,168,319,363,215,319,328,342,249,192,151,137,243,156,290,329,197,287,294,308,224,174,139,126,220,142,261,296,179,254,262,276,200,156,126,114,197,129,233,264,161,470,483,492,367,287,216,189,356,225,426,482,290,455,468,473,347,264,195,167,336,202,407,466,269,434,445,446,323,241,175,148,312,179,381,442,246,405,415,415,297,217,157,132,287,160,352,412,224,374,382,381,271,196,143,119,262,145,321,379,202,341,348,348,245,178,130,110,238,132,292,345,185,307,313,315,221,161,119,102,216,121,264,312,167,274,280,284,200,145,110,94,194,111,237,279,151,244,248,254,179,132,100,86,175,101,212,248,137,470,482,488,362,280,206,179,350,216,423,480,283,455,465,465,336,250,177,147,324,182,397,462,254,430,438,433,306,219,150,120,294,152,366,434,225,400,405,395,274,191,128,100,264,129,331,400,198,364,368,355,244,167,112,88,236,112,296,362,174,326,329,317,217,148,102,80,211,101,263,324,156,290,292,282,194,133,93,76,189,94,234,288,140,257,259,252,174,121,87,70,170,87,209,256,127,227,229,225,156,111,80,67,153,81,188,227,115,469,482,486,358,274,200,170,346,208,419,479,277,454,463,458,327,238,163,130,315,167,390,459,243,429,436,422,292,200,128,95,279,129,354,429,206,396,400,377,254,166,102,75,245,103,312,391,174,356,356,329,218,139,89,68,214,89,271,347,148,311,310,283,188,123,82,65,187,83,233,301,131,269,268,245,166,112,78,63,166,79,204,261,119,235,234,218,150,103,74,60,149,75,181,229,109,208,206,196,136,96,70,56,135,71,164,202,101,469,480,484,356,271,196,165,343,202,417,478,274,453,463,455,322,229,152,118,308,156,386,457,235,428,434,416,283,186,111,79,269,112,346,426,193,395,398,368,239,144,84,69,233,89,300,387,156,354,354,313,195,115,81,67,200,81,252,340,130,307,303,252,161,106,79,65,173,79,210,288,114,256,248,206,143,101,75,63,149,76,177,237,106,213,209,183,132,95,72,60,133,73,158,200,100,188,185,167,123,90,68,56,122,71,144,180,94,469,480,483,354,269,194,163,342,200,417,478,273,453,462,453,320,227,148,113,306,152,384,455,231,426,434,413,279,181,104,74,266,106,343,425,188,394,397,365,234,134,84,69,229,85,296,385,150,353,353,310,185,109,81,67,197,81,244,338,125,306,302,249,140,105,79,65,169,79,202,286,108,254,247,187,131,100,75,63,144,76,167,229,102,204,197,166,124,95,72,60,127,73,148,189,97,179,175,153,117,90,68,56,117,71,137,169,92]}