{"c":"49036","n":"大泉","la":35.861666666666665,"lo":138.38666666666666,"e":867,"t":[-0.5,0.1,3.7,9.7,14.3,17.9,21.5,22.5,18.6,12.7,7.3,2.2],"s":[7,6,2,0,0,0,0,0,0,0,0,0],"i":[469,468,495,382,352,320,305,413,340,487,476,351,458,458,493,392,379,364,357,433,388,494,470,378,437,438,482,393,397,400,401,442,426,491,453,396,409,413,459,386,405,425,434,441,455,476,426,405,374,378,428,371,404,438,455,430,471,451,393,404,333,337,388,348,393,442,463,409,475,417,353,394,288,292,341,318,372,434,461,381,466,375,307,375,239,243,289,281,344,413,446,344,446,325,257,346,192,195,231,240,307,384,418,300,413,270,206,311,469,468,495,381,351,318,302,413,338,486,476,350,458,458,494,391,376,360,352,430,384,493,470,376,438,438,482,392,393,394,394,438,421,488,453,393,409,413,459,384,400,418,424,438,447,475,428,401,376,380,430,369,398,430,444,426,462,451,395,399,336,340,390,346,386,433,451,405,463,417,355,388,292,296,344,317,365,423,447,377,455,375,311,368,244,249,294,281,336,403,430,341,434,327,262,340,199,202,240,241,299,373,404,298,401,275,213,304,469,467,494,380,347,312,296,409,332,484,476,346,458,458,493,387,369,350,339,425,372,490,470,369,438,440,482,387,382,378,374,430,404,484,454,382,413,416,462,379,387,398,400,429,425,472,430,388,380,384,432,363,383,407,413,416,434,447,398,385,343,347,396,341,370,405,418,396,434,416,362,372,301,305,353,313,348,395,411,368,423,376,320,352,258,262,307,278,320,374,393,333,400,332,276,324,216,219,259,241,285,343,365,293,368,283,231,290,469,467,493,376,341,304,285,405,323,480,476,340,459,458,490,381,358,334,319,416,354,484,469,358,441,441,480,379,367,356,344,419,377,479,454,367,416,417,459,369,368,369,362,413,392,463,430,369,386,388,434,354,361,375,371,401,397,441,401,363,350,353,399,332,348,371,370,380,392,409,368,350,312,315,361,305,326,358,360,353,378,375,329,330,273,276,319,273,298,337,340,320,355,333,289,303,234,236,274,239,266,308,312,283,325,290,248,271,468,467,490,372,334,293,272,399,310,476,475,333,458,457,486,374,344,314,294,404,331,476,467,344,441,441,475,368,347,328,310,403,345,468,451,348,417,418,455,358,344,336,319,395,351,453,430,346,388,389,430,341,335,335,320,380,351,430,401,337,356,358,399,320,319,329,315,360,343,401,371,323,321,323,363,293,299,315,303,333,327,367,336,302,283,285,324,265,273,294,283,303,306,330,298,277,247,249,285,233,244,269,259,269,278,290,260,249,468,466,487,367,325,281,256,391,296,471,474,324,457,455,480,364,327,290,266,391,305,466,463,327,440,438,467,356,324,296,270,384,308,455,449,325,417,416,448,342,316,296,271,372,307,437,426,318,389,389,423,325,305,292,267,356,300,413,400,307,358,358,392,303,287,281,257,334,290,386,369,290,325,325,360,279,268,268,245,309,274,355,337,272,290,291,324,252,244,249,225,281,254,320,302,248,254,254,286,224,219,227,206,250,231,284,265,223,467,465,484,362,315,267,241,383,281,465,472,315,455,453,474,354,308,265,236,375,276,455,461,309,438,434,457,341,299,261,231,363,270,438,443,300,413,412,434,325,287,254,221,347,260,418,421,288,387,385,409,305,270,245,213,328,250,393,394,273,356,354,381,284,254,234,200,305,236,365,364,257,323,322,348,259,233,219,188,281,221,335,331,237,290,289,315,235,213,204,173,254,202,303,298,217,257,256,281,209,190,184,156,229,185,270,265,195,467,463,480,356,306,252,225,375,266,459,470,305,454,450,466,342,290,239,206,360,248,443,457,291,434,430,445,325,272,225,189,340,229,421,437,274,409,405,419,305,254,212,175,320,215,396,411,257,381,377,391,283,236,198,162,297,199,368,383,239,349,346,362,260,217,186,149,274,184,339,352,221,316,314,330,238,199,171,137,250,171,309,320,202,284,281,298,214,180,159,125,227,156,279,288,185,252,250,267,192,162,145,112,204,142,250,257,166,466,462,476,351,296,240,211,367,252,453,468,296,451,448,457,332,272,214,179,344,221,430,451,273,430,425,430,309,247,190,152,318,193,401,429,248,403,397,401,284,222,170,131,292,170,371,400,225,371,366,369,260,200,154,114,266,152,339,369,204,338,333,337,236,182,141,104,242,138,308,336,186,304,300,305,212,165,129,95,219,126,278,303,169,272,268,275,192,148,120,87,198,115,250,272,153,242,238,246,172,135,110,79,178,107,224,242,139,466,461,472,346,288,227,198,360,239,448,466,288,450,445,449,322,254,191,154,330,196,419,448,256,426,420,418,293,222,157,118,297,159,384,422,224,396,389,382,263,192,132,93,265,131,346,389,196,361,353,344,235,168,113,79,236,112,308,352,172,323,316,307,209,149,103,70,211,100,274,315,154,288,281,274,188,134,94,66,189,93,244,281,139,254,250,245,169,121,89,61,170,87,218,250,126,225,221,220,151,112,83,59,154,82,196,222,114,465,461,470,342,282,219,187,355,229,444,465,281,450,443,443,314,242,171,133,319,176,411,445,242,425,417,408,280,200,128,89,280,129,370,417,202,392,383,365,244,164,97,64,243,98,324,380,169,352,342,319,211,137,83,56,211,83,279,338,143,308,298,275,183,120,77,56,184,78,239,294,127,267,259,240,163,110,73,56,164,75,209,254,114,234,227,213,147,102,70,55,148,73,186,225,106,206,200,192,133,95,68,54,135,71,169,200,99,465,459,468,340,278,213,180,352,223,442,463,277,449,442,438,309,233,157,118,311,162,405,443,233,424,416,401,272,186,106,68,267,107,360,413,188,391,381,356,231,141,75,57,229,81,309,376,149,350,339,304,190,111,74,56,197,74,257,331,125,304,292,246,159,102,72,56,169,73,211,281,111,254,240,204,142,97,70,56,146,72,178,233,103,212,204,181,131,93,68,55,132,71,159,199,97,188,181,165,122,88,66,54,122,70,146,178,92,465,459,467,339,277,210,178,350,221,441,463,275,448,442,438,307,229,152,112,308,157,403,443,229,423,415,400,269,179,97,61,263,99,357,413,182,390,380,353,225,128,75,57,224,76,304,374,143,349,338,301,180,104,74,56,192,74,246,329,120,303,291,243,140,101,72,56,164,73,202,279,104,252,239,185,131,97,70,56,141,72,166,225,99,202,194,165,124,93,68,55,125,71,148,187,95,179,173,152,115,88,66,54,117,70,138,168,90]}