{"c":"49086","n":"韮崎","la":35.693333333333335,"lo":138.44833333333332,"e":341,"t":[2.1,3.3,7.0,12.9,17.4,21.0,24.5,25.5,21.7,15.4,9.5,4.3],"s":[5,3,1,0,0,0,0,0,0,0,0,0],"i":[461,468,498,374,337,306,290,404,326,476,476,339,450,458,497,383,361,346,338,421,371,482,468,363,430,438,484,384,376,378,378,429,407,478,451,379,403,412,463,376,383,401,407,426,432,463,426,387,368,377,430,361,381,413,426,416,447,440,392,385,328,337,390,339,370,415,434,396,450,405,351,375,283,292,342,309,351,407,430,367,441,364,306,356,236,243,289,274,323,388,416,330,421,316,256,328,190,194,231,234,289,359,389,288,390,263,204,294,461,468,498,373,336,304,287,403,324,475,476,338,450,458,497,382,359,343,333,420,367,480,468,361,430,438,484,382,373,373,371,426,401,476,451,376,403,412,463,375,379,394,399,424,425,463,426,383,370,379,432,360,376,405,416,413,438,438,394,380,330,339,393,338,364,407,423,392,440,405,354,369,287,295,346,309,344,397,418,364,430,365,310,350,241,248,295,274,316,378,401,328,409,318,261,323,196,200,240,235,282,349,376,287,379,267,213,288,461,467,498,371,332,299,281,400,319,473,475,334,451,458,496,378,352,333,321,413,356,478,468,354,432,440,484,378,363,359,353,419,385,474,451,367,405,415,465,370,367,376,376,416,404,459,429,371,374,383,434,354,362,384,389,403,413,436,397,367,337,346,399,332,349,382,392,383,412,405,361,354,297,305,355,304,329,371,385,355,400,366,319,335,254,261,309,271,301,351,367,321,379,322,275,308,213,219,260,235,268,322,341,282,348,275,229,275,461,467,496,368,327,291,272,396,310,470,475,329,451,458,493,373,342,318,303,405,339,473,467,344,433,441,483,371,350,338,326,408,360,467,453,353,409,417,463,361,349,350,342,401,373,451,429,353,379,388,436,346,342,354,349,389,377,430,401,347,345,353,401,324,329,350,348,368,372,399,367,334,307,315,363,297,308,337,338,341,359,365,328,314,269,275,321,266,281,316,319,309,337,324,288,288,229,236,275,233,250,289,292,273,307,281,247,258,461,467,494,364,320,281,260,390,298,466,474,322,451,457,490,365,329,300,279,395,317,465,466,331,434,441,478,360,331,312,294,393,330,457,451,334,411,418,459,350,328,319,302,385,335,442,429,332,382,389,433,333,318,317,302,369,334,419,401,323,350,358,401,312,303,311,297,349,327,391,370,309,315,322,366,286,283,297,285,323,311,357,335,289,278,285,327,258,258,277,266,293,290,321,297,264,243,248,287,227,231,252,243,261,264,282,260,237,459,466,491,359,312,270,245,383,285,461,472,314,450,455,484,357,313,278,254,382,293,455,463,316,433,438,470,348,310,283,257,375,295,444,447,314,409,416,451,335,302,282,258,363,294,426,426,306,383,389,426,318,290,277,252,346,287,404,399,295,352,358,395,296,273,267,244,325,277,376,368,279,319,325,362,272,254,254,231,301,261,345,336,260,285,291,327,245,231,236,214,273,242,311,301,238,250,254,288,218,208,214,194,243,219,276,265,213,459,465,487,354,303,257,231,375,271,455,471,305,449,453,476,346,296,254,225,367,266,445,459,299,430,434,461,334,287,250,221,355,260,429,442,290,408,412,438,318,275,244,212,339,250,409,420,279,381,385,413,299,259,234,204,320,240,384,393,264,350,355,384,278,243,223,191,298,225,356,363,248,318,322,350,252,223,209,179,274,212,326,330,227,286,289,318,229,204,194,164,249,194,295,298,209,252,256,284,204,181,175,148,223,176,263,264,187,459,463,483,349,294,244,217,368,257,449,469,296,447,450,469,336,280,231,199,353,240,433,455,282,428,430,448,319,263,218,183,334,223,412,436,266,403,405,423,299,246,204,169,314,206,387,411,250,375,377,395,278,227,191,156,292,192,360,382,231,344,346,365,254,210,179,144,269,177,331,352,215,311,314,333,233,192,165,132,246,164,302,319,197,280,281,300,210,174,153,120,222,150,273,287,179,248,250,269,188,156,139,108,199,136,244,256,161,459,463,479,344,286,231,202,360,244,444,467,287,445,448,459,325,263,208,174,338,214,422,451,265,424,425,434,303,239,185,149,313,188,394,428,243,396,398,404,279,216,166,129,288,166,364,400,221,365,366,372,254,196,150,112,262,148,332,368,200,333,333,339,231,177,138,102,238,134,302,335,182,300,300,308,209,161,126,93,216,123,273,302,165,268,268,277,189,145,117,85,195,112,245,271,150,238,238,248,169,131,107,78,175,103,219,241,136,458,462,476,339,279,221,191,354,231,438,465,280,443,445,453,316,248,186,151,325,192,411,447,250,420,421,422,289,217,155,117,294,156,377,421,220,390,389,385,260,189,131,93,263,129,340,388,193,355,353,347,231,166,113,80,234,111,303,352,170,319,316,309,206,147,103,71,209,99,270,315,152,284,281,276,185,133,94,67,187,91,240,280,137,252,250,247,166,120,88,62,168,85,215,250,125,223,221,221,149,110,82,59,152,80,193,222,113,458,461,473,336,273,213,182,349,223,434,463,274,442,444,446,308,236,169,132,314,173,403,444,238,418,417,411,276,198,128,90,277,128,363,416,200,386,383,368,242,164,99,67,241,98,319,379,168,348,342,321,209,137,85,60,210,83,275,337,144,304,299,277,181,121,79,57,184,78,237,293,127,264,259,241,162,111,75,56,163,75,206,254,115,231,227,214,146,102,72,56,147,72,184,224,107,204,200,193,132,96,69,55,134,70,167,199,99,457,461,471,334,269,206,175,346,217,433,463,270,442,443,443,304,227,156,118,307,159,398,442,229,417,416,405,268,184,108,71,265,107,354,413,187,385,381,359,229,142,78,60,227,82,305,375,150,346,340,306,189,113,77,59,197,75,254,331,126,301,292,248,158,105,74,57,169,73,210,281,112,250,241,204,142,100,72,56,146,72,177,231,104,211,204,181,131,95,69,56,131,70,158,199,98,186,181,166,121,90,67,55,121,69,145,178,93,457,459,471,333,268,204,174,344,215,432,463,269,441,442,441,302,225,151,112,304,154,396,442,225,417,416,403,265,178,100,65,261,100,351,412,181,384,381,356,225,131,78,60,224,77,300,374,145,345,339,303,180,108,77,59,192,75,244,329,122,299,291,244,140,104,74,57,165,73,200,278,106,250,240,186,132,99,72,56,141,72,166,225,101,202,194,165,124,94,69,56,125,70,147,187,96,177,173,152,115,90,67,55,115,69,137,168,91]}