{"c":"49161","n":"大月","la":35.608333333333334,"lo":138.93833333333333,"e":364,"t":[1.6,2.6,6.2,12.0,16.5,19.9,23.6,24.6,20.7,14.7,9.0,3.9],"s":[11,19,1,0,0,0,0,0,0,0,0,0],"i":[418,441,459,337,305,287,279,373,314,430,438,310,408,430,458,344,324,322,324,388,356,434,432,330,390,413,447,344,336,350,360,395,389,430,417,343,366,389,426,336,341,369,387,393,413,417,394,349,336,356,397,322,338,379,404,383,426,395,363,346,300,318,361,302,327,379,411,364,429,365,326,336,261,276,317,276,309,370,407,338,421,328,285,319,219,231,270,245,285,352,392,305,401,285,240,294,178,185,218,210,254,326,367,267,374,238,194,263,418,441,459,337,304,285,277,372,312,429,438,309,408,430,458,343,322,319,320,387,352,434,433,328,391,413,447,342,334,346,354,393,384,429,417,340,367,389,426,335,337,363,380,390,405,416,394,345,337,358,398,321,334,372,395,380,418,394,365,342,302,321,363,301,322,372,401,361,420,365,329,332,264,280,320,275,304,362,396,335,411,328,288,314,223,236,274,245,279,344,380,303,393,287,244,289,184,192,225,210,249,317,355,266,364,241,200,259,418,440,459,335,301,281,272,370,307,428,438,306,408,432,458,340,317,311,309,382,342,430,433,322,392,415,447,338,325,333,338,386,369,426,418,332,369,392,428,331,328,347,359,383,387,413,396,335,340,361,400,316,322,353,371,371,396,391,367,331,308,327,368,296,310,351,373,353,394,363,334,319,271,288,328,271,291,340,365,327,384,329,296,301,234,247,286,242,266,320,348,296,364,290,256,276,197,208,241,210,237,294,323,261,335,248,215,247,417,440,458,333,297,274,263,366,299,425,438,301,408,430,455,335,309,298,292,375,326,426,432,314,392,416,445,332,314,315,313,376,346,421,418,320,371,393,426,323,313,324,327,370,358,407,396,320,344,365,401,309,306,327,334,358,362,386,370,314,313,333,370,288,293,322,332,339,358,358,339,301,280,297,334,265,273,310,321,315,345,327,304,283,245,260,295,237,250,290,303,285,325,291,267,259,211,223,254,208,222,264,278,252,297,252,229,231,417,440,455,329,291,265,252,361,288,422,438,295,408,430,451,329,298,281,270,365,306,421,430,303,393,415,440,324,298,292,283,363,318,412,416,305,372,394,423,313,295,297,290,355,323,398,396,302,346,367,398,298,285,295,290,340,322,377,370,292,318,337,369,279,271,287,285,322,315,351,341,279,286,304,336,254,252,274,273,298,300,321,309,261,252,269,300,229,229,254,254,270,281,288,274,238,221,235,264,202,204,231,231,241,257,252,240,213,417,438,453,325,284,254,239,354,276,418,436,288,407,429,447,322,285,262,246,353,283,413,428,290,392,413,433,314,281,266,249,347,285,401,413,287,371,392,415,301,273,264,249,336,285,385,393,279,346,367,392,285,262,259,244,320,278,364,368,269,319,337,363,265,246,248,235,300,269,339,340,252,289,306,333,244,229,236,223,278,254,311,310,236,258,274,300,219,208,218,206,252,236,280,277,215,227,241,265,195,186,198,186,225,216,248,244,193,416,438,450,321,277,244,225,348,263,413,434,281,405,426,441,314,271,242,221,340,258,404,425,275,390,409,425,302,262,237,215,329,252,389,408,267,369,389,404,287,250,229,206,314,243,370,387,256,344,363,381,270,236,221,198,297,234,348,363,242,317,334,353,250,221,209,186,276,221,322,335,227,288,304,322,227,202,195,174,254,208,295,304,208,258,273,292,206,184,181,160,231,191,266,274,191,227,242,260,183,164,163,144,206,175,237,244,170,416,437,447,317,270,233,212,341,250,408,433,273,405,425,433,305,257,221,195,327,234,394,421,261,387,405,413,290,242,208,180,311,218,375,403,247,365,383,391,272,225,195,167,292,204,352,379,231,339,356,365,252,210,182,154,271,190,328,353,215,311,327,337,231,193,170,142,250,176,302,325,198,282,296,307,212,176,157,130,229,164,274,295,182,252,266,276,190,160,145,119,206,151,248,265,165,225,236,248,170,143,131,106,186,138,221,236,148,415,436,443,313,263,222,199,335,237,404,432,266,403,422,426,297,243,200,172,315,210,385,417,247,384,401,403,277,222,179,148,292,186,360,396,225,360,375,375,256,202,162,129,269,165,333,370,206,332,346,345,234,183,147,113,246,149,305,341,188,302,315,315,213,166,134,103,224,136,277,311,171,272,284,285,192,151,123,94,202,125,250,281,155,244,254,257,173,136,112,86,183,115,225,250,141,216,225,229,155,123,103,78,165,107,200,223,127,415,434,440,309,257,213,188,329,225,400,430,260,401,420,420,289,231,181,150,303,189,376,413,234,381,397,392,265,204,152,119,275,156,346,390,206,354,368,359,240,179,130,96,247,130,314,360,183,324,334,323,215,158,114,83,221,113,281,327,163,291,299,289,193,142,103,74,198,103,250,293,146,259,267,258,173,128,95,69,178,96,224,261,132,229,237,231,156,115,89,64,161,90,200,233,120,204,210,206,139,106,82,61,145,86,179,206,109,413,434,438,306,252,204,179,324,218,396,429,254,401,418,413,283,221,166,133,294,171,369,411,223,380,394,382,256,188,129,94,260,130,335,385,191,351,362,344,225,158,103,71,227,102,297,353,162,317,325,302,197,135,89,64,200,89,258,315,140,279,284,262,173,120,83,62,177,83,224,275,125,243,246,227,154,110,79,61,158,81,196,239,113,214,216,202,140,101,74,59,142,78,175,211,105,189,191,182,126,94,71,56,130,77,158,188,97,413,434,436,304,249,200,174,321,212,394,428,250,400,417,411,279,214,154,120,287,159,365,409,216,379,393,377,249,177,111,75,250,111,328,383,179,350,361,336,216,141,84,65,217,87,285,349,147,316,322,289,181,115,82,64,189,81,241,309,126,276,278,237,154,107,79,62,165,79,202,264,112,233,229,197,139,101,76,61,144,78,172,220,105,196,195,175,128,95,72,59,129,77,154,189,98,174,174,159,118,89,69,56,119,76,141,169,92,413,434,436,304,248,198,172,320,210,394,428,250,400,417,409,278,212,150,115,285,154,363,409,213,378,392,375,248,172,104,70,246,104,325,382,175,349,360,333,213,132,84,65,214,83,281,348,143,315,321,286,175,111,82,64,186,81,233,307,123,275,277,234,141,106,79,62,161,79,194,262,109,231,229,180,132,101,76,61,139,78,163,214,103,189,186,161,123,95,72,59,124,77,145,178,97,167,165,148,114,89,69,56,114,76,134,160,91]}