{"c":"49236","n":"切石","la":35.46666666666667,"lo":138.44166666666666,"e":226,"t":[1.7,3.3,7.2,13.0,17.4,20.9,24.5,25.7,21.9,15.6,9.5,3.9],"s":[6,3,0,0,0,0,0,0,0,0,0,0],"i":[436,457,488,363,319,292,280,386,314,444,461,325,425,447,487,371,340,328,325,401,356,449,453,347,407,429,475,372,353,357,362,408,388,444,437,361,381,401,454,365,358,377,389,405,412,430,412,367,350,369,422,350,355,388,407,394,424,407,380,364,312,329,382,328,344,389,413,374,426,376,341,354,271,285,336,299,326,380,409,347,418,337,297,335,227,238,284,265,300,361,394,312,398,293,250,309,184,191,227,227,268,334,369,273,369,244,200,276,436,457,488,363,318,290,278,385,312,443,459,324,425,447,488,371,338,325,321,399,352,448,453,344,407,429,476,371,350,352,356,405,383,443,437,358,382,403,454,363,354,371,381,401,405,429,413,363,351,370,424,348,351,381,397,391,416,407,382,360,314,331,385,326,339,381,403,371,417,376,344,349,274,289,339,298,320,371,398,344,408,338,301,330,231,243,289,265,294,352,382,310,388,295,254,304,190,197,236,227,261,325,357,271,358,248,208,271,436,457,488,361,315,285,272,382,307,442,459,321,426,447,487,367,332,316,309,395,342,445,453,338,408,430,475,366,342,339,339,399,368,440,438,349,384,405,455,358,344,354,360,395,386,426,415,352,354,374,426,343,339,361,372,382,393,404,385,348,320,338,391,321,326,358,374,363,391,375,350,335,282,298,348,294,306,347,367,336,380,338,309,316,243,254,303,262,280,327,350,303,359,298,267,290,204,214,254,227,249,300,324,267,329,254,224,259,434,455,487,358,310,278,263,378,299,438,459,315,426,447,484,362,323,303,292,387,325,441,451,329,409,430,474,360,329,321,313,388,345,434,438,336,386,407,454,350,328,331,328,382,357,419,416,336,358,378,428,335,321,333,334,369,360,398,388,330,326,344,394,313,307,329,332,349,354,369,355,316,291,307,356,287,287,316,322,323,341,337,318,297,254,269,314,257,262,296,304,292,319,299,279,272,219,231,270,225,234,270,278,258,291,260,240,243,434,455,484,354,304,269,252,373,288,434,459,309,425,446,480,355,311,286,270,377,305,434,451,317,409,430,469,350,312,297,284,375,317,425,436,319,387,408,450,339,309,302,290,366,321,409,415,317,360,380,424,322,299,300,290,351,320,388,388,307,331,349,394,302,284,292,285,331,312,362,358,293,298,315,358,277,265,279,273,306,296,331,323,274,263,278,319,250,241,260,254,277,276,297,287,250,229,243,281,220,215,237,231,247,250,261,250,224,434,455,482,350,297,259,238,366,276,430,457,302,425,445,475,347,298,266,246,365,283,426,448,304,408,428,461,338,294,269,249,358,284,413,433,301,387,407,442,325,285,268,249,346,283,398,412,293,361,380,417,308,274,263,244,330,275,376,386,282,332,349,387,287,258,252,235,309,265,349,356,265,301,317,355,264,239,240,222,286,250,320,324,248,269,284,320,238,217,222,204,259,231,288,291,225,236,249,282,211,195,202,186,231,210,254,256,202,434,454,479,345,289,247,225,360,263,426,455,294,423,442,469,337,282,245,220,352,258,416,445,288,407,425,451,325,273,240,215,340,250,401,428,279,385,403,430,309,261,233,206,324,242,381,405,268,359,376,405,290,246,223,198,306,231,358,380,252,330,346,376,270,229,212,185,284,218,332,351,237,300,314,343,246,211,198,174,261,204,304,319,218,269,282,311,223,193,184,159,237,186,274,288,200,238,250,278,198,171,166,143,212,169,244,254,178,434,453,475,340,281,236,212,352,250,421,454,286,422,440,461,327,267,223,195,338,233,405,441,273,404,421,440,311,252,210,179,321,217,386,422,258,380,397,415,292,235,197,166,301,202,363,397,241,354,369,388,271,218,184,153,280,187,338,370,224,324,338,358,249,200,172,140,258,173,311,340,206,294,307,327,227,183,158,129,235,160,282,309,190,264,275,294,204,166,146,118,213,145,254,278,172,234,245,264,183,149,133,105,190,132,227,248,155,433,451,471,335,274,225,199,346,237,416,451,278,420,438,451,318,252,202,171,325,210,396,437,257,400,416,428,296,231,180,147,302,184,371,415,236,375,389,398,273,209,162,128,277,163,343,387,215,346,358,366,250,189,147,112,252,146,313,356,195,315,326,334,227,172,134,102,229,132,285,325,178,284,294,302,204,156,123,92,208,121,257,293,161,252,262,272,184,140,112,84,188,111,231,263,146,225,233,243,165,127,104,77,168,101,206,234,132,433,451,467,331,267,215,188,340,225,412,450,271,419,434,445,309,239,182,149,313,188,387,433,244,397,412,415,283,211,152,118,284,154,357,408,215,369,381,380,254,185,130,94,254,128,323,377,190,337,346,342,227,163,113,81,227,111,289,342,168,303,310,305,202,145,102,72,202,99,257,306,150,270,276,272,182,131,94,68,182,92,229,273,136,239,245,243,164,119,88,63,164,85,204,243,123,212,217,218,147,109,81,60,148,80,184,216,112,432,450,465,328,262,206,179,335,218,409,449,266,418,434,438,302,229,166,131,303,171,380,430,231,396,409,405,271,194,128,92,269,128,345,403,198,366,375,363,238,163,101,69,235,100,305,368,167,330,336,318,206,138,87,62,206,86,265,328,144,291,294,274,179,122,81,60,180,80,229,286,127,252,254,239,160,112,77,59,160,76,200,249,115,222,223,212,145,103,73,56,144,73,178,219,107,196,198,191,131,96,69,56,131,71,161,195,99,432,450,463,326,259,202,173,332,212,407,448,262,417,433,436,297,222,154,119,297,158,376,429,225,395,407,399,264,182,110,73,258,109,337,400,185,365,374,355,225,143,81,63,223,85,293,365,150,329,334,303,188,117,79,62,194,77,247,322,128,288,288,247,158,108,77,60,167,76,206,274,113,242,238,204,142,102,74,59,146,74,175,227,106,204,202,180,130,96,71,56,130,72,156,195,99,180,179,165,121,91,68,56,120,70,143,175,93,432,450,463,325,258,200,171,331,210,405,448,261,417,433,434,296,219,150,113,294,154,374,428,221,394,407,397,261,177,103,68,254,102,335,399,180,364,373,352,222,134,81,63,219,80,289,363,146,328,333,300,180,111,79,62,190,77,239,320,123,287,287,244,141,106,77,60,164,76,198,272,108,241,237,186,132,101,74,59,141,74,165,221,102,196,192,165,124,96,71,56,125,72,146,184,97,173,171,152,115,91,68,56,114,70,136,165,91]}