{"c":"49256","n":"山中","la":35.43666666666667,"lo":138.83666666666667,"e":992,"t":[-2.6,-1.8,1.9,7.7,12.3,16.0,19.9,20.6,16.9,10.9,5.5,0.1],"s":[20,28,12,1,0,0,0,0,0,0,0,4],"i":[408,425,447,316,285,274,263,362,303,426,426,292,399,416,445,321,302,306,303,376,341,432,420,310,382,400,434,321,312,330,335,381,372,426,405,321,358,375,415,313,315,347,359,379,393,413,383,325,329,345,386,300,311,356,373,368,405,392,353,322,294,308,351,281,300,356,379,350,408,363,318,312,256,268,309,257,283,346,374,325,401,327,278,296,216,225,263,229,261,329,361,294,384,285,235,273,176,181,213,197,233,304,337,258,357,239,190,244,409,425,447,315,284,272,261,361,301,426,426,291,399,416,446,321,300,303,299,374,338,430,420,308,382,400,434,320,309,327,329,379,367,426,405,318,359,376,415,312,311,342,352,376,387,413,383,322,330,346,388,299,307,350,365,366,399,392,355,319,296,310,353,280,296,349,369,348,400,363,320,308,259,271,312,256,279,339,364,323,392,327,281,291,220,229,267,227,256,321,350,292,374,287,239,268,181,187,220,196,227,296,327,257,348,242,196,240,408,425,447,314,282,268,256,359,296,425,426,288,399,417,445,318,295,295,289,370,329,428,420,303,383,400,434,316,302,315,315,373,353,423,405,311,361,378,416,308,303,327,333,369,370,409,385,313,333,349,389,294,297,332,343,358,377,389,357,308,301,316,357,275,285,329,344,340,376,361,325,297,266,279,319,252,267,318,337,315,367,328,288,279,229,240,278,225,244,300,321,286,348,290,249,256,194,202,235,195,217,274,298,252,321,249,210,229,408,425,446,312,278,262,248,355,289,422,426,284,399,416,442,314,288,283,274,363,313,424,419,295,384,401,432,311,292,298,292,364,332,418,405,300,362,379,413,301,290,306,305,358,343,404,385,299,337,353,390,287,282,308,310,346,347,384,360,293,306,321,359,269,270,303,308,327,342,357,329,280,274,287,325,246,252,290,298,304,331,326,295,263,240,252,287,221,229,271,281,276,312,291,260,240,206,216,247,193,204,247,257,244,286,254,223,215,408,424,444,309,273,254,238,350,279,419,425,279,399,415,438,309,278,268,254,354,295,418,418,285,384,400,428,303,278,277,266,352,306,409,404,286,363,380,411,293,274,281,271,343,311,395,385,283,338,354,386,278,264,278,271,329,310,375,359,273,310,325,359,260,250,271,265,311,303,350,331,260,280,293,326,237,233,258,254,288,290,320,300,243,247,259,291,214,212,239,237,262,272,288,266,222,216,227,256,188,189,217,216,234,249,254,233,198,408,424,441,306,267,245,227,345,267,415,424,273,398,413,434,302,267,250,233,343,274,409,416,273,383,399,421,294,263,252,235,337,276,399,401,270,363,378,404,282,254,250,235,326,275,383,382,263,339,354,381,266,244,246,229,310,269,363,358,252,311,325,352,247,229,235,221,291,260,337,330,237,283,295,323,227,212,222,209,269,247,310,300,221,252,264,290,204,193,206,193,245,229,280,269,200,221,231,256,181,172,186,176,219,211,249,237,180,407,423,438,302,261,235,214,339,254,411,423,266,397,412,429,295,254,231,210,331,250,401,413,261,381,396,413,284,246,227,204,320,246,387,397,252,361,375,393,269,235,220,196,306,237,368,376,241,337,350,370,252,221,210,189,289,227,346,352,227,309,322,343,234,206,199,177,269,216,322,325,213,281,293,313,213,189,186,166,247,204,295,296,196,252,263,283,193,172,172,152,225,188,267,266,179,223,233,252,171,153,154,137,202,174,239,236,159,407,422,434,298,254,224,202,332,243,405,421,259,396,409,422,287,242,213,187,319,227,392,409,248,379,392,403,273,229,200,173,303,214,373,391,234,357,370,380,256,214,188,161,285,200,351,369,219,332,344,355,237,199,175,149,265,187,327,343,204,304,315,327,218,182,164,137,245,175,301,316,188,276,286,298,199,167,150,126,224,163,275,287,172,248,256,269,178,150,139,115,202,151,249,257,156,220,227,241,160,135,125,104,183,139,223,229,140,405,421,432,294,248,215,191,326,231,401,420,252,394,408,415,280,231,194,166,307,206,383,405,235,375,388,392,262,212,174,145,286,184,359,385,216,352,363,366,242,193,157,127,263,165,332,360,197,325,334,336,222,175,143,112,241,149,305,332,180,296,304,307,200,159,130,103,220,137,278,302,164,267,274,278,182,144,119,94,200,127,252,273,148,238,245,250,164,130,110,86,181,119,227,244,134,212,217,223,146,117,100,79,163,111,204,217,121,405,420,429,291,243,206,181,321,222,398,418,247,393,405,409,273,220,177,147,297,187,374,401,223,373,384,382,252,196,150,119,270,156,346,380,199,347,356,350,227,173,129,97,243,132,314,351,177,317,324,316,204,154,112,85,219,117,281,319,158,285,290,283,184,138,103,77,197,107,252,286,142,254,259,252,165,124,94,72,177,100,225,254,128,225,229,225,149,112,88,67,160,95,202,227,115,200,204,202,133,103,81,64,145,92,182,202,105,405,419,426,289,239,199,174,317,214,394,417,242,392,404,404,268,211,162,131,288,171,368,400,214,371,381,373,243,182,128,96,257,132,335,375,185,344,351,337,216,155,103,75,225,106,297,344,158,311,315,296,190,134,90,69,200,93,260,307,138,274,276,257,167,119,84,66,177,89,225,269,123,240,240,224,149,109,79,64,158,86,199,235,112,210,211,200,135,100,75,62,143,84,178,206,103,186,187,179,122,93,71,60,131,83,162,184,95,405,419,425,287,236,195,168,314,209,392,416,239,391,403,401,265,206,152,120,282,159,363,399,208,371,380,369,238,173,112,79,247,113,327,373,174,343,350,329,208,140,86,69,216,92,286,341,145,310,313,284,176,117,83,68,189,85,243,302,125,271,271,234,151,108,80,66,165,85,204,259,112,229,225,195,136,102,77,64,145,84,175,217,105,194,192,173,125,95,73,62,131,83,157,186,98,172,170,158,114,89,69,60,121,82,145,167,91,405,419,425,286,235,193,167,313,206,392,416,238,391,403,400,263,202,148,115,280,155,362,398,204,370,379,367,236,169,106,74,244,108,325,372,170,342,349,327,204,132,86,69,213,88,282,339,141,309,312,281,171,112,83,68,186,85,235,301,122,271,270,231,139,107,80,66,162,85,197,257,109,229,224,180,129,101,77,64,141,84,166,211,103,187,183,160,121,95,73,62,126,83,148,177,96,165,163,147,112,89,69,60,117,82,138,158,90]}