{"c":"50078","n":"大阪","la":34.681666666666665,"lo":135.51833333333335,"e":23,"t":[6.0,6.3,9.4,15.1,19.7,23.5,27.4,28.7,24.9,19.0,13.6,8.6],"s":[0,0,0,0,0,0,0,0,0,0,0,0],"i":[448,471,488,386,335,270,244,376,266,438,469,330,436,459,487,395,358,301,279,388,297,442,461,351,416,440,474,396,372,325,308,391,321,436,444,364,389,412,451,388,378,340,329,386,338,421,417,369,354,375,419,372,376,348,342,373,346,397,383,365,315,334,378,348,364,347,346,351,345,365,342,353,271,287,331,317,344,337,341,323,336,327,296,333,225,237,278,280,317,319,328,288,319,282,247,305,179,187,221,237,282,294,306,249,294,234,196,271,447,471,488,385,333,269,243,375,265,437,469,329,436,459,487,394,355,299,277,387,295,441,461,349,416,440,474,394,368,322,305,389,318,434,443,361,389,413,451,386,373,337,325,384,333,420,418,365,356,377,421,370,369,344,337,371,340,397,385,361,317,337,381,346,357,342,340,349,339,365,345,348,275,291,335,316,336,332,335,321,330,327,300,328,231,244,284,279,308,314,321,287,312,284,252,300,187,196,231,238,274,288,299,249,287,237,204,267,447,471,488,383,329,266,239,373,261,436,469,326,437,461,486,390,348,292,269,382,288,438,461,343,418,442,474,389,359,312,293,384,307,432,445,353,392,416,453,381,361,324,310,378,319,417,420,355,361,383,424,364,356,328,319,364,324,394,389,349,324,344,387,341,342,324,319,343,321,364,352,336,285,302,344,312,321,313,313,316,310,328,311,315,244,258,298,277,294,294,298,284,292,288,266,288,204,215,250,239,260,268,276,248,267,245,223,256,448,471,487,379,324,260,231,369,254,433,468,321,437,459,484,384,338,280,256,376,276,433,459,334,419,443,472,381,344,294,274,375,290,426,445,340,395,418,451,371,344,302,286,367,298,411,422,339,366,387,424,355,336,304,291,353,299,389,392,332,332,352,391,332,322,298,289,332,294,360,358,317,295,313,351,304,300,285,280,306,281,327,320,296,258,273,310,271,275,265,264,276,263,290,280,270,221,234,266,238,243,241,243,243,239,250,240,241,447,470,484,375,317,252,223,365,247,429,467,315,437,459,480,376,325,265,240,367,261,426,459,322,420,442,467,371,327,274,250,363,269,418,443,324,397,420,448,359,323,276,257,354,272,401,422,319,369,391,422,342,312,273,258,338,270,380,394,309,338,357,390,320,297,266,252,318,262,353,362,294,304,322,355,293,276,252,242,293,249,322,327,274,268,285,316,264,252,233,227,265,231,288,290,250,233,247,277,233,224,212,208,234,209,252,252,223,447,470,482,370,309,242,213,359,238,425,466,307,436,459,475,367,310,248,221,357,244,419,457,308,419,441,461,358,306,249,225,349,245,407,440,304,397,418,440,344,297,247,225,337,243,390,418,296,371,391,415,326,285,240,221,320,237,368,392,284,340,359,385,304,268,229,214,299,227,341,361,267,308,325,351,279,249,217,202,275,213,312,328,248,275,291,317,252,225,199,188,249,197,281,294,225,241,254,280,223,202,181,172,222,178,247,259,202,447,469,478,365,301,231,202,353,227,421,465,299,434,457,468,356,294,229,200,346,225,411,453,293,418,438,451,343,283,223,197,333,220,395,436,283,395,413,429,327,271,215,191,318,212,375,413,271,369,387,401,306,254,206,184,299,202,352,386,256,339,356,373,284,238,194,174,278,191,325,356,239,307,323,341,260,219,181,164,254,178,297,324,220,275,290,308,235,198,166,150,229,163,267,291,200,244,257,275,209,177,150,138,206,148,238,258,179,446,468,475,359,292,222,192,347,219,416,463,291,434,454,459,345,277,210,180,334,206,401,449,277,415,434,438,327,260,197,168,316,193,381,429,261,391,408,413,307,242,184,158,297,181,358,404,244,363,379,385,284,224,171,148,276,169,332,376,227,333,348,355,260,206,159,137,254,156,305,345,208,302,315,324,238,187,146,127,231,144,277,314,190,270,282,292,214,170,134,117,209,131,249,281,173,240,250,260,191,151,120,106,186,120,222,250,154,446,467,471,354,284,212,182,341,209,412,461,283,433,451,451,334,261,191,161,322,188,392,446,262,412,429,426,311,237,171,142,299,168,367,422,240,385,401,396,286,214,153,127,275,151,339,394,218,355,369,363,261,193,139,113,250,137,309,362,197,323,335,331,236,174,126,104,227,124,280,329,179,291,302,299,212,157,113,96,206,113,252,297,161,259,269,269,191,142,105,88,186,104,225,266,146,229,238,240,171,128,95,81,166,95,202,236,131,446,466,468,349,277,204,172,336,200,408,459,277,430,450,445,325,247,174,143,311,172,383,442,248,409,424,413,296,216,147,117,283,145,353,416,219,380,392,378,265,187,125,98,254,124,319,383,193,346,356,340,236,163,110,86,227,109,285,347,170,310,318,302,209,145,98,78,202,98,254,310,151,275,282,268,187,130,90,73,182,90,225,275,135,244,250,239,167,117,83,68,163,83,200,244,123,216,221,214,150,107,77,64,146,78,179,217,111,445,465,465,346,271,197,165,332,194,405,459,271,430,448,438,317,235,160,128,303,158,377,438,237,408,422,404,283,197,126,95,270,125,342,411,202,377,387,362,246,163,100,75,237,101,303,375,170,339,345,315,211,136,86,68,206,88,263,333,144,297,300,271,182,119,80,65,181,81,225,290,127,257,259,235,161,108,75,62,160,77,197,250,114,224,225,206,145,100,71,59,143,72,175,219,105,198,199,186,131,93,68,56,129,68,157,194,97,445,465,463,343,268,193,160,330,189,403,458,268,430,448,436,312,227,151,117,297,148,373,438,229,407,421,399,274,184,110,80,261,110,336,409,190,376,386,354,233,142,82,69,225,88,292,372,152,338,344,302,190,112,79,67,195,80,247,328,127,294,295,245,157,102,76,65,168,77,204,278,112,246,242,199,139,97,73,62,145,74,172,229,103,204,202,175,128,92,70,59,128,70,153,194,97,180,179,159,119,88,67,56,117,67,139,173,91,445,465,463,342,267,191,158,329,188,401,458,267,430,448,436,310,224,147,112,295,145,371,438,227,407,421,398,272,178,104,75,258,104,333,409,185,376,386,353,229,131,81,69,223,84,289,371,147,338,344,300,182,104,79,67,192,80,239,327,122,294,295,243,137,101,76,65,164,77,197,277,105,246,242,183,128,96,73,62,140,74,163,224,99,197,193,160,121,92,70,59,123,70,143,183,94,172,171,148,113,88,67,56,112,67,132,163,89]}