{"c":"50106","n":"井川","la":35.21666666666667,"lo":138.22166666666666,"e":755,"t":[1.1,1.6,4.7,10.0,14.1,17.6,21.3,22.0,18.8,13.3,8.3,3.6],"s":[1,4,1,0,0,0,0,0,0,0,0,0],"i":[422,450,455,360,319,296,293,380,322,430,442,325,412,438,453,368,340,332,341,395,365,434,434,346,394,422,442,368,353,361,380,401,399,430,419,360,369,395,421,360,358,380,409,400,424,416,395,366,338,362,392,345,355,390,429,390,437,394,364,363,302,323,356,323,344,391,437,371,438,363,327,353,262,280,313,295,325,381,433,344,430,326,285,334,219,233,266,262,299,363,418,310,409,283,239,308,177,186,215,224,266,335,392,271,380,236,193,275,422,450,455,359,318,294,292,379,320,430,442,324,412,440,453,367,337,329,338,394,362,434,434,344,394,422,442,367,350,356,377,400,395,429,419,357,370,396,421,359,354,374,405,398,418,415,396,362,340,364,394,344,350,383,424,387,430,393,366,359,304,325,358,322,338,383,430,368,432,363,329,348,265,283,316,294,319,373,426,341,422,327,288,329,224,238,270,261,292,353,412,308,401,285,244,302,183,193,222,224,260,325,385,270,371,239,199,270,422,449,455,358,315,289,286,377,315,429,442,321,413,440,451,363,331,320,329,389,352,432,434,338,395,423,442,362,341,342,363,394,380,426,420,348,372,398,423,354,343,357,387,390,399,413,398,352,343,368,395,339,338,363,401,378,408,390,369,347,310,332,363,317,325,360,405,359,405,362,335,334,273,292,323,290,305,349,400,333,395,327,296,315,234,250,281,259,279,329,383,301,373,288,254,289,197,210,238,224,248,301,356,265,343,246,215,258,422,449,453,355,310,282,278,373,307,426,442,316,413,440,450,358,323,306,312,381,336,426,434,329,396,424,440,356,329,324,338,383,357,421,420,336,374,400,421,346,327,333,356,377,370,405,398,335,347,372,396,331,320,336,366,365,374,386,372,329,316,338,365,309,306,331,366,346,369,357,340,315,281,302,329,284,286,318,358,320,356,326,304,296,247,264,291,254,262,297,340,290,334,289,267,271,212,227,250,222,233,271,313,257,305,250,229,242,422,449,451,351,304,273,266,367,296,423,441,309,412,438,447,352,311,289,290,372,315,421,433,317,397,423,434,346,312,300,308,370,329,413,418,319,375,401,417,335,308,305,319,362,334,398,398,316,349,374,393,319,298,302,322,347,334,376,372,306,320,343,364,298,284,295,319,328,326,351,343,292,288,309,331,273,264,281,308,303,311,320,310,273,254,273,295,247,240,261,290,275,290,287,275,249,223,238,260,217,215,238,267,245,264,252,240,223,421,448,449,347,297,263,252,361,283,419,438,302,412,438,442,344,297,270,265,360,292,413,430,304,396,421,429,335,294,273,272,353,295,401,415,300,375,400,409,322,285,271,276,342,295,386,395,293,350,374,387,305,274,266,274,326,288,364,370,281,322,344,358,283,257,254,267,306,278,338,341,265,292,312,328,261,239,241,256,283,263,310,311,247,261,279,295,235,217,223,239,257,244,279,278,225,229,245,260,209,194,202,220,229,222,247,245,202,421,447,446,342,289,252,238,354,270,413,438,294,411,436,436,334,282,249,238,347,266,404,428,288,394,418,421,322,273,243,236,335,261,390,411,279,373,396,400,306,261,236,229,320,252,371,390,268,348,370,376,288,246,225,225,302,242,348,365,252,320,341,348,267,229,214,214,281,229,322,337,237,291,309,318,244,211,200,202,258,215,294,306,218,261,278,288,221,192,185,189,235,197,266,275,199,231,246,256,196,171,167,173,210,180,237,244,178,421,446,442,337,281,240,224,347,256,409,436,286,409,433,429,325,267,227,210,333,240,395,424,273,392,413,409,308,250,214,197,316,225,376,405,258,369,391,387,289,235,200,186,297,210,353,382,242,343,363,361,268,218,187,175,276,196,328,356,224,315,333,333,246,200,174,164,254,182,302,327,206,285,302,303,225,183,160,154,231,169,275,297,189,256,271,273,202,166,148,142,210,154,248,267,172,227,241,244,181,148,134,130,188,141,221,237,154,420,445,438,332,274,229,210,340,243,405,434,278,408,430,422,315,252,206,184,320,216,386,420,258,388,409,399,294,231,184,161,297,191,362,399,236,364,383,371,271,209,165,144,273,170,334,373,215,336,353,342,248,189,150,129,249,152,306,343,196,306,321,312,225,172,137,119,227,139,278,313,178,275,289,282,202,156,125,110,204,127,250,282,161,246,258,254,183,140,114,103,185,117,225,252,146,219,229,225,164,127,105,95,166,107,200,225,132,420,444,436,328,267,219,197,334,231,401,433,271,405,429,416,307,239,186,160,308,193,377,417,244,386,405,388,281,211,156,128,279,159,348,393,216,359,375,356,252,185,133,105,250,132,315,363,190,327,341,321,225,163,117,91,224,114,282,330,169,294,305,287,202,145,105,83,200,103,252,296,151,262,272,256,181,130,96,78,179,95,224,263,136,233,241,229,163,118,90,73,162,88,200,234,124,206,214,204,146,108,83,70,146,83,180,208,112,419,444,434,325,262,211,187,330,223,398,432,266,405,426,411,300,229,170,139,298,175,371,415,233,384,403,380,270,194,132,98,264,131,337,389,199,356,370,342,237,162,105,74,231,101,299,356,168,321,331,300,204,137,90,66,202,86,260,317,144,282,289,260,179,122,83,64,178,80,225,277,128,246,250,227,159,111,79,62,158,76,197,241,117,215,220,202,144,102,75,60,142,73,175,212,107,190,194,181,130,95,71,57,129,70,158,189,99,419,443,433,323,259,206,180,327,217,396,432,263,405,426,408,295,222,159,124,292,161,366,413,225,383,401,375,262,182,113,78,252,111,330,387,186,355,369,335,225,144,85,66,219,85,288,353,151,320,329,288,187,117,82,65,190,77,243,312,129,279,284,237,158,107,79,63,165,76,202,267,114,235,235,197,141,101,76,61,144,74,173,222,106,198,198,174,130,96,73,60,129,72,154,190,100,175,176,159,120,90,70,57,118,69,141,170,93,419,443,432,322,258,204,178,326,215,395,430,261,405,426,407,294,219,154,120,289,157,365,413,222,383,401,373,260,177,107,71,250,104,327,386,181,354,368,332,221,134,84,66,216,81,284,351,147,319,328,286,180,110,82,65,187,77,236,311,124,279,283,234,141,106,79,63,162,76,196,265,109,234,234,181,132,101,76,61,139,74,164,216,103,190,189,161,124,96,73,60,124,72,145,180,97,167,168,148,115,90,70,57,113,69,134,161,92]}