{"c":"50196","n":"富士","la":35.18333333333333,"lo":138.66333333333333,"e":66,"t":[5.6,6.3,9.4,14.3,18.3,21.5,25.0,26.5,23.6,18.1,12.9,7.9],"s":[0,0,0,0,0,0,0,0,0,0,0,0],"i":[390,386,442,364,320,292,284,367,316,419,405,325,381,378,440,372,341,327,329,382,357,423,400,347,365,364,429,372,354,355,365,389,390,418,386,361,343,342,409,365,359,374,392,387,413,405,365,366,315,315,381,350,356,384,409,377,425,383,337,363,283,284,346,327,345,384,416,359,426,354,304,352,247,248,305,299,326,375,411,334,417,318,267,333,210,210,260,265,300,356,395,302,397,277,225,307,172,172,211,225,268,329,370,264,367,231,185,274,390,386,442,363,319,290,282,366,314,418,405,324,381,378,440,371,339,324,325,380,354,422,400,345,365,364,429,371,351,351,359,387,385,417,386,358,343,342,409,363,355,368,385,384,405,404,365,362,317,316,382,348,352,377,400,374,417,383,338,359,285,285,348,326,340,377,405,356,418,354,306,348,250,250,308,298,321,367,399,331,408,319,269,328,213,214,264,264,294,348,383,299,387,278,229,302,176,177,217,227,262,320,358,263,357,234,190,269,390,386,442,362,316,286,276,363,309,417,405,321,381,378,438,368,333,315,313,375,344,420,400,339,366,364,429,367,342,338,343,380,370,413,386,349,345,344,409,359,345,352,363,377,387,401,366,352,319,318,384,343,340,358,375,365,394,380,340,347,289,289,352,321,327,355,377,347,392,352,310,334,256,256,314,294,307,344,369,322,380,319,275,315,221,221,274,262,281,324,351,292,358,281,239,289,187,188,231,227,249,296,325,257,328,240,202,257,390,386,441,359,311,279,268,359,301,413,405,316,381,378,437,362,324,303,296,368,327,416,399,330,366,364,426,360,330,320,317,369,346,409,386,337,346,344,408,350,329,329,331,364,358,395,366,336,321,320,385,335,322,331,337,352,361,375,342,329,293,292,354,313,308,326,335,333,355,348,313,316,262,262,320,287,288,313,325,309,341,317,281,296,229,229,282,257,263,293,306,280,319,282,248,271,199,199,243,225,234,267,279,248,290,245,213,242,389,385,438,355,305,270,256,354,290,411,404,310,381,377,434,356,313,286,274,358,307,409,397,318,366,363,423,350,313,296,288,356,319,401,384,320,347,344,405,340,310,301,294,348,323,387,365,317,323,321,381,323,300,298,293,334,321,366,342,307,296,295,354,302,285,291,288,315,312,341,315,293,267,266,321,277,266,277,275,291,296,311,285,273,236,236,287,250,242,258,256,264,276,279,252,250,206,206,252,220,216,234,234,235,250,245,221,223,389,384,436,350,298,260,243,348,277,407,403,303,380,375,430,347,299,267,250,346,285,401,395,304,365,361,416,339,295,270,252,340,286,391,381,301,346,343,398,326,287,268,252,329,284,375,362,293,323,320,375,309,275,263,247,313,277,354,340,282,297,294,348,287,259,252,238,293,266,329,313,266,269,267,318,264,240,238,225,271,250,301,285,248,240,239,286,238,218,221,208,246,231,271,254,225,211,210,252,212,195,200,188,219,209,240,225,202,388,384,433,346,290,249,229,341,265,403,401,295,379,374,424,338,283,246,225,334,260,394,392,289,364,359,409,326,274,240,219,322,252,379,377,280,344,340,388,310,262,234,210,307,243,360,357,269,321,317,365,291,247,224,200,290,231,338,334,254,295,292,338,270,231,212,188,269,218,313,308,238,268,265,309,246,212,198,176,247,204,286,280,219,240,238,279,223,193,183,161,224,186,258,252,200,212,210,249,199,172,165,145,200,168,229,224,178,388,383,430,341,282,238,216,334,250,398,400,287,377,372,417,328,268,225,199,321,235,385,389,274,361,356,399,312,252,212,184,304,218,366,372,259,341,335,376,292,236,198,170,285,202,344,351,242,317,312,351,271,219,185,156,265,188,319,326,225,290,286,323,249,200,173,144,244,173,294,300,208,263,259,295,227,184,159,132,222,159,267,272,190,236,231,265,204,166,147,120,200,145,241,244,173,209,206,237,183,149,133,108,180,131,215,218,155,387,382,426,336,275,227,202,328,239,394,399,279,376,370,411,318,254,204,175,308,211,375,386,259,359,352,388,297,231,183,151,285,186,352,367,237,336,330,362,274,210,164,131,262,164,325,343,216,310,304,333,250,190,149,115,239,147,298,316,196,283,277,304,227,173,136,105,217,133,271,288,178,254,250,275,204,156,124,95,197,120,245,260,162,227,223,247,185,140,114,87,177,110,219,233,147,202,198,220,165,127,105,79,159,100,196,206,132,387,381,424,332,268,217,192,322,227,390,398,272,375,369,405,310,240,185,154,296,190,367,383,245,356,349,379,283,212,155,122,268,156,339,362,217,332,325,347,254,185,133,98,241,129,307,335,191,304,296,313,227,163,115,84,215,111,275,304,169,274,266,280,204,145,105,75,192,99,246,273,151,244,238,250,183,131,96,70,173,91,219,244,136,217,211,224,164,119,90,65,155,84,196,217,124,192,187,200,147,108,83,62,140,79,175,193,112,387,381,422,328,263,210,183,317,220,387,396,267,374,367,400,302,229,169,136,287,172,361,381,234,355,347,370,272,195,132,96,254,130,328,358,200,330,321,334,239,163,105,72,222,100,292,328,169,299,290,294,206,138,90,65,195,85,254,294,145,264,254,256,180,122,83,63,172,79,220,258,128,231,223,223,160,111,79,61,153,75,193,225,117,202,197,198,144,102,75,59,138,72,172,199,107,180,174,178,131,95,71,57,125,69,155,177,99,386,380,421,326,260,204,177,315,214,385,396,263,374,367,397,298,222,158,123,281,160,357,379,225,354,346,366,264,182,113,77,244,111,321,356,187,329,320,327,227,144,85,66,211,85,281,325,152,298,288,283,188,115,82,64,183,77,238,289,129,262,252,234,158,107,80,63,160,75,200,249,114,223,212,195,141,101,76,61,140,73,170,210,106,189,181,173,130,96,73,59,126,70,152,181,100,167,161,157,120,90,70,57,115,68,139,162,93,386,380,420,325,259,202,176,314,212,385,396,262,374,367,396,296,219,154,119,278,155,356,379,223,354,346,364,262,177,107,71,240,103,319,355,182,328,319,325,223,134,85,66,206,81,277,324,147,297,287,280,180,110,82,64,180,77,231,288,124,261,250,231,141,106,80,63,156,75,193,248,109,222,211,180,132,101,76,61,136,73,162,204,103,183,175,160,124,95,73,59,121,70,144,172,97,161,155,147,115,90,70,57,112,68,133,155,92]}