{"c":"50226","n":"佐久間","la":35.056666666666665,"lo":137.76166666666666,"e":150,"t":[3.4,4.4,7.8,13.3,17.8,21.5,25.1,26.2,22.7,16.7,10.8,5.3],"s":[0,0,0,0,0,0,0,0,0,0,0,0],"i":[417,432,457,363,324,285,266,371,295,429,434,324,407,422,454,371,345,318,306,384,332,433,428,345,389,405,443,371,358,344,339,390,360,429,412,358,365,380,422,364,363,362,363,387,380,415,389,363,334,348,393,349,360,371,378,375,390,392,358,360,298,311,356,327,349,371,384,356,391,362,322,349,259,270,313,298,330,362,379,329,381,325,281,330,217,225,266,264,303,343,365,296,363,282,236,304,175,182,214,225,271,317,342,258,335,235,191,271,417,432,457,363,323,283,265,370,294,429,434,323,407,422,455,371,343,315,304,383,329,433,428,343,389,405,443,370,355,340,336,388,356,426,412,355,365,381,422,362,359,356,359,384,375,413,389,359,335,350,394,347,355,364,374,373,384,391,360,356,300,313,358,325,343,363,378,353,384,362,324,344,262,274,316,297,324,353,373,327,374,325,284,325,221,231,270,263,297,334,359,294,355,283,241,298,181,188,222,225,264,308,335,257,327,238,197,266,417,430,455,361,319,279,261,368,289,426,434,320,407,423,454,367,336,307,296,379,320,430,428,337,390,405,443,366,346,327,323,382,344,424,413,346,367,383,424,358,348,340,343,377,359,411,391,349,338,353,396,342,343,346,354,365,365,388,363,344,306,319,363,320,330,342,357,346,362,360,329,331,269,282,323,293,309,331,350,320,350,325,292,311,231,242,281,261,283,311,334,288,330,286,252,285,195,202,238,225,252,284,310,252,302,245,212,254,417,430,455,358,314,272,252,364,282,424,434,315,407,422,451,362,327,294,281,372,306,425,426,328,391,407,441,359,334,310,302,372,323,419,413,334,369,384,422,349,332,318,317,366,334,404,392,333,342,357,397,334,325,320,324,353,336,384,365,326,312,325,365,312,311,314,323,333,330,356,334,312,278,290,330,286,290,301,314,308,317,324,299,293,243,254,291,256,265,281,297,279,296,288,263,268,209,218,250,224,236,256,273,246,270,250,225,239,416,430,453,355,308,264,244,359,273,421,433,309,407,421,448,355,316,278,263,363,289,419,425,316,392,405,436,349,317,288,277,360,299,411,411,318,371,385,418,339,313,292,285,351,302,396,391,314,344,359,394,321,302,288,286,336,301,374,366,304,316,329,365,301,288,281,282,317,292,349,337,290,285,297,332,276,268,267,272,293,278,318,304,270,252,262,296,249,244,248,254,265,259,285,270,247,219,229,260,219,218,225,234,235,234,250,236,221,416,430,450,350,301,254,231,353,262,417,432,302,405,420,443,347,301,260,242,352,269,412,423,303,391,404,430,338,298,262,246,345,270,400,408,300,370,384,411,325,289,260,249,333,269,384,388,291,345,359,388,308,277,254,245,317,261,362,364,280,317,329,359,286,261,243,238,297,252,336,335,263,288,299,329,263,242,229,227,274,237,308,305,245,257,267,296,237,220,212,211,248,219,277,273,223,225,235,261,211,197,193,194,221,198,245,240,200,416,429,447,345,293,243,220,347,250,413,430,294,405,418,438,337,286,241,219,339,246,403,420,288,389,401,422,325,277,235,216,328,241,388,404,279,368,380,401,309,265,227,210,313,231,369,383,267,343,355,377,290,249,218,202,295,222,346,358,252,316,327,349,269,233,206,193,274,209,320,331,236,287,296,319,246,213,192,183,250,195,293,300,217,257,266,288,222,195,177,169,227,179,264,271,198,227,236,257,198,173,159,154,204,162,235,240,177,415,428,444,340,285,233,208,340,239,408,429,286,404,416,430,328,271,220,195,327,224,394,417,273,387,398,411,311,254,206,183,310,210,374,399,258,364,375,388,292,238,194,172,291,196,352,376,241,339,348,361,271,221,180,162,271,182,327,350,224,311,320,333,248,202,169,151,249,168,300,321,206,281,290,304,227,185,154,141,227,155,273,292,189,252,259,273,204,168,143,130,204,142,246,262,171,224,231,245,182,150,128,118,184,128,219,233,154,415,426,441,336,277,222,196,334,227,403,428,278,403,413,423,318,256,200,173,315,202,384,413,258,384,394,400,297,234,180,153,292,181,360,392,237,359,368,373,273,212,162,136,269,161,333,367,215,331,339,342,250,191,147,123,246,145,304,338,196,302,309,312,227,173,134,112,223,132,276,308,178,272,278,283,204,157,122,105,202,120,250,277,161,243,248,254,184,141,112,97,182,110,224,248,146,215,220,227,165,128,102,89,163,100,200,221,131,413,426,438,331,271,213,185,329,218,399,426,272,401,412,417,309,242,182,152,304,184,376,409,245,381,390,390,283,213,154,125,276,153,346,387,217,354,361,357,254,187,132,104,248,129,314,358,191,323,328,322,227,164,115,91,222,112,281,325,169,291,294,288,202,146,104,83,198,101,250,291,151,259,262,256,182,131,95,78,178,93,223,259,136,229,233,229,164,119,89,72,160,86,199,229,124,202,206,204,146,109,82,69,144,80,178,204,112,413,426,434,328,265,206,177,325,210,396,425,267,401,411,412,302,231,168,135,295,168,369,408,234,379,387,381,272,196,132,99,262,130,336,383,200,352,356,343,239,164,105,78,229,103,298,350,169,317,320,301,206,138,91,70,202,89,259,313,145,279,280,261,180,122,84,67,177,82,224,273,129,243,243,227,160,111,80,65,157,78,196,238,117,213,213,202,144,103,76,62,141,73,174,209,108,188,188,181,131,96,72,59,128,70,157,186,99,413,426,434,326,262,202,171,322,204,394,425,263,400,409,409,298,225,157,123,289,157,365,405,227,379,386,376,265,184,114,82,252,112,329,380,188,350,355,336,227,145,86,71,219,89,287,347,153,316,318,289,188,117,84,69,190,81,242,308,130,277,275,238,158,107,81,67,165,78,202,263,114,233,229,197,141,101,77,65,143,75,172,220,107,196,193,174,130,96,74,62,128,72,153,188,100,173,172,159,120,90,70,59,118,69,140,168,94,413,425,434,325,261,200,169,321,202,394,424,262,400,409,408,296,222,153,119,287,153,364,405,224,378,386,375,262,179,108,77,249,106,327,379,183,350,354,334,223,135,86,71,215,85,283,346,148,315,317,287,181,110,84,69,187,81,235,306,125,276,274,235,141,106,81,67,161,78,196,262,109,233,227,181,132,101,77,65,139,75,164,214,103,189,185,161,124,96,74,62,123,72,145,178,98,166,164,148,115,90,70,59,113,69,134,159,92]}