{"c":"50506","n":"稲取","la":34.781666666666666,"lo":139.04833333333335,"e":130,"t":[6.6,6.7,9.3,13.9,17.6,20.5,24.1,25.4,22.7,18.0,13.6,9.3],"s":[0,0,0,0,0,0,0,0,0,0,0,0],"i":[428,459,505,395,337,288,278,387,303,438,463,340,417,448,504,404,359,322,320,401,342,443,457,362,399,429,491,405,374,349,355,405,372,438,440,376,373,401,468,397,379,367,381,403,393,423,413,381,342,368,434,381,376,376,397,390,404,400,381,378,305,327,392,356,365,376,401,370,404,368,341,366,264,283,342,324,345,367,397,342,395,330,296,345,221,235,288,286,317,348,382,306,375,286,248,317,179,187,229,243,282,321,357,266,346,237,198,282,428,459,505,394,336,286,276,386,302,438,463,339,417,449,504,403,357,319,317,399,338,442,457,360,399,430,491,404,370,345,349,404,367,437,440,373,374,403,467,396,375,362,373,400,387,422,415,377,343,370,434,379,371,370,388,388,396,399,383,373,307,330,394,355,359,369,392,367,396,369,344,361,267,287,346,324,339,359,386,339,386,331,300,340,225,240,294,287,311,340,371,305,366,288,252,312,185,194,238,245,276,313,345,265,337,241,206,278,428,459,504,392,332,282,270,383,297,437,463,335,418,449,501,400,350,311,306,395,329,440,455,354,400,430,488,399,361,332,334,398,353,434,440,364,377,405,467,391,364,346,353,393,369,420,416,367,347,374,434,374,359,351,364,380,375,397,385,361,313,337,397,350,345,348,365,359,372,368,349,348,276,297,352,321,324,337,357,332,360,332,308,327,237,254,304,285,296,317,340,299,339,292,265,299,199,212,254,246,263,290,314,262,310,249,222,266,428,459,501,389,327,275,262,379,289,434,463,330,418,449,497,394,341,298,289,387,314,434,455,344,401,432,484,392,348,315,310,388,331,429,438,351,379,408,462,381,347,323,322,381,342,413,416,351,351,379,434,365,339,325,328,367,344,392,388,343,319,345,397,342,325,320,325,346,338,363,354,329,285,307,357,314,304,307,315,320,324,331,316,308,249,269,313,281,278,287,296,289,303,294,277,282,214,229,267,246,247,261,271,254,275,254,237,250,428,458,499,385,320,267,250,374,279,430,462,324,418,448,492,386,329,282,268,377,295,429,453,332,401,432,478,381,330,292,281,374,306,421,437,334,380,409,457,370,326,296,287,365,309,405,416,331,354,381,426,352,316,294,286,349,306,383,388,321,325,350,395,330,301,286,280,329,298,357,356,305,292,315,357,302,281,272,268,304,282,326,321,285,258,279,317,273,254,252,249,275,262,292,284,260,225,243,276,240,227,229,227,244,237,257,248,233,428,458,496,380,313,257,238,368,268,426,459,316,417,447,486,377,314,263,245,366,274,421,450,318,401,430,469,368,310,266,248,358,275,409,434,315,381,409,447,354,302,264,247,346,273,393,412,306,355,382,419,336,290,259,242,329,265,371,385,295,326,351,386,313,273,248,231,308,254,345,354,278,296,319,352,288,252,235,219,284,239,316,322,259,264,285,314,260,229,217,202,257,220,285,288,236,231,250,276,231,206,197,183,229,199,252,252,211,426,457,492,374,304,246,225,361,254,422,459,308,417,445,478,366,297,243,221,353,250,413,447,302,400,428,458,353,288,237,215,341,244,398,429,293,379,405,433,336,275,231,206,325,234,378,405,281,353,379,405,316,259,221,197,306,224,355,379,265,325,349,373,294,243,210,185,284,210,329,349,249,295,317,338,268,222,195,172,260,196,301,317,229,265,285,304,244,202,181,158,236,178,272,285,209,234,252,269,217,181,163,142,211,161,242,252,187,426,455,488,368,296,235,212,354,243,418,457,300,415,443,470,355,281,223,195,340,227,403,443,286,398,424,446,337,265,210,181,322,212,384,422,270,375,400,417,316,247,196,167,302,197,361,397,252,348,372,386,293,229,183,153,280,182,335,369,235,320,341,354,270,210,171,141,258,168,309,338,217,290,309,320,246,193,157,129,235,154,281,306,199,260,278,285,222,174,145,118,212,140,252,274,180,231,247,254,199,156,131,105,190,126,225,244,162,426,455,484,363,288,224,200,348,231,413,455,292,413,441,461,343,265,202,173,327,204,394,438,270,394,420,433,320,241,181,149,303,181,369,416,248,370,392,399,295,219,163,130,279,161,341,387,225,341,361,364,269,198,148,114,254,143,313,355,204,311,329,329,244,179,135,104,231,130,284,323,186,280,296,295,220,162,123,94,208,118,257,290,169,250,265,263,199,146,112,86,187,107,229,259,153,222,235,231,178,132,104,78,168,97,206,229,138,426,454,480,358,280,215,189,342,221,409,454,284,413,438,455,333,250,184,152,315,186,385,434,256,392,415,421,304,220,155,121,286,153,355,409,225,365,385,381,273,192,132,98,256,128,322,377,199,333,350,340,243,168,115,83,229,110,288,341,176,300,313,300,217,150,104,75,204,98,257,304,157,267,279,264,194,134,95,70,182,90,229,270,141,236,247,234,174,122,89,65,164,83,204,239,128,209,219,206,156,112,82,61,147,78,183,212,117,425,454,479,354,275,208,181,338,213,405,453,279,412,437,449,325,239,168,135,306,169,378,433,244,390,412,411,291,202,132,96,271,129,344,405,208,362,379,366,252,167,105,72,237,100,305,369,175,327,340,316,218,141,90,65,206,86,266,328,150,288,297,269,188,124,83,62,181,79,229,285,132,250,257,229,167,112,79,61,160,75,200,246,119,219,225,202,150,104,74,59,144,71,179,215,109,194,199,180,137,97,71,56,130,68,161,191,101,425,453,478,352,271,202,175,335,208,404,451,275,411,436,447,320,231,157,122,300,157,374,432,236,390,411,407,282,188,113,78,261,111,337,403,195,361,377,359,239,147,84,65,225,85,294,366,157,325,337,304,196,117,81,64,195,77,248,322,131,285,291,244,162,107,79,62,168,75,206,273,115,240,241,196,144,101,76,61,145,73,175,225,107,202,202,171,133,96,72,59,129,70,156,192,100,178,179,155,123,91,69,56,119,67,143,171,94,425,453,478,351,270,200,174,334,206,403,451,274,411,436,447,318,227,153,119,298,153,373,430,233,389,409,407,279,183,107,72,258,104,334,401,190,360,377,359,235,136,84,65,222,81,290,365,152,324,336,304,188,109,81,64,191,77,241,322,126,284,290,244,141,105,79,62,164,75,200,273,108,239,239,182,132,101,76,61,140,73,166,220,103,194,192,158,125,96,72,59,124,70,146,181,98,170,170,146,117,91,69,56,113,67,135,162,92]}