{"c":"50551","n":"御前崎","la":34.60333333333333,"lo":138.21166666666667,"e":45,"t":[6.7,7.1,10.1,14.6,18.3,21.3,24.7,26.4,24.1,19.4,14.4,9.2],"s":[0,0,0,0,0,0,0,0,0,0,0,0],"i":[459,509,556,426,358,315,315,426,348,479,508,367,448,497,553,438,383,355,368,443,396,484,499,392,428,476,539,438,399,387,412,451,434,479,480,408,400,445,512,430,405,408,445,448,461,463,451,415,365,405,475,413,403,420,466,434,476,438,415,412,325,359,428,387,391,420,474,413,479,404,371,399,280,309,373,352,369,409,470,382,469,361,320,377,233,254,312,310,340,390,454,343,446,312,266,347,187,200,246,263,302,360,425,298,413,258,211,308,459,509,555,426,357,314,314,425,346,479,508,366,448,498,554,437,380,352,366,442,393,484,500,390,429,476,539,438,395,381,408,448,429,478,480,405,401,446,513,429,401,401,440,445,455,463,453,411,367,408,476,412,397,412,459,433,468,438,417,407,327,362,430,386,384,411,468,409,470,404,374,394,284,314,378,352,362,401,463,380,459,362,325,371,238,261,319,311,332,380,447,341,437,315,273,341,194,209,257,265,295,350,418,297,403,263,220,303,459,509,555,424,353,309,308,422,341,476,508,362,449,498,553,433,373,342,355,436,381,480,500,383,430,478,540,433,385,367,392,441,413,475,483,395,404,449,516,424,389,383,420,437,434,459,457,399,371,413,482,405,383,390,436,423,443,434,422,393,334,372,441,380,369,387,441,401,442,403,382,379,294,326,391,348,346,375,434,371,429,364,337,356,250,277,338,309,317,353,415,335,405,319,289,326,210,229,283,267,281,323,386,294,372,272,241,290,459,509,554,421,347,300,299,417,331,474,508,356,450,498,550,426,363,327,336,428,363,476,500,372,432,479,539,425,371,346,365,430,387,469,483,381,405,451,516,413,370,357,385,423,401,453,458,380,377,420,486,396,362,360,396,409,407,430,426,373,342,381,447,371,347,355,397,387,401,399,390,358,304,338,401,340,324,341,387,358,386,363,348,335,266,295,354,304,296,319,368,324,363,322,305,306,227,252,304,266,263,290,339,286,330,279,261,273,459,509,551,416,340,291,286,411,319,470,507,349,450,498,547,418,349,309,312,417,341,469,498,359,432,480,534,412,351,321,333,415,356,459,482,361,409,455,513,401,347,326,344,405,362,443,459,358,380,423,483,381,337,324,348,389,361,420,429,347,348,388,449,358,320,316,345,368,353,391,395,331,313,349,408,328,299,301,334,340,337,357,357,309,276,308,363,296,272,280,314,308,314,320,316,283,241,268,319,261,243,254,289,274,286,281,276,252,459,508,548,409,331,280,271,404,305,465,505,340,449,497,541,407,333,287,285,403,315,459,496,342,432,478,526,398,329,291,293,396,318,448,479,339,409,454,504,383,320,289,298,384,319,429,455,331,382,424,476,364,308,284,296,366,311,405,426,319,350,389,442,339,289,272,288,343,301,377,394,300,318,354,405,312,269,258,277,317,284,346,359,280,284,316,366,281,244,239,258,288,263,312,322,254,249,277,323,250,219,217,238,257,239,276,283,229,459,507,544,404,322,267,254,396,290,459,504,331,448,495,533,395,315,265,254,388,286,449,492,325,430,475,515,381,305,258,252,375,280,433,474,315,407,450,491,363,292,250,247,358,271,412,449,302,380,420,463,341,275,241,241,338,260,387,421,286,349,387,430,317,257,229,229,315,246,359,389,268,317,351,393,290,236,213,219,290,231,328,354,246,285,316,357,263,215,197,202,263,212,296,319,225,252,280,319,234,192,178,186,235,193,264,283,200,459,505,540,397,313,254,240,388,275,454,501,322,447,492,524,382,297,240,224,373,257,438,488,307,428,471,501,363,279,225,211,353,240,417,467,289,403,443,473,340,261,212,199,332,224,392,440,271,375,412,442,315,242,198,186,308,208,364,409,252,344,378,408,290,222,184,175,284,193,335,377,231,311,343,373,265,202,169,164,260,179,304,342,212,279,307,337,239,183,157,152,235,163,275,308,193,248,274,302,214,165,142,139,210,149,245,275,173,459,505,535,391,304,242,224,381,261,449,500,313,445,490,514,370,280,217,195,357,229,426,483,289,424,465,486,344,254,194,171,331,202,400,459,264,397,434,451,316,229,174,151,304,179,369,428,240,366,400,416,288,206,157,135,277,160,337,394,217,334,364,379,261,188,143,125,252,145,306,359,197,300,328,344,235,170,130,114,227,132,276,324,178,268,293,310,212,152,120,107,204,121,248,290,162,238,259,277,190,138,110,99,184,111,221,258,146,458,504,531,386,296,231,210,374,248,444,498,305,444,487,505,358,264,196,169,343,204,417,479,273,422,459,471,326,231,163,134,310,167,384,451,240,392,426,430,292,200,138,108,277,137,346,416,210,357,386,386,259,175,120,93,247,117,309,377,185,321,345,344,229,155,107,84,220,103,274,337,164,285,306,306,204,139,98,79,196,95,244,299,147,252,272,273,184,126,92,74,176,88,218,266,134,223,240,245,165,114,85,71,159,83,195,236,122,458,504,528,381,290,223,199,368,238,441,497,298,443,484,498,348,250,178,146,332,184,409,476,259,420,457,459,311,211,137,101,293,136,370,445,219,389,419,409,269,173,106,73,254,101,326,405,183,350,374,357,229,144,90,64,220,84,282,360,155,307,325,306,198,126,82,62,192,77,242,313,136,267,281,264,175,114,79,60,170,74,211,271,123,233,245,234,157,106,75,59,152,71,187,237,112,206,216,210,143,99,72,57,138,69,169,211,105,458,504,526,379,286,217,191,365,231,438,496,294,443,484,494,343,243,166,129,324,169,404,474,250,419,455,451,300,196,117,78,280,112,362,442,204,388,418,399,254,151,83,63,240,82,313,401,162,349,372,339,204,119,80,62,206,73,262,353,135,304,319,273,168,107,78,61,176,72,216,299,118,254,262,220,148,102,75,60,151,70,181,246,109,213,218,193,137,97,72,59,135,69,161,208,102,187,193,176,127,92,70,57,124,67,147,185,96,458,503,526,377,285,215,189,363,227,438,495,292,442,484,493,340,239,161,125,322,164,403,473,247,418,455,449,297,190,109,70,276,104,359,441,199,387,417,396,248,139,82,63,235,77,308,400,156,348,371,335,195,110,80,62,200,73,252,351,128,303,318,268,143,106,78,61,171,72,206,296,109,254,260,198,134,101,75,60,146,70,170,238,104,204,206,172,127,97,72,59,128,69,150,194,99,179,182,160,120,92,70,57,118,67,139,174,94]}