{"c":"50561","n":"石廊崎","la":34.60333333333333,"lo":138.84166666666667,"e":55,"t":[8.1,8.1,10.6,14.8,18.1,20.9,24.2,25.9,23.6,19.3,15.1,10.7],"s":[0,0,0,0,0,0,0,0,0,0,0,0],"i":[436,465,527,420,350,301,293,403,322,455,476,357,425,454,524,432,374,338,340,418,364,461,468,381,405,434,511,433,389,367,379,425,397,455,451,396,380,407,486,425,396,386,408,422,421,441,424,401,347,371,450,408,393,396,426,409,433,416,390,399,309,331,405,381,381,397,433,388,434,384,348,386,267,285,354,347,360,387,429,359,425,343,302,365,223,236,296,306,331,367,413,322,404,297,252,335,179,188,234,259,295,339,387,279,374,246,200,298,437,465,526,420,348,299,292,401,320,455,476,356,425,454,524,430,371,335,338,417,361,459,468,379,407,434,509,432,386,362,376,423,393,455,451,393,381,408,486,424,391,381,404,420,415,438,425,398,349,374,451,405,388,390,421,407,426,416,392,394,312,333,409,381,375,389,428,386,428,384,351,381,271,289,358,347,354,378,423,357,417,344,306,360,227,242,303,306,324,359,408,321,396,299,258,330,186,195,245,261,288,330,381,279,365,250,209,293,437,465,525,418,345,294,287,399,315,454,475,352,426,455,521,426,365,325,328,412,352,458,467,372,408,436,508,426,376,349,362,416,379,451,451,384,384,411,484,418,379,363,386,412,397,437,426,387,353,378,451,401,374,370,400,399,405,413,394,381,318,341,412,375,360,367,404,378,403,383,357,367,280,300,365,344,338,355,397,349,391,346,315,345,240,256,315,305,309,334,380,315,369,304,270,316,200,214,263,263,274,305,353,276,338,259,225,281,437,465,522,413,339,287,278,395,307,451,475,347,426,455,517,420,354,312,312,404,336,453,466,362,409,438,504,419,362,330,338,405,356,446,450,370,386,413,480,408,361,340,355,399,369,430,426,370,358,384,451,391,354,342,365,385,373,409,397,362,325,349,413,367,339,337,365,364,367,379,362,347,290,310,371,336,317,323,356,337,353,345,323,325,252,271,325,301,290,302,337,304,331,306,283,298,217,231,277,263,258,275,311,269,301,266,242,265,436,463,519,409,332,278,267,389,297,448,473,340,426,454,512,412,341,295,290,394,315,446,463,349,409,438,497,407,343,306,308,392,328,438,448,352,388,415,475,396,340,311,319,383,334,422,426,349,361,386,445,377,329,308,321,367,332,399,397,338,331,354,411,354,313,300,318,346,324,372,365,322,298,319,371,324,292,286,307,320,309,339,329,301,263,282,329,293,266,266,289,290,288,304,291,275,229,246,287,258,238,242,266,257,262,267,254,246,436,463,515,404,324,268,254,383,284,443,472,332,426,453,505,401,325,275,266,381,292,438,461,334,409,436,487,392,322,278,273,374,295,426,445,331,388,413,463,378,313,276,276,362,295,409,422,322,362,387,436,359,301,271,274,345,288,387,395,310,333,355,401,335,283,260,267,323,277,359,363,292,302,323,365,309,263,246,256,299,262,329,330,273,269,289,327,278,240,227,239,271,242,297,295,249,236,252,286,248,214,206,219,241,220,263,259,223,436,463,511,398,315,256,239,375,271,438,470,323,425,451,497,389,308,252,239,368,267,429,458,317,408,434,476,376,298,247,237,355,261,413,438,307,386,411,450,358,285,241,231,339,252,393,416,295,360,384,421,337,269,229,225,320,242,369,388,279,331,353,388,313,252,219,215,297,229,342,357,261,301,321,351,286,231,204,204,273,214,313,324,240,270,288,316,260,211,189,189,248,196,283,292,220,239,254,280,231,187,170,173,221,179,252,258,196,434,462,507,391,306,244,225,368,257,434,468,314,424,449,488,377,291,231,211,353,241,418,454,299,405,430,463,358,273,217,199,335,225,398,433,283,383,405,433,335,256,204,187,314,211,374,407,265,356,377,401,311,237,190,176,292,196,348,378,246,326,346,367,287,217,177,165,269,182,320,346,227,296,313,332,262,199,163,154,245,168,291,314,208,265,281,296,236,180,151,143,221,154,263,281,189,236,250,264,212,162,137,130,198,139,234,250,170,434,461,503,385,297,233,211,361,244,429,466,305,422,447,479,364,274,209,185,339,217,408,450,282,403,425,449,338,249,187,163,315,192,382,425,258,377,398,413,311,225,168,144,289,171,353,396,235,348,366,377,284,202,152,130,263,153,323,364,213,317,333,340,257,184,139,120,239,139,294,330,193,286,300,305,231,167,127,111,216,126,265,297,175,254,268,271,209,150,117,103,194,115,238,265,159,227,238,240,188,136,107,95,174,106,213,235,143,434,459,499,380,290,223,199,355,233,424,465,297,421,445,472,352,258,190,161,327,195,399,446,267,400,421,436,320,225,159,129,296,160,367,419,235,372,390,394,287,197,135,106,264,133,333,385,206,340,354,351,254,172,118,92,235,114,297,348,181,305,317,309,225,152,106,83,210,102,264,310,161,272,282,272,202,137,97,78,187,94,235,275,145,241,250,240,181,124,90,73,168,87,210,244,132,213,221,213,162,112,84,70,151,82,188,216,120,434,459,497,375,284,215,188,350,224,421,463,291,421,443,466,343,246,173,140,316,176,392,443,254,398,418,426,305,206,134,100,279,133,355,413,215,369,384,378,264,170,105,74,243,102,314,377,180,333,344,326,225,142,90,66,211,86,273,334,152,293,300,276,194,124,82,63,184,79,235,290,134,254,260,235,171,112,79,61,163,75,204,250,121,223,227,206,154,104,74,59,146,72,182,219,111,197,200,183,140,98,71,57,132,69,164,194,103,434,459,496,372,280,210,181,347,218,419,463,287,420,442,463,337,238,161,126,309,163,387,442,245,398,417,422,295,192,114,79,268,112,347,412,200,368,383,371,248,148,83,65,229,85,302,374,160,332,342,313,200,117,81,64,198,76,254,329,133,290,295,249,163,106,78,62,170,74,210,278,115,244,243,199,145,101,75,61,146,72,177,229,107,204,204,173,133,96,72,59,130,70,158,193,100,180,181,156,124,91,69,57,120,68,144,172,95,434,459,496,371,279,208,179,346,216,418,463,286,419,442,463,334,234,157,122,307,159,385,442,242,397,416,422,291,186,108,72,264,105,345,412,195,367,382,371,242,137,83,65,225,80,298,373,154,331,340,313,190,108,81,64,194,76,246,328,126,289,293,250,139,104,78,62,165,74,202,277,107,243,242,183,130,100,75,61,141,72,167,223,102,196,194,159,123,95,72,59,124,70,147,183,97,172,171,147,117,91,69,57,114,68,136,163,92]}