{"c":"51031","n":"愛西","la":35.21666666666667,"lo":136.69833333333332,"e":5,"t":[3.9,4.6,7.9,13.7,18.4,22.3,26.0,27.3,23.5,17.3,11.5,6.2],"s":[2,2,0,0,0,0,0,0,0,0,0,1],"i":[462,473,505,399,348,281,250,394,288,465,480,343,450,463,504,409,372,314,287,408,323,471,472,365,430,444,492,411,388,340,317,413,350,467,455,380,401,416,468,403,396,358,340,409,369,451,429,385,367,380,434,387,393,366,353,396,379,426,394,382,326,338,393,362,382,366,358,374,379,394,352,370,281,292,345,331,362,356,353,345,370,353,306,349,233,242,290,292,333,338,340,309,352,306,254,321,187,193,231,248,297,312,318,267,325,254,204,286,462,473,505,398,346,280,249,393,287,463,480,342,450,463,504,408,369,313,285,407,321,470,473,363,430,444,492,409,384,338,314,411,347,465,455,377,403,416,469,401,390,354,335,407,365,450,429,382,369,382,437,385,387,362,348,394,374,426,396,378,329,341,396,361,375,362,352,372,373,394,355,366,285,296,349,329,354,352,347,343,364,354,310,345,239,248,296,292,325,333,334,308,345,308,261,317,194,200,241,249,289,307,312,267,319,258,212,282,462,473,505,396,342,277,245,391,283,463,480,338,451,463,503,404,362,305,277,401,313,467,472,357,432,445,492,404,374,327,302,405,335,461,455,369,405,419,470,396,378,341,320,400,350,447,432,371,373,386,440,379,373,346,330,386,356,423,400,366,336,348,403,355,359,343,332,365,353,392,362,352,295,306,358,325,337,332,325,337,342,354,320,331,252,262,311,289,309,312,310,303,323,311,275,303,211,218,261,250,275,286,288,265,296,266,229,270,462,473,504,393,337,270,238,387,276,459,480,333,451,463,501,398,352,293,264,395,299,462,472,348,433,446,488,396,360,309,283,396,317,455,455,355,408,421,469,386,359,318,296,388,327,440,433,354,378,391,441,369,352,320,302,374,329,417,403,347,344,356,407,346,338,315,300,353,323,387,369,333,305,316,366,317,315,302,291,326,311,353,329,312,267,276,323,284,289,282,276,294,292,313,289,285,229,237,277,248,257,257,254,260,266,271,248,254,462,472,501,388,329,262,229,382,267,455,479,327,451,462,497,390,338,277,247,386,283,454,470,335,434,445,484,384,340,287,259,383,293,446,454,337,409,422,465,373,337,290,266,373,297,430,433,334,381,393,438,355,326,288,267,358,296,407,404,323,349,360,405,333,311,280,263,337,288,379,372,308,315,325,370,305,290,267,252,311,274,346,336,287,278,287,329,275,265,247,236,281,256,310,298,262,242,249,289,243,236,225,217,250,233,273,260,235,461,472,498,383,321,252,219,376,257,451,476,319,450,461,491,380,322,258,227,374,264,445,467,320,433,443,476,371,319,261,231,367,266,434,451,317,409,421,455,356,310,259,233,355,265,416,429,308,383,393,430,339,298,252,229,338,259,393,401,296,351,361,400,315,280,242,222,316,250,365,371,279,319,328,366,290,261,229,212,292,235,334,337,260,285,293,329,262,237,211,196,265,218,301,302,237,250,257,291,233,212,192,180,236,198,266,266,212,461,471,495,377,312,241,208,369,246,446,475,310,449,459,484,369,305,238,206,362,243,434,463,304,430,440,467,356,295,233,202,349,238,419,446,294,408,417,444,338,282,225,197,333,229,398,423,282,381,389,418,317,265,216,191,314,221,374,396,266,350,358,388,295,248,204,181,292,209,346,365,249,317,325,354,270,227,190,171,269,196,317,332,229,285,292,320,244,208,175,158,243,180,286,299,209,252,259,286,218,185,158,144,218,164,254,265,187,459,470,491,371,303,229,197,362,235,440,473,301,448,455,476,357,287,217,185,348,221,424,459,287,428,436,455,338,269,204,173,330,208,403,438,271,403,409,428,317,250,191,163,310,195,378,413,252,375,381,399,294,233,178,153,288,183,351,385,235,344,350,368,270,214,166,142,266,170,323,354,217,311,317,336,247,195,152,133,243,158,294,321,198,279,284,303,222,177,141,122,219,144,265,288,180,248,252,271,198,158,126,111,196,132,236,257,161,459,468,487,365,294,220,186,356,224,434,472,293,446,453,467,345,270,197,165,335,200,413,455,271,425,430,440,321,245,176,146,312,180,387,432,248,397,401,409,295,221,158,130,287,162,356,403,225,366,370,376,269,199,143,118,262,147,325,371,204,333,337,342,244,180,131,108,238,134,295,337,185,300,303,310,220,163,119,100,215,123,266,304,167,267,271,279,198,147,110,92,194,112,239,272,151,237,240,249,177,133,100,85,174,104,213,242,137,459,468,483,361,287,211,176,350,214,430,470,286,444,451,459,335,254,179,146,323,182,403,451,256,421,426,428,305,222,151,120,294,153,371,425,225,391,394,390,273,193,128,101,264,131,334,392,198,356,357,351,242,168,112,89,236,114,298,354,174,319,319,312,215,149,101,81,210,104,265,317,155,284,284,277,192,134,93,76,188,96,236,282,140,250,252,248,173,121,86,71,169,89,210,250,127,222,223,222,155,111,80,67,152,83,188,222,114,459,467,480,357,280,202,168,346,206,426,469,280,444,450,453,326,242,164,130,314,167,396,449,244,420,423,417,291,202,128,97,279,130,358,420,206,387,388,373,252,167,101,78,244,105,315,383,174,348,346,325,217,139,87,70,213,91,272,340,148,305,302,279,187,122,81,68,186,85,234,295,130,264,261,242,166,111,77,65,165,80,204,256,118,231,227,215,149,102,73,62,148,76,181,225,108,204,200,193,136,96,69,59,134,72,163,199,100,459,467,479,354,277,199,163,343,202,425,468,277,443,449,450,321,234,153,119,308,156,391,447,236,419,422,411,282,188,111,82,269,112,350,417,194,386,387,364,238,144,83,71,231,90,302,379,155,347,344,310,194,113,80,69,200,82,252,334,129,302,296,250,160,104,77,67,171,80,209,283,113,252,243,204,143,99,74,65,148,77,176,233,105,210,204,181,131,94,71,62,132,73,157,199,99,185,181,165,122,90,68,59,121,70,143,177,93,459,467,479,353,276,197,161,342,200,424,468,275,443,449,449,319,231,149,114,305,152,390,447,233,418,421,409,279,182,104,77,265,107,348,417,188,386,386,362,234,133,82,71,227,86,298,378,150,346,344,308,185,107,80,69,196,82,244,333,124,301,295,248,139,103,77,67,167,80,200,281,107,250,243,187,131,99,74,65,143,77,166,227,101,200,195,165,124,94,71,62,126,73,147,187,96,177,173,152,117,90,68,59,115,70,136,167,91]}