{"c":"51071","n":"稲武","la":35.211666666666666,"lo":137.50666666666666,"e":505,"t":[-0.1,0.6,4.3,10.0,14.8,18.7,22.4,23.2,19.7,13.3,7.4,2.1],"s":[2,4,0,0,0,0,0,0,0,0,0,1],"i":[397,404,438,342,305,254,233,344,256,408,413,301,388,396,436,349,324,283,265,355,283,412,407,319,372,381,425,349,336,304,291,358,304,407,393,329,349,358,405,342,340,318,309,354,319,393,371,333,321,329,378,327,336,324,320,342,325,372,342,329,288,295,343,307,325,323,323,323,324,343,309,318,250,258,302,280,307,314,318,299,315,308,270,300,212,217,258,248,283,298,306,268,299,268,229,276,173,176,209,213,252,274,285,233,276,224,186,246,397,404,438,342,304,254,233,344,254,408,413,300,388,396,436,348,322,280,263,354,281,411,407,317,372,380,425,348,333,300,288,356,301,405,392,327,350,358,405,340,336,313,306,352,315,392,371,330,322,330,379,326,332,319,316,340,321,371,344,325,289,297,345,305,320,316,318,321,319,343,310,314,254,260,305,279,302,307,313,297,310,308,273,296,216,221,262,248,277,290,300,267,293,269,233,271,178,182,216,213,246,267,280,233,270,227,192,242,397,404,438,340,301,250,229,342,250,405,413,297,388,396,434,345,316,273,256,350,274,408,407,312,373,381,425,344,325,290,278,352,291,401,393,319,351,360,405,336,326,300,292,346,302,389,372,321,324,333,380,321,321,303,300,333,305,368,346,315,294,301,349,300,308,299,301,315,302,341,315,302,260,267,311,275,289,288,294,291,291,308,279,284,224,229,271,245,264,271,280,262,274,271,242,260,190,194,229,212,235,247,260,229,250,231,204,231,397,404,436,338,297,245,223,339,245,404,412,293,388,396,433,341,308,263,245,344,263,404,405,304,373,381,422,338,313,275,261,344,276,397,392,309,352,360,404,328,312,281,271,336,283,383,372,307,327,335,380,313,304,281,276,323,283,363,348,300,298,306,350,292,291,275,273,304,277,337,318,286,266,273,316,268,271,263,265,281,265,306,285,268,234,240,279,240,248,245,250,254,247,272,250,244,202,206,241,210,220,223,229,224,225,237,216,218,397,403,434,334,291,238,215,335,238,401,412,288,388,395,430,335,298,249,229,337,250,398,404,294,373,380,418,329,298,256,240,333,257,390,390,294,353,361,401,318,294,259,245,324,258,375,371,290,329,336,377,302,284,254,245,309,254,355,347,280,302,308,349,283,269,247,241,291,247,330,320,266,272,278,318,258,250,234,231,268,234,301,289,248,240,246,283,233,227,217,216,242,217,269,256,225,210,215,248,204,204,197,198,215,197,237,225,202,396,403,432,330,285,229,206,330,229,397,409,282,387,393,425,327,285,234,213,327,234,391,401,282,372,379,412,319,281,235,216,320,234,380,388,278,353,359,394,306,272,231,216,309,231,364,369,270,329,336,371,289,261,225,212,293,225,344,345,259,302,308,344,269,245,215,204,274,215,319,318,243,274,280,314,247,227,202,195,252,202,292,289,225,245,250,282,222,206,187,180,227,186,263,259,204,215,220,249,197,185,169,165,202,168,231,227,184,396,401,429,326,278,221,197,324,221,393,409,275,386,392,420,319,271,218,195,317,217,384,399,269,370,376,404,307,262,212,191,306,211,369,384,260,350,356,384,291,250,204,185,292,202,351,363,249,327,332,361,273,235,195,179,274,194,329,340,235,300,306,334,254,220,184,169,254,182,304,313,219,273,277,305,231,200,171,159,233,170,278,285,200,244,249,275,209,183,157,147,211,155,250,256,183,216,220,245,186,163,142,134,189,141,223,227,164,395,401,426,321,270,212,187,319,212,389,407,268,385,390,413,310,257,200,176,307,200,375,396,256,368,373,395,294,242,189,165,291,187,357,378,242,347,351,372,276,225,177,155,273,175,335,356,225,322,326,346,256,210,165,146,254,163,311,332,210,296,299,319,235,193,153,135,234,151,286,305,194,267,271,291,214,176,140,126,213,139,260,277,177,240,242,262,193,159,129,115,192,126,234,248,160,213,216,234,172,142,115,105,172,114,209,221,143,395,400,423,317,264,202,177,314,202,385,405,261,383,388,407,301,244,184,158,296,184,367,392,243,365,369,384,281,223,166,141,276,165,344,373,223,342,345,358,260,202,150,127,254,148,318,348,204,316,318,329,237,183,137,114,233,134,291,321,186,288,290,300,215,167,125,106,212,123,265,292,169,259,261,271,194,151,112,98,192,112,239,264,153,231,233,244,175,136,104,90,173,102,214,236,138,204,206,217,156,123,95,82,155,93,191,210,125,394,399,420,314,258,196,169,309,196,381,405,256,382,386,401,294,231,170,142,287,169,359,390,231,363,365,375,269,204,145,119,263,144,332,368,206,338,339,343,243,180,126,101,237,124,301,340,183,309,309,310,218,159,111,90,213,110,270,309,163,278,277,277,195,142,101,83,191,100,241,277,146,248,247,247,175,128,92,77,172,92,215,247,132,220,220,221,157,115,86,72,154,85,192,220,119,195,194,197,140,106,79,68,139,79,172,195,108,394,399,418,311,252,190,162,306,190,378,404,250,381,385,396,287,222,157,128,280,156,353,387,222,362,363,367,259,190,127,99,250,126,322,364,192,336,335,331,229,160,104,81,222,104,287,334,164,304,301,291,199,136,91,75,196,92,250,299,142,268,265,252,174,121,85,71,173,86,218,262,127,234,231,221,155,111,80,68,154,81,191,229,114,206,202,196,140,102,75,64,138,76,170,202,106,182,179,176,127,94,71,61,125,71,153,179,97,394,398,417,309,250,186,157,304,186,377,403,248,381,384,394,284,216,149,119,275,148,350,386,216,361,362,362,252,179,112,86,243,112,316,362,181,335,334,324,219,143,89,76,213,93,277,331,150,302,300,280,183,117,85,74,186,86,236,294,129,266,261,231,155,108,82,71,162,83,199,252,114,225,219,194,139,102,78,68,142,79,170,213,106,191,186,171,128,96,74,64,127,75,152,183,99,169,165,156,118,90,69,61,115,71,138,163,92,394,398,417,308,249,185,156,303,184,376,403,247,381,384,393,282,213,145,115,273,145,349,386,213,361,362,361,250,174,107,81,240,108,314,361,177,334,333,322,215,134,89,76,210,90,274,330,146,302,299,278,177,112,85,74,183,86,229,293,125,265,260,229,140,107,82,71,159,83,193,252,110,225,218,179,131,101,78,68,138,79,162,206,104,185,179,160,123,96,74,64,123,75,144,174,97,163,159,146,113,90,69,61,112,71,133,156,91]}