{"c":"51116","n":"豊田","la":35.13166666666667,"lo":137.17666666666668,"e":75,"t":[3.3,4.1,7.7,13.5,18.0,21.8,25.6,26.8,23.2,16.9,11.0,5.6],"s":[0,1,0,0,0,0,0,0,0,0,0,0],"i":[451,463,500,398,351,296,271,397,304,465,471,348,440,451,498,408,376,333,313,412,343,471,463,373,421,434,486,409,393,362,348,419,373,467,447,388,393,407,463,401,400,383,374,416,394,451,421,395,359,372,430,386,398,393,390,403,405,428,387,392,320,332,388,361,386,394,396,382,407,395,347,380,276,287,341,329,366,385,392,353,398,354,301,360,229,238,288,291,337,366,378,317,378,306,252,331,185,190,229,247,300,338,354,275,350,254,202,295,451,463,500,398,350,294,270,396,302,463,471,347,440,453,499,407,374,330,311,411,340,470,463,370,421,434,486,408,389,357,345,416,369,465,447,385,394,407,463,400,395,376,369,413,389,450,421,390,361,374,432,384,392,385,385,400,399,426,389,387,322,334,392,360,379,385,390,379,399,394,349,375,280,291,345,328,358,375,386,351,389,354,305,354,235,244,293,291,329,355,371,315,369,308,258,325,192,198,239,248,292,327,347,274,341,258,209,289,451,463,500,395,346,290,265,394,298,462,471,344,441,453,498,403,366,320,302,405,330,467,463,363,422,434,486,403,379,343,331,409,355,462,448,375,397,409,465,395,383,358,352,405,371,447,424,379,365,378,434,378,377,364,365,392,378,423,393,373,329,341,398,354,364,362,367,371,375,393,356,360,289,300,354,324,342,350,361,343,364,355,315,339,248,257,307,288,313,330,345,309,343,312,271,310,206,215,258,249,278,301,321,271,314,266,227,276,451,462,498,392,340,282,257,390,290,459,471,338,441,453,495,397,356,307,287,398,315,462,463,353,423,436,484,395,364,324,309,399,334,455,448,361,399,412,463,385,363,334,325,392,345,440,425,361,370,382,436,369,357,337,332,379,348,418,396,354,336,348,401,345,342,331,332,358,342,388,362,339,299,309,362,317,320,318,323,331,328,353,323,318,262,271,319,283,292,297,306,299,308,314,284,291,224,231,274,248,260,271,282,264,280,272,244,260,451,462,496,388,333,273,247,384,280,455,470,331,441,451,492,389,342,289,267,388,297,454,461,340,424,434,479,383,344,300,283,386,308,446,446,343,401,413,459,373,341,305,291,377,312,430,425,340,373,384,433,354,330,302,293,361,311,407,397,329,342,352,401,333,315,295,289,340,302,379,365,314,308,318,365,304,294,281,279,314,287,347,330,293,271,281,325,275,268,261,262,285,267,310,292,268,237,244,286,242,239,238,241,252,243,273,256,240,451,461,493,382,325,263,235,378,269,451,468,323,440,450,486,379,326,270,246,376,276,445,459,325,423,433,472,370,323,273,250,369,278,434,443,322,401,411,451,356,313,271,252,357,276,416,421,313,374,384,426,338,302,265,250,340,269,393,395,302,343,353,395,315,283,254,243,318,259,365,364,284,311,320,362,290,264,241,231,294,244,335,331,265,278,286,326,261,240,223,216,266,225,302,297,241,244,252,288,231,215,202,199,237,204,267,261,217,450,459,488,376,315,250,223,371,256,446,466,314,438,448,479,368,308,248,221,363,252,434,455,308,421,430,462,355,298,243,219,350,246,419,438,298,398,407,438,338,285,235,213,334,238,399,415,286,372,380,413,317,268,225,206,315,227,374,388,270,342,350,384,295,250,213,196,293,214,347,359,252,310,317,351,269,231,200,186,269,200,317,326,233,278,285,317,244,211,184,172,244,183,286,294,213,246,252,283,217,188,166,157,218,167,254,261,190,450,459,486,370,306,239,210,363,244,440,465,305,437,446,471,356,290,225,197,349,229,424,451,291,418,426,450,338,272,213,184,331,214,403,432,274,394,401,424,317,254,199,174,310,200,378,407,257,366,373,395,294,236,185,163,288,186,351,378,238,336,342,365,270,216,173,152,265,171,323,348,220,304,310,333,246,198,159,142,242,158,294,316,200,273,277,300,222,179,147,131,219,144,265,283,183,242,247,268,198,160,132,120,196,131,236,252,164,449,458,482,365,297,227,197,357,231,434,463,297,436,443,463,345,273,204,174,335,206,413,447,274,415,421,436,321,248,183,153,311,183,386,424,250,388,394,405,295,223,164,136,286,163,356,396,227,358,362,373,269,200,148,123,261,146,325,364,206,326,330,340,244,182,135,112,237,133,295,332,187,293,297,308,219,165,123,104,214,121,266,299,169,262,265,277,198,148,113,96,193,110,239,268,153,231,235,247,177,134,103,89,173,101,213,238,138,449,457,478,360,289,218,186,351,222,430,461,289,434,441,455,334,257,185,152,323,186,403,443,259,412,417,424,304,224,155,123,292,154,370,417,227,383,386,387,273,194,131,102,262,129,334,385,200,349,350,348,243,170,114,89,234,112,298,349,176,313,313,310,216,150,103,81,208,100,265,312,156,278,279,276,193,135,94,76,186,92,236,278,141,247,247,246,173,122,88,71,167,85,210,247,127,218,219,221,155,112,81,68,151,80,188,219,115,448,457,476,356,283,211,177,346,214,426,459,283,434,440,449,326,244,169,134,313,170,395,441,246,409,413,413,291,204,131,97,277,129,357,413,208,379,380,370,252,168,102,75,242,101,315,377,174,341,340,323,217,139,88,68,210,87,272,335,148,299,297,278,187,122,81,65,184,80,234,292,130,260,257,242,166,111,77,63,163,76,204,252,118,227,225,214,150,103,73,60,146,72,181,222,109,200,199,192,136,96,70,57,133,69,163,197,101,448,455,474,354,279,204,171,343,208,424,459,279,433,438,446,321,236,157,121,306,158,391,438,238,409,413,408,282,190,112,79,266,111,349,409,194,378,379,362,239,145,82,68,229,86,302,373,155,340,338,309,195,113,80,66,197,78,252,329,129,296,291,250,161,104,77,65,169,76,208,279,113,248,240,204,143,99,74,62,146,73,175,231,105,206,202,181,132,94,71,60,131,71,156,197,99,183,180,165,123,90,68,57,120,68,143,176,94,448,455,474,353,278,202,169,342,206,424,459,278,433,438,445,319,231,153,117,304,154,389,438,235,409,413,405,279,183,105,73,262,105,347,409,189,378,378,359,234,133,82,68,225,82,298,372,150,339,337,306,185,106,80,66,193,78,244,328,124,296,291,248,140,103,77,65,165,76,200,278,106,247,240,187,131,99,74,62,141,73,166,225,101,199,193,165,124,94,71,60,125,71,146,186,96,175,171,152,117,90,68,57,114,68,136,166,92]}