{"c":"51161","n":"東海","la":35.02333333333333,"lo":136.90166666666667,"e":10,"t":[4.9,5.5,8.9,14.4,18.9,22.6,26.4,27.8,24.2,18.2,12.5,7.3],"s":[0,0,0,0,0,0,0,0,0,0,0,0],"i":[459,482,518,408,352,294,275,403,307,470,486,351,447,471,516,418,377,329,318,418,346,475,478,375,426,451,503,420,393,357,353,425,377,471,459,390,399,422,479,412,401,376,379,421,399,455,433,396,364,385,445,395,398,385,396,408,411,430,398,393,323,342,401,370,387,385,401,386,412,397,356,381,279,295,351,337,366,375,398,356,403,356,308,360,231,243,295,298,337,356,384,319,383,308,256,330,185,193,234,252,300,328,359,277,354,254,204,294,459,482,518,407,350,293,273,403,306,469,486,350,447,471,516,417,374,327,315,417,344,474,478,373,426,451,503,418,389,354,350,423,374,469,459,387,400,422,479,409,395,372,375,419,394,454,434,393,366,387,447,394,392,381,390,405,405,430,400,389,326,345,404,369,379,381,396,384,405,397,358,376,283,299,355,337,358,371,391,355,396,356,312,355,237,250,301,298,329,351,376,319,376,310,263,326,192,200,244,254,292,323,352,277,347,259,212,290,459,482,517,405,347,289,269,400,301,467,486,347,448,471,515,413,367,320,306,413,335,471,478,366,429,451,503,413,379,343,336,417,361,466,462,378,403,426,480,405,383,358,357,412,377,451,437,382,370,392,450,387,378,364,370,398,385,426,404,376,333,353,412,363,364,361,372,377,383,396,366,363,293,310,366,332,342,350,366,348,372,357,323,341,250,265,317,295,313,329,350,314,351,314,277,312,209,220,266,254,278,301,325,275,322,267,231,278,459,480,516,401,341,282,261,396,293,463,484,341,448,471,513,407,356,307,290,405,320,466,476,357,430,453,501,405,364,324,313,405,340,459,462,364,405,428,480,394,364,333,329,399,352,444,438,364,376,397,451,378,357,336,337,385,355,421,408,357,341,361,416,353,342,331,336,364,350,391,373,342,303,321,375,325,319,318,327,337,337,356,333,321,265,280,330,290,292,297,310,304,316,316,292,293,227,240,284,254,260,271,285,268,288,274,250,261,459,480,513,396,334,273,250,391,283,459,484,334,448,470,509,398,343,289,271,395,302,459,476,343,430,453,496,393,345,300,286,392,314,450,459,346,408,430,476,382,341,304,295,383,319,434,438,342,379,400,449,363,330,302,297,368,318,411,409,332,347,366,416,341,315,294,293,347,311,383,377,317,312,330,379,312,294,281,282,320,296,350,340,296,276,292,337,282,268,260,265,290,276,313,301,270,240,252,296,248,239,237,244,258,250,275,263,242,458,480,509,391,325,263,238,384,272,455,483,326,447,469,503,388,326,269,249,383,280,450,473,328,430,451,488,379,323,272,254,376,284,438,457,325,408,428,468,364,314,271,256,363,283,420,434,316,380,400,442,346,302,265,252,346,277,397,408,304,349,368,409,323,284,254,246,325,267,369,376,287,317,333,375,297,264,240,235,300,252,338,342,267,283,298,338,268,240,222,218,272,234,304,306,243,248,262,299,238,215,202,200,242,213,269,269,218,458,479,505,385,316,250,225,377,260,450,480,317,446,467,496,376,309,248,224,369,257,440,470,311,428,448,479,363,298,242,221,357,252,423,451,301,405,424,455,346,286,235,215,341,244,403,428,289,378,396,428,324,269,225,209,322,235,378,401,273,348,365,398,302,252,213,198,299,222,350,370,254,315,331,364,276,231,199,188,275,208,320,337,235,283,297,329,250,211,183,173,250,192,289,303,215,250,263,294,223,188,166,159,223,175,258,269,192,457,478,501,379,307,239,212,370,247,445,479,308,445,463,487,364,291,225,199,355,233,429,466,294,426,444,466,346,273,212,186,337,219,407,445,277,401,418,438,324,254,199,175,316,204,382,419,259,373,388,409,300,236,185,165,294,192,355,390,240,342,356,378,276,217,173,153,271,178,326,359,222,309,323,345,252,198,158,143,248,165,297,326,202,277,289,311,227,179,146,132,224,151,267,292,184,246,257,278,202,160,132,121,200,138,239,261,165,457,476,498,373,298,227,200,363,235,438,476,300,443,462,478,352,273,204,175,341,210,418,461,277,422,438,451,328,248,182,154,317,187,390,437,252,395,409,419,301,224,163,137,291,167,360,408,229,364,377,385,274,200,148,124,266,151,329,375,208,331,343,351,248,182,135,112,241,138,298,342,188,298,309,318,224,165,122,105,219,126,269,308,170,266,275,286,202,148,112,96,197,115,241,276,154,236,244,256,181,134,103,89,177,107,215,245,139,455,476,495,368,290,218,188,357,224,434,476,292,442,459,470,342,258,185,154,329,189,408,457,261,419,434,438,311,225,154,124,298,157,374,430,229,389,401,399,278,195,131,102,267,132,338,396,200,354,363,359,247,170,113,90,238,115,301,359,177,317,325,319,219,150,102,81,212,104,267,321,157,282,289,284,196,135,94,76,190,96,238,285,141,250,256,252,175,122,88,71,171,89,212,252,128,221,227,227,157,112,81,68,154,83,190,225,117,455,475,492,364,284,210,179,352,216,430,475,286,441,458,463,333,245,169,135,319,171,400,454,249,417,430,426,296,204,130,97,282,131,361,425,210,385,395,381,257,168,102,75,246,103,318,387,176,347,352,332,220,140,87,67,214,88,275,344,149,304,306,285,189,122,81,65,187,82,236,298,131,263,265,246,167,111,76,62,165,78,206,258,118,229,231,218,151,103,73,60,148,74,182,225,109,202,204,196,137,96,70,57,134,71,164,200,101,455,475,490,361,280,204,173,349,210,429,474,282,441,457,459,327,237,157,122,312,159,395,453,240,417,430,421,287,190,112,79,271,112,353,422,196,384,394,372,242,145,81,68,233,86,305,383,156,345,350,316,196,113,79,66,200,78,254,337,130,300,301,254,161,104,76,64,171,76,210,285,113,250,247,206,143,99,74,62,148,73,176,235,105,209,206,182,132,94,71,60,132,71,157,199,99,184,183,166,123,90,68,57,121,68,144,178,94,455,475,490,360,279,202,171,348,208,429,474,281,440,457,459,325,233,153,118,309,154,394,451,237,416,429,419,284,184,104,73,267,105,351,421,191,384,393,370,237,134,81,68,229,82,301,382,151,345,350,314,187,106,79,66,196,78,246,336,124,300,300,252,139,103,76,64,167,76,202,284,106,250,246,188,131,99,74,62,142,73,167,227,101,200,196,165,124,94,71,60,125,71,147,188,96,176,174,153,117,90,68,57,115,68,136,168,91]}