{"c":"51226","n":"岡崎","la":34.91833333333334,"lo":137.19333333333333,"e":47,"t":[4.0,4.7,8.2,13.8,18.3,22.0,25.8,27.0,23.5,17.3,11.5,6.2],"s":[0,0,0,0,0,0,0,0,0,0,0,0],"i":[428,451,501,389,340,290,271,387,297,449,461,340,417,442,499,399,363,325,313,401,334,454,453,362,399,424,487,400,378,353,347,405,363,450,437,377,374,398,463,392,384,372,372,403,383,434,412,383,342,364,430,376,381,381,388,391,393,412,379,379,306,325,389,352,370,381,394,370,394,379,340,368,265,281,340,321,350,372,389,342,385,340,296,347,222,234,287,283,321,353,375,307,366,295,248,319,180,188,229,241,287,326,351,267,338,245,199,285,428,451,501,389,339,288,269,386,295,449,461,339,417,442,500,398,361,322,310,399,331,453,453,360,399,424,487,398,374,348,343,404,358,448,437,373,375,398,463,390,379,365,368,400,377,434,412,378,344,366,432,374,375,374,383,388,387,411,381,374,308,327,392,351,363,373,388,367,387,379,342,362,269,285,345,320,342,363,383,340,377,341,299,342,227,240,293,283,314,344,368,305,357,297,252,314,186,195,238,242,279,316,344,266,329,249,206,279,428,451,501,387,335,284,265,383,291,447,459,335,418,443,499,394,354,313,301,395,322,450,453,354,400,425,487,394,365,334,330,398,345,445,438,364,377,400,466,385,368,348,351,393,360,430,413,367,347,370,434,369,362,354,363,380,367,407,384,362,313,333,398,345,348,351,365,360,364,378,348,348,276,294,354,316,327,339,358,332,352,341,308,327,238,252,307,280,299,319,342,299,332,300,266,300,200,211,258,243,266,291,318,262,304,256,223,267,428,451,500,384,330,277,257,379,283,444,459,330,418,442,496,388,344,300,286,387,307,445,451,344,401,426,484,386,351,316,308,388,325,438,437,351,378,401,465,376,350,325,323,381,335,424,415,350,351,373,437,360,343,327,331,367,337,401,387,343,319,340,401,336,328,322,330,347,331,373,354,329,285,303,362,309,306,309,321,321,318,340,317,308,249,265,320,276,280,288,304,290,298,301,278,281,214,227,275,242,249,262,279,256,271,262,239,250,426,451,497,379,323,268,247,374,274,440,459,323,417,442,493,381,331,283,267,378,290,438,451,332,401,425,480,375,333,293,282,375,300,430,436,334,380,403,461,364,329,297,290,366,304,413,415,330,353,375,434,346,318,294,292,350,302,392,388,319,324,344,401,325,303,287,288,330,294,365,357,305,292,310,366,297,282,273,277,305,279,334,323,284,258,274,326,268,257,252,260,276,259,298,286,260,225,239,286,236,229,229,239,245,235,263,250,231,426,451,494,374,315,258,235,368,263,436,457,316,417,440,488,371,316,264,245,366,269,430,448,317,401,424,473,362,312,267,250,359,271,419,433,314,380,401,453,348,303,265,252,347,269,401,411,305,354,375,428,331,291,259,249,330,262,379,386,294,325,345,396,308,273,248,242,309,252,352,356,276,295,313,363,283,254,235,231,285,237,323,323,257,263,280,327,254,231,217,215,258,219,291,290,234,231,246,288,227,206,197,197,229,199,256,254,210,426,450,491,369,306,247,223,361,250,430,455,307,416,438,480,361,299,244,221,354,247,421,445,301,399,421,463,348,289,238,218,342,241,405,428,292,378,398,441,331,277,231,212,326,231,385,405,279,352,372,415,310,260,221,206,307,222,362,380,264,324,342,385,288,244,209,195,285,209,335,350,247,294,310,352,263,223,195,185,262,195,306,319,227,263,279,318,238,204,180,171,237,179,276,287,206,233,247,284,213,181,162,156,212,162,246,254,185,426,449,487,363,298,236,210,354,239,426,454,299,413,436,473,349,283,223,197,340,225,411,441,285,397,417,451,331,265,209,185,323,210,390,422,269,374,393,425,311,248,196,174,303,196,367,397,252,347,365,396,288,229,182,163,281,182,340,369,233,319,335,366,265,211,170,152,259,168,313,340,215,288,303,334,242,193,156,142,236,155,284,309,197,259,271,301,218,174,144,131,213,141,256,277,179,229,241,269,194,156,130,119,191,128,229,247,160,426,448,483,358,290,225,198,348,227,421,451,291,413,434,463,338,267,202,174,327,202,401,437,269,394,412,438,315,242,181,153,304,180,375,415,246,369,386,407,290,219,162,137,279,161,346,387,224,340,355,374,264,198,147,123,254,144,316,356,202,310,323,341,240,179,134,112,231,131,287,325,184,279,291,309,216,162,122,104,209,120,259,293,167,249,260,278,194,146,112,96,189,109,231,262,151,221,229,248,174,132,102,89,169,100,206,233,136,425,447,480,353,282,215,187,342,218,417,451,284,412,432,457,329,252,183,153,316,184,391,433,254,391,408,426,300,221,154,124,287,153,360,408,225,364,378,389,269,192,131,102,257,128,326,377,197,332,344,350,239,168,114,90,229,112,291,342,174,298,308,312,213,149,103,81,204,100,259,306,155,265,274,277,190,134,94,77,183,92,229,272,139,236,243,247,171,121,88,71,165,85,204,242,126,208,215,221,153,111,81,68,148,79,184,215,114,425,446,476,349,277,208,178,338,211,413,450,278,411,430,451,320,240,168,135,306,168,384,430,243,390,405,415,286,202,131,98,272,129,348,403,206,361,373,372,250,167,103,76,238,102,308,369,173,326,334,325,215,140,89,68,208,87,267,328,148,287,292,279,185,123,82,65,182,81,229,286,130,250,252,242,164,112,78,63,161,76,200,248,118,219,222,215,148,103,74,60,144,72,178,218,109,193,196,193,134,96,70,57,131,69,161,194,100,425,446,476,347,273,202,172,335,204,412,449,274,411,430,447,315,231,157,122,300,156,380,429,235,389,404,409,278,189,112,80,262,112,341,401,193,360,372,363,236,146,84,68,225,87,296,365,155,325,332,310,193,115,81,67,195,79,249,322,130,284,287,252,160,106,78,65,168,77,206,274,114,240,238,206,142,101,75,63,146,74,175,227,106,200,200,181,131,96,72,60,130,71,155,194,100,178,178,165,122,91,69,57,119,68,142,173,94,425,446,475,346,272,200,170,334,202,411,449,273,411,429,446,313,229,153,118,298,153,379,429,231,388,404,408,275,183,106,75,258,105,339,400,188,360,371,361,231,135,83,68,222,83,292,364,150,324,332,308,185,109,81,67,192,79,241,321,125,284,286,249,140,105,78,65,164,77,199,273,108,239,237,188,131,100,75,63,141,74,166,221,102,194,192,165,124,96,72,60,125,71,146,184,97,171,170,152,115,91,69,57,114,68,135,164,92]}