{"c":"51247","n":"新城","la":34.906666666666666,"lo":137.51666666666668,"e":53,"t":[4.0,4.8,8.2,13.5,17.8,21.5,25.2,26.2,22.9,17.0,11.4,6.0],"s":[0,0,0,0,0,0,0,0,0,0,0,0],"i":[413,425,461,367,336,293,273,378,302,445,433,332,403,416,458,376,359,329,316,393,340,450,426,354,386,399,446,376,373,357,351,399,370,446,411,369,362,375,425,368,379,376,377,396,391,432,388,375,332,344,396,353,376,386,393,385,401,409,357,372,297,309,359,330,365,386,399,365,401,378,321,360,259,269,316,301,345,377,395,339,393,339,281,341,218,225,268,266,317,358,380,305,374,294,237,314,177,183,216,227,283,331,356,266,345,246,192,280,413,425,459,367,335,291,272,377,300,445,433,331,403,416,458,375,356,326,314,391,337,450,426,352,386,399,446,375,370,352,348,397,366,445,411,365,363,375,426,366,375,370,373,394,385,430,388,370,334,346,397,351,371,379,388,382,395,408,359,367,299,310,361,329,358,378,393,363,395,378,323,355,262,272,319,300,338,368,388,336,385,340,284,335,222,229,272,266,310,348,374,303,365,296,242,308,183,189,224,227,275,321,349,265,337,249,199,275,413,425,459,365,332,287,268,375,296,443,433,328,404,416,457,371,350,316,305,387,328,447,426,346,387,400,446,370,361,339,334,390,352,441,411,356,365,377,426,362,363,353,356,386,368,428,389,359,336,349,399,346,358,359,368,374,375,405,361,354,304,315,365,324,344,356,370,354,372,376,328,341,269,279,326,296,323,344,364,328,360,340,291,321,231,240,283,263,296,324,348,296,340,299,252,294,195,202,239,227,262,296,323,260,311,256,212,262,413,424,459,362,326,279,260,371,288,440,432,323,404,416,455,366,340,303,290,379,313,442,425,337,388,400,444,363,347,320,312,380,331,434,411,344,366,378,425,353,346,329,328,374,342,421,390,343,340,351,400,338,339,332,335,361,345,400,363,336,309,320,368,315,324,326,335,341,339,371,333,322,276,286,332,289,303,313,325,316,325,338,298,302,242,250,293,259,277,292,308,286,305,300,262,276,209,216,252,227,246,266,284,252,277,261,225,246,413,424,457,359,320,271,250,365,278,436,430,316,403,415,451,359,328,286,270,369,295,434,423,324,388,399,438,353,329,297,285,367,306,426,409,326,367,379,421,342,325,301,294,358,310,411,389,323,341,353,396,325,315,298,296,343,308,389,363,313,313,323,367,305,300,291,292,324,300,363,335,298,282,292,334,279,279,277,281,299,285,331,303,278,250,258,297,252,254,257,264,271,265,297,268,254,218,225,261,221,227,234,243,241,240,261,235,227,412,423,454,354,312,261,237,359,267,432,430,309,403,413,447,351,313,267,248,358,274,426,421,310,387,398,433,342,309,270,252,351,276,415,405,307,367,377,413,328,300,268,256,339,275,398,386,299,342,352,390,311,288,262,252,323,267,376,362,287,314,324,361,289,271,250,246,302,257,349,333,270,285,294,330,266,252,238,235,279,242,320,303,252,254,262,297,240,227,220,218,252,224,288,271,229,223,231,262,213,204,199,200,225,202,254,239,206,412,422,451,349,304,249,225,353,254,426,428,301,401,412,441,341,296,246,223,345,250,417,418,295,386,395,425,329,287,241,221,334,245,401,401,285,365,374,404,312,274,233,215,318,236,382,381,273,340,349,379,293,258,223,208,300,225,359,356,258,313,321,352,272,241,211,198,279,213,332,328,242,284,291,321,248,221,198,188,256,199,303,298,222,254,261,290,225,202,182,174,231,182,274,268,202,225,231,258,200,180,164,159,206,166,244,238,181,411,421,448,344,295,238,212,346,243,422,426,292,400,409,434,331,280,225,199,332,227,407,415,279,383,392,415,314,263,212,186,315,213,387,396,263,361,369,391,295,246,198,175,296,199,363,374,246,336,343,364,273,227,184,165,275,185,337,347,229,308,315,336,250,209,172,154,252,171,310,319,211,278,285,306,229,191,158,143,231,158,282,290,193,250,254,275,206,173,146,132,208,144,254,260,175,221,227,246,184,155,131,121,186,130,227,231,157,411,421,444,339,287,227,199,340,231,417,425,284,399,408,426,321,265,204,175,319,206,397,411,263,380,388,404,300,241,182,154,296,183,371,391,241,356,363,376,276,218,164,137,272,163,343,365,219,329,334,346,252,197,148,124,249,146,313,336,199,299,304,315,229,178,135,113,225,132,284,306,181,270,274,285,206,161,123,105,204,121,256,276,163,241,245,256,186,145,112,97,184,110,229,247,148,213,216,227,166,131,103,89,165,101,204,219,134,411,420,441,335,280,217,188,334,221,413,424,277,398,405,421,313,250,185,154,308,186,387,408,249,378,384,393,286,219,155,124,279,154,356,385,220,352,356,360,258,191,132,103,250,129,322,356,194,321,325,325,229,168,114,90,224,112,288,324,171,289,291,290,204,149,104,81,200,100,256,290,152,258,260,259,184,134,95,77,179,92,227,259,137,229,229,231,165,121,88,71,161,85,202,229,125,202,204,206,147,111,82,68,145,80,182,204,112,409,419,438,332,274,210,179,329,213,409,423,272,397,404,416,305,238,169,135,298,169,380,405,238,377,382,385,275,200,132,98,264,130,344,381,202,349,352,347,241,167,104,75,231,101,304,349,171,316,317,305,208,140,89,67,202,87,264,312,146,279,278,264,181,123,82,65,178,80,227,274,129,243,242,229,161,112,78,63,158,76,199,238,117,213,213,204,145,104,74,60,142,72,177,210,108,188,188,183,131,97,70,57,129,69,160,186,100,409,419,438,330,271,204,173,327,208,407,422,268,397,404,413,301,231,158,122,292,158,376,405,229,376,381,380,267,188,112,80,254,112,337,379,190,348,351,340,229,146,83,68,220,87,292,346,153,315,315,293,190,117,81,66,190,79,246,308,129,276,274,242,159,107,78,64,165,76,204,264,114,234,229,200,142,101,75,62,144,73,173,221,106,198,194,177,130,96,72,60,129,71,155,190,99,174,172,161,121,91,69,57,118,68,142,169,93,409,419,438,329,270,202,171,325,206,407,422,267,396,404,412,300,227,154,118,290,154,374,404,227,375,381,379,265,182,106,74,250,105,335,378,184,348,350,338,225,136,83,68,216,82,288,345,148,314,314,291,182,110,81,66,187,79,238,306,124,276,273,239,141,105,78,64,161,76,197,263,108,234,227,185,132,101,75,62,139,73,164,216,103,191,187,164,124,96,72,60,124,71,145,180,97,168,166,150,115,91,69,57,113,68,135,161,92]}