{"c":"51346","n":"伊良湖","la":34.62833333333333,"lo":137.09333333333333,"e":6,"t":[5.7,6.0,9.0,14.2,18.4,21.9,25.6,26.9,24.0,18.6,13.3,8.2],"s":[0,0,0,0,0,0,0,0,0,0,0,0],"i":[458,497,532,409,354,306,291,413,325,473,496,357,445,486,529,421,378,344,338,429,368,479,487,381,425,463,516,422,394,374,376,434,401,474,468,397,397,434,491,413,401,395,405,432,425,459,441,403,362,395,455,397,398,405,423,419,438,434,404,400,321,350,409,371,386,405,430,397,438,400,360,388,277,300,357,338,365,396,425,366,429,358,311,367,229,246,299,298,336,377,409,328,409,309,258,337,183,194,236,252,299,348,384,284,377,256,204,300,458,497,532,409,352,304,290,412,324,472,496,355,446,486,530,420,375,341,335,426,365,478,487,379,425,465,516,420,390,369,372,433,397,472,469,393,398,434,492,412,396,388,400,429,419,457,441,398,364,398,457,395,392,397,417,416,430,433,405,395,324,353,413,370,379,397,423,394,430,400,363,382,281,305,362,337,358,386,418,364,420,359,316,360,235,254,306,298,328,366,401,326,399,311,265,331,190,202,247,254,291,337,376,284,367,260,213,294,458,498,532,408,348,299,285,409,318,471,496,352,446,487,529,415,368,331,325,422,354,475,487,371,426,467,517,415,380,354,358,426,382,469,470,383,401,438,494,407,384,370,381,421,400,454,445,387,368,403,462,389,378,376,394,407,407,430,411,381,331,362,422,364,364,373,398,386,405,398,372,367,291,317,374,333,341,361,391,356,392,360,327,345,248,270,323,295,312,339,373,321,370,316,281,316,206,224,271,254,277,310,347,281,338,269,234,281,458,497,530,404,342,292,276,405,310,468,495,346,447,486,527,409,358,317,309,413,338,470,487,361,429,468,515,407,365,335,333,415,358,463,471,369,404,442,493,396,365,344,351,408,371,447,446,369,374,409,463,380,357,347,359,394,374,424,416,361,339,372,426,355,342,342,359,372,368,394,379,346,301,330,384,326,319,328,349,344,353,358,338,324,263,288,339,291,292,306,331,310,331,318,296,296,225,246,290,254,259,279,305,274,301,276,254,264,458,497,528,399,335,282,265,399,299,463,494,339,447,486,523,401,344,299,288,403,318,462,484,348,429,468,509,395,346,310,304,401,330,453,469,350,405,444,490,384,342,315,314,391,335,437,447,347,377,413,462,365,331,312,316,375,333,413,417,336,346,378,428,342,316,304,313,354,325,386,384,321,311,340,390,314,294,290,301,327,309,352,347,299,274,300,346,283,268,269,282,296,287,315,307,273,239,261,304,249,239,245,260,263,261,277,268,244,457,496,525,394,327,271,252,392,286,459,493,331,446,484,518,391,328,279,263,391,294,453,483,332,429,466,503,382,325,281,269,383,297,441,466,329,407,443,480,367,315,280,272,371,296,423,443,321,379,413,455,348,303,274,269,353,288,400,416,308,348,380,422,324,284,262,262,331,277,371,383,290,315,344,386,299,265,248,250,305,261,340,349,271,282,308,348,269,240,229,233,277,242,307,313,246,247,270,308,239,215,208,214,246,219,271,275,221,457,495,521,388,318,259,238,385,273,453,491,322,445,483,509,379,310,256,237,377,269,443,479,315,428,463,492,366,300,250,234,364,263,426,461,306,404,438,468,348,287,243,227,347,252,405,437,293,377,409,441,327,270,233,221,327,242,381,409,276,347,377,409,304,252,220,210,304,227,353,378,259,315,342,375,278,231,206,199,280,213,323,344,238,283,308,339,250,211,190,184,252,196,291,310,217,250,273,303,224,188,171,169,227,178,260,275,195,455,494,517,381,309,247,224,377,260,448,488,312,444,480,501,367,293,234,210,362,243,432,475,298,425,459,479,348,275,219,196,343,227,409,454,281,400,432,451,327,256,204,185,322,211,385,428,263,372,401,421,303,238,191,173,299,196,358,398,244,341,369,389,278,218,178,162,275,181,329,366,225,309,334,356,254,199,163,151,250,167,299,333,204,277,299,321,229,180,151,139,227,152,269,299,187,246,266,287,204,161,136,127,202,139,240,266,167,455,493,512,376,300,236,210,370,247,442,487,304,443,478,492,355,276,211,184,348,219,421,471,281,421,454,463,330,250,188,162,322,193,393,446,256,394,424,432,304,225,169,143,296,171,363,417,233,364,390,396,277,202,152,128,269,153,331,383,211,331,354,361,250,184,139,118,244,138,300,349,191,298,319,327,225,166,126,109,221,126,271,315,173,266,285,295,202,149,115,101,199,114,243,282,156,236,252,263,182,135,106,93,178,105,217,250,141,455,492,509,371,292,225,198,364,235,438,486,296,441,475,484,344,260,191,161,335,196,409,467,265,419,449,450,313,227,159,129,303,161,377,438,233,389,415,411,281,197,135,105,271,134,340,405,204,354,376,369,249,172,117,91,241,114,303,366,179,318,336,328,221,152,105,82,214,102,269,327,159,282,298,292,197,136,96,78,192,94,239,290,143,250,264,260,177,123,90,72,172,87,213,258,130,221,233,233,158,112,83,69,155,81,191,229,118,455,492,505,367,286,218,188,359,225,434,484,290,441,474,476,335,247,174,141,324,178,403,463,252,417,446,438,299,206,135,100,286,134,364,434,213,385,409,392,260,170,105,75,249,102,320,395,178,347,364,341,222,142,89,66,216,86,277,351,151,304,316,292,191,124,82,64,188,79,237,304,132,263,272,252,169,112,78,62,166,75,206,263,120,229,237,223,152,104,74,60,149,72,183,229,110,202,209,200,138,97,71,57,135,69,165,204,102,455,492,504,364,282,212,181,356,220,432,484,286,440,473,473,330,239,162,126,317,165,398,462,244,416,445,432,290,193,114,80,275,113,356,430,199,385,407,382,245,148,83,66,236,85,307,391,158,346,362,324,199,115,80,65,202,76,257,344,131,301,310,261,163,105,77,63,173,75,211,291,114,252,254,211,144,100,75,62,149,72,177,239,106,209,211,185,133,95,72,60,132,70,157,200,100,184,186,168,124,91,69,57,122,68,144,179,94,455,492,504,363,281,210,179,354,218,432,483,285,440,473,472,328,236,158,122,315,160,396,462,240,416,444,430,286,187,108,73,271,106,353,430,194,384,407,380,240,136,82,66,231,80,303,390,153,345,361,322,189,108,80,65,198,76,248,343,125,300,309,258,140,104,77,63,168,75,202,289,107,250,252,191,131,100,75,62,143,72,167,231,102,200,200,166,124,95,72,60,126,70,147,189,97,175,176,154,117,91,69,57,115,68,136,168,92]}