{"c":"51518","n":"神戸","la":34.696666666666665,"lo":135.21166666666667,"e":5,"t":[5.5,5.8,9.0,14.6,19.0,22.7,26.5,27.9,24.5,18.7,13.3,8.2],"s":[0,0,0,0,0,0,0,0,0,0,0,0],"i":[455,472,507,395,352,286,261,388,281,450,478,344,443,461,504,404,377,319,299,401,315,454,470,367,423,442,492,405,393,344,331,405,341,449,451,381,395,413,468,397,399,361,354,401,359,434,425,386,360,377,434,381,397,370,368,387,368,409,390,382,320,336,392,356,385,369,373,366,368,376,349,370,276,289,343,324,364,359,368,337,358,337,302,349,229,239,288,286,335,340,354,301,340,291,252,320,182,190,229,243,298,313,330,260,314,241,200,285,455,472,507,394,350,285,259,388,280,450,478,343,443,462,505,403,373,317,297,400,312,453,470,364,423,442,491,403,388,341,327,404,337,447,451,377,396,413,469,395,393,358,349,399,354,432,426,382,362,379,436,379,390,365,362,385,362,408,392,378,323,338,395,355,377,364,366,363,361,376,352,365,280,293,347,323,355,353,361,335,351,337,307,344,234,246,294,286,326,334,346,300,333,292,258,315,190,198,239,244,289,307,323,260,307,244,209,280,455,472,505,392,346,281,254,385,276,448,478,340,444,462,503,399,366,309,288,396,304,450,470,358,425,443,492,398,378,330,314,398,325,444,453,369,399,417,470,390,381,343,332,392,339,429,428,371,367,384,438,372,375,348,342,378,344,405,397,365,329,345,401,349,361,344,344,356,341,375,359,351,290,304,357,319,339,332,336,329,330,338,317,330,248,260,308,283,310,312,321,295,311,296,272,302,206,216,259,244,275,285,297,258,284,252,227,268,455,472,505,388,340,274,248,382,269,445,476,334,444,462,501,393,355,296,274,389,291,446,469,348,426,444,488,390,363,312,294,388,307,438,453,355,401,420,469,380,362,320,307,381,316,423,430,354,371,388,440,363,354,322,313,366,318,400,400,346,338,354,405,339,339,316,310,345,312,371,365,331,300,314,364,311,316,302,301,318,299,336,326,310,262,274,321,278,289,281,284,287,280,298,286,283,224,235,276,243,256,256,261,252,254,258,245,252,455,472,501,384,333,266,238,377,261,442,476,328,444,461,498,385,342,280,256,379,276,438,467,336,426,443,484,379,344,290,269,376,285,430,451,338,404,421,463,368,339,292,275,366,288,413,429,333,375,392,437,350,328,289,276,350,286,391,401,322,343,358,404,327,313,281,271,329,277,363,368,307,309,323,368,300,290,267,260,304,264,331,333,286,273,285,327,270,265,247,243,274,245,296,295,261,237,247,287,238,236,225,223,243,222,260,257,233,454,471,499,379,325,256,227,371,250,437,475,320,443,459,492,375,325,262,236,369,257,430,465,321,426,442,476,367,322,263,240,361,259,419,448,317,404,419,455,352,312,261,240,348,257,401,426,308,376,392,430,334,300,254,236,331,250,378,399,296,345,360,399,311,282,243,229,310,240,351,368,279,313,325,363,285,262,229,217,285,225,320,334,259,279,291,328,257,237,211,200,258,209,289,299,235,245,256,289,227,213,192,184,229,189,254,263,211,454,470,496,373,316,245,216,364,240,433,473,311,442,458,484,365,308,242,213,356,237,422,462,305,424,438,467,351,297,235,210,344,231,405,443,295,401,415,444,334,284,227,204,328,223,385,420,282,374,388,417,313,267,217,196,308,213,361,393,266,344,357,387,291,250,204,186,287,202,334,363,248,312,324,353,266,229,191,175,263,188,305,330,229,280,290,318,240,208,175,160,238,172,274,296,208,248,257,284,214,186,158,147,212,156,244,263,186,453,469,492,368,307,234,204,358,229,428,471,303,441,455,476,353,291,221,191,344,217,412,458,288,422,434,455,335,273,206,178,326,202,392,437,271,397,409,429,314,252,194,167,306,190,367,412,254,369,380,398,291,235,179,157,284,177,341,383,235,338,349,367,267,215,167,145,261,163,313,351,216,306,316,335,243,196,153,135,238,151,284,319,197,274,283,302,219,178,141,123,215,138,254,286,179,243,250,269,195,158,126,112,192,125,227,254,160,453,468,488,362,298,223,193,352,219,423,470,294,438,453,468,342,274,200,170,331,197,403,454,272,418,430,441,319,248,179,150,308,176,377,430,248,392,401,409,293,224,160,133,283,158,348,401,225,361,369,376,267,200,145,120,258,143,317,369,204,328,336,342,242,181,132,109,234,129,287,335,185,295,302,309,217,164,120,101,212,119,259,302,167,263,270,278,195,147,110,92,190,108,231,270,151,233,239,248,175,133,99,85,170,99,206,240,136,453,467,484,358,290,214,183,346,210,419,468,287,438,451,461,333,258,182,150,320,179,394,450,258,416,425,429,303,225,154,123,291,151,362,423,227,386,394,391,272,195,130,102,261,128,328,390,199,351,357,351,241,170,113,90,233,112,293,353,175,315,319,312,214,150,102,81,208,101,260,315,155,280,284,277,191,135,93,76,186,93,231,280,140,248,250,247,171,121,87,71,167,86,206,248,126,219,222,221,154,111,80,67,150,80,184,221,114,451,467,482,354,284,206,175,342,202,416,467,282,438,449,455,324,245,168,134,311,164,387,447,246,413,423,418,290,204,131,99,277,129,351,418,209,382,388,375,252,169,103,78,243,103,311,382,175,344,347,326,217,140,89,70,212,90,269,339,149,301,302,280,187,122,82,67,185,83,231,294,130,261,261,242,165,111,77,64,163,79,202,254,118,227,227,214,149,103,74,61,146,74,179,223,108,200,200,192,135,96,70,59,132,70,161,198,100,451,466,480,352,281,202,169,339,198,413,467,278,437,449,451,319,237,157,123,305,154,383,446,238,413,422,413,281,191,113,83,267,112,344,416,195,382,387,366,239,147,84,71,231,90,300,378,156,343,345,312,195,114,81,69,200,82,252,334,130,299,297,252,161,104,78,66,171,79,209,283,114,250,244,204,143,99,75,64,148,76,175,233,106,208,204,180,131,95,72,61,131,72,156,198,99,183,180,164,122,90,69,59,120,69,142,176,94,451,466,480,351,280,200,167,338,196,413,466,277,437,449,451,318,234,153,118,303,150,382,446,235,413,422,412,279,185,107,77,264,107,342,416,191,382,387,365,235,135,83,71,227,86,296,378,151,343,345,311,187,107,81,69,196,82,245,333,125,299,297,250,141,103,78,66,168,79,202,282,107,250,244,189,132,99,75,64,143,76,166,227,102,200,195,165,124,95,72,61,125,72,146,187,97,175,173,152,117,90,69,59,115,69,135,167,92]}