{"c":"52036","n":"奈良","la":34.693333333333335,"lo":135.82666666666665,"e":104,"t":[3.9,4.3,7.6,13.4,18.1,21.9,25.8,26.8,22.8,16.6,11.1,6.2],"s":[0,1,0,0,0,0,0,0,0,0,0,0],"i":[438,454,494,390,339,271,233,371,252,434,462,333,426,444,491,399,361,298,262,380,278,437,454,353,408,426,479,399,374,320,285,382,297,430,438,364,382,399,455,391,379,333,302,376,309,416,413,367,350,365,424,374,375,339,311,362,314,392,380,363,312,327,383,350,363,337,312,341,312,361,341,350,271,283,336,319,343,326,306,313,302,323,297,329,227,236,284,282,315,308,293,279,286,280,249,302,183,190,227,240,281,283,273,241,263,233,200,268,438,454,494,389,338,270,231,370,252,433,462,332,426,444,491,398,358,297,260,379,277,436,454,351,408,426,478,397,370,317,282,381,294,429,437,361,383,400,455,389,374,330,298,374,306,413,413,364,351,367,425,373,369,335,306,360,310,391,381,359,314,329,385,349,356,332,307,339,307,361,343,346,274,287,340,318,336,321,301,312,297,324,300,325,231,242,289,281,307,303,287,278,281,282,254,297,190,197,236,241,273,278,267,241,258,236,208,264,438,454,493,388,334,267,227,368,249,432,462,329,426,444,490,394,351,290,252,376,270,433,454,345,409,426,478,393,361,308,272,376,285,426,438,354,385,401,457,384,363,318,285,369,294,411,415,355,355,371,428,366,356,320,291,354,296,388,385,348,320,335,391,343,342,316,290,333,292,359,348,334,282,295,348,313,321,304,282,306,281,324,309,313,243,254,302,278,293,285,268,275,263,285,266,285,204,213,254,241,260,259,247,240,240,243,224,252,438,454,492,384,329,261,223,365,244,429,461,325,426,444,488,388,342,280,242,370,260,429,453,337,411,426,476,385,348,292,256,368,271,421,438,341,387,404,455,374,346,298,265,359,277,405,415,339,359,374,428,358,338,298,268,344,276,384,387,331,326,341,394,334,323,291,264,323,269,355,354,316,290,304,354,306,300,277,254,297,256,322,316,295,254,266,313,273,275,258,239,268,239,286,278,268,219,227,269,239,243,234,219,236,217,248,239,239,437,453,488,380,323,254,215,361,237,426,459,319,426,443,484,381,330,265,227,362,248,423,451,325,411,426,471,374,331,273,237,357,254,413,436,326,388,404,451,363,326,274,240,347,254,397,415,321,361,377,425,344,314,269,239,331,250,375,388,309,331,344,393,322,299,261,233,310,242,348,356,294,298,311,357,295,277,247,222,285,227,317,322,273,263,275,318,265,252,227,206,257,211,283,285,248,229,239,279,234,225,206,189,227,191,249,249,222,437,451,486,375,315,245,206,356,229,422,459,312,426,442,479,372,315,250,213,353,234,416,449,312,409,425,463,362,311,250,214,344,233,404,433,308,388,403,443,347,301,246,213,331,229,386,411,298,362,376,418,329,289,239,208,314,222,364,385,286,332,346,387,306,271,227,200,293,212,337,355,268,301,313,353,281,250,214,189,269,198,308,322,249,269,280,318,252,227,196,174,243,182,277,289,225,236,246,281,224,204,178,158,216,165,244,254,202,437,451,483,370,307,236,198,350,222,418,457,304,425,440,472,361,300,231,195,342,218,408,446,298,408,422,455,348,289,225,191,330,212,392,428,288,386,399,432,331,276,217,184,314,204,372,405,275,360,373,405,310,260,206,176,295,194,348,379,259,331,343,376,288,242,194,166,274,182,322,350,241,300,311,343,263,222,181,155,250,169,294,318,222,269,278,309,237,200,165,142,225,154,264,285,200,238,247,276,211,180,149,129,202,139,235,252,180,436,450,479,364,299,225,189,345,213,413,455,297,424,438,465,351,284,214,178,332,202,399,442,283,405,418,444,333,267,200,166,315,190,379,423,267,382,394,418,312,249,188,156,295,178,356,398,250,355,366,388,289,231,174,146,274,165,330,370,231,325,335,358,265,212,162,135,252,152,303,340,213,295,304,326,241,192,148,125,229,141,275,308,194,264,272,294,217,174,136,113,206,127,247,276,176,234,241,262,193,155,122,103,185,115,220,246,157,436,450,476,359,291,217,180,340,204,409,454,289,423,434,457,340,269,197,161,321,187,390,438,269,403,413,430,317,245,177,144,300,169,366,416,247,377,387,401,292,222,160,130,276,153,338,388,225,348,356,368,266,200,145,118,252,139,310,357,204,317,324,335,241,181,132,107,229,126,281,325,185,285,292,303,217,164,120,99,206,115,252,293,167,254,260,272,195,148,110,90,186,105,227,262,151,225,229,243,175,133,99,83,167,96,202,233,136,434,449,473,355,285,210,172,335,198,405,451,283,421,433,450,331,254,182,146,312,173,383,434,256,400,409,420,302,225,156,124,285,150,354,409,227,372,380,384,272,197,134,106,258,130,321,379,200,340,345,345,242,173,119,94,231,115,288,343,178,305,309,308,216,154,107,86,206,105,256,307,159,271,275,273,193,138,98,80,185,97,227,273,143,241,244,244,173,125,91,74,166,89,202,243,129,213,216,218,155,113,83,69,149,82,182,215,117,434,448,471,352,279,204,166,331,193,403,451,278,421,432,445,323,244,169,134,304,162,377,433,246,399,407,409,290,206,137,105,273,133,344,405,211,369,375,369,254,174,112,87,242,111,306,371,180,334,337,323,219,147,98,80,213,99,267,331,154,294,294,279,190,129,90,76,187,92,231,289,137,254,256,242,169,118,85,72,166,86,202,250,124,223,223,214,152,109,80,68,149,81,180,220,113,197,197,192,138,101,75,64,134,75,162,195,105,434,448,469,350,276,200,162,329,189,401,451,275,421,432,442,319,237,160,125,299,154,373,430,239,398,407,405,282,195,122,93,265,121,338,404,200,369,374,361,242,154,95,82,231,101,296,368,164,333,335,310,200,125,91,79,202,93,252,326,139,291,290,254,166,113,88,76,175,89,212,278,123,246,241,208,148,108,83,72,152,84,180,231,112,206,202,183,136,102,79,68,136,79,160,198,105,181,180,167,126,96,74,64,124,74,146,176,99,434,448,469,349,275,198,160,328,188,401,450,274,420,430,441,317,234,157,122,298,151,372,430,236,398,405,404,280,190,115,89,263,115,336,403,195,368,374,360,238,144,94,82,229,98,294,367,159,332,334,308,192,117,91,79,200,93,247,325,134,291,290,252,147,112,88,76,172,89,206,277,115,245,241,193,138,107,83,72,148,84,172,225,109,199,195,169,129,102,79,68,130,79,152,188,103,174,173,156,121,96,74,64,120,74,140,168,97]}