{"c":"52051","n":"神岡","la":36.321666666666665,"lo":137.30833333333334,"e":455,"t":[-0.9,-0.6,3.0,9.7,15.0,19.1,22.7,24.0,19.6,13.0,7.1,1.9],"s":[81,87,56,3,0,0,0,0,0,0,2,28],"i":[459,453,480,365,292,215,157,352,231,419,465,291,448,444,480,373,310,235,171,359,249,422,457,306,429,426,469,374,321,250,182,359,263,418,442,315,401,401,448,367,325,260,190,353,272,405,417,317,368,369,418,352,322,264,193,340,277,385,385,313,328,330,380,331,312,261,193,320,277,357,346,302,284,288,335,303,296,252,190,296,272,324,302,284,238,241,285,269,272,240,182,266,263,286,254,260,191,195,231,231,244,221,171,233,250,245,204,231,459,453,480,364,291,215,156,351,231,419,463,290,448,445,480,372,308,234,170,358,248,422,458,305,429,426,469,372,318,249,180,358,261,417,442,313,403,401,448,365,322,258,188,351,269,404,418,315,370,370,419,350,318,261,191,338,273,384,387,310,331,332,382,329,307,258,191,319,273,357,348,298,288,291,338,301,290,250,187,295,268,325,306,280,242,246,290,268,267,236,179,266,259,287,259,257,198,200,238,231,238,217,168,233,246,247,212,229,459,453,480,362,288,212,154,350,229,417,463,288,449,444,479,369,302,229,166,355,243,419,457,300,430,428,468,368,311,242,175,354,254,413,442,307,405,404,449,360,313,249,181,347,261,401,420,307,373,374,421,345,307,250,183,334,264,381,389,301,337,338,387,323,296,246,182,315,262,356,354,288,297,299,345,297,277,237,177,291,257,325,314,270,254,257,301,264,254,222,169,264,247,290,271,247,213,216,254,229,227,202,158,234,233,252,227,220,459,453,479,359,284,208,151,347,225,415,463,284,449,444,476,363,295,222,161,350,237,415,455,293,430,428,466,361,300,229,167,348,244,409,442,297,407,405,447,351,298,234,171,340,249,396,420,294,378,377,421,336,292,234,171,326,249,377,392,287,344,344,388,314,279,227,168,307,246,352,359,274,306,306,351,289,260,217,163,285,239,323,321,256,268,269,310,259,238,202,154,259,229,291,282,233,229,231,267,227,212,184,143,231,216,257,243,208,458,451,476,355,278,202,148,344,221,412,462,279,448,442,472,356,285,211,154,344,227,409,454,284,430,426,459,350,285,216,157,339,231,401,438,284,409,405,442,340,281,217,158,330,233,388,419,279,380,378,417,323,271,213,156,315,231,368,391,269,349,347,387,303,258,206,152,297,225,345,361,256,314,313,352,277,240,194,145,275,219,318,326,237,277,277,314,250,219,180,136,250,209,288,289,216,242,241,276,221,196,163,126,225,197,258,252,193,458,451,473,351,272,197,144,340,216,409,461,273,447,441,467,348,272,200,146,336,218,403,451,273,430,424,453,339,269,199,145,329,217,393,436,269,408,403,433,325,261,196,144,317,215,377,415,261,381,377,409,309,250,190,140,302,211,358,389,250,350,346,379,287,234,181,134,283,204,334,359,234,318,314,347,264,218,170,127,263,197,309,326,217,284,281,313,238,198,156,119,240,189,282,292,197,249,247,276,211,177,141,110,216,178,252,257,176,457,450,470,346,265,190,139,335,210,405,459,267,446,438,459,338,259,187,137,328,206,396,448,261,428,421,443,326,250,182,133,317,202,382,430,252,405,398,421,310,239,175,129,303,197,364,408,241,378,372,396,290,225,167,124,286,191,344,382,227,348,343,368,270,211,156,117,267,184,320,353,212,315,311,336,246,193,145,111,247,177,296,321,195,283,279,303,223,176,133,103,225,169,270,289,177,250,247,271,198,156,120,95,204,161,244,256,158,455,449,466,341,259,183,134,331,204,400,457,261,444,436,451,328,246,174,128,319,196,388,444,249,424,416,430,311,231,164,121,304,187,370,424,236,400,392,405,292,217,154,114,287,179,349,399,221,371,364,378,271,200,143,108,269,172,326,371,204,341,334,349,248,185,133,102,249,164,303,341,189,309,303,319,227,169,122,95,229,158,278,310,173,277,271,287,204,153,112,89,210,151,254,278,156,246,241,257,182,137,101,82,191,146,231,248,140,455,447,462,336,252,177,130,326,199,397,455,254,442,433,444,318,233,161,120,311,186,380,438,238,420,411,418,297,214,147,110,292,173,358,417,219,393,384,389,273,194,133,102,271,163,333,389,200,362,354,357,250,176,122,95,250,154,307,358,183,330,322,325,227,160,112,89,229,147,282,326,166,297,290,295,204,145,102,84,211,142,258,294,151,265,259,265,184,131,94,78,193,138,235,263,136,235,229,237,165,118,85,74,176,134,214,234,123,455,446,459,332,246,171,126,323,195,394,454,250,440,430,436,309,222,150,112,303,177,372,436,227,417,407,407,283,197,131,100,280,161,346,409,204,386,376,371,254,173,114,91,256,148,317,378,181,352,341,334,227,153,104,85,233,140,287,342,162,315,306,298,204,137,95,80,211,134,260,306,145,281,273,266,183,124,87,76,193,131,235,273,131,249,242,237,164,112,81,72,176,128,214,243,119,221,215,213,147,103,74,69,162,126,196,216,108,454,446,457,329,242,167,123,320,191,391,451,246,438,429,430,302,212,141,106,297,170,367,433,219,415,404,396,271,182,118,92,271,150,337,405,190,382,371,356,238,154,100,83,243,136,303,369,164,343,331,311,206,132,90,79,217,130,268,329,143,301,290,269,181,118,84,77,194,127,237,286,128,261,252,235,161,108,79,74,176,125,212,249,115,229,221,209,146,100,74,70,161,124,193,219,107,202,196,188,132,93,69,67,149,124,178,195,98,454,445,455,326,239,164,121,318,189,389,451,243,438,428,428,298,206,135,102,293,165,364,430,213,413,401,391,264,171,107,86,264,142,331,401,181,381,369,347,225,138,90,82,235,129,294,366,151,342,329,297,188,114,87,79,208,126,254,323,130,297,284,242,160,107,83,77,184,125,219,274,115,248,234,202,144,101,78,74,163,125,191,227,108,208,200,179,133,95,73,70,149,124,175,196,100,185,178,164,123,89,69,67,139,123,163,175,93,454,445,454,326,238,163,121,317,188,389,451,242,438,428,426,296,204,132,101,292,163,363,430,211,413,401,390,262,167,103,84,262,139,330,401,177,380,368,345,223,129,90,82,233,126,292,365,147,341,328,294,180,111,87,79,206,126,249,321,126,296,283,239,144,106,83,77,181,125,213,273,111,246,234,185,136,101,78,74,159,125,184,222,105,200,191,166,127,95,73,70,144,124,167,186,98,176,171,153,119,89,69,67,135,123,158,167,92]}