{"c":"52081","n":"白川","la":36.27333333333333,"lo":136.89666666666668,"e":478,"t":[-1.1,-1.0,2.2,8.8,14.6,18.7,22.3,23.5,19.1,12.7,6.8,1.5],"s":[94,97,77,16,0,0,0,0,0,0,6,49],"i":[450,445,459,348,291,200,156,339,198,426,451,280,440,434,459,356,308,218,170,345,212,430,445,294,421,419,448,357,319,231,181,346,224,426,429,302,395,394,428,350,323,239,188,339,231,415,405,304,361,361,400,336,320,242,193,326,236,396,374,299,322,324,363,315,309,239,193,308,237,369,336,288,279,282,320,289,292,231,191,284,234,337,294,271,233,236,273,257,269,219,184,256,227,299,247,248,188,190,222,220,241,202,175,224,217,258,200,221,450,444,459,348,290,199,155,338,197,426,451,279,440,436,459,355,306,216,169,345,211,430,445,293,421,418,448,355,316,229,179,344,222,426,429,300,395,394,428,348,319,237,186,338,229,413,405,301,363,363,401,334,315,239,190,325,234,395,375,296,325,325,365,314,304,236,191,307,234,369,338,285,283,285,323,287,287,227,188,283,231,337,297,268,238,241,277,256,264,216,181,254,224,301,252,245,194,196,227,220,235,199,171,225,213,261,206,218,450,444,459,346,287,197,153,337,195,424,451,277,440,436,458,352,301,212,165,342,208,426,445,288,422,419,447,351,309,223,174,341,217,423,430,294,398,396,429,343,310,229,180,334,223,411,408,294,367,366,401,329,305,229,183,321,225,392,378,288,331,331,369,308,293,225,182,303,225,368,344,276,292,293,330,283,275,217,178,280,221,338,305,258,250,252,287,252,252,204,172,254,214,304,263,236,210,211,243,219,224,186,162,225,202,267,221,210,450,444,458,344,283,194,151,335,193,422,450,273,440,434,455,347,293,204,160,338,202,423,443,282,423,419,445,344,298,213,166,335,209,418,429,285,399,397,426,335,296,216,170,327,213,405,408,282,371,369,401,320,289,215,171,314,213,388,381,275,338,337,371,300,276,209,169,296,211,364,348,262,301,300,335,275,258,199,164,275,206,336,312,244,263,263,296,247,236,186,157,250,199,305,274,223,225,225,254,216,210,169,147,224,189,272,236,198,450,443,455,340,277,189,147,331,189,419,449,269,440,434,451,340,283,196,153,332,195,417,442,273,423,418,438,335,284,200,157,327,198,409,426,273,401,397,422,325,279,200,158,318,199,397,407,268,373,370,398,308,269,196,157,304,199,379,380,258,342,340,369,289,256,189,153,287,195,357,350,245,308,307,336,265,238,179,148,266,189,331,317,227,272,271,299,239,217,165,140,243,182,302,281,206,238,237,263,210,194,150,131,219,173,273,246,185,449,442,453,336,271,184,143,328,185,415,448,263,438,432,446,332,271,186,145,325,186,409,438,263,422,416,433,324,268,185,145,317,187,400,424,259,400,395,413,311,259,182,144,306,185,386,403,250,374,369,390,295,248,176,141,292,182,368,378,240,343,340,362,274,233,168,136,274,178,345,348,225,312,308,331,252,216,157,130,254,172,321,317,209,278,276,298,227,196,145,123,233,165,295,284,189,244,242,263,202,175,131,114,211,158,268,250,169,448,441,449,331,265,178,139,324,180,411,446,258,437,430,438,323,259,175,137,317,177,401,434,252,420,412,424,312,250,170,134,306,174,389,418,244,397,390,401,296,238,163,130,293,170,372,397,233,371,365,378,277,224,155,125,277,165,353,371,219,341,336,351,258,209,146,120,259,160,331,343,204,309,305,320,235,192,136,113,240,155,307,312,188,278,274,289,213,175,125,108,221,149,283,280,171,246,243,258,189,156,112,101,200,143,259,249,152,448,440,446,326,258,172,134,320,175,407,444,252,434,426,432,314,246,163,128,309,169,394,432,241,416,408,412,298,231,154,122,295,162,377,412,227,392,384,388,279,216,145,115,278,155,356,388,213,365,357,361,259,200,135,111,261,150,335,361,198,334,328,333,238,185,125,105,243,144,312,332,183,303,297,304,217,168,114,100,224,139,289,301,167,272,266,274,195,152,106,94,206,135,266,271,151,241,237,245,174,136,95,89,188,131,244,241,135,447,438,442,322,252,166,130,316,171,403,443,246,433,425,424,305,233,152,121,301,160,385,426,229,412,403,400,284,214,139,112,283,150,363,405,212,386,377,372,262,195,127,104,263,142,339,378,194,355,347,342,240,176,115,98,244,135,314,348,177,323,315,311,218,160,107,93,225,130,290,317,162,292,284,282,196,146,98,89,206,127,267,286,147,260,254,254,176,131,90,84,190,124,246,256,133,231,225,227,158,118,82,81,174,121,225,227,120,447,438,438,318,246,161,127,312,167,399,441,242,432,422,417,297,222,142,112,294,153,378,424,220,409,398,389,272,197,125,102,272,140,351,399,198,379,369,356,245,174,111,94,249,130,322,368,177,345,335,320,219,154,100,88,227,124,293,333,158,310,300,286,196,138,92,84,206,120,266,298,142,276,267,254,176,125,85,81,189,118,243,266,129,245,237,227,158,112,79,79,173,115,224,237,117,217,210,204,142,103,73,76,160,114,206,210,106,446,437,437,315,242,157,124,310,164,396,440,238,430,421,412,290,213,134,108,288,147,372,421,212,407,396,380,261,183,112,94,263,131,341,394,186,375,363,341,229,155,97,86,237,121,307,360,161,337,325,298,200,134,88,83,212,115,272,320,141,295,284,258,175,120,83,81,190,114,242,279,126,256,247,225,156,110,78,79,173,113,218,243,114,225,217,200,141,101,73,77,158,113,200,214,105,199,192,180,128,94,69,75,147,112,188,190,97,446,437,434,313,239,154,122,308,162,395,438,235,430,420,409,286,206,129,104,285,143,368,420,206,405,394,375,254,173,104,88,257,125,335,392,177,374,362,333,219,140,89,85,229,115,298,356,149,336,323,286,182,117,85,83,204,113,258,315,128,292,278,234,155,109,82,81,180,112,222,268,114,244,229,195,140,103,77,79,160,112,196,223,107,204,197,174,129,96,73,77,147,112,181,192,99,182,175,158,119,90,68,75,137,112,172,172,92,446,437,434,312,238,154,121,308,162,394,438,235,430,419,408,285,204,127,102,283,142,367,419,204,405,394,373,252,168,101,86,254,123,334,391,174,374,361,331,215,131,89,85,227,113,295,355,145,335,322,284,175,112,85,83,200,113,252,313,125,291,277,231,141,108,82,81,177,112,217,267,110,243,229,180,132,102,77,79,156,112,188,217,104,197,187,161,124,96,73,77,142,112,174,182,98,174,168,149,114,90,68,75,134,112,166,163,91]}