{"c":"52111","n":"栃尾","la":36.248333333333335,"lo":137.50333333333333,"e":765,"t":[-2.3,-2.0,1.6,8.1,13.3,17.3,20.8,22.0,17.8,11.3,5.6,0.4],"s":[74,81,48,2,0,0,0,0,0,0,1,23],"i":[467,451,471,363,293,212,156,351,229,423,463,289,455,442,470,372,311,231,171,358,246,426,455,304,436,425,459,373,322,245,182,359,259,422,440,313,408,400,438,365,326,254,190,352,268,409,416,315,373,367,409,351,323,257,193,338,272,388,383,311,332,329,372,329,313,254,193,319,272,361,344,299,287,286,328,301,296,247,189,294,267,327,301,281,240,240,280,268,273,233,181,264,257,288,252,258,192,194,227,229,244,215,170,231,244,246,204,229,467,451,471,363,292,211,156,350,227,422,463,289,455,442,470,371,309,229,170,357,244,426,455,303,436,425,459,371,319,243,180,357,257,421,440,311,409,400,438,364,323,252,188,350,265,408,416,313,375,369,409,349,319,254,191,337,269,388,385,308,335,331,374,328,308,252,190,318,268,361,346,296,291,290,331,300,291,244,186,293,263,327,304,278,245,245,284,267,267,229,178,264,252,289,258,254,199,200,234,229,238,211,167,231,239,248,211,225,467,451,470,361,289,209,154,349,225,421,463,286,455,442,469,367,304,225,166,354,240,423,455,299,437,426,458,367,312,237,175,353,250,418,440,305,412,401,438,359,313,243,181,346,257,405,418,305,379,372,412,344,308,245,183,333,259,385,387,299,342,337,378,322,296,240,182,314,257,359,352,286,301,298,338,295,278,231,177,290,250,327,312,268,258,256,294,263,254,217,168,262,241,292,269,245,216,215,249,229,227,198,157,231,227,254,227,218,466,451,469,358,285,204,151,346,222,419,462,283,455,442,466,362,296,218,161,350,233,419,455,292,438,426,455,360,301,225,167,347,241,413,440,295,413,403,437,350,299,229,171,339,245,399,418,293,384,375,412,335,292,227,171,325,245,380,390,285,349,342,379,313,280,223,168,306,241,354,357,272,311,305,343,288,261,212,162,283,234,326,320,254,272,268,303,258,239,197,153,257,224,292,281,231,233,229,261,225,213,179,141,229,210,258,241,206,466,450,467,354,279,200,148,343,218,416,461,278,455,440,462,355,286,208,153,343,225,413,453,283,438,425,450,349,286,212,157,338,227,405,438,283,415,403,433,339,282,212,158,329,229,391,417,278,386,376,407,322,272,208,156,314,227,371,390,267,354,345,378,302,259,200,151,296,222,348,359,254,319,312,344,276,241,190,145,274,214,320,325,236,282,276,307,250,219,175,135,249,204,290,288,215,246,240,269,220,196,159,125,223,192,258,252,192,465,449,463,350,273,194,143,339,213,412,459,272,454,438,457,347,273,196,145,336,215,407,450,272,437,422,443,338,270,196,145,328,214,396,434,268,415,401,424,325,261,193,143,316,212,380,413,260,387,375,400,308,250,187,139,301,206,360,387,248,356,345,371,286,235,177,134,282,200,337,357,233,323,313,339,263,219,166,126,261,193,311,325,216,288,280,306,237,198,153,118,238,184,283,291,196,252,246,269,211,178,138,108,215,173,252,256,175,465,448,459,345,266,187,139,335,206,408,458,266,453,436,450,337,260,184,136,327,204,399,446,261,434,419,434,325,250,179,133,316,200,385,429,252,412,397,412,309,240,172,128,302,194,367,407,240,384,371,388,290,225,164,123,285,187,346,381,227,354,341,360,269,211,154,115,266,180,322,351,211,321,309,328,246,194,143,109,246,173,297,319,194,288,278,297,222,176,130,101,225,164,271,288,176,254,246,265,198,157,117,93,202,156,244,254,157,463,446,457,340,260,180,134,330,202,404,455,260,451,434,443,327,247,172,128,319,193,390,442,249,432,413,423,311,233,162,121,304,185,372,423,235,407,390,398,291,217,152,113,286,176,351,398,220,378,363,371,270,202,141,107,268,168,328,370,204,346,333,342,248,186,131,100,248,161,304,340,188,314,302,312,225,169,120,94,229,154,279,309,172,282,270,281,204,153,110,87,209,147,254,278,156,250,240,250,182,137,99,81,189,141,229,247,139,463,445,453,335,252,174,130,326,196,400,454,254,449,430,434,317,234,159,119,310,183,382,438,237,426,409,409,296,215,145,110,291,171,360,416,219,399,383,381,273,195,132,101,270,160,334,388,200,368,352,350,249,177,121,94,250,151,308,357,182,335,321,319,227,161,111,88,229,144,282,325,166,302,289,289,204,146,101,82,210,138,258,293,150,269,258,260,184,131,93,77,192,133,235,263,136,239,229,231,165,119,84,71,175,129,213,233,123,463,445,450,331,247,169,126,322,192,396,451,249,447,429,428,309,223,149,112,302,174,374,434,227,424,405,399,283,197,130,99,279,158,347,409,202,393,375,365,254,174,114,90,254,145,317,377,181,357,340,328,227,154,103,83,231,137,287,342,162,320,305,293,204,138,94,78,210,131,259,306,145,285,272,261,183,125,86,74,191,127,235,273,131,252,241,234,164,112,80,70,175,124,213,243,119,224,214,209,147,103,73,66,160,122,194,216,108,462,444,447,328,243,165,123,319,188,393,451,245,446,426,422,302,213,140,106,296,167,369,432,218,421,401,389,271,183,117,91,270,147,338,404,190,389,369,350,238,155,99,82,242,134,303,369,164,349,330,306,206,133,90,78,216,126,268,328,143,305,289,265,181,119,84,75,193,123,236,286,128,264,250,231,162,109,79,72,174,122,211,249,115,231,221,206,146,100,74,68,159,120,191,219,107,204,195,185,132,93,69,65,147,119,176,195,98,462,443,446,326,240,162,121,318,186,392,450,242,446,426,419,298,206,134,101,293,162,365,430,213,420,401,384,264,172,107,85,264,140,332,401,181,387,368,342,227,138,90,80,235,127,294,365,152,347,328,293,188,115,86,78,206,123,254,323,130,301,283,240,160,107,82,75,182,122,217,275,115,250,234,200,144,101,78,72,161,121,189,227,108,210,200,178,133,95,73,68,147,120,173,196,100,186,178,163,123,89,68,65,137,118,161,176,93,462,443,445,325,239,161,120,317,185,391,450,242,445,426,418,296,204,131,100,291,161,364,430,211,420,400,383,262,168,103,83,261,137,331,401,177,386,367,340,223,130,90,80,231,124,291,364,148,346,327,291,181,112,86,78,204,123,248,321,126,300,282,237,145,107,82,75,179,122,211,273,111,249,233,185,136,101,78,72,157,121,181,222,105,202,191,165,127,95,73,68,142,120,165,186,98,178,171,152,119,89,68,65,133,118,155,167,92]}