{"c":"52286","n":"萩原","la":35.888333333333335,"lo":137.20666666666668,"e":425,"t":[0.4,1.0,4.7,10.9,15.9,19.9,23.2,24.5,20.5,14.2,8.2,3.0],"s":[23,41,3,0,0,0,0,0,0,0,0,9],"i":[434,426,457,365,310,241,195,354,250,422,440,305,425,418,455,373,330,265,219,364,274,426,433,323,407,401,445,374,342,284,237,366,293,421,418,333,382,379,425,366,347,296,250,361,305,408,395,336,350,348,396,352,344,301,258,348,311,386,365,332,313,313,360,330,333,299,259,329,310,357,329,321,273,273,318,302,315,290,254,304,303,321,288,302,229,229,271,268,290,275,245,273,289,280,244,278,186,188,221,229,260,252,229,238,270,235,198,247,434,426,457,365,309,240,195,354,250,421,438,304,425,418,455,372,327,264,217,363,273,425,433,321,407,401,445,372,339,282,235,365,290,420,418,331,382,379,425,365,343,293,248,359,302,405,395,334,352,350,397,350,339,298,254,347,307,385,366,329,315,315,362,328,328,296,256,327,305,356,331,317,276,276,321,300,309,287,250,302,298,321,291,299,233,235,275,267,284,271,240,272,284,281,248,274,192,193,227,229,252,249,224,237,264,237,204,244,434,426,457,363,306,237,192,352,246,420,438,302,425,418,454,369,321,258,212,359,267,422,433,316,408,403,444,368,331,274,227,360,281,417,418,324,384,380,425,360,333,283,238,354,290,403,396,325,354,352,398,344,327,286,243,341,293,382,368,319,321,319,366,323,315,282,242,322,290,354,335,306,283,283,327,296,296,271,236,297,281,321,298,288,244,244,285,263,271,254,225,268,267,283,258,263,204,206,241,229,241,233,209,235,247,243,217,234,434,426,455,360,301,233,188,349,242,417,438,298,425,417,451,364,313,249,202,354,257,418,430,309,408,401,442,361,319,260,215,352,268,411,417,313,385,381,423,351,317,265,222,344,273,397,396,311,358,354,398,336,310,265,224,331,274,377,370,304,326,323,367,314,297,260,221,312,268,349,339,290,291,289,331,288,277,248,214,288,258,319,304,271,254,254,293,258,254,231,202,260,243,283,267,248,219,219,252,225,225,210,186,229,224,246,229,221,434,425,453,356,295,225,182,345,235,413,437,292,424,416,448,357,302,237,192,346,245,412,430,298,408,401,436,351,303,243,199,342,250,403,415,299,387,381,419,340,299,244,202,333,252,388,395,294,360,355,394,323,289,240,200,318,250,367,369,284,330,326,365,303,275,233,197,299,242,342,340,270,297,294,332,277,256,221,188,276,231,312,308,250,263,261,296,250,233,204,176,250,217,280,273,229,229,227,260,220,208,185,161,222,199,246,239,204,433,425,450,351,288,219,175,340,227,409,436,286,423,415,443,348,289,223,179,337,231,404,426,286,407,399,430,339,285,223,181,330,231,393,412,283,386,379,411,326,276,220,180,318,229,377,392,274,360,354,387,309,265,214,176,302,223,355,367,263,331,325,359,287,249,204,170,282,214,330,338,247,300,295,328,264,231,192,161,260,202,302,308,229,268,264,295,238,210,176,149,236,189,272,276,208,235,231,260,211,188,160,137,211,174,241,242,186,433,424,447,346,281,210,168,335,220,405,434,279,422,413,437,339,275,206,166,327,217,396,424,273,405,396,421,326,265,202,162,316,211,381,407,264,383,375,400,310,254,195,157,301,204,362,386,252,357,350,376,291,238,186,151,284,196,340,361,238,329,322,348,270,223,175,143,264,185,315,333,223,298,292,318,246,204,162,134,242,175,287,303,204,268,262,287,223,186,149,124,220,162,259,272,186,237,231,254,198,166,134,112,197,150,231,241,166,432,422,444,342,274,202,161,330,213,401,433,272,420,409,430,329,260,192,152,317,202,387,420,260,401,392,411,312,245,181,143,302,191,368,401,246,379,369,387,293,229,169,135,283,180,346,378,229,352,343,360,271,212,157,126,264,169,321,352,214,323,315,332,249,195,146,118,243,158,295,323,197,292,285,302,227,178,134,110,223,148,269,293,180,262,254,272,204,161,123,101,202,138,242,263,163,233,227,243,182,144,111,92,181,128,216,234,146,432,421,440,337,266,194,154,325,204,397,430,266,418,408,423,319,246,176,139,307,188,378,417,247,398,388,399,298,225,159,125,287,171,355,395,227,373,363,371,274,204,144,113,265,157,328,369,208,344,334,341,250,185,132,104,243,145,300,340,189,313,304,311,227,168,120,96,222,134,273,309,172,282,274,281,204,152,109,90,202,126,247,279,156,252,245,252,185,137,101,83,182,118,221,250,141,223,217,225,165,124,91,77,164,111,198,222,127,430,421,437,333,260,188,147,320,199,393,430,260,417,405,417,311,234,163,127,298,175,370,413,236,396,384,389,284,206,140,109,274,153,342,390,210,368,356,356,256,181,122,95,248,136,310,360,187,335,324,321,229,160,109,87,224,124,278,327,166,301,291,287,204,143,99,80,200,114,249,293,149,268,259,254,183,129,91,76,182,109,222,261,134,238,229,227,165,115,84,71,164,103,199,231,122,211,204,204,148,107,77,66,148,99,178,206,111,430,420,434,330,254,182,143,317,194,390,429,256,416,405,412,304,223,152,117,291,165,364,411,225,394,382,380,273,190,124,95,263,138,332,385,196,364,352,342,240,160,103,81,234,119,295,353,168,328,316,300,208,137,91,76,206,109,258,315,145,289,277,261,182,122,85,73,183,104,224,276,129,252,242,227,162,111,80,69,164,100,197,241,118,221,213,202,147,103,75,66,148,96,176,212,108,195,188,182,133,95,70,62,135,93,159,188,100,430,420,434,328,252,179,139,315,190,388,428,252,416,404,409,299,217,144,110,287,158,360,409,220,393,381,375,266,179,111,85,254,127,325,383,185,363,350,335,227,142,90,79,225,110,285,350,153,327,314,289,190,117,87,76,197,104,243,310,131,286,273,238,161,108,83,73,172,101,204,265,117,240,227,199,145,103,79,69,151,99,175,222,109,202,195,177,133,96,74,66,137,96,157,192,101,180,173,161,123,91,69,62,125,93,144,171,94,430,420,433,327,250,177,138,314,189,388,428,252,415,404,408,298,214,141,108,285,155,359,409,218,392,380,374,263,174,106,82,252,123,323,382,181,363,350,333,225,133,90,79,222,107,282,348,149,326,313,287,183,112,87,76,194,104,236,309,127,285,272,235,145,108,83,73,169,101,199,264,112,240,227,184,136,102,79,69,147,99,168,217,106,196,187,165,128,96,74,66,132,96,149,183,100,173,167,151,119,91,69,62,122,93,138,164,93]}