{"c":"52331","n":"八幡","la":35.75666666666667,"lo":136.97833333333332,"e":250,"t":[0.6,1.3,5.0,11.2,16.1,20.2,23.8,24.9,20.9,14.3,8.2,2.9],"s":[41,49,2,0,0,0,0,0,0,0,0,10],"i":[450,449,471,377,311,229,197,363,252,438,457,305,438,438,469,386,331,250,220,373,276,444,449,322,420,422,458,386,343,267,239,375,294,438,434,332,394,397,437,379,348,277,252,369,306,425,409,335,360,364,408,364,345,281,259,355,312,401,377,330,321,326,370,341,334,279,261,335,312,371,339,318,279,284,326,312,316,270,256,308,304,334,296,299,233,237,277,276,291,254,246,276,291,290,249,274,188,192,225,236,260,235,229,240,272,242,200,244,450,449,471,376,310,227,196,363,250,438,455,305,438,440,469,385,328,249,219,372,274,443,449,321,420,422,458,385,340,265,237,373,291,438,433,330,394,397,437,377,344,275,249,367,302,423,409,332,362,366,409,362,340,278,256,354,308,401,379,327,323,328,372,340,328,275,257,333,306,371,341,314,282,287,329,310,310,266,252,307,299,334,299,296,238,242,282,275,284,250,242,275,286,291,254,270,194,198,231,237,252,231,225,240,267,245,208,240,450,449,470,374,307,225,193,361,248,437,455,302,438,440,468,381,322,244,213,368,268,440,449,316,421,423,457,380,332,257,229,369,283,434,434,323,397,399,438,372,334,265,239,362,291,420,411,323,365,369,409,356,328,267,244,348,295,398,381,317,330,334,376,334,315,263,244,328,292,369,347,304,291,295,336,306,296,252,238,302,284,334,307,285,249,254,292,272,271,237,225,272,269,294,265,260,209,213,247,236,241,216,210,239,250,252,223,231,449,448,469,371,302,221,189,358,244,434,455,298,438,438,466,375,314,236,204,363,259,434,448,308,422,423,455,373,319,245,216,361,269,429,434,312,398,400,436,363,318,249,223,353,275,413,412,310,370,372,409,347,311,249,225,338,275,393,384,302,336,339,378,325,297,243,223,319,270,364,351,288,300,302,341,298,278,231,215,294,261,332,314,269,262,265,301,267,254,215,202,266,246,295,276,245,225,227,260,234,225,195,187,235,227,256,238,218,449,448,466,367,296,215,183,354,238,430,454,293,438,438,462,368,303,224,194,355,247,429,446,298,422,422,450,362,304,229,200,351,252,420,430,298,400,401,432,351,300,229,202,341,254,405,411,294,372,373,405,334,289,225,202,325,252,383,384,283,341,342,376,313,275,218,198,306,245,357,353,269,307,309,342,287,256,206,189,282,234,326,320,250,271,273,305,259,233,191,177,256,221,292,283,227,237,238,268,227,208,173,162,227,204,257,248,202,449,447,463,362,290,208,176,349,231,426,453,287,438,437,457,359,290,212,181,346,234,421,444,287,421,420,443,350,286,211,182,338,234,409,428,283,399,399,423,336,277,208,181,326,231,392,407,274,373,373,399,319,266,202,177,310,225,370,381,262,342,342,370,297,250,192,171,290,217,344,352,246,311,311,338,273,231,180,162,267,206,315,320,227,277,278,304,246,210,165,150,243,194,284,287,206,243,244,268,218,188,149,138,217,179,250,252,185,448,446,459,357,282,200,169,344,223,422,451,280,437,434,450,349,275,198,167,337,219,412,440,274,419,417,434,336,266,192,164,325,214,397,423,265,397,395,412,320,254,185,158,310,206,377,401,252,370,368,387,300,239,176,152,292,199,354,375,238,340,339,359,279,223,165,144,271,189,328,346,222,309,308,328,254,204,153,135,249,179,299,315,204,277,276,296,229,187,141,125,225,167,270,283,186,245,245,264,204,166,126,113,202,156,241,250,166,447,445,457,352,275,194,162,339,215,417,450,273,434,432,443,338,261,184,153,326,204,403,437,261,416,413,423,321,246,173,144,310,194,383,417,247,392,389,398,301,229,162,136,292,183,359,393,231,364,361,371,279,213,150,127,272,173,334,365,214,334,331,342,256,196,140,119,250,163,307,336,197,302,300,312,234,178,128,111,229,153,279,305,180,271,269,281,211,162,117,102,208,143,252,273,163,241,239,250,188,144,105,93,187,135,224,243,146,447,443,453,347,267,186,155,334,208,413,448,267,433,429,434,328,247,170,140,316,191,393,433,248,412,408,411,306,225,154,126,296,175,368,409,229,386,381,382,282,204,140,114,273,161,340,383,209,356,351,351,257,186,127,105,250,149,311,352,190,324,319,319,233,168,117,97,229,139,283,321,173,292,288,289,210,153,106,91,208,131,254,290,156,260,257,260,189,137,97,84,188,124,229,259,141,231,227,231,170,124,88,77,170,117,204,229,127,446,443,450,342,261,180,149,330,202,409,446,261,432,426,429,319,235,158,128,307,179,385,429,237,409,404,400,292,206,137,110,282,157,354,404,212,380,374,365,262,182,120,96,256,141,321,373,188,346,339,329,234,161,107,88,231,129,288,338,167,311,304,294,209,144,97,81,208,121,256,303,150,276,271,262,187,129,89,76,187,114,229,270,135,245,241,234,168,117,83,72,169,110,204,240,123,217,213,209,151,107,76,67,153,106,183,213,111,446,442,448,339,256,175,144,326,197,405,445,257,430,426,423,312,225,148,118,300,169,378,426,227,408,401,390,279,191,122,96,271,143,344,400,198,376,369,351,245,161,102,82,241,124,305,365,169,339,330,308,212,137,91,77,213,113,265,325,147,297,289,266,184,122,85,74,189,109,229,284,130,258,250,233,164,112,80,70,168,106,202,247,119,225,220,206,148,103,75,67,152,103,179,218,109,200,195,185,134,96,70,63,139,101,162,193,100,446,442,446,337,252,172,140,324,194,404,445,254,430,425,420,307,218,141,111,296,162,374,425,222,407,400,386,272,180,110,86,263,132,337,397,187,375,367,343,231,143,91,79,231,114,294,362,155,337,328,295,192,118,87,77,202,109,249,320,133,294,284,242,162,109,83,74,177,107,208,273,118,246,235,202,145,103,79,70,155,105,177,227,109,206,200,179,134,97,74,67,140,103,159,195,102,183,178,163,124,91,69,63,129,100,145,175,95,445,442,446,336,252,171,139,323,193,404,444,252,430,425,419,305,215,138,109,294,159,373,425,220,405,399,384,269,175,106,83,261,128,335,396,183,375,367,342,227,134,91,79,229,112,290,361,151,337,327,293,184,112,87,77,199,109,242,319,128,293,283,240,145,108,83,74,173,107,202,272,112,245,234,186,136,103,79,70,150,105,169,222,106,199,191,166,127,97,74,67,134,103,150,185,100,175,171,153,119,91,69,63,125,100,139,166,93]}