{"c":"52346","n":"宮地","la":35.763333333333335,"lo":137.28833333333333,"e":420,"t":[0.1,0.8,4.5,10.5,15.6,19.6,23.1,24.2,20.4,13.9,7.7,2.5],"s":[34,37,0,0,0,0,0,0,0,0,0,4],"i":[419,419,442,361,308,256,210,356,266,424,426,308,409,411,440,368,327,284,237,367,293,428,420,326,393,395,430,369,339,305,259,370,314,424,405,338,369,372,411,361,344,319,274,366,328,409,384,341,339,342,383,346,340,325,283,354,335,388,355,337,304,308,348,325,330,324,286,335,335,359,320,326,265,269,308,297,312,315,281,310,328,323,281,308,224,227,263,264,287,298,269,279,313,281,238,283,183,186,215,225,256,275,252,244,292,235,195,252,419,419,442,360,307,256,210,356,265,423,426,308,409,411,441,367,325,283,236,366,291,426,420,325,393,395,430,367,336,303,256,369,311,422,405,335,369,372,411,359,340,316,271,364,324,408,384,338,340,344,384,345,336,322,279,352,330,387,356,334,306,309,350,323,324,320,281,333,330,358,322,323,268,272,311,296,306,311,276,308,322,323,284,304,227,231,267,263,281,294,265,278,307,282,242,279,188,191,221,225,250,270,247,243,286,238,200,249,419,419,442,358,304,252,206,354,261,422,426,305,409,411,438,364,319,276,229,362,284,425,420,320,393,395,429,363,328,294,248,363,301,419,405,328,371,373,411,355,330,305,260,358,312,405,385,330,342,346,385,339,324,308,266,345,316,384,358,324,310,314,353,318,312,305,266,327,313,356,326,311,275,278,316,291,292,294,260,302,304,322,289,292,237,240,276,259,268,276,248,273,288,284,250,268,200,202,234,225,238,252,229,240,267,243,212,239,418,418,440,356,299,247,202,350,256,419,426,301,409,409,437,359,311,266,220,356,273,420,419,312,394,395,426,356,316,279,233,355,286,413,405,317,372,374,408,346,315,285,242,348,293,399,385,315,346,348,384,331,308,286,245,335,294,379,359,308,315,318,354,309,294,280,242,316,288,351,329,295,281,284,320,284,275,268,235,292,278,320,295,275,247,250,283,254,250,250,221,265,262,284,260,252,213,215,244,223,223,227,204,234,242,247,224,225,418,418,438,352,293,240,195,346,249,416,425,295,409,409,434,352,300,252,206,348,260,413,417,301,393,394,422,346,300,260,215,344,267,405,403,302,373,374,404,335,296,262,219,335,269,390,384,298,347,348,380,318,286,259,219,321,267,369,358,288,318,320,352,298,272,250,214,302,260,344,330,274,287,289,320,273,252,238,204,279,248,314,299,254,254,256,285,246,231,221,192,252,233,281,265,233,222,223,250,217,206,200,176,225,214,247,231,208,418,417,436,347,287,231,187,341,241,412,423,289,408,407,429,344,287,237,193,339,245,405,415,289,392,392,415,335,283,238,195,331,245,395,400,285,372,372,397,321,274,235,194,320,243,378,380,277,347,347,374,305,263,229,190,304,237,357,356,266,318,319,346,283,247,219,184,284,229,331,328,250,289,290,316,260,229,206,174,263,216,303,298,231,258,259,284,234,208,190,161,238,202,273,267,211,227,227,250,208,187,172,148,213,187,241,235,189,417,416,433,342,279,223,179,336,231,408,422,282,407,405,423,335,273,220,177,328,227,398,412,276,390,389,407,323,264,214,173,317,223,383,396,267,369,368,387,306,252,206,168,302,215,364,375,254,344,344,363,287,237,198,162,285,206,341,350,241,317,316,336,267,221,186,152,265,196,316,323,225,287,287,306,243,202,173,144,243,185,288,293,206,258,257,276,220,185,159,132,221,172,260,264,188,227,227,246,196,165,144,121,198,160,231,234,168,416,415,429,338,272,214,171,330,223,403,420,275,405,403,417,325,259,202,161,318,212,389,408,262,388,385,398,309,244,191,151,302,200,370,390,248,365,363,374,290,227,178,142,284,188,347,367,231,339,337,348,269,211,166,134,264,177,322,342,215,311,309,321,246,194,155,124,244,166,296,314,198,282,280,292,225,177,142,115,223,156,269,285,181,252,250,263,202,160,130,106,202,145,242,254,164,224,223,235,180,143,117,97,181,135,216,227,147,416,413,426,333,265,204,163,325,215,399,419,268,404,401,409,316,245,185,146,307,196,380,405,249,384,381,387,295,224,167,131,287,178,356,384,229,360,357,360,272,204,151,118,265,163,329,359,209,332,329,331,248,184,137,108,243,150,301,331,190,302,299,302,225,167,125,99,222,139,273,301,173,273,270,273,202,152,113,92,200,130,247,272,156,243,241,245,183,137,105,85,182,122,222,243,142,216,213,219,164,124,95,78,164,114,198,216,128,415,413,424,329,259,197,155,321,208,395,417,262,401,399,404,308,233,170,132,298,182,372,401,237,382,378,377,282,206,146,112,273,158,343,379,211,355,350,346,254,181,126,97,247,139,311,350,187,324,319,312,227,160,112,87,223,126,279,318,166,292,287,279,202,143,101,81,200,117,249,286,149,260,256,249,182,129,93,75,181,111,222,254,135,231,227,222,164,115,86,70,163,106,198,227,122,204,200,199,147,107,79,66,148,101,178,200,111,415,413,422,326,254,191,150,317,202,392,416,257,401,398,399,301,223,158,121,291,170,366,399,227,380,375,369,271,190,127,96,261,141,333,375,196,352,346,333,238,160,104,81,231,120,296,344,168,318,311,294,206,137,92,75,204,110,258,308,145,281,274,256,181,122,86,71,182,104,224,270,129,245,239,224,162,112,81,68,163,101,197,236,118,215,210,199,146,103,76,64,147,98,175,208,108,190,186,178,132,95,71,61,134,95,158,185,100,415,412,421,324,250,187,146,315,199,390,416,254,401,397,397,297,217,149,112,286,162,362,398,221,379,374,365,264,179,112,84,252,128,326,373,185,351,345,327,227,143,90,77,222,110,285,341,153,317,309,283,190,118,86,74,195,104,243,303,131,278,269,235,161,109,83,71,171,102,204,261,118,235,225,197,145,103,79,68,150,99,175,219,109,199,194,175,133,97,75,64,136,97,156,189,102,176,172,159,123,91,70,61,125,94,143,169,95,415,412,420,323,250,186,144,314,197,390,416,252,400,397,396,295,214,146,110,284,159,361,398,218,379,374,364,262,174,107,81,250,124,324,372,181,351,344,325,224,134,90,77,219,106,282,340,149,316,309,281,183,112,86,74,192,104,236,302,127,277,269,231,146,108,83,71,168,102,198,259,112,234,225,183,137,103,79,68,147,99,167,214,106,193,186,164,128,97,75,64,131,97,148,181,100,170,166,150,119,91,70,61,122,94,137,162,94]}