{"c":"52381","n":"樽見","la":35.638333333333335,"lo":136.60333333333332,"e":190,"t":[1.3,1.7,5.3,11.4,16.1,20.0,23.6,24.7,20.9,14.7,8.9,3.7],"s":[52,64,19,0,0,0,0,0,0,0,0,14],"i":[424,408,421,339,287,213,157,328,219,397,418,280,413,400,419,346,303,231,171,335,234,400,411,294,397,385,409,345,313,246,181,335,246,394,397,301,373,363,390,337,316,254,188,328,254,382,375,302,342,334,365,323,312,257,191,315,256,361,347,297,306,301,332,303,302,254,191,297,254,334,313,286,267,264,294,277,285,245,186,273,248,302,275,269,225,223,252,246,262,231,177,246,238,264,234,246,183,184,206,212,234,212,165,214,223,224,191,219,424,408,421,339,286,212,156,328,218,396,417,279,413,400,419,344,301,231,170,334,233,399,411,292,397,385,408,344,310,244,180,333,244,393,397,299,373,363,390,336,313,252,186,327,250,380,375,300,343,335,365,321,308,254,189,314,252,361,348,294,308,302,333,301,297,250,188,296,250,334,315,283,270,266,296,276,280,242,183,272,245,302,277,266,229,227,256,245,256,227,174,245,234,265,237,243,189,188,213,211,227,209,162,214,219,225,197,216,424,408,420,337,284,210,154,326,216,395,417,277,413,400,417,342,296,225,166,331,229,396,411,288,398,385,408,340,303,237,175,330,238,390,397,293,375,364,390,331,304,243,180,323,244,377,376,293,346,337,365,316,298,244,181,309,245,357,350,286,313,306,336,296,286,239,179,291,241,332,318,274,277,272,300,271,268,229,173,269,234,301,283,256,239,235,263,241,245,215,164,242,223,267,246,234,200,199,223,210,218,195,152,213,208,229,208,208,423,407,419,335,279,206,152,324,213,393,417,273,413,399,415,337,289,219,161,327,223,393,409,282,398,385,405,333,293,225,167,324,229,386,396,284,376,364,388,323,290,229,170,315,231,372,376,281,349,339,364,309,283,227,169,302,231,353,351,273,318,310,336,288,270,221,166,284,225,328,321,260,284,277,303,264,252,211,159,262,218,299,288,242,249,244,268,236,229,195,149,237,206,267,254,221,215,210,231,206,204,177,137,210,192,233,219,196,423,407,417,331,275,200,148,321,209,390,416,269,413,398,412,331,280,209,154,321,215,387,408,273,398,384,400,325,279,213,157,316,218,379,394,272,377,364,383,314,275,212,157,306,217,364,375,267,350,339,361,298,265,208,154,291,214,345,350,257,321,311,333,278,250,200,149,274,208,321,322,243,290,281,303,254,233,189,142,252,199,294,291,225,256,249,270,229,212,174,132,229,188,264,258,204,224,217,237,202,189,157,121,204,175,233,225,183,423,405,413,327,269,195,144,317,204,387,413,264,413,397,408,324,268,198,146,314,204,381,405,263,397,381,395,315,264,197,145,306,204,370,391,259,376,362,376,302,256,193,143,294,200,354,371,250,351,338,354,285,244,187,138,279,196,335,348,239,322,311,328,265,229,177,132,261,189,311,320,224,292,282,299,243,212,166,124,240,179,285,291,206,261,252,269,219,192,152,113,219,169,257,260,187,229,221,237,194,172,137,105,196,158,227,229,168,422,405,412,323,263,189,139,313,199,383,413,258,411,395,401,316,256,186,137,306,195,374,403,252,395,379,387,304,247,180,133,295,191,360,387,244,373,358,367,288,236,173,128,281,184,342,366,231,348,334,344,270,222,164,122,265,177,321,342,219,320,308,318,250,206,154,114,246,169,298,315,204,290,279,290,227,190,142,107,225,160,272,286,187,261,250,261,206,172,130,98,206,151,246,257,169,229,221,231,183,153,117,90,185,141,220,227,151,421,404,409,319,256,182,135,309,193,379,412,252,409,392,397,308,244,173,128,298,185,366,400,242,392,375,379,292,229,163,121,284,176,349,382,227,369,353,356,274,215,153,113,267,168,328,360,214,343,328,331,254,199,142,107,249,159,305,334,198,315,301,305,233,183,132,99,229,150,281,307,182,285,273,277,212,167,120,92,211,143,256,278,166,254,244,249,191,151,110,85,191,134,231,249,150,227,217,222,170,135,98,77,173,127,208,222,134,421,403,405,315,250,176,130,305,188,376,409,247,408,390,391,300,231,161,120,291,176,359,396,231,389,371,369,280,213,147,110,273,163,338,377,213,364,348,343,259,194,133,101,252,152,313,352,195,336,320,316,237,176,122,93,233,143,288,324,178,306,292,287,215,160,111,86,213,134,262,295,162,276,263,260,194,145,101,80,195,128,238,266,147,246,235,233,174,131,93,74,176,121,214,238,133,218,208,208,156,118,84,68,160,115,192,211,119,420,401,404,312,245,171,126,302,184,373,409,243,407,389,385,292,222,151,112,284,167,352,394,222,386,368,361,269,198,132,100,262,151,327,372,200,359,342,331,244,175,115,90,240,138,298,344,178,328,312,299,219,155,104,83,217,129,269,313,159,295,280,268,196,139,95,77,197,122,242,281,143,263,250,239,176,126,87,72,178,117,217,250,129,233,222,213,158,113,80,68,162,112,195,223,117,206,197,190,141,104,73,63,147,109,175,198,106,420,401,401,309,241,167,124,300,181,370,408,239,405,387,381,287,213,142,106,278,160,347,392,214,385,366,354,260,184,119,91,254,141,319,368,188,356,338,320,229,157,101,81,227,127,286,338,163,322,305,283,202,136,91,77,204,119,252,303,143,283,268,247,177,121,85,73,182,114,221,266,128,247,235,217,158,111,80,69,164,112,196,233,115,217,206,193,143,102,74,66,149,108,176,204,106,192,183,173,129,94,69,61,136,105,159,182,98,420,401,401,308,238,164,122,298,178,369,407,237,405,387,379,283,208,136,102,275,156,344,390,209,384,365,350,254,175,109,85,248,134,313,366,179,355,337,315,221,142,91,80,221,121,278,336,151,321,303,274,187,120,88,77,196,114,240,299,131,281,264,229,160,110,83,73,173,112,204,258,118,237,223,193,144,104,79,69,153,111,177,218,109,200,191,172,133,97,73,66,139,108,160,188,101,178,170,156,122,91,68,61,128,105,146,168,94,420,401,401,307,237,163,121,297,178,368,407,236,405,387,378,282,206,134,101,274,154,343,390,206,384,365,349,252,171,105,83,246,131,312,366,176,355,336,313,218,135,91,80,219,118,275,335,148,320,302,272,181,114,88,77,194,114,234,298,128,280,264,227,147,110,83,73,171,112,200,257,112,237,222,181,138,104,79,69,150,111,171,213,107,194,184,162,128,97,73,66,135,108,153,180,100,171,164,149,119,91,68,61,125,105,142,161,93]}