{"c":"52571","n":"関ケ原","la":35.36333333333334,"lo":136.46666666666667,"e":130,"t":[2.9,3.4,6.7,12.6,17.2,21.2,25.0,26.3,22.4,16.4,10.7,5.5],"s":[25,18,1,0,0,0,0,0,0,0,0,7],"i":[430,430,450,367,330,265,212,361,256,430,437,321,420,422,448,375,352,294,238,372,282,434,430,340,401,405,437,375,366,315,259,375,301,430,415,352,377,381,417,368,371,329,274,370,314,416,392,356,345,350,389,353,368,336,282,357,320,394,361,352,309,314,353,330,357,334,284,337,319,363,325,340,269,274,312,302,337,325,279,311,311,326,285,321,225,229,266,268,311,307,268,279,296,284,241,295,183,187,216,229,277,283,250,242,274,238,196,263,430,430,450,367,329,264,211,361,256,430,437,320,420,422,448,374,349,292,237,371,280,434,430,339,401,405,437,374,362,313,256,373,299,429,415,350,377,382,417,366,366,326,271,368,311,413,392,353,347,352,390,351,363,332,279,355,316,393,363,348,311,316,355,329,350,330,280,335,314,363,327,337,272,277,314,300,330,320,275,309,306,327,288,317,229,235,270,267,303,303,263,278,290,285,245,291,189,193,223,229,270,278,246,242,269,240,202,259,430,430,449,365,326,261,208,359,252,429,437,317,420,422,447,371,343,286,231,367,274,430,430,333,403,405,436,370,353,303,248,368,290,425,415,342,379,383,417,361,355,314,259,362,299,411,393,344,350,354,391,345,350,318,265,349,302,389,365,338,316,321,358,323,336,314,265,329,299,361,332,325,279,284,320,296,315,303,258,304,289,326,294,305,241,245,279,263,289,284,246,274,273,287,254,279,202,206,236,227,257,260,227,240,252,246,215,248,429,430,448,362,321,256,202,356,248,426,436,313,420,421,445,366,334,275,221,361,264,426,429,325,404,405,434,363,340,288,234,360,276,420,413,330,381,384,415,352,338,294,242,352,282,405,393,328,354,357,390,337,331,295,244,338,282,384,367,321,322,326,360,314,317,289,242,319,277,356,336,307,287,291,324,289,296,276,234,294,265,324,300,287,252,254,287,258,270,257,220,266,249,288,264,262,217,219,247,225,240,234,202,235,229,250,227,233,429,430,446,358,314,248,197,351,241,423,434,307,419,420,441,359,321,260,209,353,252,420,426,313,404,405,429,353,323,268,216,349,258,411,412,314,382,384,411,342,319,270,219,340,260,396,392,310,355,358,387,324,308,266,219,324,257,375,367,299,326,328,358,304,293,259,214,305,250,348,337,285,294,296,325,278,272,245,204,281,238,318,305,265,260,262,289,250,248,227,191,254,222,285,270,242,225,227,254,220,221,206,175,225,202,250,236,216,429,429,443,354,307,240,189,346,233,419,434,300,418,419,436,350,307,244,194,344,238,413,425,301,401,403,423,342,303,245,196,336,238,401,409,297,381,382,403,327,294,242,195,324,235,384,389,288,356,357,380,310,282,236,191,308,229,362,364,276,327,328,352,288,265,225,184,288,220,336,336,259,296,297,321,265,246,212,174,265,208,308,305,241,264,266,289,238,223,195,161,241,193,277,273,219,231,234,254,211,200,177,148,214,177,244,240,196,428,428,440,349,299,229,181,341,225,413,432,293,417,417,430,341,292,227,179,334,222,404,422,287,400,400,413,329,282,221,175,322,217,389,405,277,379,379,393,312,269,213,169,307,209,369,384,265,353,353,369,292,252,202,163,289,200,346,359,250,325,325,342,271,237,191,154,269,190,320,331,233,294,295,312,248,217,178,145,246,178,292,300,214,264,264,281,223,197,164,133,223,165,263,270,195,234,234,250,199,176,147,122,200,151,235,239,174,428,426,437,344,290,221,173,336,217,409,430,285,416,415,424,331,276,209,164,323,206,395,418,272,398,396,405,314,259,196,153,307,195,375,400,257,375,373,381,295,242,184,145,288,183,352,376,240,348,347,354,273,225,170,136,268,172,327,350,223,319,318,326,250,206,159,126,247,161,301,321,204,289,288,297,227,188,146,117,225,150,273,292,187,259,258,267,206,170,134,108,204,138,246,261,170,229,229,238,183,152,120,99,183,128,219,231,151,426,426,434,340,283,212,165,330,209,405,429,278,413,413,417,322,261,191,149,312,191,386,415,258,395,392,394,300,238,172,134,291,174,362,394,237,369,367,366,277,215,155,121,269,158,334,367,216,341,338,337,252,194,141,111,246,146,306,338,196,310,308,306,229,176,129,102,224,135,277,308,178,279,277,277,206,160,117,95,204,125,250,278,161,249,247,249,186,144,108,87,184,115,225,249,146,221,219,222,166,130,97,81,165,108,200,221,131,426,425,430,336,276,204,158,326,202,401,428,272,413,411,411,313,247,176,136,303,177,378,412,245,392,388,384,287,217,150,114,277,154,348,388,218,365,360,352,259,190,129,100,250,136,316,359,193,333,328,317,231,167,113,91,225,123,283,326,171,299,294,284,206,149,103,84,202,112,252,292,153,266,262,252,185,134,95,79,182,106,225,260,138,236,233,225,166,121,88,73,164,100,200,231,125,209,206,200,149,111,81,69,148,94,180,204,112,426,425,429,332,271,198,153,322,196,398,426,267,412,409,407,306,236,163,124,295,166,371,409,235,390,386,376,276,200,131,100,265,137,338,384,202,362,356,339,242,167,107,84,235,117,300,352,172,326,320,298,210,141,94,78,208,106,262,315,148,287,281,259,183,125,87,75,184,100,227,276,132,250,244,225,163,113,82,71,164,95,199,240,120,219,215,200,147,105,77,68,148,91,177,212,110,194,189,180,134,98,73,64,134,87,160,188,101,426,424,428,330,267,193,149,320,193,397,426,264,412,409,404,302,229,154,117,290,158,368,408,227,390,385,372,269,188,115,89,257,125,331,382,191,361,354,333,231,147,91,80,225,106,290,349,156,325,318,288,193,120,88,78,197,99,246,310,133,285,276,238,162,110,84,75,172,96,206,266,119,240,231,199,146,104,80,71,151,93,176,223,110,202,197,176,134,98,76,68,135,90,158,192,103,179,174,160,124,93,72,64,124,86,144,171,96,426,424,428,330,266,192,148,319,191,396,426,263,412,408,403,301,225,150,113,289,155,367,408,225,390,385,371,266,182,110,85,254,121,330,382,186,360,354,331,227,137,91,80,223,103,287,348,152,325,317,286,186,113,88,78,194,99,240,309,129,284,275,236,146,109,84,75,169,96,200,265,112,240,229,185,137,104,80,71,147,93,168,218,107,196,189,165,128,98,76,68,131,90,150,183,101,172,168,151,120,93,72,64,121,86,138,164,95]}