{"c":"52606","n":"多治見","la":35.346666666666664,"lo":137.10833333333332,"e":120,"t":[2.9,3.8,7.6,13.6,18.2,22.2,26.0,27.3,23.4,16.9,10.7,5.2],"s":[1,1,0,0,0,0,0,0,0,0,0,0],"i":[455,463,501,399,348,284,257,393,289,465,474,344,444,453,500,409,373,319,296,407,324,471,466,367,425,434,487,411,389,346,328,413,352,467,449,382,397,408,465,404,396,365,352,409,372,451,423,388,363,373,432,387,394,375,367,396,382,428,389,385,323,333,390,363,383,375,372,375,382,395,349,374,279,288,342,331,362,366,368,346,373,354,303,353,231,239,289,293,334,348,354,310,355,307,254,325,186,192,231,249,298,322,332,269,328,254,202,290,455,463,501,399,346,283,256,392,287,463,474,342,444,454,500,409,370,316,294,405,321,470,466,365,425,434,487,409,385,341,325,409,348,465,449,379,398,408,465,401,391,359,348,405,366,451,424,384,365,375,434,386,388,367,362,394,375,426,391,380,325,335,393,362,376,367,366,372,375,395,351,368,283,292,346,330,355,357,362,344,366,355,307,347,238,245,295,292,326,338,348,309,347,309,259,319,193,199,240,250,290,312,325,268,320,259,211,284,455,463,501,396,342,278,252,389,283,463,473,339,445,454,499,404,362,307,286,401,313,467,466,358,426,436,488,404,375,328,313,404,336,462,450,369,401,411,467,396,379,342,332,399,350,447,426,372,369,379,436,380,374,348,343,385,356,424,395,367,332,342,400,356,360,345,345,365,353,393,358,354,292,301,356,326,338,334,339,337,342,355,317,333,250,258,309,290,310,314,324,303,323,312,272,305,209,216,259,250,276,287,300,265,296,267,227,271,455,463,499,393,337,271,244,385,276,459,473,334,445,454,496,398,352,294,271,394,299,462,465,348,428,437,484,396,360,310,292,394,316,455,450,356,403,413,465,386,360,319,306,387,326,440,426,355,374,383,438,370,353,322,313,373,328,418,398,348,340,349,403,346,339,316,312,352,322,388,364,334,302,311,363,318,317,304,303,325,309,354,325,313,264,272,321,285,290,284,287,294,290,314,286,286,227,233,276,249,258,258,265,259,263,273,245,254,455,463,497,388,329,263,235,380,266,455,472,327,445,453,493,390,338,278,254,384,282,454,463,336,428,436,480,385,341,288,267,381,292,446,448,338,405,413,461,374,338,292,275,372,295,430,426,334,376,385,434,356,327,289,276,356,294,407,399,324,345,353,403,334,312,282,273,335,285,380,367,309,311,319,367,306,291,268,262,310,271,347,332,288,274,282,326,276,265,249,246,280,252,311,294,263,239,245,287,243,237,227,225,249,229,273,257,236,455,462,494,383,321,252,224,374,256,451,470,319,444,451,487,380,322,259,233,372,262,445,461,321,426,434,473,371,319,262,238,365,264,434,445,317,405,412,453,357,310,260,240,353,262,416,423,309,378,385,426,339,298,254,236,336,254,393,397,297,346,354,396,316,281,243,229,314,245,365,366,280,315,321,363,291,262,231,219,290,231,335,333,261,281,287,327,262,237,213,204,263,213,302,298,238,246,252,288,233,213,193,187,234,193,267,262,213,454,461,490,377,312,242,212,367,245,446,468,310,443,449,480,369,305,239,211,359,241,434,457,304,425,430,463,356,295,234,208,347,235,419,440,295,401,408,440,338,282,225,202,331,225,399,417,282,375,381,413,318,266,217,196,312,217,374,390,267,345,351,385,296,249,204,186,290,204,347,360,250,313,318,351,270,229,192,176,266,191,317,328,229,281,286,318,245,208,176,163,241,175,286,295,210,249,252,284,218,186,159,149,216,159,254,262,188,454,459,486,371,303,231,200,360,233,440,467,302,441,446,472,357,287,218,188,346,219,424,453,287,422,426,451,339,269,204,176,328,204,403,433,271,398,401,424,318,252,192,166,308,191,378,408,254,370,373,396,294,233,179,156,286,178,351,380,236,339,343,365,270,214,167,145,263,164,323,349,217,307,311,334,247,196,153,136,240,152,294,317,199,275,278,301,223,177,141,125,217,138,265,285,180,245,247,269,199,159,127,113,194,126,237,254,162,453,459,482,365,294,220,189,354,223,434,465,293,440,444,463,345,270,198,167,333,199,413,449,271,419,422,437,321,245,177,147,309,176,386,426,248,392,394,405,295,221,159,131,284,158,356,397,225,361,363,373,269,199,144,119,259,142,325,366,204,329,330,340,244,180,131,109,236,129,295,333,185,296,297,308,220,164,120,101,213,118,266,300,168,264,265,277,198,147,111,93,192,107,239,269,152,234,235,248,178,133,100,86,172,98,213,239,137,453,458,479,361,286,211,179,348,213,430,463,286,438,442,455,335,254,179,147,321,180,403,445,256,416,417,424,305,222,151,120,291,150,370,419,225,386,386,387,273,193,129,100,261,127,334,386,198,351,350,348,242,168,112,88,233,111,298,350,174,315,314,310,216,149,102,80,208,99,265,313,155,280,279,276,193,134,93,75,186,91,236,278,140,248,248,246,173,121,87,70,167,85,210,247,127,220,219,221,155,111,80,67,151,79,188,220,114,451,457,476,357,280,204,170,344,206,426,462,280,437,440,449,326,242,164,130,312,164,395,442,244,413,413,413,291,202,128,96,276,127,357,413,206,382,381,370,252,166,102,76,242,101,315,378,173,344,340,323,217,138,88,69,211,88,272,336,148,301,297,278,187,122,81,66,184,81,234,292,130,261,257,241,166,111,77,63,163,77,204,252,118,229,225,214,149,102,73,60,146,73,181,223,108,202,199,192,136,96,70,57,133,69,163,198,100,451,457,475,354,276,199,165,341,200,424,461,276,437,438,446,321,233,153,118,305,154,391,441,236,413,413,408,281,188,111,80,266,111,349,411,193,381,379,361,238,144,83,69,229,88,302,374,155,342,338,308,194,113,81,68,198,80,252,329,129,298,291,250,160,104,78,65,170,78,208,280,113,249,240,204,143,99,75,63,147,75,175,231,105,208,202,181,131,94,71,60,131,72,157,197,99,184,180,165,122,90,68,57,120,69,143,176,93,451,457,474,353,275,197,163,340,199,424,461,275,437,438,445,319,229,149,114,303,150,389,440,233,412,413,405,279,181,104,74,262,105,347,409,188,381,379,359,233,132,83,69,225,84,297,373,149,342,337,305,184,106,81,68,194,80,243,328,124,297,290,247,139,103,78,65,166,78,200,278,107,248,239,186,131,98,75,63,142,75,166,225,101,200,193,165,124,94,71,60,125,72,147,186,96,176,172,152,117,90,68,57,115,69,136,167,91]}