{"c":"53042","n":"和歌山","la":34.22833333333333,"lo":135.16333333333333,"e":14,"t":[6.0,6.3,9.5,15.0,19.4,23.0,27.0,28.0,24.6,18.8,13.5,8.5],"s":[0,0,0,0,0,0,0,0,0,0,0,0],"i":[463,517,537,419,360,282,249,400,277,463,505,354,451,504,534,430,385,313,284,412,308,467,496,376,430,480,520,430,401,337,311,415,332,461,476,390,401,448,494,422,407,353,331,409,348,445,448,394,364,407,457,405,404,360,343,394,356,420,409,390,323,359,411,378,392,359,346,370,354,386,364,376,277,307,358,344,370,348,340,339,344,344,314,354,229,250,299,303,340,330,326,302,326,297,259,324,181,194,235,256,303,303,304,259,300,245,204,287,463,517,537,418,358,281,248,399,276,462,505,352,451,504,534,428,381,312,281,411,306,466,497,374,430,480,519,429,396,335,308,413,329,459,476,386,401,450,495,420,401,350,327,407,344,444,449,390,367,409,459,403,397,356,337,392,350,419,412,385,326,363,413,377,384,354,340,368,348,385,368,371,281,312,363,343,362,343,334,338,338,345,319,349,235,258,306,302,331,324,319,301,319,299,266,319,190,204,246,257,294,297,297,260,293,249,213,283,463,517,536,416,354,277,244,397,272,461,505,349,451,505,533,424,373,304,273,405,298,463,496,367,432,484,520,424,385,324,296,408,318,457,479,378,405,453,496,413,388,336,312,400,329,441,451,379,372,417,463,396,382,340,320,385,333,416,417,373,334,373,423,371,367,336,320,362,329,385,376,358,292,326,375,338,345,323,312,333,318,346,331,335,250,277,323,300,315,303,297,298,298,303,283,306,208,227,270,259,279,276,274,259,272,258,235,271,463,517,534,412,348,271,237,393,266,458,505,344,451,505,531,418,363,292,260,400,286,458,496,358,434,484,518,415,370,306,277,398,301,450,479,364,409,458,496,404,369,314,289,390,308,434,454,362,377,423,465,386,361,315,293,374,309,411,422,354,343,384,428,361,345,308,290,352,302,381,385,338,304,340,384,331,322,294,280,323,289,345,343,316,265,295,338,295,294,274,263,291,270,306,299,288,227,252,290,258,261,249,242,254,245,265,256,256,463,516,532,407,340,263,229,388,258,454,504,337,451,505,527,409,349,276,244,391,271,451,495,345,434,484,513,403,351,285,254,386,279,442,478,346,411,459,492,391,346,287,260,376,282,425,454,342,382,428,463,372,335,283,260,359,279,401,424,330,349,390,428,348,319,275,254,337,270,373,389,314,314,352,390,319,296,261,243,310,256,340,352,292,277,310,347,287,270,241,227,279,237,304,311,266,240,269,303,252,240,219,206,247,215,267,271,237,463,516,529,401,332,254,219,382,248,450,503,329,451,504,521,398,332,259,225,380,254,443,492,330,434,484,505,389,329,260,229,371,254,430,475,326,411,459,483,373,319,257,229,358,252,412,451,317,384,429,455,354,306,250,223,340,245,389,423,303,352,394,423,330,287,239,216,318,235,361,390,285,319,356,386,303,267,225,204,292,220,329,354,265,284,318,348,274,242,206,189,264,202,297,317,240,250,280,308,242,216,187,173,235,184,261,279,215,463,515,525,396,323,243,209,376,239,445,501,321,451,501,514,386,315,240,206,368,235,434,488,314,433,480,495,373,304,233,202,355,229,417,470,303,409,455,471,354,290,225,195,338,221,396,445,290,382,425,442,332,273,215,187,318,211,371,416,273,351,391,411,309,254,200,177,295,198,343,384,254,318,355,375,282,234,188,166,271,185,313,349,235,285,318,338,254,212,172,152,244,169,282,314,213,252,282,302,227,189,155,139,218,153,250,279,191,463,514,521,389,313,233,198,370,229,440,499,312,450,499,505,374,297,220,186,355,216,424,484,297,430,476,482,355,278,206,174,337,202,403,463,280,405,448,454,332,259,193,163,316,189,377,436,261,377,416,422,308,240,178,152,293,176,350,405,242,345,382,389,282,220,166,140,270,163,321,372,222,313,346,356,257,200,152,130,246,150,292,338,202,280,310,321,231,181,139,119,221,136,262,303,184,248,275,286,206,161,125,108,198,124,234,270,164,462,513,517,383,304,223,188,364,219,434,497,304,449,496,496,362,280,200,167,343,197,413,480,281,426,471,467,336,254,179,148,319,177,387,455,256,400,438,433,309,227,161,132,293,159,357,424,233,368,404,397,281,204,145,119,267,144,326,390,211,335,367,361,254,185,132,108,242,130,295,354,190,302,330,327,229,167,120,100,219,119,265,319,172,269,294,294,204,150,110,91,197,109,238,286,155,238,260,263,184,135,99,84,176,99,212,254,140,462,512,513,378,297,214,179,358,210,430,496,296,447,494,487,351,264,183,149,332,181,405,476,266,425,466,453,319,229,155,123,302,153,372,448,235,394,430,413,285,199,132,104,271,131,336,412,206,359,389,370,252,173,115,91,242,114,300,373,180,321,347,328,224,153,104,83,215,103,266,332,160,285,307,291,199,137,94,77,192,95,236,294,143,252,271,259,178,123,88,72,172,88,210,261,130,223,240,231,160,112,81,67,154,81,187,231,118,462,512,509,374,291,208,172,354,204,426,495,291,447,492,480,342,250,169,135,323,167,398,473,254,423,463,442,304,210,134,102,288,132,361,442,216,391,424,394,264,172,107,81,252,107,318,403,181,351,377,342,225,142,91,73,220,93,275,357,153,308,326,293,193,124,84,70,191,86,236,309,134,266,280,252,170,112,79,67,168,81,204,266,121,231,243,222,153,104,75,63,150,76,182,231,111,204,213,199,139,97,71,60,136,72,163,204,102,462,511,509,372,287,202,167,352,199,425,494,287,447,492,478,337,243,159,124,317,157,393,472,246,423,462,436,295,196,117,87,278,117,353,440,202,390,423,385,249,150,87,74,240,93,307,400,162,351,375,327,202,117,83,72,206,84,258,351,134,305,321,263,164,105,81,69,177,81,213,296,117,254,261,210,144,100,77,67,151,78,178,242,107,210,215,183,133,95,74,63,134,74,157,202,101,184,189,167,124,91,70,60,122,70,143,180,95,462,511,509,371,286,200,165,350,197,425,494,286,447,492,476,335,240,156,121,315,153,392,472,243,422,462,434,292,190,111,82,275,111,351,440,198,390,423,384,244,139,86,74,237,89,303,399,156,351,375,325,193,107,83,72,202,84,250,350,128,305,321,261,140,104,81,69,173,81,204,296,108,254,261,193,131,100,77,67,146,78,168,236,103,202,204,166,124,95,74,63,127,74,146,191,98,176,179,154,117,91,70,60,117,70,136,170,93]}