{"c":"53112","n":"上野","la":34.76166666666667,"lo":136.14166666666668,"e":159,"t":[3.2,3.6,6.8,12.5,17.4,21.4,25.2,26.2,22.4,16.0,10.2,5.3],"s":[0,1,0,0,0,0,0,0,0,0,0,0],"i":[422,436,468,368,321,262,238,359,259,419,442,317,412,426,465,375,340,288,269,369,286,422,434,335,395,409,453,375,352,308,294,372,306,416,419,345,370,385,432,367,356,321,312,366,320,401,396,348,339,353,401,351,352,327,323,353,325,379,365,343,304,316,364,329,340,324,325,333,323,350,328,331,264,275,320,300,321,314,319,306,314,314,286,312,222,229,272,265,295,297,306,274,297,272,241,286,180,186,219,227,263,273,285,238,274,227,195,254,422,436,468,367,320,261,237,359,258,419,442,316,412,426,465,374,338,287,267,368,284,421,434,333,395,409,453,373,349,306,291,370,303,415,419,343,371,385,432,365,352,318,308,364,316,401,396,345,341,354,403,349,347,323,318,351,321,379,366,340,305,318,366,327,334,320,320,331,318,349,330,327,267,278,323,298,315,310,314,305,309,314,289,308,225,235,276,264,288,292,300,273,292,273,246,282,187,193,227,227,256,268,279,238,268,229,202,250,422,436,467,365,317,258,233,357,254,417,442,313,413,426,463,371,332,281,260,365,278,419,434,328,396,409,453,369,340,297,281,365,294,412,420,336,372,387,433,360,342,307,295,359,304,398,397,336,344,357,405,344,335,309,302,345,306,376,369,329,310,323,371,322,321,305,302,325,302,348,335,316,274,285,330,294,301,293,294,299,291,314,297,296,236,246,287,261,275,275,279,269,273,276,256,270,199,206,242,225,244,250,258,236,250,236,216,240,422,436,466,363,312,252,227,354,250,415,441,309,413,426,462,366,323,270,248,359,267,415,434,320,396,411,450,362,328,282,264,357,279,407,419,324,374,388,430,352,326,288,274,349,285,392,398,322,347,360,405,336,318,287,277,335,285,371,371,314,316,328,373,313,303,281,274,315,278,344,339,299,281,293,336,287,282,268,265,290,266,312,303,279,247,256,296,256,258,249,249,261,248,277,267,254,213,221,254,224,229,225,227,229,225,240,229,225,422,434,463,359,306,246,220,350,243,412,440,304,412,426,459,359,312,256,234,351,254,409,432,309,396,409,446,352,313,263,244,347,261,400,417,309,375,388,426,341,308,265,248,337,262,384,397,304,349,362,401,324,296,260,247,321,258,363,371,293,319,331,371,302,281,252,242,301,249,337,341,279,288,299,338,277,261,238,231,277,236,307,308,259,254,265,300,249,238,220,215,250,219,274,273,236,222,229,264,219,212,200,197,222,198,241,238,210,422,434,461,354,300,237,211,345,235,408,438,297,411,425,454,351,299,241,217,342,239,401,430,297,395,408,440,342,295,242,219,334,239,390,413,293,375,387,420,327,285,238,219,322,236,373,394,284,349,361,395,310,273,231,214,305,227,352,369,271,321,332,366,288,256,220,206,285,219,326,340,254,290,301,334,264,237,206,195,262,204,298,308,236,259,269,300,238,214,190,180,237,188,268,276,214,227,236,265,210,192,172,164,210,170,236,243,191,421,434,458,350,292,227,200,339,225,404,438,290,409,423,448,342,285,225,198,332,222,394,426,284,394,405,430,329,275,219,195,320,216,379,409,274,372,383,409,312,263,210,188,304,208,360,388,262,347,358,384,292,247,200,180,286,198,337,363,246,319,329,356,271,229,188,170,266,186,312,335,229,289,298,325,247,211,175,160,243,173,284,304,211,259,267,292,223,191,160,146,220,158,256,273,191,229,237,261,199,170,144,133,196,143,227,242,171,421,433,455,345,285,219,192,334,217,400,436,283,409,420,441,332,271,208,180,321,206,386,423,270,391,401,421,315,254,195,169,305,193,367,405,254,369,378,396,296,238,183,158,286,181,344,381,239,343,352,368,274,220,169,148,266,168,320,354,221,314,322,340,250,202,157,137,244,155,294,325,202,284,292,309,229,184,144,127,223,144,267,295,186,254,261,278,206,166,132,115,200,130,240,265,168,225,231,248,183,148,118,105,179,118,213,235,150,420,432,451,340,278,211,182,329,209,396,434,276,408,418,434,323,257,191,163,311,190,378,420,257,389,398,409,301,235,172,145,290,171,355,399,236,364,372,381,278,213,155,130,268,154,328,372,215,336,343,350,254,193,141,118,245,140,300,343,196,306,312,318,229,175,129,108,222,128,272,312,178,275,281,288,206,158,117,99,200,117,246,281,161,246,250,259,186,142,107,91,181,106,220,252,145,217,222,231,167,128,97,83,162,97,196,223,130,420,430,449,337,271,202,174,324,200,393,433,270,407,417,428,315,245,176,147,302,175,371,417,245,386,394,399,288,217,151,123,276,150,343,393,219,360,366,366,260,190,131,105,250,131,311,364,194,328,333,329,233,168,115,93,224,115,279,330,172,295,298,294,208,150,105,85,200,105,249,296,154,263,266,262,186,135,96,79,180,97,222,263,139,233,236,233,167,121,89,73,162,89,198,234,125,206,208,208,149,111,81,69,145,83,177,208,113,419,430,446,334,267,198,167,321,196,390,432,266,405,415,423,308,234,164,133,294,163,365,415,236,385,392,391,278,200,133,103,265,133,333,389,204,357,361,352,244,169,109,85,235,111,297,357,174,323,325,309,212,144,96,77,206,98,260,319,151,285,285,268,185,128,89,74,183,91,225,279,134,248,248,233,165,115,83,70,162,86,198,243,122,217,217,206,148,107,79,66,145,80,176,214,111,192,191,185,134,99,74,62,131,75,158,189,102,419,430,445,331,264,194,163,319,192,388,432,263,405,415,420,304,227,156,124,290,155,362,413,229,384,391,386,271,190,119,90,257,120,327,387,193,356,360,345,234,152,93,79,225,100,288,354,160,322,323,298,195,124,90,77,197,92,246,314,136,283,281,246,164,113,86,73,172,88,206,269,121,239,234,202,147,108,82,70,149,84,177,225,112,200,199,179,135,101,77,66,133,79,157,193,104,178,176,163,125,95,73,62,122,74,143,172,97,419,430,445,331,263,192,161,318,190,388,430,262,405,413,419,302,225,152,121,288,152,361,413,227,384,391,385,269,185,113,86,254,114,326,387,189,356,360,344,229,143,93,79,223,97,286,353,155,321,323,296,189,118,90,77,194,92,240,313,132,282,280,244,148,112,86,73,169,88,202,269,114,239,234,189,138,107,82,70,146,84,170,220,109,195,191,167,129,101,77,66,129,79,150,184,103,171,169,153,121,95,73,62,118,74,138,164,96]}