{"c":"53326","n":"紀伊長島","la":34.208333333333336,"lo":136.32666666666665,"e":3,"t":[6.1,6.6,9.5,14.2,18.1,21.4,25.1,26.2,23.4,18.3,13.1,8.1],"s":[0,0,0,0,0,0,0,0,0,0,0,0],"i":[437,458,476,376,327,285,286,386,311,446,457,329,425,448,474,384,348,317,330,399,349,450,449,349,405,429,461,384,360,341,366,404,380,445,432,362,379,401,438,375,365,358,393,401,401,430,405,366,346,366,407,359,361,365,409,388,412,405,373,362,308,326,367,336,349,364,415,367,412,374,334,349,266,281,322,306,329,353,409,339,401,334,290,329,221,231,272,270,302,334,395,304,382,289,242,302,177,185,217,229,268,307,369,263,352,240,193,268,437,458,476,375,326,284,285,385,309,445,457,328,426,448,474,383,345,315,328,398,347,449,449,348,405,429,461,382,356,339,362,403,376,443,432,359,380,401,438,373,360,354,388,398,396,428,407,363,348,368,409,358,355,361,403,386,405,405,375,358,310,328,370,334,342,359,408,365,405,373,336,345,269,285,326,305,322,348,403,337,395,335,293,325,225,239,277,269,295,329,387,303,374,291,247,298,184,193,225,229,262,302,361,263,345,243,200,265,437,459,476,373,323,280,280,383,305,443,457,325,426,448,473,379,339,308,318,394,338,446,449,342,408,430,461,378,348,328,348,397,363,440,433,351,383,404,440,369,349,341,370,392,379,425,409,353,352,373,412,352,343,345,382,378,385,401,379,347,317,335,376,329,329,341,384,358,383,372,343,333,279,295,335,301,308,329,376,330,371,336,303,313,239,252,290,267,281,309,359,297,349,294,260,286,200,210,244,231,249,281,332,261,319,250,218,254,437,458,475,370,318,274,272,379,297,441,457,321,426,448,471,374,330,296,302,387,323,441,448,333,409,430,459,371,335,311,325,387,342,434,433,339,385,407,438,360,333,318,341,380,353,419,411,337,357,377,413,344,325,320,348,366,356,397,382,330,324,343,380,321,311,313,346,345,350,368,349,315,288,305,341,294,289,300,336,319,336,334,311,294,252,266,301,262,264,279,318,288,315,296,273,268,216,227,259,229,234,254,292,254,286,257,234,239,437,458,473,366,312,266,261,374,287,437,455,315,426,448,468,367,318,279,282,377,305,434,447,321,409,430,455,361,319,289,297,374,316,425,432,323,387,408,436,349,314,292,305,365,321,409,411,318,360,380,409,331,303,288,307,349,319,387,383,307,329,348,379,310,288,280,302,329,311,360,352,293,296,313,345,284,267,265,290,304,296,329,318,272,262,277,306,256,243,245,272,275,275,294,282,248,227,240,269,225,216,223,250,244,250,258,246,221,437,457,470,362,305,256,248,368,276,433,455,307,426,447,463,358,304,262,259,366,284,426,445,308,409,429,449,349,300,263,263,359,286,415,429,304,388,407,429,335,291,261,266,346,285,397,408,295,362,380,404,317,279,254,261,329,278,375,382,283,332,349,374,295,261,242,254,309,268,348,352,266,300,316,342,271,242,229,242,284,252,318,319,247,268,283,308,244,219,210,224,258,234,287,286,224,236,248,271,216,196,191,206,229,212,252,252,200,436,457,467,356,297,245,235,361,264,428,453,300,425,445,457,348,290,242,233,353,260,418,442,293,408,426,440,336,280,236,229,341,254,401,425,284,386,404,418,319,267,227,223,325,246,382,403,271,360,377,393,299,250,218,216,307,236,358,377,256,331,347,364,277,234,204,204,285,223,331,347,239,300,315,332,252,214,191,193,262,209,302,315,219,269,282,300,229,195,175,178,237,192,272,284,200,238,250,267,204,173,158,163,212,174,243,252,178,436,455,463,351,289,235,222,354,250,423,451,292,424,442,450,338,275,222,208,340,237,408,438,278,405,423,430,321,258,208,194,323,222,388,420,263,382,398,405,301,241,195,182,303,208,364,395,245,355,370,377,279,223,180,170,282,194,338,367,227,326,340,347,256,204,168,158,259,179,310,338,209,295,308,317,233,186,154,148,236,166,282,306,191,264,275,285,210,169,142,135,213,151,254,275,173,234,244,254,187,150,127,124,191,138,225,244,155,434,455,459,347,282,225,209,348,239,418,450,284,423,441,443,328,260,202,183,328,214,398,434,264,403,419,418,306,238,181,161,305,191,373,413,242,377,392,389,282,215,162,143,280,170,344,386,220,348,361,357,257,194,147,128,256,153,314,355,199,317,328,325,233,176,133,117,231,139,285,323,181,285,295,294,210,159,121,108,210,128,257,291,163,254,263,264,189,143,111,99,189,117,229,260,147,225,233,236,169,129,101,91,169,107,204,231,133,434,454,457,342,275,216,197,342,229,413,449,278,421,438,436,319,247,184,161,316,193,390,432,250,400,415,407,292,218,155,130,287,161,359,407,222,372,384,373,263,191,133,106,258,135,325,376,195,340,349,335,234,167,115,92,229,118,290,341,173,305,312,299,209,149,104,83,206,105,258,305,154,271,278,266,186,134,95,78,184,97,229,271,138,240,246,237,167,120,88,73,165,90,204,241,125,212,217,212,149,110,81,69,148,84,183,214,113,434,454,455,339,270,209,188,338,220,411,448,273,421,437,430,312,236,170,142,307,176,383,430,239,399,412,398,280,200,134,102,273,135,348,403,204,369,379,358,246,168,106,77,239,106,308,369,173,333,340,314,212,142,91,68,209,90,267,329,148,293,296,271,184,125,83,65,183,83,229,287,131,254,256,235,163,113,79,63,162,79,200,248,118,222,224,208,146,105,75,61,145,75,178,218,109,195,197,186,132,97,71,59,131,72,160,193,100,434,453,454,337,267,204,181,335,215,409,447,269,421,437,428,308,229,159,128,301,164,379,429,231,398,412,393,273,189,117,83,263,115,340,401,193,369,378,351,234,150,86,68,227,89,296,366,157,332,338,302,193,121,82,67,197,80,250,324,132,290,292,247,161,109,80,65,170,78,208,277,115,244,242,202,143,103,76,63,147,75,175,229,107,202,202,178,131,98,73,61,131,72,155,194,100,179,178,161,121,92,69,59,120,69,142,173,94,434,453,454,336,266,202,179,334,212,409,447,268,421,437,426,306,227,155,124,299,159,378,428,229,398,411,392,271,184,110,77,259,109,339,400,188,368,378,349,229,140,85,68,224,85,293,365,152,332,338,300,186,112,82,67,193,80,243,323,127,290,292,245,142,108,80,65,166,78,200,276,110,244,241,188,132,103,76,63,142,75,166,224,104,196,193,164,124,98,73,61,125,72,146,184,98,171,170,150,115,92,69,59,114,69,135,164,93]}