{"c":"53401","n":"熊野新鹿","la":33.931666666666665,"lo":136.13833333333332,"e":23,"t":[6.8,7.3,10.3,15.0,18.7,21.9,25.5,26.5,23.9,19.1,14.2,9.3],"s":[0,0,0,0,0,0,0,0,0,0,0,0],"i":[432,467,495,388,340,304,308,400,337,455,465,344,421,455,492,397,362,340,357,416,381,461,455,366,401,436,478,397,375,367,398,422,416,455,438,380,375,407,455,388,380,386,428,420,441,440,412,385,342,371,421,371,376,395,446,407,454,416,378,381,304,329,379,347,364,394,453,386,455,383,338,368,263,283,332,316,343,383,448,357,445,342,292,347,219,234,278,278,315,363,432,320,423,296,244,319,175,185,221,236,280,333,403,278,390,245,194,283,432,467,495,388,338,303,306,400,336,455,465,343,421,455,492,396,359,338,354,415,379,459,455,364,401,436,478,395,371,365,393,420,412,454,438,377,376,408,455,386,375,382,422,417,434,438,413,381,344,373,423,370,371,390,440,405,447,415,380,377,307,332,383,346,357,389,446,384,447,382,340,364,266,287,336,315,336,378,440,355,436,343,296,343,224,240,284,278,307,357,423,319,413,297,249,314,182,193,231,237,273,328,394,278,381,248,202,279,432,467,495,386,335,299,301,397,330,454,465,340,422,455,491,392,352,330,344,409,368,457,455,358,403,437,479,391,362,353,377,413,397,451,440,369,379,411,457,381,364,367,401,409,416,434,415,371,348,378,426,364,358,373,415,396,424,412,384,365,313,340,389,341,343,369,418,375,422,381,347,351,275,298,346,311,321,356,409,347,409,343,306,329,236,254,299,276,293,334,392,313,385,301,263,301,198,212,250,238,259,304,363,274,353,257,220,267,432,467,493,382,329,292,292,393,322,451,463,335,422,455,488,386,343,317,326,401,351,451,455,349,405,438,476,383,348,334,351,403,373,444,440,355,381,413,455,373,347,342,369,397,387,429,417,354,353,383,428,356,339,344,378,383,390,405,388,346,320,348,394,332,323,338,377,362,384,377,354,331,285,309,354,304,301,324,366,334,370,342,316,310,249,269,312,271,275,301,346,302,346,303,277,282,213,231,268,237,243,274,318,267,315,263,237,252,432,467,491,378,323,283,280,387,311,447,463,328,422,455,486,379,330,299,303,392,331,445,454,336,405,438,472,373,331,309,321,389,344,436,438,338,383,415,453,361,327,313,330,380,350,420,417,334,356,387,426,343,315,309,332,365,349,397,390,322,326,353,394,321,300,301,328,344,340,369,358,307,293,318,358,294,278,286,315,317,324,337,323,286,259,281,319,264,252,265,295,288,302,301,286,261,225,244,279,233,225,241,271,254,275,264,249,233,432,466,488,373,315,272,266,381,298,443,462,320,421,455,480,370,315,279,278,379,307,437,453,321,405,437,466,361,312,281,283,372,310,425,436,318,384,415,445,346,302,279,286,360,310,407,413,309,358,387,420,328,289,272,282,343,303,384,388,296,328,356,389,305,271,260,275,321,292,356,358,279,297,322,355,280,252,246,262,296,275,325,325,259,265,288,320,252,227,225,243,269,256,293,291,235,233,252,283,223,204,204,223,239,231,258,256,211,432,465,484,368,307,261,250,373,284,438,461,312,421,453,475,360,300,257,249,366,280,426,450,306,404,434,458,346,289,250,246,353,275,411,432,296,382,411,434,329,276,242,239,337,266,390,409,283,356,384,408,308,260,231,231,318,254,366,383,267,327,354,379,287,242,218,220,296,242,339,353,249,296,320,346,262,222,204,208,271,225,309,321,229,266,287,312,236,202,187,192,246,208,279,288,208,235,254,278,210,180,169,176,220,189,248,256,186,430,463,480,363,299,249,236,366,270,433,459,303,420,451,467,349,284,235,221,352,254,417,446,289,401,430,446,331,267,220,206,333,238,396,426,273,379,405,420,310,248,206,193,313,222,372,401,254,352,377,391,288,229,191,181,290,206,345,373,236,323,346,361,263,211,177,168,267,192,317,343,217,292,313,329,240,192,163,157,244,178,288,312,198,261,280,296,216,174,150,144,220,162,259,279,180,231,249,264,193,155,134,132,197,148,231,248,161,430,463,478,358,291,237,222,359,256,428,458,295,419,449,459,338,269,213,194,338,227,407,442,273,399,426,434,315,244,190,169,313,202,381,420,250,374,399,403,290,221,170,149,288,180,351,392,227,345,367,370,265,199,153,133,262,161,321,361,206,314,334,337,239,180,139,122,238,146,290,328,186,282,300,305,215,163,126,112,215,134,262,296,168,252,268,274,194,146,115,103,193,122,235,265,152,223,237,244,173,132,105,95,173,112,209,235,137,430,463,475,353,284,227,209,353,244,424,455,288,417,447,451,329,254,193,169,325,204,398,438,259,397,423,422,301,224,161,135,294,169,366,413,229,369,391,386,270,195,136,109,263,140,331,382,200,337,355,347,240,171,118,94,235,121,295,346,176,302,318,309,213,151,106,84,209,107,262,310,157,269,282,275,190,135,96,79,187,99,233,275,141,238,250,244,170,122,90,73,167,92,206,244,127,210,221,219,152,112,83,70,151,86,185,216,115,430,462,472,350,279,220,199,348,235,420,455,283,417,446,447,321,243,177,148,315,185,391,437,247,395,420,412,288,206,137,104,278,139,354,409,210,366,387,370,252,171,107,76,242,106,313,374,176,331,346,324,217,143,90,66,211,89,271,333,150,291,302,279,187,125,82,64,184,82,233,290,131,252,260,241,165,113,78,62,163,78,202,250,119,220,227,213,148,105,74,60,146,74,179,220,109,194,200,190,134,97,71,59,132,72,161,195,101,430,462,471,348,275,215,191,345,227,418,455,279,417,445,444,317,236,165,133,308,171,386,434,239,395,420,407,280,193,118,82,267,118,346,407,197,366,386,362,239,151,84,65,229,86,301,371,158,330,344,311,197,120,80,64,198,77,252,328,132,289,297,252,162,108,78,63,170,75,209,280,115,243,245,204,143,102,75,61,147,73,176,231,107,202,204,180,131,97,72,60,130,71,155,195,100,177,180,163,122,92,69,59,120,69,142,173,94,430,462,471,347,274,213,189,344,225,418,454,278,417,445,443,315,233,161,128,306,166,385,434,236,395,419,405,278,188,111,75,263,110,345,407,192,365,385,361,235,141,82,65,225,81,297,371,153,330,344,309,189,111,80,64,194,77,245,327,127,288,297,250,142,107,78,63,166,75,202,279,109,243,245,190,132,102,75,61,142,73,167,225,103,195,195,164,124,97,72,60,125,71,146,185,98,170,171,151,117,92,69,59,114,69,135,164,93]}