{"c":"54011","n":"粟島","la":38.461666666666666,"lo":139.25166666666667,"e":4,"t":[2.9,2.8,5.3,10.4,15.0,19.3,23.2,25.4,21.7,16.1,10.7,5.9],"s":[38,54,7,0,0,0,0,0,0,0,0,9],"i":[484,469,497,379,294,174,120,336,152,424,484,282,475,461,498,390,314,189,128,342,161,429,478,298,455,444,488,393,328,200,134,340,167,425,463,307,428,418,469,388,334,206,138,333,170,412,438,310,392,385,438,375,333,209,139,318,171,391,405,305,351,346,400,353,325,206,138,298,168,362,366,295,304,302,354,324,309,200,134,272,163,327,320,278,254,252,302,289,286,189,127,241,156,285,270,254,204,204,245,249,257,174,118,208,146,240,218,227,484,469,497,377,293,173,119,335,152,424,484,281,475,461,498,389,312,187,127,341,160,428,478,296,455,444,488,392,325,197,133,339,166,424,463,305,429,418,469,386,331,202,137,331,169,411,438,307,394,387,440,373,329,204,138,317,169,390,407,302,353,348,403,352,320,202,136,297,166,362,368,291,308,305,357,323,303,195,131,271,161,327,323,274,259,258,307,289,280,184,125,242,153,287,275,250,211,211,252,249,252,169,115,209,143,243,225,223,484,468,496,375,290,171,118,334,151,422,483,279,475,461,497,385,307,183,125,338,158,426,478,292,457,444,488,386,317,191,130,336,162,421,463,298,430,421,470,381,321,196,133,328,164,409,441,299,398,390,442,367,317,196,133,314,164,388,409,293,360,354,408,345,307,192,130,294,160,361,374,281,317,313,365,318,290,184,125,269,155,327,332,264,273,270,319,285,267,173,118,241,147,289,287,241,227,227,269,248,239,158,109,210,136,249,241,215,484,467,494,372,285,168,115,331,149,420,482,275,475,459,494,378,298,177,122,334,154,421,476,284,458,444,484,378,305,182,125,331,157,416,462,288,433,421,467,370,305,184,126,321,157,401,440,287,403,393,442,356,300,183,125,308,155,382,413,279,367,359,408,335,288,177,121,288,151,356,378,267,328,322,371,309,271,169,115,265,145,325,340,250,287,282,328,279,248,157,108,238,136,290,299,227,246,242,284,244,223,142,99,210,126,252,257,202,484,466,492,367,279,164,113,328,146,416,480,270,474,458,488,370,287,169,117,328,149,415,474,275,458,443,479,366,289,171,118,323,150,407,459,275,434,421,462,357,287,171,117,313,148,393,438,271,405,393,436,341,278,167,113,298,145,373,411,262,372,362,407,321,265,160,110,279,140,348,380,249,335,327,371,296,249,151,104,257,133,318,344,231,297,290,333,268,227,139,96,231,124,287,307,211,259,252,293,237,204,125,87,206,114,252,269,188,483,465,488,362,272,159,111,325,144,412,479,265,473,455,482,360,274,160,112,321,144,407,470,265,455,438,469,352,271,159,110,313,142,397,455,261,432,418,451,340,264,155,108,302,139,381,434,252,404,391,426,324,254,150,103,286,134,360,408,243,373,360,397,303,240,141,98,267,128,336,377,227,339,328,366,280,223,132,92,246,121,308,344,212,302,294,330,252,204,121,84,223,112,278,309,192,266,258,293,225,183,108,76,199,104,247,272,172,482,463,484,356,265,154,108,321,141,408,476,258,470,451,474,348,259,151,106,314,138,398,465,252,451,434,458,337,250,146,102,303,134,384,448,244,428,412,437,321,241,139,98,288,128,366,425,234,400,385,412,302,227,132,93,271,123,344,399,221,368,355,383,282,213,123,87,252,115,319,369,206,336,323,351,258,196,113,81,231,109,292,337,189,302,291,319,235,179,104,74,211,101,265,304,173,267,258,285,209,160,92,66,189,94,236,270,154,480,462,479,350,257,149,105,317,138,403,474,252,467,449,463,337,245,141,100,305,132,389,459,241,447,429,443,319,229,133,94,291,125,370,440,227,421,404,418,300,216,124,89,274,119,348,413,213,392,375,391,279,200,114,83,254,112,324,386,198,360,345,362,257,185,107,77,236,106,299,355,183,326,313,331,235,170,97,71,216,99,273,323,167,294,281,299,213,154,89,65,196,93,247,291,152,261,250,269,191,139,79,59,176,86,221,260,136,480,461,474,344,250,144,102,313,135,398,472,246,463,445,454,325,231,132,95,297,126,380,454,229,441,422,428,302,211,120,88,279,118,356,430,211,412,394,398,278,192,110,81,258,110,329,401,193,379,362,365,254,174,101,75,238,104,302,369,176,346,330,334,231,158,92,69,217,97,275,336,161,312,298,304,209,145,84,64,198,92,249,304,146,279,267,274,189,130,77,59,179,86,225,273,132,248,237,246,170,119,69,54,161,81,202,244,119,479,459,470,339,244,140,100,309,132,394,469,241,462,441,446,314,218,124,90,290,122,371,450,219,436,416,413,285,192,110,81,268,112,342,422,196,403,383,376,256,169,98,75,244,103,310,388,174,366,347,338,227,149,89,70,220,97,278,350,155,327,311,302,204,134,81,65,199,92,250,313,140,292,278,270,183,122,75,61,179,87,224,280,127,260,247,242,166,111,69,56,162,82,200,250,114,231,220,219,149,102,63,52,147,78,181,223,105,479,458,467,335,239,137,98,307,130,391,468,237,461,438,438,305,206,118,87,285,118,365,446,210,433,412,401,271,175,100,77,259,106,331,415,182,398,376,357,235,147,88,71,231,98,294,377,157,355,334,309,202,127,81,68,204,93,256,333,137,309,291,267,177,114,76,64,181,89,223,289,123,268,254,235,159,106,71,60,162,85,197,252,112,236,223,210,144,98,66,56,146,82,177,223,103,210,199,190,131,91,61,52,133,78,161,200,94,479,458,465,333,236,135,97,305,129,390,467,235,461,438,434,300,200,113,84,281,114,360,444,204,433,409,394,262,164,93,73,252,102,324,412,173,397,374,346,220,129,83,70,224,95,283,372,144,354,331,292,179,110,80,68,195,92,240,326,123,305,283,234,153,104,76,64,169,89,202,274,111,252,231,197,139,98,71,60,147,85,174,227,102,215,200,177,129,92,66,56,133,82,157,198,96,192,179,163,120,87,61,52,122,78,144,178,89,479,457,463,332,235,135,96,304,129,389,467,234,461,437,432,298,198,112,83,280,113,359,443,202,434,409,391,259,158,90,73,250,101,322,411,169,398,372,342,215,119,83,70,221,95,279,371,139,355,329,287,169,108,80,68,192,92,233,324,119,306,281,227,138,103,76,64,165,89,194,271,105,252,227,178,130,98,71,60,142,85,164,219,100,208,191,161,123,92,66,56,128,82,148,187,94,186,171,150,114,87,61,52,118,78,138,169,87]}