{"c":"54086","n":"村上","la":38.22666666666667,"lo":139.47833333333332,"e":10,"t":[1.4,1.5,4.3,10.2,15.5,19.8,23.5,25.2,20.8,14.5,8.7,4.1],"s":[57,72,25,0,0,0,0,0,0,0,1,13],"i":[470,450,484,370,294,175,120,328,155,408,468,279,459,442,486,381,314,190,129,333,164,413,463,295,441,426,476,383,327,200,135,333,170,408,448,304,413,401,457,378,333,206,139,325,174,396,425,306,381,371,428,364,332,209,140,311,175,376,393,302,341,334,390,343,323,206,139,292,173,349,355,291,296,292,345,315,307,200,135,267,168,316,311,274,248,246,294,281,284,189,128,238,161,277,263,252,200,200,240,242,256,175,119,206,152,235,213,224,470,450,484,369,293,174,120,327,155,408,468,279,459,442,486,379,312,188,128,333,163,412,463,293,442,426,476,382,324,198,134,331,169,408,448,302,415,401,457,376,330,204,138,324,172,395,425,303,382,372,429,362,327,206,138,310,173,375,394,299,343,336,392,342,318,202,137,291,171,349,357,288,299,294,348,314,302,196,133,267,166,316,314,271,252,250,299,281,279,185,126,238,159,279,267,248,206,204,246,242,250,170,117,206,150,238,219,221,470,450,484,367,290,172,119,326,154,405,468,276,459,442,484,376,306,184,126,330,161,409,462,289,442,426,475,377,316,192,131,328,166,404,448,295,417,404,458,371,320,197,133,321,168,392,426,296,386,374,430,357,316,197,133,307,168,373,397,290,349,340,396,336,306,193,131,288,165,347,362,278,308,301,356,309,288,185,126,265,160,316,321,261,265,261,311,277,265,173,119,238,152,281,279,238,223,220,262,241,237,158,110,208,143,243,235,212,469,449,482,364,285,169,117,324,152,404,467,273,459,442,482,369,298,178,122,326,157,405,461,282,443,426,473,369,304,183,125,323,160,399,447,286,419,404,454,361,304,185,127,314,161,386,426,284,390,377,430,347,299,183,125,301,159,368,399,276,355,345,397,326,287,178,122,282,156,343,366,264,318,309,361,300,270,169,117,260,150,314,329,246,278,271,319,271,247,157,109,234,142,281,290,225,238,233,276,237,221,142,100,206,133,246,249,200,468,448,480,360,279,165,114,321,149,401,465,268,459,440,476,362,287,170,118,321,152,399,459,273,442,425,467,358,288,172,119,316,153,392,445,273,420,404,450,348,286,172,118,306,152,378,424,269,392,377,425,333,278,168,114,291,149,359,398,259,360,348,396,313,265,161,111,273,145,336,368,246,324,314,361,288,248,151,105,252,138,307,333,229,288,278,324,261,225,139,97,227,130,278,296,209,250,243,285,229,202,125,89,202,122,246,260,186,468,447,476,354,272,160,112,317,147,397,463,262,457,437,471,352,274,161,112,314,147,392,455,262,441,422,458,344,271,160,111,306,145,382,440,259,418,401,440,332,264,156,109,295,142,367,420,250,391,375,416,316,254,150,104,280,138,347,394,240,360,346,387,295,239,142,99,262,133,324,364,225,327,315,356,273,223,133,93,242,126,298,333,209,292,281,321,246,202,121,86,219,119,269,298,190,257,247,285,220,182,109,78,196,111,241,263,170,467,446,472,349,265,155,109,314,144,393,461,256,455,434,463,341,259,152,107,307,141,384,451,250,437,417,447,329,250,147,103,296,137,371,434,243,413,396,426,314,241,141,99,282,132,353,412,231,387,370,401,296,227,133,94,266,127,332,386,219,356,341,374,275,213,124,88,248,121,309,357,204,325,310,342,252,196,113,82,227,114,284,325,187,292,279,311,229,179,104,75,208,108,258,294,171,258,247,277,204,160,93,68,186,101,231,261,152,466,444,468,343,258,150,106,310,141,389,459,250,453,430,454,330,245,143,101,299,135,376,446,239,433,412,433,313,231,134,95,285,129,358,426,225,408,388,409,294,216,125,90,268,123,337,401,212,379,361,382,273,200,115,84,250,117,314,374,197,348,332,353,252,185,108,78,231,111,290,344,181,316,301,323,231,170,98,72,213,105,266,313,166,284,270,292,208,154,89,67,193,99,241,282,150,252,241,262,187,139,80,60,174,94,217,252,135,465,443,463,337,250,146,103,306,138,385,457,244,450,428,444,319,231,134,96,291,130,367,441,227,426,405,419,296,211,122,89,273,122,345,417,210,399,379,389,273,192,111,82,254,113,320,389,192,368,349,358,250,174,102,76,234,108,294,358,175,335,318,327,227,159,93,71,214,102,269,327,160,303,287,297,204,145,85,66,196,97,245,296,145,271,257,268,186,130,77,61,178,93,221,265,131,241,227,240,167,119,70,56,161,88,200,237,119,463,442,459,333,244,142,101,303,135,381,455,239,447,425,436,308,218,125,91,284,125,359,436,217,423,401,405,281,193,111,82,263,114,333,409,195,391,370,369,252,169,99,76,240,107,303,377,173,356,336,332,225,150,90,71,218,101,273,341,155,319,301,296,200,135,82,66,197,97,246,305,140,285,269,265,181,123,76,62,178,93,221,273,126,252,239,238,164,111,70,57,162,89,200,244,114,225,213,215,147,102,64,54,147,86,181,217,104,463,441,457,329,239,139,99,300,134,378,454,236,446,423,429,300,208,119,88,279,121,354,433,209,420,397,393,267,176,102,78,254,110,323,404,182,387,364,351,233,148,89,72,227,102,288,367,157,346,324,305,200,128,82,69,202,98,252,325,137,302,283,264,176,114,77,65,180,94,222,283,123,263,247,231,158,106,72,61,162,92,198,247,112,231,218,206,143,98,67,56,147,88,178,219,103,206,194,187,130,91,61,53,135,85,163,196,94,463,440,455,326,236,137,98,299,132,377,453,233,446,422,425,295,200,114,85,276,119,350,430,204,420,395,387,259,165,94,74,249,106,317,401,173,386,361,341,218,131,84,71,221,100,279,363,144,345,321,288,179,111,81,69,194,97,238,318,124,298,275,231,153,104,76,65,169,94,202,269,111,247,227,196,139,99,72,61,149,91,176,224,103,212,197,176,129,93,67,56,135,88,161,195,96,189,176,162,119,87,61,53,125,85,148,176,89,463,440,454,326,235,136,97,298,132,376,451,231,446,421,423,294,199,112,84,275,118,348,430,202,420,394,384,256,160,91,74,247,105,315,400,169,386,360,337,214,121,84,71,219,99,275,361,140,346,319,284,169,109,81,69,191,97,233,316,119,299,274,227,138,104,76,65,166,94,196,267,106,248,225,178,130,98,72,61,144,91,168,217,100,204,188,161,123,93,67,56,130,88,153,185,94,183,169,150,114,87,61,53,121,85,142,167,88]}