{"c":"54122","n":"鳥取","la":35.486666666666665,"lo":134.23833333333334,"e":7,"t":[4.0,4.3,7.5,13.1,17.7,21.7,25.7,26.9,22.5,16.7,11.6,6.8],"s":[28,26,4,0,0,0,0,0,0,0,0,9],"i":[455,451,490,373,327,227,180,351,202,426,465,309,443,442,488,382,349,249,199,358,217,430,457,327,424,424,476,383,363,265,214,358,229,424,441,337,397,398,454,376,369,276,224,350,237,409,416,340,362,364,422,361,367,280,229,336,239,386,383,336,322,325,382,338,356,278,229,315,237,355,343,324,278,282,335,309,336,269,225,288,229,318,298,305,231,235,284,273,310,254,215,256,218,275,250,279,185,188,227,233,277,233,200,220,202,229,200,248,455,451,488,373,326,225,179,350,200,426,465,308,444,442,488,381,346,247,198,357,216,430,458,325,424,424,475,381,359,263,212,356,227,423,441,334,397,398,454,374,364,273,221,349,234,409,417,337,364,366,424,359,360,276,225,334,236,386,384,332,325,327,384,336,348,273,225,313,233,355,345,319,282,285,339,307,328,264,221,287,225,319,302,300,237,240,288,272,302,249,211,254,214,277,254,274,192,195,236,234,268,229,196,221,198,233,208,244,455,451,488,371,322,223,177,349,199,426,465,305,444,442,486,377,339,242,193,354,212,428,457,319,426,425,475,377,350,254,204,353,221,421,442,327,400,400,454,368,352,263,213,345,225,407,418,328,368,370,426,352,346,264,216,330,227,385,388,321,331,333,389,330,333,260,214,309,223,356,351,308,292,294,347,302,313,250,208,284,215,321,311,288,250,252,301,269,287,234,197,254,202,282,268,263,209,211,252,233,254,213,182,221,187,241,224,233,455,451,487,368,317,219,173,346,196,424,463,301,444,441,484,372,330,233,185,349,206,424,455,312,426,425,472,369,336,242,194,346,212,416,441,316,401,401,453,359,335,247,199,337,215,401,419,314,373,373,425,343,328,246,200,322,213,380,390,306,339,340,392,321,313,240,196,302,208,353,357,291,301,303,352,294,293,227,189,277,199,321,319,272,263,264,311,263,268,212,177,250,186,285,280,248,225,227,268,231,237,193,163,220,171,248,240,220,454,450,484,363,310,213,168,343,191,421,463,296,444,440,480,364,317,222,176,343,197,418,455,301,426,424,467,359,319,227,181,338,200,409,438,302,404,401,448,347,314,227,182,327,200,394,418,296,376,375,422,331,304,223,180,312,196,373,391,286,343,343,390,309,289,216,175,291,189,347,359,271,309,309,355,283,268,202,166,268,179,317,325,252,273,274,316,254,245,188,155,242,167,284,288,229,237,238,277,225,218,170,142,215,153,250,250,204,454,449,480,359,303,206,162,338,186,417,461,289,443,438,474,355,303,209,165,335,188,412,451,289,425,422,459,347,299,209,166,327,187,400,436,285,403,400,438,333,290,206,164,314,183,383,413,276,376,374,413,315,278,199,159,298,177,362,388,264,346,344,384,293,261,189,152,278,170,337,358,248,313,311,350,269,242,177,143,254,159,308,324,229,279,278,315,243,220,162,133,231,148,278,291,208,245,245,278,214,197,147,121,206,135,246,256,186,453,448,476,354,294,199,156,334,181,413,459,282,442,437,467,345,288,196,154,326,178,404,448,276,423,419,450,332,277,190,150,315,173,389,430,266,400,396,426,316,265,182,144,300,166,370,408,254,374,369,400,296,249,174,138,282,158,347,381,240,344,340,371,275,231,162,130,262,150,322,352,223,311,309,339,250,213,151,121,240,140,295,320,204,279,276,305,225,193,137,111,217,129,266,287,186,247,245,272,202,173,124,101,194,119,238,254,166,453,447,474,348,286,192,150,329,176,408,458,275,440,434,459,335,272,181,142,317,167,395,444,263,420,413,438,317,254,171,134,302,158,376,424,248,396,390,412,297,237,160,125,283,149,354,399,231,368,362,383,276,220,148,118,264,140,329,371,215,337,332,352,252,202,137,109,243,131,303,340,197,305,301,321,229,183,126,101,222,122,277,309,179,273,269,290,208,166,113,92,200,112,250,277,163,242,238,257,184,148,103,85,179,104,223,246,145,451,446,470,343,278,185,145,325,171,404,455,269,438,430,451,325,256,168,131,308,158,386,440,250,417,409,424,302,233,152,119,288,145,363,417,229,390,382,394,278,211,137,109,267,134,336,389,209,359,352,361,252,190,125,100,245,124,309,357,189,327,320,328,229,171,113,91,223,114,281,325,172,294,288,296,206,155,104,85,202,107,254,293,155,262,257,266,185,140,95,78,182,99,229,262,140,231,227,238,166,126,86,72,164,92,204,231,126,451,445,467,339,272,178,139,321,166,401,454,263,437,429,443,316,243,156,122,300,149,378,436,238,413,405,412,288,213,135,105,276,133,350,409,212,384,375,375,259,185,118,93,250,120,318,378,187,349,340,337,229,162,104,85,225,110,286,342,166,312,304,299,204,144,95,79,202,102,256,305,148,278,270,267,183,130,87,73,182,95,229,272,133,246,240,237,165,117,80,69,164,90,204,241,121,218,212,212,148,107,74,64,148,85,183,214,110,451,445,463,336,266,174,135,318,163,398,453,259,436,428,438,308,231,146,112,294,142,372,434,229,412,401,401,276,195,120,94,266,123,340,405,197,380,369,360,241,162,100,82,237,108,303,370,168,341,330,313,208,137,89,77,209,100,265,328,145,298,288,269,181,121,83,73,184,95,229,285,128,258,250,234,161,110,78,69,164,90,202,247,115,225,218,206,145,102,73,65,147,86,180,217,106,199,193,185,131,94,68,61,134,81,162,192,98,451,444,463,334,263,171,133,316,160,396,453,256,436,426,434,304,224,139,108,290,137,368,433,222,411,401,397,269,183,109,86,260,114,334,403,187,379,369,352,229,143,88,79,229,102,293,367,153,340,329,300,189,114,85,76,200,97,249,323,130,296,283,243,158,106,81,73,173,93,209,274,114,247,234,199,141,100,77,69,150,89,177,227,106,206,198,176,130,95,72,65,134,85,158,193,99,182,175,160,121,90,68,61,123,81,145,172,93,451,444,463,333,262,169,132,316,160,395,453,254,436,426,434,302,221,137,106,289,135,367,432,220,411,401,397,266,177,104,83,257,112,331,403,183,379,369,351,225,132,88,79,225,100,289,366,149,340,329,299,181,109,85,76,197,97,242,323,125,296,283,242,141,105,81,73,169,93,202,273,109,247,234,184,132,100,77,69,145,89,168,221,103,199,189,163,124,95,72,65,128,85,148,184,97,174,168,150,115,90,68,61,118,81,137,164,91]}