{"c":"54191","n":"下関","la":38.09166666666667,"lo":139.56333333333333,"e":33,"t":[0.9,1.0,3.7,9.9,15.4,19.6,23.4,25.0,20.7,14.3,8.4,3.6],"s":[69,81,39,2,0,0,0,0,0,0,1,21],"i":[465,442,476,359,290,173,119,321,152,395,461,274,455,434,476,369,309,187,127,326,160,399,455,288,436,419,467,371,322,197,133,324,166,394,441,297,409,395,448,365,327,202,136,317,169,382,418,299,377,365,419,352,326,204,137,304,170,363,387,294,337,328,383,332,317,202,136,285,168,337,349,284,293,287,339,304,301,196,132,261,164,306,306,267,246,243,289,272,278,185,126,233,158,270,259,245,199,198,236,234,250,170,118,202,150,229,211,218,465,442,476,358,289,172,119,320,152,395,461,273,454,434,476,368,307,185,126,325,159,398,455,287,437,419,467,370,319,195,132,323,165,393,441,294,411,395,448,364,324,200,135,316,168,381,418,296,378,366,420,350,322,200,136,302,168,362,388,291,340,330,384,330,312,198,134,284,166,337,351,280,296,290,341,304,296,191,130,260,162,306,309,263,250,247,294,271,273,180,124,233,156,271,264,242,204,202,242,234,245,166,115,202,147,231,217,215,463,442,475,357,286,170,117,319,151,394,461,271,455,434,476,364,302,181,124,323,157,396,455,282,438,419,466,365,311,189,129,320,162,390,441,288,413,397,449,359,314,193,131,313,164,379,420,288,381,368,422,345,311,193,131,299,163,360,390,283,346,335,389,324,300,189,129,281,161,335,356,271,305,296,349,298,283,181,124,258,156,306,317,254,263,257,305,267,260,169,118,231,150,273,275,231,221,217,257,233,233,154,110,204,141,237,231,206,463,441,474,354,281,167,115,317,149,392,459,267,455,434,473,359,294,175,121,319,154,392,454,276,438,419,463,358,300,180,124,315,157,386,440,279,415,397,446,349,300,182,125,307,157,373,419,277,386,371,422,335,294,180,124,293,156,355,393,270,351,339,390,315,282,175,121,275,152,331,360,257,315,304,354,290,265,166,114,254,147,304,324,240,275,267,313,261,242,154,108,229,140,273,285,219,236,229,271,229,217,139,100,202,132,240,245,195,463,440,471,350,276,163,113,314,147,389,458,263,454,432,468,351,283,168,115,314,150,387,451,267,438,417,458,347,284,170,118,309,150,379,438,267,415,397,441,338,282,169,117,299,149,366,417,263,387,370,416,322,273,165,113,285,147,347,391,252,356,341,388,303,260,158,110,267,142,325,362,240,321,308,354,278,244,149,104,246,136,298,327,223,284,273,317,252,222,137,97,224,129,270,292,204,248,239,279,222,199,123,89,200,121,240,254,181,463,438,468,345,269,158,111,311,145,385,457,257,453,430,462,342,270,159,111,308,145,380,448,257,436,413,449,335,267,158,110,300,143,370,433,252,413,394,432,322,260,154,108,289,140,356,413,245,387,369,408,306,250,148,104,274,136,337,388,235,356,339,379,286,236,140,99,256,131,314,358,221,324,309,349,264,219,130,93,237,125,290,327,204,289,276,314,238,200,119,86,215,119,263,293,186,254,243,279,212,179,107,78,193,111,236,259,166,462,438,463,339,262,154,108,307,142,382,454,252,450,426,454,332,256,150,106,301,139,373,444,246,433,409,438,321,248,145,103,290,136,360,426,238,409,389,418,305,238,139,98,277,131,343,405,227,383,363,394,287,224,131,94,261,126,323,380,214,352,335,367,267,210,123,88,243,121,301,351,200,321,304,335,244,193,112,82,224,114,277,320,183,288,274,305,222,176,103,76,204,109,252,289,167,254,243,272,198,157,92,69,184,103,227,256,149,461,436,459,334,254,149,105,304,139,378,451,246,448,424,446,321,242,141,101,293,134,365,438,235,428,405,426,305,227,133,95,280,128,349,420,222,404,381,401,287,214,124,90,264,123,329,396,208,375,355,375,266,199,114,85,246,117,307,368,193,344,326,347,245,183,106,79,227,111,284,339,178,313,296,317,224,168,97,74,210,106,261,309,163,281,265,286,202,152,88,68,191,101,237,278,148,250,236,257,181,137,79,62,173,96,214,248,133,459,434,455,329,248,144,103,300,137,374,450,240,445,421,437,311,229,133,96,286,129,358,434,224,423,399,412,290,209,121,89,269,122,337,411,206,395,373,383,267,191,110,83,250,114,313,384,189,364,343,352,244,173,101,77,231,109,289,353,173,332,313,322,222,158,93,72,212,104,265,322,158,300,282,292,200,144,84,67,194,99,242,292,143,268,252,264,182,129,77,63,176,95,219,262,129,239,224,236,163,118,69,57,160,91,199,233,117,459,434,451,324,242,141,101,297,134,371,448,236,443,418,429,301,217,125,92,280,125,351,430,214,419,394,399,275,192,111,83,259,115,326,404,192,388,364,363,247,169,99,77,238,109,298,372,171,353,331,327,221,150,90,72,216,103,270,337,153,316,297,292,198,135,82,68,196,99,244,302,138,282,265,262,178,122,76,64,178,96,221,270,125,250,236,235,161,111,70,60,162,92,200,241,113,223,210,212,144,102,64,56,147,89,182,215,103,459,433,449,321,237,138,99,295,133,369,447,231,442,416,422,294,206,119,88,275,122,346,426,206,416,391,388,262,176,102,79,252,111,317,398,180,383,358,346,229,149,89,73,227,104,285,363,155,343,320,302,199,128,82,70,202,100,252,321,136,300,280,261,174,115,77,67,180,97,222,280,122,261,245,229,156,106,72,63,163,95,199,245,112,229,216,204,142,98,67,60,148,92,180,217,102,204,192,185,129,92,61,56,136,89,166,194,94,458,432,447,318,234,136,98,294,132,367,446,229,442,415,418,289,200,114,86,272,119,342,425,200,416,389,381,254,165,95,75,247,108,312,395,171,383,356,337,216,131,84,73,220,102,277,358,144,342,317,286,178,112,81,70,194,99,239,315,124,296,273,231,153,105,77,67,170,97,204,267,111,246,225,196,139,99,72,63,150,94,180,222,103,211,196,176,128,93,67,60,137,92,164,194,96,188,175,161,119,87,61,56,126,89,152,175,89,459,432,446,318,233,135,97,293,131,366,446,229,442,413,417,287,198,112,85,271,119,341,424,199,416,388,379,252,160,92,75,245,107,310,394,168,383,355,333,212,122,84,73,218,101,274,357,139,343,315,282,169,109,81,70,192,99,234,313,120,297,271,225,139,104,77,67,167,97,200,265,107,247,223,178,131,99,72,63,146,94,172,216,101,204,187,161,123,93,67,60,132,92,157,184,94,182,168,149,114,87,61,56,123,89,147,166,88]}