{"c":"54271","n":"羽茂","la":37.84166666666667,"lo":138.31333333333333,"e":11,"t":[2.9,2.8,5.3,10.6,15.3,19.4,23.3,25.2,21.2,15.5,10.2,5.8],"s":[7,6,1,0,0,0,0,0,0,0,0,4],"i":[462,447,482,355,301,191,132,333,163,422,463,282,451,438,482,365,322,209,142,339,174,426,458,298,433,423,472,367,336,222,150,338,181,422,443,308,407,399,453,361,342,229,156,331,185,409,420,311,374,368,423,348,340,234,158,317,185,387,388,307,335,330,385,327,331,231,156,297,182,358,350,297,291,289,341,300,315,225,152,271,175,322,307,280,244,243,291,268,291,213,144,241,165,281,259,257,197,198,236,231,262,196,134,206,151,236,210,229,462,447,480,355,300,190,131,332,162,421,463,282,451,438,482,364,320,208,141,338,173,425,458,297,434,423,472,365,332,220,149,337,179,421,443,306,408,399,451,359,338,227,154,330,183,408,420,309,375,369,424,346,336,231,155,316,183,387,390,304,337,333,388,326,326,229,154,296,179,358,352,294,294,292,343,299,309,222,149,270,172,323,310,277,248,248,295,267,285,210,142,240,162,283,264,254,202,202,243,231,254,193,131,208,149,239,217,225,462,447,480,353,297,188,130,331,161,419,463,279,451,438,480,360,314,202,139,336,170,423,457,292,434,424,471,361,324,214,145,334,175,417,443,300,409,401,453,354,328,221,148,326,177,405,421,301,379,372,425,340,324,222,149,312,176,384,392,295,343,338,392,320,313,219,147,292,172,356,358,284,302,299,351,294,295,211,141,268,164,323,317,267,260,258,307,263,271,198,133,239,153,285,275,244,219,217,259,229,243,181,123,209,140,244,231,218,461,446,479,350,292,185,127,328,158,417,462,275,451,438,476,355,305,197,134,331,165,418,455,285,434,424,468,353,312,204,138,328,168,412,442,290,412,401,450,344,312,208,140,319,169,398,421,288,383,374,425,331,306,206,139,305,166,378,394,281,349,342,393,311,294,202,136,286,160,351,361,269,312,306,356,286,276,193,129,262,152,321,325,252,273,269,315,257,252,180,121,236,141,285,286,229,234,231,272,225,225,164,110,206,128,248,246,204,461,446,476,346,286,180,124,325,155,413,461,271,451,437,473,347,294,187,128,325,159,412,454,276,434,422,462,343,295,192,130,320,160,404,440,277,412,401,445,333,293,192,130,310,158,390,419,273,384,374,420,317,284,189,127,295,154,369,393,263,353,344,391,298,271,182,122,276,147,344,363,250,318,311,357,274,252,173,114,252,138,314,329,233,282,275,319,248,231,160,106,229,127,282,292,213,246,241,281,218,206,145,97,202,113,248,256,190,459,444,473,341,279,175,121,321,152,409,459,265,450,434,467,338,280,177,122,318,152,404,450,265,433,419,454,331,277,177,121,310,150,393,434,262,411,398,434,318,269,174,118,298,146,377,415,254,384,373,412,302,260,169,113,282,140,357,389,244,353,343,382,282,244,160,108,263,132,331,360,229,321,312,351,260,227,151,101,242,123,304,328,213,287,279,317,234,208,139,92,219,112,274,294,194,252,245,280,209,186,125,83,194,101,243,259,173,459,443,469,336,271,169,117,317,148,405,457,259,447,432,459,328,265,166,114,310,145,396,446,252,430,415,443,317,257,161,111,299,140,381,429,245,407,393,422,302,246,155,106,284,134,362,407,234,380,367,397,284,231,148,101,267,126,340,382,221,350,338,369,264,218,139,94,248,118,315,352,206,318,307,338,241,200,129,87,227,109,289,321,190,286,277,306,219,183,118,79,206,99,261,290,173,252,245,274,195,163,106,71,183,89,231,257,155,458,442,465,331,263,163,113,313,144,400,455,252,445,429,450,318,250,154,108,302,137,386,441,241,426,409,430,302,236,146,102,287,130,367,422,227,401,386,405,283,221,137,95,269,122,345,397,214,373,359,378,263,204,127,89,250,112,321,370,199,342,329,349,242,189,119,82,231,105,296,340,183,310,299,319,221,173,109,76,211,96,269,310,168,279,268,288,200,157,100,69,190,87,243,278,152,248,238,259,178,141,90,62,170,79,217,248,136,457,440,459,325,256,157,110,309,141,396,453,246,442,426,441,308,236,143,102,293,130,377,436,229,421,404,416,287,215,130,93,274,120,353,413,211,393,377,386,264,196,119,86,254,111,327,385,193,362,347,355,242,177,109,79,233,102,299,355,176,330,316,324,220,161,100,73,212,94,272,323,161,298,285,294,199,147,92,67,193,86,246,292,146,266,254,265,179,133,84,61,174,79,222,262,132,237,225,238,161,120,76,56,155,71,198,233,119,455,438,455,321,250,152,107,305,137,392,451,241,440,423,433,299,223,134,96,286,124,369,432,219,417,399,401,272,196,117,85,263,112,340,405,195,386,368,367,245,172,104,78,239,101,308,373,174,351,334,329,219,152,94,72,215,93,276,338,155,314,300,294,196,137,86,67,194,86,247,303,140,280,267,263,176,124,79,62,174,79,221,270,126,249,238,236,159,112,73,56,157,73,198,241,114,221,211,212,143,103,67,53,141,67,178,215,104,455,438,454,318,244,148,105,302,135,389,449,237,438,421,426,291,212,126,91,280,120,362,429,210,413,395,391,260,180,105,79,254,105,329,400,182,381,362,349,227,151,91,72,227,94,292,364,156,341,323,304,197,129,83,69,200,87,254,323,137,298,282,262,173,115,78,65,177,82,221,281,122,260,246,229,155,107,73,61,157,77,195,245,112,229,217,204,141,99,68,56,141,71,174,217,103,202,193,185,128,92,63,52,128,66,158,194,94,455,438,451,316,241,145,104,301,134,387,449,234,438,420,423,287,206,120,88,277,115,358,426,204,413,394,385,252,168,96,75,248,100,323,398,172,381,360,340,215,132,84,72,219,91,282,360,144,341,320,288,178,111,81,69,191,86,239,317,123,296,275,231,152,104,77,65,165,81,200,268,111,246,227,196,138,99,72,61,144,76,172,223,103,210,197,175,127,93,67,56,129,71,155,194,96,187,176,161,118,88,63,52,118,66,142,174,89,455,438,451,315,240,145,103,300,133,387,448,233,440,419,421,285,202,118,87,275,114,357,426,202,413,393,383,250,162,93,74,246,98,321,397,168,382,359,337,211,122,84,72,216,89,278,359,139,342,319,285,169,109,81,69,188,86,231,315,119,296,274,227,138,104,77,65,162,81,194,266,106,247,225,178,130,99,72,61,139,76,163,217,100,202,188,161,122,93,67,56,124,71,146,184,94,181,169,149,113,88,63,52,113,66,135,166,88]}