{"c":"54341","n":"巻","la":37.76833333333333,"lo":138.91333333333333,"e":2,"t":[1.8,2.0,4.9,10.7,16.1,20.1,23.8,25.4,21.2,15.1,9.5,4.6],"s":[31,33,6,0,0,0,0,0,0,0,1,9],"i":[488,480,484,373,304,188,132,342,173,425,484,288,476,472,484,383,326,204,143,349,185,429,478,304,455,454,475,385,340,217,151,349,194,425,462,314,428,426,455,379,346,225,156,341,199,412,437,317,392,392,425,365,345,227,158,327,200,390,403,313,349,351,387,344,336,225,157,306,198,361,363,302,302,305,342,316,319,219,152,280,192,325,316,285,250,254,292,281,295,208,145,248,183,284,266,261,200,204,237,242,265,192,135,214,170,238,214,233,488,480,484,372,303,187,131,342,172,424,484,287,476,472,484,382,324,202,142,348,184,429,478,303,457,454,475,384,337,215,149,348,192,424,462,312,429,426,454,378,342,223,154,340,197,411,437,314,394,394,426,363,340,225,156,325,198,390,405,310,352,354,389,342,331,223,154,305,195,361,365,298,306,309,345,315,313,215,150,279,189,326,320,281,256,260,296,281,289,202,142,248,179,285,271,258,208,211,244,242,259,187,132,215,167,241,221,229,488,480,483,370,300,185,130,340,171,423,484,285,476,472,483,378,317,199,139,346,181,426,478,298,458,455,474,379,328,209,145,344,187,421,462,305,432,430,455,372,332,214,149,336,191,408,438,306,398,398,428,358,328,215,150,321,191,387,408,300,360,361,394,336,317,212,147,302,187,360,371,288,316,318,353,310,299,204,142,277,180,326,329,271,271,273,308,277,275,191,134,248,170,288,284,248,225,229,260,241,246,175,124,216,158,247,238,221,487,480,482,366,295,181,128,338,168,420,483,281,476,471,480,372,309,192,135,341,175,422,476,291,459,455,471,371,316,199,139,338,180,416,462,295,434,430,453,362,316,202,141,329,181,401,438,294,404,401,428,348,310,200,140,315,180,382,411,287,367,367,395,327,298,196,136,295,175,355,376,274,328,328,359,301,280,187,130,271,167,324,338,256,286,287,317,271,257,174,122,244,157,289,297,234,245,246,274,238,229,158,112,215,144,252,254,209,487,479,479,362,289,177,125,335,165,417,482,276,476,470,476,364,297,184,129,335,169,416,474,282,459,454,465,360,299,187,131,330,171,408,459,282,434,430,448,350,297,188,130,320,170,393,438,278,405,401,423,334,288,184,127,304,166,373,409,269,373,371,394,314,275,177,123,286,160,348,379,254,336,335,359,289,257,168,115,263,152,318,343,238,297,296,321,261,234,155,108,237,142,286,305,217,259,259,283,229,211,140,98,211,130,252,267,194,486,478,475,357,282,172,121,331,161,413,480,270,475,467,470,354,283,174,122,328,162,408,471,271,458,451,455,347,281,174,121,320,160,397,455,267,434,429,438,334,273,171,119,308,157,381,434,259,405,401,415,318,263,165,114,292,151,360,407,249,374,369,385,296,248,157,109,272,145,335,376,234,340,336,354,274,231,147,102,250,136,308,343,217,303,301,319,247,211,135,94,227,126,277,308,198,267,264,283,220,189,122,85,202,115,246,271,177,484,476,471,351,274,166,118,327,157,408,478,264,473,463,462,344,268,164,114,319,153,399,466,259,454,446,446,332,260,159,112,308,149,385,449,250,430,423,425,316,249,153,107,294,143,366,426,239,401,396,400,298,235,145,102,277,137,344,399,225,370,365,372,277,220,137,95,257,129,319,369,211,337,331,340,252,202,126,89,236,121,292,336,194,303,298,309,229,185,115,81,214,111,265,304,177,268,265,276,204,165,104,73,192,103,236,270,158,484,475,467,346,266,161,113,322,152,404,475,258,470,461,453,332,252,153,109,311,146,390,461,246,450,440,433,316,238,144,102,296,138,371,441,233,424,415,408,296,223,136,96,278,130,349,415,218,394,386,381,275,208,126,90,259,123,324,387,202,362,354,352,252,191,117,83,239,114,299,356,187,328,322,322,231,175,107,77,219,107,273,324,171,295,289,291,209,159,98,70,198,99,246,292,155,263,257,261,187,143,89,64,178,92,220,260,140,483,473,463,340,259,155,111,318,149,399,473,250,467,457,444,321,239,143,102,302,138,380,455,234,444,434,418,299,218,130,94,283,128,356,432,215,415,404,389,275,198,119,86,262,118,330,403,197,382,372,358,252,179,109,80,241,110,302,371,180,348,339,326,229,163,100,74,220,102,275,338,164,314,306,296,206,149,91,68,200,96,250,305,149,281,274,268,187,134,84,63,181,89,225,274,135,250,243,240,168,122,76,56,163,83,200,244,122,482,472,459,335,252,151,108,314,145,395,471,246,465,454,436,311,225,133,96,294,131,372,451,223,438,428,405,283,198,117,86,271,118,343,424,200,405,394,369,254,174,104,78,247,108,311,390,177,369,357,332,227,153,94,73,223,100,279,352,158,330,319,296,202,138,87,68,200,94,250,315,143,294,285,265,182,125,80,63,181,88,224,281,129,262,252,238,165,112,74,59,163,83,200,250,117,231,225,214,148,104,68,54,147,78,181,224,106,482,471,455,331,247,147,106,312,143,392,470,242,463,451,429,303,214,126,92,289,126,365,448,214,437,424,394,270,181,106,80,262,111,332,418,186,401,387,351,235,151,92,73,234,100,295,380,160,358,344,306,202,130,84,69,206,94,257,336,139,311,298,264,178,115,79,66,182,89,224,291,124,270,259,231,159,107,74,62,162,85,198,254,112,237,227,206,144,99,69,57,147,81,177,224,104,211,202,187,131,92,64,54,133,77,160,200,96,482,470,455,329,244,145,104,310,141,390,469,239,463,450,425,298,206,121,89,285,123,361,447,209,437,422,388,261,169,98,76,256,105,325,415,176,401,384,342,221,133,86,73,225,96,284,376,147,358,340,290,181,111,82,69,197,91,241,329,125,308,290,234,154,104,78,66,170,88,202,277,112,254,236,197,140,99,73,62,148,84,174,229,104,216,204,176,129,93,69,57,133,80,157,199,97,192,182,162,120,88,63,54,122,76,144,179,90,482,470,454,329,243,144,104,309,140,390,469,238,463,450,424,297,204,119,88,283,121,360,446,206,437,421,385,259,163,94,75,252,103,323,413,172,401,383,339,217,122,86,73,223,94,280,375,142,359,339,286,172,108,82,69,194,91,234,328,121,310,288,229,139,104,78,66,167,88,196,276,107,256,234,178,131,99,73,62,143,84,165,223,101,209,193,162,124,93,69,57,128,80,148,188,95,186,173,150,115,88,63,54,118,76,137,170,89]}