{"c":"54541","n":"柏崎","la":37.35166666666667,"lo":138.55333333333334,"e":7,"t":[2.7,2.6,5.1,10.7,15.7,19.8,23.8,25.5,21.4,15.5,10.0,5.4],"s":[42,56,19,3,0,0,0,0,0,0,0,11],"i":[466,468,505,366,298,193,132,339,165,426,480,286,455,459,505,376,318,210,142,345,174,430,473,301,437,441,495,378,331,223,150,344,181,426,458,311,409,415,473,372,336,231,155,336,186,413,433,313,376,381,442,358,334,235,156,321,187,391,400,309,336,341,401,337,324,233,155,301,184,362,359,298,291,297,354,309,308,225,151,275,179,326,314,281,243,248,300,275,284,213,144,244,171,285,264,258,196,200,242,236,254,197,134,210,160,240,213,229,467,468,505,365,297,192,131,339,164,426,480,285,455,459,505,375,316,209,141,344,174,430,473,300,437,441,495,377,328,221,149,343,180,425,458,309,411,415,473,370,332,229,153,335,184,412,433,310,377,383,443,356,329,231,154,321,185,390,401,306,338,344,404,335,319,229,153,300,182,362,362,294,295,300,357,308,302,221,148,274,176,327,317,277,248,252,306,274,279,209,141,244,168,287,269,254,202,206,250,236,249,192,131,211,157,243,219,225,466,467,504,364,294,190,130,337,163,425,479,283,455,459,504,371,310,204,139,342,171,428,473,295,438,442,494,372,319,215,145,340,176,422,458,302,413,418,475,365,322,220,148,331,179,409,434,302,381,386,445,351,318,221,148,317,178,388,404,297,345,350,409,329,307,217,146,297,175,361,368,285,303,309,366,303,289,209,141,272,169,327,326,267,261,266,319,271,265,196,133,244,161,290,282,244,219,223,269,236,237,179,123,213,150,250,237,217,466,467,501,361,289,186,128,335,161,422,478,279,455,458,501,366,302,198,134,338,167,423,472,288,438,442,492,364,308,204,138,334,170,417,458,292,415,419,472,355,307,208,140,325,171,403,434,290,386,390,446,341,301,206,139,311,169,383,408,283,351,356,412,320,289,200,135,291,165,356,373,270,313,318,373,295,271,192,129,268,158,326,335,252,274,279,330,265,248,179,121,241,149,291,294,231,235,239,284,231,221,162,111,213,138,254,252,204,465,466,500,356,283,182,125,332,158,419,476,274,455,457,496,358,291,189,129,332,161,417,470,279,438,441,486,353,292,192,130,327,162,409,455,279,416,419,468,344,289,193,130,316,161,395,434,275,388,391,441,327,280,189,127,301,158,374,407,265,356,360,411,308,267,182,123,283,152,350,376,252,321,325,375,283,249,172,115,260,145,320,340,235,284,287,335,256,227,159,107,235,136,289,302,214,248,250,295,225,204,144,98,209,126,254,265,191,465,465,496,351,277,176,122,328,154,415,475,268,454,454,490,349,277,179,123,325,155,409,466,268,438,438,476,341,275,178,121,317,153,399,451,265,415,417,458,328,267,175,119,305,150,383,430,257,388,390,433,312,256,169,113,289,145,363,404,246,357,359,401,291,241,161,109,270,139,338,373,231,324,326,370,268,225,151,102,249,131,311,340,215,289,292,334,242,204,139,94,225,123,281,305,195,254,256,295,216,183,125,85,202,113,250,269,175,463,463,492,346,269,171,118,324,151,411,473,262,451,451,482,338,263,168,115,317,148,401,462,256,434,434,465,327,254,163,112,306,144,387,445,248,412,411,443,311,244,157,107,292,139,369,422,237,384,385,418,292,229,149,102,275,133,347,396,224,354,354,389,272,215,140,95,256,125,323,366,209,322,322,356,249,198,130,89,235,118,296,333,192,289,290,323,225,181,119,81,214,110,269,301,175,256,257,289,200,161,106,73,192,103,241,267,156,463,462,487,340,262,165,114,320,148,405,471,256,450,449,472,327,249,157,109,309,142,393,457,244,430,429,451,311,235,148,103,294,135,374,437,231,405,404,425,292,220,139,97,277,128,352,412,217,377,375,398,271,204,129,91,258,121,328,383,200,346,345,368,249,188,120,84,239,113,303,353,186,314,313,337,227,172,110,78,219,107,277,321,170,282,281,304,206,156,101,71,199,100,250,289,154,250,250,273,184,140,90,64,179,94,225,258,138,462,461,483,335,254,159,112,316,144,401,469,250,448,445,463,317,236,146,103,301,135,384,451,233,425,423,436,295,215,133,95,282,126,360,428,214,398,394,405,272,196,121,87,262,118,334,399,196,367,363,373,248,177,111,81,241,110,306,367,179,334,330,340,225,161,102,75,220,104,280,335,163,301,298,309,204,147,93,69,200,98,254,303,148,269,267,279,184,132,85,64,182,92,229,271,134,239,236,250,165,120,77,57,164,87,206,242,121,461,459,479,331,249,154,109,313,142,398,467,245,446,442,454,307,223,136,97,294,130,375,447,222,421,417,422,280,197,120,87,271,119,347,420,199,390,385,384,252,173,106,80,247,109,315,386,177,355,349,345,225,153,96,74,223,102,284,350,158,318,312,308,200,138,88,69,202,97,254,313,142,284,278,275,180,125,81,64,182,92,229,279,129,252,248,246,163,112,75,60,165,88,206,249,117,223,220,222,146,104,68,55,149,83,187,222,106,461,459,476,327,244,151,106,310,139,395,465,240,445,440,447,299,213,129,93,288,125,369,444,214,419,413,409,267,181,108,81,262,112,337,413,186,386,378,365,233,152,94,74,235,103,300,376,160,346,337,317,202,131,85,70,208,97,262,333,139,302,293,273,176,117,80,67,184,94,229,289,125,262,254,238,158,108,75,63,165,90,202,252,113,231,224,213,143,100,70,59,149,86,182,222,104,204,199,192,130,93,64,55,136,82,166,198,96,461,458,474,325,241,148,105,309,138,394,463,238,445,438,443,295,206,123,90,285,123,365,442,208,419,412,403,259,169,100,77,256,108,330,411,176,386,376,355,220,135,87,73,227,100,290,372,147,346,334,300,181,112,83,70,199,96,246,326,126,299,286,240,154,106,79,67,172,93,208,275,112,249,234,200,139,100,74,63,150,90,179,227,104,211,200,179,129,94,69,59,136,86,162,197,97,188,179,164,119,88,64,55,125,82,149,177,91,461,458,473,324,240,147,104,308,138,393,463,237,445,438,441,293,204,121,89,283,122,364,442,206,420,411,400,256,165,96,76,254,106,328,409,172,387,375,352,216,125,87,73,225,99,286,371,142,346,332,296,172,110,83,70,196,96,240,325,122,300,284,235,138,105,79,67,169,93,200,273,107,250,231,180,130,100,74,63,145,90,170,221,101,204,191,163,123,94,69,59,130,86,153,186,95,182,171,151,114,88,64,55,121,82,143,168,89]}