{"c":"54566","n":"入広瀬","la":37.35666666666667,"lo":139.07166666666666,"e":230,"t":[-0.5,-0.4,2.0,7.8,14.5,19.1,22.9,24.2,19.9,13.5,7.2,2.0],"s":[99,100,99,62,7,0,0,0,0,0,6,61],"i":[445,429,459,341,275,186,133,320,167,400,444,267,434,421,459,349,291,202,143,325,176,404,438,281,417,405,450,350,302,213,150,324,183,401,424,288,392,383,430,343,305,221,156,318,188,393,401,290,361,353,403,330,302,223,159,306,191,378,372,285,323,318,367,310,293,221,159,290,191,357,336,275,282,278,325,285,277,214,157,268,188,332,295,259,237,235,277,254,256,202,152,243,183,302,250,238,193,192,225,219,229,188,145,215,175,269,204,212,445,429,459,340,274,185,132,319,166,400,444,267,434,421,459,348,290,200,142,324,175,403,438,279,418,405,450,348,299,212,149,323,182,401,424,286,393,383,430,342,302,218,154,317,187,392,401,287,362,354,403,328,299,220,157,305,189,377,373,282,325,319,369,309,289,218,157,289,188,357,338,272,285,281,327,283,273,211,154,268,186,332,297,256,241,239,281,252,250,199,150,243,180,303,254,234,199,197,231,218,225,183,142,216,173,271,209,209,445,429,459,338,272,183,131,318,165,398,444,264,434,421,458,344,285,196,139,322,173,401,438,275,418,405,449,344,292,204,146,320,178,398,424,281,395,384,430,337,294,211,150,314,182,390,403,280,365,356,404,323,289,211,151,302,183,375,375,274,331,324,372,303,278,208,151,286,182,355,342,263,292,287,334,279,261,200,148,265,179,331,304,246,252,248,292,249,240,188,143,242,174,304,264,225,212,210,247,217,214,172,135,216,166,276,223,200,444,428,457,336,268,180,129,316,163,396,443,261,434,420,455,339,278,190,135,318,169,398,437,269,419,405,446,337,282,196,140,316,173,394,424,272,396,384,428,328,281,199,142,308,175,384,403,269,369,359,404,315,274,198,143,296,175,370,377,262,336,327,373,295,263,193,141,280,173,351,345,250,300,294,338,271,246,184,137,261,169,329,311,233,263,258,299,244,224,171,132,238,163,304,274,213,225,222,259,214,200,156,124,215,155,279,236,190,444,426,455,332,263,176,126,313,161,394,442,257,434,419,451,333,269,182,130,313,164,393,434,261,419,404,441,328,269,185,133,309,166,387,421,261,397,384,424,318,265,185,133,300,166,377,401,256,370,358,399,303,256,181,132,287,164,362,376,247,340,330,372,284,243,175,129,272,161,345,347,234,306,298,338,260,227,165,125,252,156,324,314,217,271,264,303,235,206,153,119,233,151,302,279,198,237,231,266,206,185,139,112,211,144,278,245,177,443,426,451,328,257,171,123,310,158,391,440,252,433,417,446,325,257,173,125,307,158,387,432,252,417,401,433,317,254,172,124,300,158,379,417,248,396,381,415,305,246,169,123,290,156,367,397,240,369,357,392,289,236,163,120,277,153,352,373,229,340,328,364,269,222,155,115,261,149,335,344,215,309,299,334,248,206,146,112,243,144,316,314,200,276,267,301,223,187,134,106,224,139,295,281,181,242,235,266,199,167,121,100,204,133,274,248,162,442,425,448,323,250,165,120,307,154,387,438,246,430,413,438,316,245,163,118,300,152,380,428,241,413,398,423,305,237,158,115,291,149,369,412,233,392,377,403,290,227,152,112,279,145,356,391,223,366,352,379,272,213,145,109,264,141,340,366,210,337,324,352,252,200,136,104,248,137,322,338,196,306,294,322,231,183,126,100,231,132,304,308,180,275,265,292,209,167,115,94,213,127,285,277,164,243,235,260,186,148,104,89,195,123,266,246,146,441,424,445,319,245,160,117,303,151,384,437,241,429,412,430,307,233,152,112,294,146,373,424,231,411,394,412,291,220,144,107,281,141,359,405,218,387,371,388,273,206,135,102,266,136,342,382,204,360,344,362,254,192,126,98,250,131,325,355,191,330,316,335,234,176,118,93,234,126,307,327,176,299,287,306,213,161,108,89,217,122,289,297,161,269,257,275,192,146,99,85,200,118,271,267,146,239,229,247,172,131,90,81,185,114,254,238,131,441,423,441,314,239,155,113,300,149,380,434,236,426,409,423,298,222,143,106,287,141,366,420,221,405,388,399,278,204,130,100,271,133,348,398,204,380,363,371,256,186,120,94,252,127,328,371,187,350,334,342,235,169,110,89,236,122,308,342,171,319,305,312,213,154,101,85,219,118,288,312,156,288,275,283,193,140,93,82,202,113,271,282,142,257,246,254,174,126,86,79,187,112,254,252,129,229,218,227,156,113,78,76,173,109,240,225,115,440,422,437,310,234,150,111,297,146,377,433,231,425,405,416,290,211,134,101,281,136,360,416,212,403,384,388,265,188,118,93,262,126,338,391,191,373,355,354,240,167,106,87,241,119,314,361,171,340,323,319,215,149,96,83,221,114,290,327,153,305,290,285,193,134,89,80,202,112,269,294,138,273,259,254,173,122,82,78,187,110,250,262,126,242,231,229,156,110,76,75,173,108,236,234,113,215,204,204,140,101,70,73,161,107,224,208,104,438,421,434,307,229,147,109,295,144,375,432,227,424,405,409,283,202,127,97,276,132,355,413,204,400,381,378,254,175,108,87,254,121,330,386,179,369,350,339,224,150,94,82,231,113,302,353,156,332,313,296,196,130,86,80,209,111,274,314,137,291,275,257,172,117,81,78,189,109,249,274,124,254,240,225,154,108,77,77,173,108,231,240,112,224,212,200,140,100,72,75,160,107,218,212,104,198,188,181,127,92,67,73,150,106,209,189,95,438,420,433,305,227,145,108,293,143,374,430,225,424,404,407,279,197,122,95,273,129,352,412,199,400,379,372,248,165,100,83,249,117,325,384,171,369,348,330,213,135,88,81,225,111,294,349,145,332,311,283,178,115,84,80,202,110,262,308,126,289,269,231,153,108,80,78,180,109,234,263,113,242,223,195,139,102,76,77,162,108,213,220,106,206,194,174,128,95,71,75,150,107,202,192,98,184,173,160,118,89,66,73,142,106,197,172,91,438,420,433,305,225,144,108,293,143,373,430,225,424,403,405,278,195,120,94,272,129,351,411,198,400,379,370,246,161,97,82,248,115,324,383,168,369,347,327,210,127,88,81,223,110,292,348,142,332,310,279,171,112,84,80,199,110,258,307,123,289,268,227,141,108,80,78,177,109,229,261,110,242,222,178,132,102,76,77,158,108,206,214,103,200,185,161,124,95,71,75,146,107,196,182,97,178,166,149,114,89,66,73,138,106,192,164,90]}