{"c":"54586","n":"大潟","la":37.23166666666667,"lo":138.33333333333334,"e":34,"t":[2.7,2.7,5.4,10.8,15.7,19.8,23.8,25.7,21.7,15.8,10.2,5.4],"s":[61,80,40,7,0,0,0,0,0,0,0,16],"i":[465,471,503,367,300,200,142,344,177,430,480,289,455,462,501,377,320,219,154,350,189,434,473,306,436,445,492,379,333,234,164,350,198,430,457,315,409,418,471,373,339,243,170,343,204,417,433,318,374,384,440,359,337,247,173,329,206,396,399,314,334,343,399,338,327,245,173,309,204,368,359,303,290,298,352,310,310,238,168,283,200,333,313,286,242,249,299,275,287,225,161,252,193,293,263,262,194,200,241,237,257,206,150,219,182,249,212,234,465,471,501,367,299,200,141,344,176,429,480,288,455,462,503,376,318,218,153,350,188,434,473,304,436,445,492,378,330,231,162,349,196,429,458,313,409,418,471,371,335,240,168,341,202,416,433,315,376,386,441,357,332,243,171,328,204,396,401,311,337,346,401,336,322,240,170,308,202,368,362,300,293,302,355,308,305,233,165,283,198,334,317,282,247,254,304,275,281,220,158,252,190,294,268,259,200,206,249,237,250,202,147,220,179,252,219,229,465,471,501,365,296,197,140,342,175,428,479,286,455,463,501,373,312,213,150,347,185,430,473,299,437,445,492,373,322,224,158,346,192,426,458,306,412,421,472,366,325,231,162,338,196,413,434,307,380,389,443,352,321,231,163,324,197,393,404,301,343,352,408,330,309,227,162,305,195,367,368,289,302,311,364,304,291,220,156,280,189,334,326,271,260,267,317,271,267,206,149,252,181,298,281,248,217,224,267,236,239,189,138,222,171,258,236,221,465,471,500,362,292,193,137,340,172,425,479,282,455,462,498,367,304,206,145,343,180,426,472,292,438,446,488,365,310,214,150,340,185,421,458,296,413,422,470,356,310,217,153,331,187,408,434,294,385,393,444,342,304,216,152,317,186,388,407,287,350,358,409,321,291,211,149,298,183,362,373,275,312,320,371,295,273,202,143,275,177,333,335,257,273,281,328,265,250,188,135,249,168,299,294,234,234,240,282,233,223,171,124,221,158,263,252,209,463,470,497,358,286,188,134,336,169,422,476,277,454,459,494,359,293,196,139,337,174,421,470,283,438,445,483,354,294,200,141,332,176,413,455,283,415,422,465,345,291,200,141,322,175,399,434,279,387,394,438,328,282,197,139,307,173,379,405,269,355,362,409,309,269,191,134,289,168,356,375,256,320,327,373,283,250,180,127,267,162,327,340,238,283,289,333,256,229,167,119,242,153,296,302,217,247,252,293,225,204,151,109,216,144,264,264,194,463,469,494,352,279,183,130,333,165,418,475,271,453,458,488,350,280,185,131,329,166,413,466,272,436,442,474,342,277,185,130,322,165,403,451,268,413,420,455,329,269,182,128,310,163,387,430,260,387,393,430,313,259,176,124,295,159,367,403,249,356,361,400,291,243,168,118,276,153,343,372,234,323,329,367,269,225,158,111,254,146,317,340,218,289,294,331,242,206,145,103,231,138,289,305,198,252,258,293,216,185,131,94,209,130,259,268,177,463,467,490,347,271,176,126,328,161,413,473,265,451,455,480,340,265,174,123,321,159,405,462,260,434,438,463,328,257,169,120,310,155,391,445,250,411,415,441,312,246,162,114,296,150,373,422,240,383,388,416,293,231,155,110,280,145,352,396,227,353,357,387,273,217,145,103,261,138,328,366,212,321,324,354,249,199,135,96,240,132,302,333,195,288,292,321,225,182,124,88,219,124,276,300,177,254,259,287,202,162,111,80,198,117,249,267,158,462,466,484,342,264,170,122,324,157,409,471,259,449,451,471,329,250,162,115,313,151,396,457,247,429,432,449,312,236,152,109,298,144,377,437,234,405,407,424,293,221,143,102,281,138,356,412,219,376,378,396,272,206,133,96,263,131,332,383,204,345,348,366,250,189,124,89,243,124,308,353,188,313,315,335,229,173,113,83,223,119,283,321,172,281,283,302,206,157,104,76,204,112,258,289,156,250,252,271,184,141,94,70,184,107,234,258,140,461,463,480,336,257,164,118,320,154,405,469,252,447,449,461,318,237,150,108,304,144,387,451,235,425,426,434,296,217,136,99,286,134,363,428,216,397,398,404,273,197,124,91,265,126,337,399,198,366,366,371,249,178,113,84,244,119,311,367,180,333,333,338,225,162,105,78,224,112,285,335,164,300,300,307,204,148,95,73,204,108,260,303,149,268,269,277,185,133,88,68,187,103,237,271,135,239,238,248,166,121,79,62,169,99,215,242,122,461,463,476,332,250,159,114,316,150,401,467,247,445,446,453,308,225,140,102,297,138,378,448,224,421,420,420,281,198,122,91,274,126,350,420,200,390,388,383,252,174,108,82,250,115,319,387,178,354,351,344,225,154,97,76,227,110,288,350,159,317,315,306,200,138,89,71,204,105,260,313,143,283,280,274,181,125,82,67,186,101,235,279,129,250,249,245,163,112,76,63,169,98,213,249,117,223,221,221,146,104,69,59,154,95,194,222,106,459,463,474,328,246,155,112,314,148,398,465,243,443,444,446,300,214,131,97,291,133,372,444,215,418,417,408,268,182,110,84,265,119,340,413,187,385,381,364,234,153,94,76,237,109,303,377,160,345,339,316,202,131,85,72,211,104,266,333,140,301,295,272,177,118,80,69,187,101,234,290,125,262,256,238,158,108,75,66,168,98,208,252,113,229,225,212,143,100,70,62,153,96,189,222,104,204,200,191,130,93,65,57,140,94,174,198,96,459,462,472,326,242,152,110,312,146,396,463,240,442,443,442,296,208,125,93,287,129,368,442,210,417,415,401,260,170,100,78,259,112,333,411,177,383,379,354,221,135,86,75,229,105,293,372,147,343,336,299,181,112,83,72,200,102,250,326,126,296,288,240,154,106,79,69,175,100,213,275,112,246,235,200,139,100,74,66,153,98,184,227,104,208,202,178,129,94,69,62,140,96,169,196,97,185,180,164,119,88,64,57,129,93,157,176,91,459,462,471,325,242,151,110,311,146,396,463,239,442,442,440,294,204,123,92,286,128,367,441,206,416,413,399,257,165,97,77,256,111,331,409,173,382,378,351,216,125,86,75,227,104,290,370,143,342,335,296,172,110,83,72,198,102,244,324,122,295,286,236,138,105,79,69,171,100,206,272,107,244,234,180,130,100,74,66,149,98,175,219,101,199,192,163,123,94,69,62,134,96,160,184,95,176,172,151,114,88,64,57,125,93,150,166,89]}