{"c":"54616","n":"小出","la":37.23833333333334,"lo":138.96166666666667,"e":98,"t":[0.1,0.3,2.8,9.1,15.9,20.4,24.1,25.5,21.0,14.5,8.1,2.7],"s":[92,98,82,27,1,0,0,0,0,0,0,36],"i":[442,434,470,344,280,187,138,324,170,408,449,270,433,426,469,352,297,202,149,330,181,412,443,284,415,411,459,352,308,214,158,329,188,408,429,291,390,388,440,346,312,221,163,322,194,397,405,293,359,357,411,333,309,223,166,310,196,379,375,288,321,321,374,313,300,221,166,292,196,355,339,278,280,281,331,287,284,214,163,269,193,325,297,261,236,237,282,254,262,202,157,242,187,291,252,240,192,193,229,220,235,186,148,213,178,254,204,213,442,434,470,343,279,186,137,324,170,407,449,269,433,426,470,350,296,200,148,329,180,411,443,282,416,411,459,351,305,212,156,328,187,407,429,289,391,388,440,344,309,219,162,321,192,396,405,290,360,358,412,331,305,220,164,309,194,379,377,285,323,323,376,311,295,217,164,291,194,355,341,275,283,284,333,285,279,210,160,269,190,326,300,258,240,241,286,254,257,198,154,242,184,292,256,237,198,198,236,220,229,182,145,213,176,256,211,210,442,434,469,341,277,184,136,323,169,405,449,267,433,426,468,347,290,197,145,327,177,409,443,278,416,411,459,346,298,206,152,325,183,404,429,284,393,389,441,340,300,211,156,318,187,394,408,283,363,361,413,326,295,211,158,305,188,376,379,277,329,327,381,305,284,206,156,288,187,354,346,265,290,290,340,281,267,199,152,266,183,326,307,249,250,250,297,250,245,186,146,241,177,295,266,227,211,212,250,219,219,170,137,214,168,262,225,202,442,434,467,338,273,180,134,321,167,404,448,264,433,426,466,342,283,191,141,323,173,405,442,272,417,411,455,340,288,197,146,320,177,400,428,275,394,389,438,331,287,199,148,312,179,388,407,272,366,363,413,317,280,198,148,299,179,372,381,265,334,332,382,297,268,192,145,282,177,349,349,252,299,297,346,273,250,183,140,262,172,324,314,236,262,261,306,246,229,170,133,238,165,295,276,215,225,225,264,215,204,154,124,213,157,265,238,191,441,433,465,335,268,176,130,318,164,401,446,260,432,425,462,336,273,182,135,318,168,400,438,264,416,409,451,330,274,185,137,313,170,393,426,263,394,389,434,321,270,185,137,304,170,381,405,259,368,363,409,305,261,181,136,290,168,364,380,249,338,334,380,286,248,174,132,274,164,344,351,236,304,302,346,262,231,164,126,254,159,319,318,219,270,267,310,237,211,152,119,231,152,293,282,200,236,234,273,209,189,137,110,209,145,266,247,178,441,432,462,330,262,171,127,315,161,398,445,254,430,423,455,327,262,173,128,311,162,393,436,254,415,407,443,319,259,172,128,304,161,384,421,250,393,387,425,307,250,169,126,293,159,371,401,242,367,362,401,291,240,163,122,279,155,354,377,231,338,333,372,271,225,154,117,262,151,333,348,217,307,303,342,250,210,145,112,244,146,311,317,200,274,271,308,225,191,133,104,223,139,286,284,183,241,238,273,200,171,119,97,202,133,262,250,163,440,430,458,326,254,166,123,311,157,394,443,249,429,420,449,319,250,163,121,304,155,386,433,244,412,404,433,307,241,158,118,294,152,374,416,236,390,382,412,292,231,152,113,281,147,358,395,225,364,357,388,274,217,144,109,266,143,340,370,212,335,329,361,254,202,135,103,249,138,320,341,198,305,299,329,233,186,125,98,231,133,298,311,181,273,269,299,211,170,113,91,212,127,276,280,165,242,238,267,188,151,102,85,193,122,252,249,147,438,430,454,321,249,161,120,307,154,390,441,243,426,417,441,309,237,153,113,297,148,378,428,233,408,399,421,294,223,144,108,284,143,362,409,220,385,376,397,276,209,135,103,268,137,344,386,206,358,349,370,256,195,126,97,252,132,324,359,192,328,321,342,235,179,117,92,234,126,303,330,177,297,291,313,215,164,107,86,216,122,281,300,162,267,261,282,193,148,98,81,199,117,261,270,146,237,231,252,173,133,88,75,181,112,240,241,131,438,429,450,317,243,155,115,304,151,387,438,238,425,415,432,300,225,143,108,290,142,371,424,223,404,394,408,280,206,130,100,273,134,351,401,206,378,368,379,258,188,119,93,254,127,328,375,189,348,339,349,236,171,109,87,236,122,305,345,172,317,309,318,215,156,100,82,218,117,283,315,157,286,279,289,194,142,92,77,200,112,262,285,142,256,249,261,175,127,84,73,184,110,243,254,129,227,221,233,157,115,76,69,169,107,225,227,115,438,428,447,313,237,151,112,301,148,383,437,234,423,412,425,292,214,134,102,284,137,364,420,213,401,389,396,267,190,118,92,263,127,340,395,192,372,360,361,241,169,105,85,242,119,313,364,172,339,327,325,216,150,95,80,221,113,286,330,154,304,294,291,194,135,88,76,202,110,262,296,139,271,262,260,174,122,81,72,185,108,241,264,126,241,233,233,157,111,74,69,170,106,223,236,113,214,206,209,141,101,68,66,156,104,206,210,103,437,426,444,310,233,148,111,298,146,381,436,229,422,409,419,285,204,127,97,279,133,359,417,206,398,386,385,256,176,108,86,256,121,331,390,180,368,355,345,225,150,94,79,231,112,300,356,156,331,317,301,197,131,85,76,208,109,268,316,138,290,278,261,173,118,80,74,187,107,240,276,123,252,243,229,155,108,75,71,170,106,219,242,112,223,214,204,140,100,70,68,156,105,202,214,103,198,190,184,127,92,64,65,145,103,190,190,95,437,426,443,308,229,145,110,297,145,379,434,227,422,409,415,281,200,122,94,275,130,356,415,200,398,385,379,249,167,100,81,250,117,326,387,172,367,353,336,214,135,87,78,225,110,292,352,146,330,315,287,179,114,83,76,200,108,254,311,126,288,272,233,153,108,79,74,177,107,223,264,112,241,225,196,139,101,74,71,158,106,199,221,105,206,195,175,128,95,69,68,145,104,186,192,98,183,174,161,119,89,64,65,136,103,176,173,90,437,426,442,307,229,144,109,296,144,379,434,227,422,409,413,280,197,120,93,274,129,354,415,199,398,384,377,248,163,97,80,249,114,324,387,169,368,352,333,211,127,87,78,223,109,289,351,142,331,314,283,172,112,83,76,198,108,250,309,123,288,271,229,141,107,79,74,174,107,217,263,109,242,224,179,132,101,74,71,154,106,191,215,103,200,186,161,124,95,69,68,140,104,178,182,96,178,167,149,114,89,64,65,132,103,171,165,89]}