{"c":"54651","n":"高田","la":37.10666666666667,"lo":138.24666666666667,"e":13,"t":[2.3,2.4,5.4,11.5,16.6,20.6,24.5,26.2,21.9,15.9,10.2,5.3],"s":[70,83,47,7,0,0,0,0,0,0,0,24],"i":[449,447,480,352,300,212,162,344,195,433,459,288,438,438,480,360,320,234,179,351,211,438,451,305,421,422,470,362,333,250,193,352,223,434,437,315,395,397,450,356,339,262,202,346,231,421,413,319,362,365,420,342,337,267,208,333,236,400,383,315,324,328,382,321,327,266,209,314,236,372,345,305,282,286,337,295,310,258,204,290,231,337,302,288,236,241,287,262,287,245,198,260,224,297,254,265,191,195,233,225,257,227,186,227,213,252,206,236,449,446,480,351,299,211,161,343,194,433,459,287,438,438,480,360,318,231,178,350,209,437,451,303,421,422,470,361,330,248,190,351,221,433,438,313,395,397,450,354,335,258,199,344,229,420,413,316,364,367,421,340,332,262,204,332,233,400,384,312,326,330,384,320,322,261,204,313,233,372,347,301,285,289,340,294,305,252,200,289,229,338,305,284,241,245,292,262,281,240,193,260,220,299,259,261,197,200,240,225,250,221,181,227,209,256,213,233,449,446,480,350,296,208,159,342,192,430,458,285,438,438,479,356,312,225,173,348,204,434,451,298,422,422,469,356,322,240,184,347,215,429,438,306,398,399,450,349,325,248,191,340,221,417,416,307,367,369,422,335,321,250,195,327,224,397,386,302,332,335,389,314,309,247,194,309,223,371,352,290,293,297,348,289,291,238,189,285,218,338,312,273,252,256,303,258,267,224,181,258,209,302,270,250,212,215,256,225,239,204,169,227,198,263,227,223,448,446,478,347,291,204,156,339,189,429,457,281,438,437,476,351,304,218,167,343,199,430,451,291,422,422,467,349,310,227,174,341,206,424,437,296,399,400,448,340,310,233,179,333,210,411,416,294,371,372,423,326,304,233,180,320,211,392,389,287,338,340,390,306,291,227,177,301,208,366,356,275,302,304,353,281,273,218,172,279,202,337,320,257,265,267,312,252,250,204,162,252,193,303,281,235,227,229,269,221,223,185,150,225,182,267,242,210,448,445,476,343,285,198,151,336,185,425,455,275,438,436,472,344,293,206,158,336,191,424,449,281,422,421,461,339,294,213,162,332,195,416,434,282,400,400,443,329,291,214,164,323,196,403,413,278,373,373,418,313,282,211,162,308,194,383,388,269,342,343,389,294,269,204,158,291,190,359,358,256,309,310,354,270,250,194,151,269,184,331,324,238,273,274,316,244,229,180,142,245,175,300,288,217,238,239,278,215,204,163,131,220,164,268,252,194,447,444,472,338,279,192,146,331,180,421,454,269,437,434,466,335,279,195,149,329,182,416,446,270,421,418,453,327,277,196,149,321,182,405,430,267,399,397,434,315,269,193,147,310,180,391,409,259,373,371,409,299,258,188,143,295,176,371,385,248,343,342,381,278,243,179,138,277,171,347,355,233,311,311,349,256,225,169,130,257,164,321,324,217,278,278,315,231,206,156,121,234,156,292,290,198,244,244,278,206,185,141,112,211,147,263,254,177,446,442,469,333,271,185,141,327,175,417,453,263,434,430,459,326,265,182,138,320,173,408,442,258,418,413,443,314,257,178,135,309,169,394,425,250,396,392,421,299,246,171,130,295,164,376,403,239,369,367,397,281,231,164,124,279,159,355,377,225,340,338,368,261,217,154,117,261,152,331,349,211,309,306,337,238,199,143,111,241,146,306,317,194,277,276,305,216,182,132,102,220,139,280,286,177,246,244,272,192,162,118,94,199,132,252,254,158,446,441,465,328,264,178,136,322,170,412,450,256,433,429,450,316,250,169,128,311,163,399,437,245,413,409,430,300,236,159,120,296,156,380,418,231,390,386,405,281,221,150,113,280,149,359,394,217,363,358,378,261,204,139,107,262,142,336,366,202,333,329,349,240,189,130,100,242,135,312,337,186,302,298,319,219,173,119,93,223,130,286,306,170,271,267,288,198,157,110,87,204,124,262,275,155,241,238,258,177,141,99,80,185,118,238,246,139,445,440,461,323,256,171,130,318,166,408,449,250,430,426,442,306,237,156,119,302,154,390,433,233,409,404,417,285,216,141,108,284,143,366,409,214,383,377,387,263,196,128,99,263,134,340,383,196,353,348,356,240,178,117,92,243,127,314,352,179,322,316,325,219,162,108,85,223,121,288,321,163,290,285,294,197,147,98,80,204,115,263,290,148,259,254,265,178,133,91,75,186,112,240,260,134,229,225,237,160,120,82,70,170,108,219,231,121,444,438,457,319,250,165,126,314,162,404,447,245,429,423,434,297,224,144,110,294,146,381,429,222,405,399,404,272,198,125,96,272,132,353,403,198,377,369,369,245,173,110,87,248,122,322,371,176,343,335,331,219,153,98,80,225,114,291,337,157,308,300,296,196,137,90,75,204,110,263,301,141,274,268,264,176,124,83,71,185,107,238,269,128,244,238,237,158,112,77,68,169,104,216,240,115,216,212,213,142,103,70,64,155,102,198,213,105,443,438,454,316,245,160,123,311,159,401,445,240,428,421,428,290,214,134,103,288,140,375,426,213,404,396,393,260,181,111,87,262,123,342,398,184,373,363,352,227,152,93,78,235,112,306,363,158,335,325,307,198,130,84,75,209,107,269,322,138,293,284,265,173,117,79,72,186,104,237,281,123,254,248,231,155,107,74,69,168,103,211,245,112,224,218,206,141,99,69,66,153,101,192,216,103,199,193,187,128,92,65,63,141,100,177,193,95,443,438,453,314,242,157,120,310,156,400,445,238,426,420,425,286,206,127,98,284,135,371,424,206,403,395,388,252,170,100,80,254,115,336,395,174,371,362,343,216,134,84,77,227,107,296,359,145,333,322,292,179,112,81,75,200,105,252,316,124,289,278,237,153,104,77,72,175,104,215,268,112,241,229,198,138,99,73,69,154,102,188,223,103,204,198,177,128,93,69,66,141,101,172,193,96,182,176,162,118,88,64,63,131,100,161,173,90,443,438,451,313,241,156,120,309,156,399,444,237,426,420,423,284,204,125,97,283,134,370,423,204,401,394,386,250,165,95,79,252,113,334,394,170,370,361,340,212,125,84,77,224,106,292,357,140,331,321,289,171,109,81,75,196,105,247,314,120,287,276,233,139,104,77,72,171,104,209,266,107,239,227,181,130,99,73,69,149,102,179,216,101,196,189,163,122,93,69,66,135,101,163,183,95,174,169,151,113,88,64,63,127,100,154,165,89]}