{"c":"54661","n":"安塚","la":37.10666666666667,"lo":138.45666666666668,"e":126,"t":[0.7,0.6,3.3,9.5,15.4,19.5,23.3,24.8,20.6,14.3,8.6,3.4],"s":[83,93,78,20,0,0,0,0,0,0,0,33],"i":[430,421,454,329,284,200,152,325,184,408,434,271,422,413,453,336,302,219,167,331,197,412,429,286,405,398,444,337,313,234,178,331,206,408,416,294,381,376,425,330,317,243,186,325,214,397,394,296,350,346,397,317,314,246,190,313,218,379,365,292,314,312,362,298,304,244,191,296,218,354,329,282,275,273,320,273,288,237,187,273,214,324,289,266,231,231,274,244,266,224,180,247,208,290,246,245,189,189,223,210,238,206,170,217,198,252,200,219,430,421,454,329,283,200,151,324,184,407,434,271,422,413,454,335,300,218,165,330,196,411,429,284,405,398,444,335,310,231,176,330,204,407,416,292,381,376,424,329,313,240,183,324,212,396,394,294,352,348,398,315,310,242,187,312,215,378,366,289,316,313,363,296,300,240,187,295,215,354,331,279,277,276,322,272,283,231,184,273,211,325,292,263,236,235,278,243,261,219,177,246,204,291,249,241,195,194,229,210,233,202,166,217,195,254,206,215,430,421,453,327,281,197,150,323,182,405,434,268,422,413,451,332,295,213,162,328,193,409,429,280,405,398,443,331,303,224,171,327,200,404,415,286,383,377,425,324,304,229,177,320,206,393,395,286,354,349,399,310,300,231,179,308,208,375,367,281,321,318,367,291,288,227,178,291,206,353,335,269,284,282,328,267,271,219,174,269,202,325,298,252,245,244,287,239,249,206,166,245,195,293,259,231,206,206,243,208,222,188,156,217,185,259,219,206,430,420,451,325,277,194,147,321,179,404,434,265,422,412,450,327,287,206,156,323,188,405,428,273,405,398,440,325,292,214,162,321,193,399,415,277,384,377,422,316,291,217,166,313,196,388,394,275,357,352,398,302,284,216,167,301,197,371,369,268,325,321,368,283,272,211,164,284,194,348,338,256,291,288,333,260,254,200,159,264,189,323,304,239,256,252,295,234,233,188,151,240,181,293,268,218,220,218,254,204,208,170,140,215,172,263,231,194,430,419,450,321,271,189,143,317,176,401,433,260,421,411,446,321,277,196,149,318,181,399,426,265,405,396,434,316,278,200,152,313,184,392,412,265,384,377,418,306,274,200,153,304,184,380,393,261,358,351,394,291,265,197,151,291,183,363,368,250,329,323,366,273,252,190,148,275,179,342,339,238,297,292,333,250,235,180,142,254,173,317,307,222,263,259,298,225,214,167,133,233,166,291,273,202,229,225,262,199,191,151,123,210,157,263,239,180,429,418,447,317,265,183,139,314,172,397,430,254,420,409,440,314,265,186,141,311,173,393,423,254,404,394,426,306,262,185,140,304,173,383,408,250,383,374,409,294,254,182,139,293,171,370,389,243,358,350,387,278,244,177,135,279,168,352,365,233,329,322,358,259,229,168,130,262,163,331,336,219,299,292,329,238,213,158,124,244,157,309,307,202,267,262,296,214,193,145,114,223,150,284,275,184,234,229,261,191,173,131,107,202,142,258,242,165,429,417,443,313,259,177,134,310,168,394,430,249,418,407,434,306,252,174,132,304,165,385,419,244,401,390,418,295,244,169,128,294,162,373,403,236,380,370,398,280,234,163,124,281,157,357,382,225,354,345,374,263,220,155,119,265,153,338,358,213,326,318,347,244,206,146,112,248,147,318,330,198,296,288,317,222,189,135,106,229,141,295,300,182,266,259,287,200,172,124,99,211,135,273,271,166,235,229,256,179,153,111,92,192,129,250,240,148,428,416,440,309,252,170,130,306,164,390,428,244,416,404,426,297,240,162,123,296,157,378,415,233,398,386,407,282,225,153,115,282,151,361,397,220,375,364,383,265,212,144,110,267,144,342,374,206,348,338,357,246,197,133,104,250,138,322,348,192,319,310,330,225,181,124,97,233,133,300,320,177,289,281,301,206,165,113,92,215,128,279,291,162,260,252,271,185,150,104,86,197,122,257,261,147,231,224,243,166,134,94,80,180,118,237,233,131,426,415,436,304,246,165,125,302,160,386,426,238,413,401,418,289,227,150,114,288,150,370,411,222,394,381,395,270,209,137,105,271,140,349,390,204,368,356,367,249,190,125,97,252,132,327,364,188,340,329,338,227,173,113,91,234,126,303,335,172,310,299,308,206,157,105,85,216,121,280,306,156,279,270,279,187,143,96,80,198,117,259,276,142,249,241,252,169,129,88,76,182,112,239,247,128,221,214,225,151,117,80,71,167,110,220,220,115,426,413,433,301,240,159,122,299,156,383,424,234,412,399,412,281,217,140,108,281,143,363,408,213,391,377,384,258,192,123,96,261,131,338,384,191,363,349,351,234,170,109,87,240,122,311,354,171,331,318,316,210,151,98,81,219,115,284,321,153,297,286,282,188,136,90,77,199,112,259,288,138,265,254,252,169,123,82,74,182,109,238,258,125,236,227,225,152,111,76,70,167,107,219,229,112,209,200,202,137,102,70,67,154,105,202,204,103,426,413,430,298,236,155,119,297,154,380,423,229,411,398,405,275,208,132,102,276,138,358,405,204,389,374,374,248,178,111,88,252,124,329,379,179,359,344,336,219,151,95,80,227,113,298,346,155,323,309,294,192,131,86,77,204,110,265,309,136,284,271,254,169,118,80,74,184,108,237,270,122,248,237,224,152,108,75,72,168,106,215,237,112,219,209,200,138,100,70,69,154,105,199,209,103,194,185,180,125,93,65,66,143,104,186,186,94,425,413,429,296,233,153,117,295,152,379,422,227,409,397,403,272,202,126,98,273,134,354,403,200,387,373,369,242,168,101,82,247,118,324,377,170,358,343,328,210,136,87,79,222,110,289,343,144,322,307,281,176,114,83,77,197,108,252,303,125,281,266,229,152,108,79,74,175,107,220,259,112,236,221,194,138,101,75,72,156,106,195,217,105,200,192,174,127,95,70,69,143,105,182,189,97,179,171,159,117,89,65,66,134,104,172,170,90,425,413,428,296,231,152,115,294,151,378,422,227,409,396,401,270,199,124,96,272,133,353,403,198,387,373,367,240,164,97,81,245,115,322,375,167,357,342,325,206,127,87,79,219,109,287,341,140,321,306,278,170,112,83,77,195,108,247,302,122,279,265,227,140,107,79,74,172,107,214,257,109,235,220,178,132,101,75,72,152,106,188,211,102,194,184,161,123,95,70,69,139,105,174,180,96,172,165,149,113,89,65,66,130,104,167,162,89]}