{"c":"54676","n":"十日町","la":37.14333333333333,"lo":138.72666666666666,"e":170,"t":[-0.2,0.0,2.7,9.1,15.6,19.9,23.5,24.9,20.4,14.1,8.0,2.6],"s":[95,100,90,38,1,0,0,0,0,0,2,47],"i":[459,447,478,348,293,202,153,340,189,429,461,281,449,438,476,357,312,221,168,347,202,434,455,297,430,422,467,358,324,236,179,348,214,430,440,306,404,398,447,352,329,245,188,342,221,421,416,309,370,366,417,338,326,249,193,329,225,403,384,304,331,328,380,318,317,247,194,311,225,378,346,294,287,286,335,291,300,240,191,288,224,348,303,277,240,241,286,260,277,227,185,260,218,313,256,254,194,195,231,223,248,210,175,229,208,274,206,227,459,447,476,348,292,200,153,340,189,428,461,280,449,438,476,356,310,220,167,346,202,433,455,295,430,422,467,357,321,234,177,346,212,430,440,304,404,398,447,350,325,242,185,340,219,420,416,306,372,367,418,336,322,245,190,328,223,401,386,301,333,330,382,316,312,243,190,310,223,378,348,290,290,289,338,290,295,236,188,287,221,348,306,274,245,245,290,259,272,223,181,260,214,314,260,250,200,200,238,223,243,204,172,229,204,277,213,224,459,447,476,346,289,199,151,338,187,426,461,278,449,438,476,352,304,215,163,344,198,430,455,291,430,422,466,352,313,225,172,343,206,426,440,297,407,400,448,345,316,233,179,337,213,417,418,298,375,370,420,331,311,235,182,324,215,400,388,292,339,336,387,311,300,231,181,307,215,377,354,281,299,297,346,286,282,222,178,284,211,349,314,263,257,256,302,254,259,209,171,259,204,317,272,241,216,215,254,222,231,191,161,229,195,283,229,215,459,446,475,343,285,195,148,336,184,425,459,274,449,438,473,347,296,208,157,339,193,426,454,284,432,423,463,345,302,216,164,337,199,422,440,288,408,400,445,336,301,219,168,329,202,411,418,286,380,373,421,322,295,219,169,317,204,395,391,279,345,340,388,302,283,214,168,300,202,373,358,266,309,305,352,278,265,204,163,279,197,347,322,249,270,267,311,250,242,190,155,254,190,318,283,227,231,229,268,219,216,173,145,229,181,287,243,202,458,445,473,340,279,190,144,333,180,421,459,270,449,437,469,340,286,198,150,333,186,421,451,275,432,421,458,335,287,202,154,329,189,415,437,275,409,400,441,326,284,202,155,320,190,403,417,271,382,373,416,310,275,200,154,307,189,386,390,261,350,344,387,291,261,193,151,290,186,366,360,248,316,310,352,267,244,183,145,270,181,341,326,231,279,274,315,241,222,169,138,248,174,315,290,211,244,240,277,212,199,153,128,224,166,288,254,188,458,444,470,335,273,184,140,329,176,418,457,264,447,434,463,332,273,187,142,326,178,413,448,264,430,419,450,324,270,187,142,319,178,405,433,261,409,398,432,312,262,184,141,309,177,392,413,252,381,372,408,296,252,179,138,294,174,375,387,242,351,342,379,275,237,170,133,277,170,354,357,227,319,311,348,254,220,160,127,259,164,333,326,211,285,279,313,229,200,147,120,238,158,308,292,192,250,245,277,204,179,133,112,216,151,283,257,172,457,443,466,330,266,178,135,325,172,413,455,258,446,432,455,323,260,175,133,318,170,405,445,252,428,415,440,311,252,170,130,308,167,393,428,244,405,393,419,296,241,164,126,295,162,378,405,234,378,367,395,278,225,156,122,280,158,360,380,220,348,338,367,259,212,147,115,262,153,340,351,206,317,307,335,236,195,137,111,244,148,318,320,189,284,276,304,214,178,126,104,225,142,296,288,172,252,245,271,191,158,112,97,204,137,274,256,154,455,442,462,325,259,172,131,321,168,409,453,252,443,429,448,313,246,163,125,310,161,397,440,241,424,409,428,297,231,154,118,296,155,381,421,227,400,386,403,279,217,145,112,280,149,362,396,214,371,359,376,259,202,135,107,263,143,342,369,199,341,330,348,238,186,125,101,245,138,321,340,183,309,299,318,218,170,114,96,227,134,300,309,168,278,268,287,196,154,106,91,209,129,279,277,152,247,239,257,175,138,95,85,192,125,259,248,136,455,441,458,321,252,166,127,317,164,405,451,246,441,426,438,304,233,151,117,302,153,388,434,229,419,405,413,283,213,138,107,284,144,367,413,211,392,378,385,261,194,126,100,265,136,344,385,194,361,348,354,239,176,114,94,246,130,321,354,177,329,317,323,217,160,106,89,227,125,299,323,161,297,286,293,196,146,97,85,210,122,278,292,146,265,256,265,177,131,89,81,193,119,259,262,132,236,227,237,159,119,81,77,178,117,242,233,120,454,440,454,317,246,160,123,313,160,401,449,241,438,423,432,295,221,141,109,294,147,381,430,219,416,400,401,270,196,123,98,273,134,355,405,196,385,370,366,243,172,109,89,250,125,327,374,175,350,336,330,218,153,98,84,229,120,300,338,156,314,301,294,195,137,90,81,209,115,275,303,141,280,268,263,175,124,83,78,192,113,254,271,127,249,239,236,158,112,77,75,177,112,237,241,115,221,212,212,142,103,71,73,164,112,222,215,105,454,438,451,313,241,156,120,310,157,399,448,237,438,422,425,288,211,132,103,289,141,375,428,211,413,396,391,259,180,111,90,264,126,345,400,183,381,364,350,227,152,95,82,238,117,312,365,158,342,325,305,197,131,86,80,214,112,279,324,138,299,284,264,173,118,81,78,192,112,250,282,124,260,248,231,155,108,76,76,175,111,229,246,112,229,218,206,141,100,71,74,162,111,214,217,104,202,193,186,127,93,66,72,151,110,202,194,95,454,438,450,311,238,153,118,309,156,397,447,234,438,421,422,284,204,126,99,285,137,371,426,204,413,395,385,250,170,101,84,258,121,339,398,174,381,362,341,215,136,87,81,231,112,303,361,146,342,322,290,179,114,83,80,204,111,265,318,126,296,277,235,153,107,80,78,181,111,231,270,112,247,229,197,139,101,75,76,162,111,206,224,105,210,197,176,128,95,70,74,149,110,195,195,98,187,176,161,118,89,65,72,141,110,187,175,91,454,438,449,310,238,152,117,308,155,397,447,233,438,420,420,282,202,124,98,284,136,370,426,202,413,394,383,249,165,97,82,256,119,337,397,170,381,361,338,212,126,87,81,227,111,300,360,142,342,321,287,171,111,83,80,202,111,259,317,122,297,276,231,139,106,80,78,178,111,225,268,108,248,227,179,131,101,75,76,157,111,199,218,102,202,188,162,123,95,70,74,144,110,186,184,96,181,169,150,114,89,65,72,137,110,181,166,90]}