{"c":"54711","n":"糸魚川","la":37.038333333333334,"lo":137.86166666666668,"e":10,"t":[3.5,3.6,6.4,11.9,16.5,20.5,24.6,26.6,22.6,17.0,11.5,6.6],"s":[60,79,35,6,0,0,0,0,0,0,0,14],"i":[457,455,488,357,303,202,154,344,191,430,467,287,446,447,488,366,323,222,170,351,206,434,459,304,428,430,478,367,336,236,182,352,217,430,445,313,401,404,457,361,342,245,190,345,225,418,421,316,368,371,426,347,339,249,194,331,227,397,389,312,329,333,387,326,330,247,194,312,227,368,350,301,285,290,342,299,313,240,190,286,224,333,306,284,239,243,291,266,289,227,182,256,215,292,257,261,192,196,235,229,259,209,170,223,204,247,208,231,457,455,488,356,302,202,154,344,191,430,467,287,446,447,488,365,321,221,168,350,204,434,461,302,428,430,478,366,333,235,180,350,215,430,445,311,401,404,457,359,338,243,187,343,222,417,421,313,369,373,428,345,335,247,191,330,225,396,390,309,331,335,390,325,324,244,190,311,225,368,352,298,289,293,345,298,307,237,186,286,220,333,309,280,243,248,296,265,283,224,178,256,212,294,262,257,199,202,242,229,252,206,166,223,200,250,214,229,457,455,488,355,299,200,152,342,189,429,466,284,447,447,487,362,315,216,164,348,200,432,459,298,429,430,476,361,325,227,174,347,210,426,445,305,404,407,458,354,327,235,180,340,215,413,423,306,373,376,429,340,323,237,182,326,217,393,393,300,337,341,395,319,312,233,180,307,215,367,358,288,297,301,353,293,293,224,175,283,210,334,317,270,254,259,308,262,269,211,167,254,200,297,274,247,214,218,259,227,240,193,154,224,189,257,231,220,455,455,486,352,294,196,149,339,186,426,466,281,447,446,484,356,306,209,158,343,195,426,459,290,430,430,474,354,313,217,165,340,200,421,445,295,405,408,455,345,312,221,169,332,204,408,423,293,377,380,430,331,306,221,169,319,204,388,396,286,343,346,397,310,293,215,166,300,200,362,362,273,306,309,359,285,275,206,159,277,195,332,325,254,269,271,317,256,252,192,150,250,186,298,286,233,229,233,273,225,224,174,138,222,174,262,246,208,455,454,483,348,288,191,145,336,182,423,463,276,446,445,480,349,295,199,151,337,188,421,457,281,429,429,468,344,296,204,154,332,191,413,442,281,407,408,451,334,293,204,154,322,191,399,422,277,379,380,425,318,284,200,152,308,189,379,395,267,348,350,395,298,271,194,148,290,184,355,364,254,314,316,360,273,252,184,141,267,177,326,330,237,277,279,322,247,229,170,131,243,168,295,293,216,242,244,283,218,206,154,120,217,157,263,256,193,455,453,480,343,281,185,140,332,177,419,463,270,445,443,474,340,282,188,142,329,179,413,454,270,428,426,459,332,279,188,141,321,178,403,438,266,405,405,441,319,271,185,139,310,176,387,417,258,379,379,417,303,260,179,135,295,172,367,392,248,349,349,387,282,245,171,129,276,166,343,362,233,317,317,355,260,227,160,122,254,159,317,330,216,283,284,320,234,206,147,112,233,150,288,296,196,248,249,283,209,186,133,102,209,141,258,260,176,454,451,476,338,274,179,135,328,172,413,461,263,443,440,466,330,268,176,132,321,170,405,450,258,425,423,450,319,259,171,129,310,166,391,433,250,403,400,428,303,248,165,124,296,161,373,409,238,376,374,403,285,233,157,118,279,155,351,384,225,346,345,375,265,219,147,111,260,148,327,355,210,314,313,343,242,200,137,103,240,141,301,323,193,282,281,310,219,183,125,95,219,134,275,291,176,250,249,277,195,163,112,87,197,126,248,259,157,453,450,472,333,266,172,130,323,168,409,458,257,441,437,458,320,252,163,123,312,160,396,445,246,421,418,437,304,238,154,115,297,153,377,425,231,397,393,412,285,223,145,109,280,146,356,401,217,369,366,384,265,206,134,102,261,139,332,373,202,339,336,355,243,190,125,94,242,132,308,343,186,307,304,324,222,174,114,88,223,126,282,312,170,276,273,292,200,158,105,81,202,119,257,280,154,245,243,262,179,142,94,74,184,112,231,250,138,453,449,468,328,259,166,126,319,163,405,455,250,438,434,448,310,239,151,114,303,152,387,440,234,417,412,423,289,218,138,104,284,141,363,417,215,390,385,393,266,198,125,95,264,132,337,389,197,359,354,361,244,180,114,88,243,124,310,358,179,327,322,329,221,163,105,81,223,118,284,326,163,295,291,298,200,149,96,76,204,112,259,295,148,263,260,269,180,134,88,70,185,108,236,264,134,234,229,241,162,121,80,64,168,103,213,235,121,451,448,463,324,252,160,122,315,159,401,455,246,437,430,441,301,225,141,107,295,144,378,436,223,413,407,409,275,200,123,94,272,130,350,409,199,383,376,373,248,175,108,84,248,120,319,377,177,348,341,335,221,155,97,78,225,112,287,342,158,312,306,299,198,139,89,72,202,107,259,306,142,278,272,267,178,126,82,68,185,104,234,273,128,247,242,239,160,113,76,64,168,100,212,243,117,219,215,215,144,104,69,60,153,98,193,216,106,451,447,461,320,248,156,119,312,156,399,453,241,434,430,434,294,216,132,101,289,138,372,433,214,411,404,398,263,183,110,85,263,122,340,404,186,379,370,356,231,154,94,76,235,110,303,368,159,340,330,310,200,132,85,73,209,105,265,327,139,297,288,267,175,118,79,69,186,102,233,284,124,258,250,234,156,108,74,66,167,100,206,247,112,227,220,208,142,100,69,63,152,98,187,218,104,200,195,187,129,93,65,59,139,96,172,195,95,451,447,459,318,244,153,117,311,154,397,451,239,434,429,430,290,209,126,96,286,134,368,430,208,409,401,392,256,172,100,79,256,114,333,401,176,377,368,347,219,136,85,75,227,106,292,364,147,338,327,294,181,113,82,73,199,103,250,320,125,293,281,237,154,106,78,69,174,101,212,271,112,244,231,198,139,100,73,66,153,99,183,224,104,206,199,177,128,94,69,63,139,97,167,194,97,183,177,162,119,89,64,59,129,95,155,174,91,451,446,459,317,244,152,115,310,154,396,451,238,434,428,429,288,206,124,95,284,132,367,430,206,409,401,390,252,167,96,78,254,112,331,400,172,376,367,344,215,126,85,75,225,104,289,362,142,337,326,291,173,110,82,73,196,103,243,318,122,292,280,234,139,105,78,69,171,101,204,268,108,242,229,180,131,100,73,66,148,99,174,217,101,198,189,162,123,94,69,63,134,97,158,183,95,175,169,150,114,89,64,59,125,95,149,165,89]}