{"c":"54721","n":"能生","la":37.083333333333336,"lo":138.02333333333334,"e":55,"t":[2.1,2.1,4.7,10.5,15.5,19.5,23.5,25.1,20.9,15.2,9.7,5.1],"s":[65,84,42,7,0,0,0,0,0,0,0,18],"i":[430,420,462,330,286,194,144,325,180,413,437,270,421,413,461,337,304,212,157,331,192,418,430,284,404,398,451,337,315,225,166,331,202,413,417,292,380,375,432,331,319,233,173,325,208,401,396,294,349,346,404,318,316,236,176,312,210,381,366,290,314,311,367,299,306,234,175,294,210,354,331,280,274,273,325,274,290,225,171,270,206,321,290,263,231,231,277,244,268,214,164,242,198,282,247,242,189,189,225,211,240,197,153,211,187,241,200,216,430,420,461,329,285,194,143,325,179,413,437,269,421,413,461,336,302,210,155,331,191,417,432,283,404,397,451,336,312,222,165,330,200,412,417,290,380,375,432,329,315,229,171,323,206,400,396,292,351,347,404,316,312,231,173,311,208,380,367,287,315,313,369,297,302,229,173,292,206,354,333,276,277,275,327,273,285,222,168,269,202,321,293,260,235,235,281,243,263,209,161,242,195,284,250,238,194,194,231,210,235,192,150,212,184,244,206,212,430,420,461,328,282,191,142,323,178,412,437,267,421,413,459,333,296,206,152,328,188,415,430,278,404,398,450,332,305,216,160,327,195,409,417,284,382,376,432,325,306,221,165,319,200,397,397,284,353,349,405,311,302,222,166,306,200,377,369,278,320,317,373,292,290,218,164,289,199,352,337,267,283,281,334,268,273,210,159,266,194,321,299,250,245,243,292,240,250,197,151,240,186,287,260,229,206,206,247,209,223,179,140,212,175,249,220,204,429,419,459,325,278,188,139,321,175,409,436,264,420,412,457,328,289,199,147,324,183,411,430,272,405,397,447,326,294,206,152,321,188,404,417,275,383,376,429,317,292,209,155,313,191,391,396,273,356,351,405,303,286,208,155,300,190,373,371,266,325,321,374,284,274,202,152,282,187,348,340,252,290,287,339,261,256,193,146,261,181,320,305,236,254,252,300,234,234,179,137,236,173,287,269,216,220,218,258,204,209,163,126,210,162,252,231,192,429,419,457,322,273,183,136,318,172,407,434,259,420,409,453,322,279,190,141,318,177,405,428,264,404,396,442,317,279,194,143,313,179,397,413,263,383,376,425,307,276,194,143,304,179,384,395,259,357,351,400,292,267,190,141,290,177,364,369,249,328,323,372,273,254,183,136,273,172,341,341,237,296,291,339,250,236,173,130,252,166,314,309,220,262,258,303,225,215,159,121,229,157,285,274,200,229,225,266,199,193,144,111,204,148,254,240,178,428,418,454,318,267,178,132,315,168,403,433,254,418,408,447,315,267,180,133,311,169,398,425,254,403,393,434,307,263,179,132,304,168,388,409,250,382,373,416,294,254,176,130,293,166,373,390,242,356,349,393,279,245,170,126,278,162,353,366,231,328,321,365,259,229,161,120,260,157,330,338,217,298,292,334,238,214,151,112,241,150,305,308,200,266,261,301,215,194,139,105,219,142,277,276,183,233,229,266,191,174,125,96,197,134,249,243,163,426,417,450,314,260,172,128,311,164,399,430,248,417,405,441,306,254,169,125,304,161,390,421,243,400,390,425,295,246,164,121,294,158,376,405,235,379,369,404,281,235,158,117,280,153,359,384,224,353,345,380,263,221,150,111,264,147,339,359,211,325,317,353,244,206,141,104,246,141,316,332,197,295,288,322,223,190,130,98,227,135,291,302,181,265,259,292,202,173,119,90,206,127,265,272,165,234,229,260,179,154,107,82,187,121,240,241,147,426,415,446,309,252,166,123,307,160,395,429,243,415,403,433,298,241,158,117,296,153,382,417,231,397,386,413,283,227,149,110,282,147,364,398,220,374,363,389,265,213,140,104,266,140,343,375,206,347,338,363,246,198,130,97,249,134,321,349,191,319,310,335,225,182,121,91,229,127,298,321,176,288,281,306,206,166,110,84,212,121,273,292,161,259,250,276,186,150,101,78,193,114,249,262,146,229,224,247,166,135,91,71,175,110,225,234,130,426,413,443,305,247,160,120,303,156,391,428,238,413,401,425,289,229,147,110,288,146,373,413,222,393,381,401,270,210,134,101,271,137,351,391,204,367,356,372,250,191,122,93,252,128,327,365,188,339,328,342,227,173,112,86,233,121,301,336,171,309,299,312,208,158,103,80,213,114,276,306,156,278,269,283,188,143,94,74,195,110,252,277,142,249,241,254,169,129,86,69,178,106,229,248,128,221,213,227,151,117,78,64,162,102,209,221,114,425,413,438,302,241,156,115,300,153,387,426,233,411,398,418,282,217,138,103,282,140,366,409,212,390,377,389,259,193,121,92,261,128,339,385,191,362,349,355,234,171,107,83,238,118,310,355,171,330,317,320,210,151,97,77,217,112,280,322,153,296,285,286,188,136,89,72,197,107,252,289,138,264,254,254,169,123,81,68,179,103,229,258,125,235,225,227,152,112,75,64,163,100,208,229,112,208,200,204,137,102,69,60,149,97,190,204,102,425,413,437,299,237,152,113,297,150,385,425,229,409,397,412,276,208,130,98,277,135,360,405,204,388,374,379,249,178,109,85,252,120,330,380,179,358,344,340,220,152,94,77,227,110,296,347,155,323,309,297,192,131,86,73,202,105,261,309,136,284,271,258,169,118,80,70,181,102,229,271,123,248,237,225,152,108,75,67,164,100,204,237,112,218,209,200,138,100,70,63,149,98,186,209,102,193,185,181,125,93,65,59,137,96,172,186,94,424,412,436,297,234,149,112,296,149,383,424,227,409,396,409,272,202,124,94,273,131,357,405,200,386,373,374,243,168,100,79,247,114,324,378,171,357,342,332,210,136,87,76,220,106,286,344,144,321,306,284,177,114,83,73,195,103,247,304,125,280,265,231,152,107,79,70,171,102,211,259,112,236,221,195,138,101,74,67,151,100,184,217,105,200,192,174,127,95,69,63,138,98,168,189,97,179,171,159,117,89,64,59,128,96,156,170,90,424,412,434,296,233,149,111,295,148,383,424,225,409,396,408,271,200,122,93,272,130,356,404,198,386,372,372,241,164,97,78,245,112,322,377,167,356,342,329,206,127,87,76,218,105,284,342,140,320,305,281,170,112,83,73,192,103,241,302,122,279,264,227,140,107,79,70,168,102,204,257,109,234,220,179,132,101,74,67,147,100,176,211,102,194,184,161,123,95,69,63,133,98,160,179,96,172,165,149,113,89,64,59,124,96,151,162,89]}