{"c":"54816","n":"関山","la":36.93333333333333,"lo":138.22166666666666,"e":350,"t":[-0.1,0.0,3.2,9.9,15.4,19.1,22.9,24.4,20.1,14.1,8.3,2.9],"s":[95,97,84,20,0,0,0,0,0,0,4,50],"i":[421,401,438,324,266,214,153,330,223,408,420,268,412,395,436,330,281,235,167,337,239,411,413,282,396,381,426,329,291,250,178,338,252,407,401,290,373,360,409,323,294,261,186,332,261,396,380,292,343,332,382,310,291,265,190,321,265,378,352,289,308,300,348,291,282,263,191,304,266,354,319,279,269,264,309,267,267,256,189,283,263,324,281,263,227,225,265,238,246,243,183,257,254,290,239,242,187,185,218,206,220,224,173,227,244,252,197,217,421,401,437,323,265,213,152,329,223,407,420,267,412,395,437,329,280,233,166,336,238,409,413,281,396,380,426,328,288,248,176,336,250,405,401,288,373,359,408,321,291,257,183,331,258,395,380,290,344,333,383,308,288,261,188,320,262,377,353,285,310,301,350,289,278,259,188,303,263,353,320,275,272,266,311,265,262,250,185,281,259,324,283,259,231,227,269,237,241,237,179,256,250,291,243,238,192,190,223,204,215,219,170,227,240,254,200,213,421,401,437,322,263,210,150,328,221,405,420,265,412,394,434,326,275,227,162,333,234,408,413,276,396,380,426,324,282,240,171,333,244,403,401,282,374,360,408,317,283,247,177,327,250,392,381,282,346,334,383,303,278,249,180,315,254,375,354,277,314,304,353,284,267,246,179,298,252,352,324,266,278,271,316,261,250,237,176,277,248,324,288,250,241,235,277,233,229,223,169,252,240,293,250,229,204,200,235,202,204,204,160,225,229,259,213,204,421,401,434,319,259,206,148,325,217,404,419,262,412,394,432,322,268,220,157,329,227,404,413,270,397,380,423,318,272,229,163,327,235,399,400,273,375,360,405,309,271,233,167,319,239,387,380,271,349,336,382,295,264,231,168,307,240,370,356,264,318,307,353,276,252,227,166,291,238,347,326,252,285,275,319,254,236,217,161,271,231,322,293,236,250,243,283,227,216,202,154,248,224,293,259,215,216,210,244,200,192,185,144,223,213,263,223,192,420,400,433,316,254,200,144,322,213,401,418,257,411,392,429,316,259,209,150,323,220,399,411,262,396,378,418,310,259,214,153,319,223,392,397,261,375,359,401,300,256,215,154,310,225,379,379,257,350,335,377,285,247,212,153,297,223,362,354,248,321,308,350,266,234,204,150,281,219,341,327,235,290,279,319,244,218,194,145,261,213,316,296,219,257,247,285,220,199,180,137,239,204,290,263,199,225,216,250,193,178,163,128,217,195,263,229,178,420,399,430,313,249,195,140,319,209,398,417,252,409,390,424,309,249,198,142,316,211,393,408,252,395,376,411,301,245,198,142,309,210,383,394,248,374,357,393,288,238,195,141,298,209,369,375,240,349,334,371,273,227,189,137,284,204,352,351,229,321,307,343,252,214,180,133,268,200,331,324,216,292,279,314,233,198,170,127,249,194,308,295,200,260,249,283,209,180,156,120,229,186,284,264,182,229,219,250,186,161,142,112,208,178,258,231,163,419,398,426,309,243,188,136,315,202,394,415,246,408,388,418,301,237,185,133,308,200,386,405,241,392,373,403,290,229,180,130,298,197,373,389,233,371,353,382,275,219,174,126,285,192,357,369,223,346,329,359,258,206,166,122,270,187,339,345,210,318,303,333,239,193,156,115,252,181,318,318,196,289,275,304,218,176,145,111,235,175,296,289,180,260,247,274,197,161,133,104,216,168,273,260,164,229,219,244,175,143,120,98,197,162,250,231,146,418,397,424,305,237,181,131,311,198,390,413,241,407,386,411,293,225,172,125,300,191,379,401,229,389,369,392,279,213,162,119,287,183,362,383,218,366,347,369,262,199,152,112,271,176,343,361,204,340,323,344,243,185,142,107,254,169,323,336,190,312,296,317,223,170,133,102,237,163,302,309,175,283,269,289,202,156,122,97,219,158,280,280,160,254,240,260,183,141,112,92,202,152,258,252,145,225,214,233,163,126,101,86,185,148,238,224,130,417,396,421,301,231,175,127,307,194,387,411,236,405,384,404,286,215,159,117,292,181,371,397,220,385,365,381,267,197,145,108,275,170,351,377,202,361,341,355,247,180,132,101,257,161,328,352,186,333,315,326,225,164,121,95,238,153,305,324,170,303,287,297,206,149,112,90,220,148,282,296,155,273,259,269,186,135,102,86,202,144,261,267,141,244,231,242,167,122,94,82,187,140,241,239,128,217,204,216,150,110,86,78,172,138,223,213,114,417,395,418,298,225,169,124,304,189,384,409,231,403,381,398,279,204,148,110,286,173,365,394,211,382,361,371,257,182,129,99,265,159,340,372,190,355,335,340,233,162,113,91,244,148,314,343,170,324,305,307,210,144,103,86,223,141,287,312,152,291,275,275,188,130,95,82,204,137,262,280,138,260,246,245,169,118,87,79,188,134,241,250,125,231,218,219,152,106,81,77,173,133,222,223,112,204,194,197,137,97,75,75,160,132,206,198,103,416,395,416,295,222,164,121,301,186,382,409,227,401,380,393,273,197,139,105,280,167,360,392,202,380,359,363,248,170,115,91,257,150,332,367,178,352,331,327,220,145,99,84,233,138,301,337,155,317,298,288,194,126,90,81,210,133,269,301,137,279,263,250,171,113,84,80,190,131,241,264,123,244,229,220,154,104,79,78,173,130,219,231,112,215,202,196,139,96,75,76,160,130,202,204,103,191,180,176,126,89,70,74,149,130,190,182,95,416,394,413,293,220,161,119,299,184,380,408,225,401,379,390,270,191,133,101,277,163,357,390,198,379,357,359,243,161,105,86,250,143,327,365,170,350,329,320,212,131,90,83,225,132,293,333,144,316,296,276,180,112,87,81,202,129,257,296,126,276,258,227,156,104,83,80,181,129,225,254,113,233,217,194,141,98,78,78,163,129,200,214,106,199,188,173,130,92,74,76,150,130,187,187,99,177,168,158,120,85,69,74,141,130,177,168,91,416,394,413,293,219,160,118,299,184,380,408,224,401,379,389,269,189,130,99,276,161,356,390,196,379,357,357,241,157,101,84,249,140,326,364,166,350,329,318,209,124,90,83,223,129,291,332,141,315,295,274,174,109,87,81,200,129,252,295,123,275,257,225,145,104,83,80,178,129,220,252,111,231,216,180,136,98,78,78,159,129,193,209,104,192,181,162,127,92,74,76,146,130,179,178,97,170,163,149,117,85,69,74,138,130,172,161,91]}