{"c":"55021","n":"泊","la":36.95166666666667,"lo":137.55166666666668,"e":13,"t":[3.2,3.3,6.3,12.0,16.7,20.6,24.6,26.3,22.5,16.9,11.3,6.3],"s":[36,40,9,0,0,0,0,0,0,0,0,9],"i":[475,465,508,377,317,209,146,352,186,437,483,301,463,455,508,388,339,229,159,359,199,442,475,319,444,438,497,390,354,245,169,359,209,437,459,329,416,412,475,384,360,254,176,352,216,423,434,333,380,378,443,369,359,259,179,337,218,401,400,329,338,338,401,347,349,257,178,316,216,370,359,318,292,294,354,318,331,249,174,289,210,333,313,299,243,245,300,283,306,236,166,257,200,290,263,275,194,197,241,242,274,218,154,221,186,242,211,245,475,465,508,377,315,208,145,351,185,437,482,300,463,455,508,387,337,227,158,358,198,441,476,317,444,438,497,389,350,243,167,358,208,436,459,327,416,412,475,382,356,252,174,350,213,422,434,330,382,380,445,367,353,256,176,336,215,400,401,326,341,340,405,346,343,254,175,315,213,370,362,314,296,297,357,317,325,246,170,288,206,333,317,296,248,250,305,282,299,233,162,257,196,291,268,271,200,204,249,242,267,214,151,222,183,246,218,241,475,463,507,375,312,206,144,349,183,434,482,298,463,455,507,383,330,223,154,355,194,438,476,312,445,438,496,384,341,236,162,354,202,433,459,320,420,413,476,377,345,244,167,346,206,419,437,322,386,383,447,362,341,246,168,331,206,397,405,316,349,347,411,340,329,242,166,311,204,369,369,304,306,306,366,312,310,233,161,285,197,334,326,285,262,263,319,278,285,219,152,256,186,295,281,261,219,220,269,242,254,200,141,223,172,252,236,231,474,463,505,372,307,202,141,347,180,432,480,294,463,455,503,377,321,216,149,350,189,434,474,305,447,438,494,376,328,225,155,348,194,426,459,309,421,416,474,367,328,229,157,338,196,413,437,308,392,387,448,352,322,229,157,324,195,392,409,301,356,353,413,330,309,223,153,304,190,364,374,288,317,315,374,304,290,213,147,280,182,333,335,269,277,276,330,273,265,199,138,252,171,296,294,246,237,237,284,239,237,181,126,222,158,258,252,219,474,463,503,367,301,197,137,343,176,429,480,288,463,454,499,369,309,204,142,344,181,426,472,294,447,438,488,364,311,210,145,339,184,419,457,295,423,416,469,354,308,211,145,329,183,404,436,291,394,388,443,338,298,208,142,313,180,383,408,281,362,356,412,317,285,200,137,294,174,357,377,268,326,322,375,291,266,191,130,270,165,326,341,249,288,285,335,263,243,176,121,244,154,293,302,227,250,248,295,231,217,160,110,217,142,258,265,202,473,462,499,362,293,190,133,339,172,425,478,282,463,451,493,360,294,194,135,336,173,419,469,282,445,434,479,351,292,194,134,328,172,408,453,279,422,413,459,338,283,191,131,316,169,392,432,271,394,387,434,321,273,185,127,300,163,370,405,260,363,356,404,300,256,176,121,280,156,344,374,244,329,323,370,276,239,166,112,258,147,316,341,227,294,289,334,249,217,153,104,234,137,285,306,206,258,254,295,222,195,138,94,208,126,252,269,185,472,461,495,356,285,184,129,335,167,420,476,275,461,449,484,348,279,181,126,327,164,409,465,269,442,430,468,336,270,176,122,316,159,395,447,261,419,408,445,320,258,169,117,301,153,376,424,249,391,382,420,301,244,162,111,283,147,354,398,235,360,352,390,280,227,152,104,263,139,328,367,220,327,319,357,256,210,141,97,242,130,300,335,202,294,287,323,231,191,129,89,220,121,272,302,184,260,254,289,206,171,115,80,197,112,243,268,165,472,459,490,351,277,177,125,330,163,415,474,268,459,446,475,337,263,168,118,318,155,401,459,256,438,426,454,320,247,158,111,302,147,381,438,242,413,401,428,300,231,148,104,284,139,358,413,227,384,373,399,279,215,138,97,265,131,333,385,210,352,342,369,256,198,128,90,244,122,307,354,194,319,311,337,234,181,118,83,224,114,280,322,177,287,278,305,211,164,108,76,202,106,252,290,161,254,248,273,189,147,97,69,182,99,227,259,144,471,458,486,345,269,170,121,325,158,411,472,261,455,443,466,326,248,155,110,309,147,391,455,243,434,420,438,303,225,141,101,289,136,366,430,223,405,392,407,279,204,128,92,267,125,339,401,204,373,361,374,254,185,117,85,245,117,310,369,186,340,328,341,231,168,107,78,224,109,282,336,169,306,296,309,209,153,98,72,204,102,256,304,153,274,265,279,188,138,90,67,184,95,231,273,139,243,235,250,169,125,81,61,166,90,206,243,125,470,457,482,340,262,164,117,322,154,407,470,256,454,440,457,316,234,144,104,301,139,382,450,231,429,415,424,288,204,125,91,277,125,352,423,206,398,383,386,258,179,110,82,250,113,319,389,182,361,347,346,229,158,99,76,225,105,286,352,162,323,311,309,204,141,90,71,202,98,256,314,145,288,277,275,184,127,83,66,183,93,229,280,131,256,246,246,166,114,77,61,166,88,204,249,119,227,218,221,149,106,70,56,150,84,184,222,108,470,455,479,337,257,160,113,319,151,404,468,250,453,438,450,308,222,134,98,294,133,376,447,221,426,411,413,274,187,111,84,266,115,341,417,191,393,377,367,239,156,94,76,237,104,302,379,163,351,336,319,206,133,85,71,209,97,263,335,141,306,292,274,179,118,80,68,184,93,227,291,126,265,254,239,160,108,75,64,164,89,200,252,113,233,223,213,145,100,70,60,148,85,179,223,105,206,197,192,131,93,65,56,135,81,163,198,97,469,455,476,334,252,157,112,317,150,401,467,248,451,437,446,303,215,128,94,290,129,372,445,215,426,409,405,266,174,101,79,260,110,334,413,180,391,375,358,225,136,85,75,229,99,292,375,149,349,333,302,184,112,82,71,199,95,246,328,126,302,285,242,155,104,78,68,172,92,206,276,112,249,234,200,140,99,74,64,149,88,176,227,104,210,200,178,129,94,69,60,134,85,158,196,97,186,178,164,120,88,65,56,123,81,145,176,91,469,455,476,333,252,156,112,316,149,401,467,247,451,437,445,301,212,125,93,289,128,370,444,213,425,409,404,263,169,97,77,257,108,332,413,176,390,374,355,220,125,85,75,225,97,288,373,144,348,332,299,175,108,82,71,196,95,239,326,122,300,284,238,138,104,78,68,168,92,199,274,107,248,231,181,130,99,74,64,144,88,167,220,101,200,190,163,123,94,69,60,128,85,149,184,95,177,170,151,114,88,65,56,119,81,138,166,89]}