{"c":"55206","n":"八尾","la":36.57833333333333,"lo":137.13166666666666,"e":78,"t":[1.8,2.0,5.3,11.6,16.7,20.6,24.3,25.8,21.5,15.5,9.9,4.8],"s":[60,65,18,0,0,0,0,0,0,0,0,18],"i":[421,400,451,328,294,204,157,326,194,412,424,275,412,392,450,335,312,223,172,333,209,415,418,290,395,378,440,335,324,238,184,334,221,411,404,299,372,356,420,328,328,246,192,327,227,398,383,301,342,329,392,315,325,250,196,315,231,376,354,297,307,297,357,296,315,248,196,296,231,348,320,286,268,261,316,271,299,240,192,273,225,314,281,270,227,221,270,241,275,227,184,245,217,274,239,248,185,182,220,208,246,209,172,213,204,231,196,221,421,399,451,328,293,204,156,326,194,411,424,275,412,392,450,334,310,222,171,332,208,415,418,289,395,378,438,334,321,236,182,332,219,409,404,297,372,357,420,326,325,244,190,326,225,396,383,298,343,330,393,313,321,247,194,313,229,376,355,294,308,298,359,294,310,245,193,295,227,348,322,283,271,263,318,269,293,237,189,272,223,314,284,266,229,225,273,240,270,223,181,244,214,275,243,244,190,186,225,206,241,204,169,213,200,234,200,218,421,399,450,326,290,202,154,324,192,409,423,273,412,392,448,331,305,218,167,330,204,412,417,285,396,378,438,330,313,229,177,329,213,407,404,291,374,357,420,322,315,236,183,322,219,394,384,291,345,332,394,308,310,237,185,309,221,373,357,285,313,301,362,289,298,233,184,291,219,346,326,273,277,268,324,265,280,224,179,268,213,314,290,256,239,231,283,236,257,211,170,242,202,278,250,235,202,197,240,206,229,192,159,213,190,239,213,209,421,399,448,324,286,198,151,322,189,408,422,269,412,391,446,326,297,210,161,325,198,408,416,278,396,377,436,323,302,219,168,323,204,401,403,281,374,357,418,314,300,222,172,314,208,388,383,279,348,333,394,300,294,221,173,302,208,368,358,272,317,304,363,281,281,216,170,283,204,342,328,259,284,273,328,258,263,206,164,262,197,312,295,242,249,240,290,231,240,191,154,237,188,279,260,221,215,206,250,202,214,174,142,210,175,243,224,197,420,398,446,320,280,193,148,319,185,405,421,264,411,390,442,320,286,200,154,319,191,401,413,269,396,376,430,315,287,204,158,314,194,394,401,269,375,357,413,305,283,204,159,305,194,380,382,264,349,333,390,289,274,200,157,291,192,359,357,254,321,306,361,271,260,195,152,273,187,335,329,242,289,276,329,248,242,184,146,252,179,307,298,225,256,245,293,224,221,170,136,229,170,276,265,204,224,214,258,197,197,154,125,204,158,244,231,183,419,397,443,316,274,187,143,315,180,401,420,259,409,388,437,313,274,190,145,312,182,395,412,259,394,374,424,305,271,189,145,304,181,384,397,254,374,354,405,292,262,186,144,293,179,369,378,247,349,331,382,277,252,180,140,278,175,348,354,236,320,305,354,257,236,171,134,260,169,324,327,221,291,277,324,236,219,161,127,240,161,297,297,206,260,247,292,213,199,148,118,218,152,269,266,186,227,218,257,189,178,133,108,195,142,238,234,167,419,396,440,312,267,180,138,311,175,397,418,252,408,386,430,305,261,177,136,304,173,388,408,248,392,371,415,294,252,173,133,293,169,373,392,239,371,351,394,279,241,166,128,280,163,355,372,229,346,327,370,261,227,158,123,263,157,334,348,215,318,301,343,242,212,148,115,245,150,309,321,200,289,273,313,221,194,138,109,225,143,283,292,184,259,245,283,200,177,126,100,204,135,256,262,168,229,217,252,178,158,112,92,185,127,229,233,150,418,395,437,308,260,174,133,307,171,392,417,247,405,384,423,297,248,165,127,296,163,379,404,236,389,367,404,282,233,156,120,282,155,361,387,223,366,346,380,264,218,146,112,265,148,339,364,209,340,321,354,245,202,136,106,247,141,316,338,194,312,295,327,225,186,126,99,229,133,291,311,179,283,267,298,204,170,115,93,210,127,266,283,163,252,239,268,185,154,106,86,190,120,240,254,148,225,212,240,164,137,95,79,172,112,215,225,132,417,394,433,304,252,168,129,303,166,388,415,242,405,381,416,288,235,153,118,288,154,371,401,225,385,363,392,270,215,139,108,270,143,348,380,208,361,339,364,249,195,127,100,250,134,323,355,190,333,313,335,227,177,115,92,229,125,296,327,174,303,285,305,206,161,106,86,211,119,270,298,158,273,257,276,187,146,97,80,192,112,244,269,143,244,229,249,168,131,89,74,175,108,221,241,129,216,202,222,150,119,80,69,158,103,198,214,117,417,393,430,301,248,163,125,299,162,385,413,237,403,379,409,281,223,143,110,281,146,363,397,216,382,359,381,258,197,125,97,259,132,336,374,193,355,333,348,234,174,110,88,236,121,306,346,173,324,304,314,210,154,99,81,214,112,275,314,154,291,273,280,188,138,90,76,194,108,247,281,139,260,244,250,169,125,83,72,175,103,221,250,125,231,217,224,152,112,77,68,159,100,199,224,113,204,192,200,136,103,70,64,145,97,179,199,103,416,393,428,298,243,158,122,297,159,382,412,233,401,378,404,275,213,134,104,275,140,358,395,208,381,357,372,249,182,112,89,250,123,326,370,181,352,329,334,220,154,95,79,224,111,291,338,156,317,296,293,193,133,86,75,200,105,254,302,137,280,261,254,170,119,80,72,178,101,223,265,123,244,229,223,152,109,75,69,160,99,197,231,112,215,200,198,138,100,70,65,145,96,177,204,103,190,178,178,125,93,65,62,133,94,161,182,94,416,392,426,296,240,156,119,295,157,381,412,231,401,377,401,272,206,128,99,271,136,354,393,202,380,356,367,243,172,102,82,244,115,321,368,172,351,328,327,211,138,86,78,217,106,282,335,145,316,294,281,177,115,83,75,191,102,241,297,125,277,256,229,152,107,79,72,168,100,204,254,112,233,215,193,138,101,74,69,148,98,176,214,105,199,186,172,127,95,70,65,134,96,158,186,97,176,166,157,117,89,65,62,124,94,146,166,90,416,392,426,296,239,155,119,294,156,380,411,229,401,377,400,271,204,126,98,270,134,353,393,200,379,355,366,241,167,98,80,242,113,319,367,169,350,327,325,208,129,86,78,215,104,279,334,141,315,294,279,171,112,83,75,189,102,235,296,122,276,256,227,141,107,79,72,165,100,198,252,109,231,215,179,132,101,74,69,144,98,168,209,102,192,179,161,123,95,70,65,130,96,151,177,96,170,161,148,113,89,65,62,121,94,140,160,89]}