{"c":"56036","n":"珠洲","la":37.446666666666665,"lo":137.28666666666666,"e":4,"t":[2.4,2.4,5.0,10.3,15.2,19.3,23.4,25.1,21.0,15.2,9.9,5.3],"s":[39,41,13,1,0,0,0,0,0,0,0,11],"i":[472,451,490,373,317,204,141,348,180,442,471,298,461,443,490,384,340,225,154,355,193,447,465,316,442,426,480,387,355,240,163,356,202,443,450,327,413,401,459,381,362,250,170,349,209,430,425,331,379,370,430,367,361,254,173,335,212,408,393,327,338,332,390,345,352,252,172,314,210,377,353,316,293,289,344,317,334,245,168,288,204,340,309,299,244,243,293,282,309,231,160,256,195,296,260,274,196,196,237,242,277,214,149,221,182,248,210,245,472,451,490,373,315,204,140,347,179,442,471,297,461,444,491,383,337,223,152,354,192,446,465,315,442,426,480,385,351,238,162,354,200,442,450,325,413,401,459,379,358,248,167,347,206,428,425,328,381,371,430,365,356,250,170,334,209,407,394,324,341,334,393,343,345,249,169,313,206,377,356,313,297,292,348,315,327,242,165,287,200,340,312,295,249,247,298,281,302,229,157,256,191,298,265,271,202,202,245,242,270,211,146,222,178,252,217,241,471,451,488,371,312,200,139,346,178,440,471,295,462,444,488,379,330,219,149,352,189,444,465,309,443,426,479,380,342,231,157,351,196,438,450,318,418,404,461,373,346,239,161,343,200,426,428,319,385,374,432,359,342,241,163,329,200,404,397,314,348,339,398,337,331,238,161,309,198,375,362,302,306,300,355,310,312,229,155,284,191,340,321,284,262,258,310,277,287,215,147,254,181,301,277,260,220,217,262,241,256,197,136,223,168,258,233,231,471,451,488,368,306,197,136,343,175,437,470,290,461,443,486,373,321,211,144,347,183,438,463,302,444,426,476,372,329,220,149,344,188,433,449,307,419,405,458,363,329,224,152,336,191,419,426,305,390,377,432,349,323,224,151,321,189,398,400,299,355,344,399,327,311,219,148,302,185,370,366,286,316,308,361,301,291,210,142,278,177,338,329,267,277,270,320,271,267,196,133,250,167,302,289,245,237,231,275,238,239,178,122,221,154,263,248,218,471,450,484,363,300,192,133,340,171,433,468,285,461,441,480,365,309,200,138,340,176,432,461,291,444,426,470,360,311,206,140,335,178,424,447,292,421,405,453,351,308,206,140,325,178,409,426,289,392,378,426,334,299,202,138,310,175,388,399,279,360,347,397,314,286,197,133,291,169,363,368,266,324,314,362,288,267,187,126,268,161,332,333,248,286,278,323,261,244,173,117,243,150,298,296,225,250,242,284,229,219,157,107,216,139,263,259,202,470,449,480,358,292,186,129,335,167,429,467,279,459,438,475,355,294,189,130,332,168,424,458,279,442,423,462,348,291,189,129,325,167,413,442,276,420,401,443,334,283,187,127,312,164,396,421,268,392,376,419,318,273,181,122,297,159,375,396,257,360,346,389,297,257,173,117,277,152,349,365,242,327,315,356,273,240,163,110,256,143,321,333,225,292,281,322,247,218,150,101,231,134,290,298,204,257,247,284,220,196,135,92,206,123,257,263,184,469,448,476,352,284,179,125,331,163,424,465,272,457,436,467,344,278,177,122,323,159,413,454,266,438,419,451,332,269,172,119,312,155,399,436,258,416,397,429,317,258,166,113,297,149,380,413,247,388,371,404,297,243,158,108,280,143,358,388,233,357,342,375,277,227,149,101,261,135,332,358,218,325,310,344,252,210,138,94,240,127,304,326,200,292,279,311,229,191,127,86,217,118,276,294,183,258,247,278,204,171,113,78,195,109,247,261,163,468,446,473,346,276,172,121,326,158,419,462,265,455,433,458,333,262,164,113,314,151,404,449,252,434,413,437,316,246,154,108,299,143,385,429,239,409,390,412,296,229,145,101,281,135,361,404,224,381,362,384,275,214,135,94,262,127,336,376,208,349,333,355,252,197,126,87,242,120,310,346,192,317,302,325,231,180,114,81,221,112,283,314,175,284,270,293,209,164,106,74,200,104,256,283,159,252,240,262,187,147,95,67,180,97,229,252,143,467,445,469,341,268,166,117,322,154,413,459,258,451,430,449,322,246,151,107,305,143,394,444,240,430,408,423,299,224,137,98,285,132,369,420,220,401,381,392,275,202,125,90,264,122,341,392,200,370,350,360,250,184,113,83,242,113,313,360,183,337,319,328,227,166,105,76,221,106,284,328,167,304,288,298,206,151,96,71,200,100,258,296,151,271,258,269,186,137,88,65,182,94,233,266,137,241,227,241,167,124,80,60,164,88,209,237,124,466,444,465,336,261,160,112,318,150,409,458,252,450,426,441,312,231,140,100,297,136,385,438,227,425,403,409,284,202,122,89,273,122,354,413,202,394,372,373,254,177,107,81,248,111,321,379,179,358,337,334,227,156,96,74,223,103,287,343,160,320,302,298,202,139,88,69,200,97,257,307,143,285,269,266,181,126,81,65,181,92,229,274,130,254,240,238,164,113,75,60,164,87,206,244,118,225,213,214,147,105,69,56,148,83,186,217,107,466,443,462,333,254,156,111,315,147,407,457,248,449,425,434,304,220,131,95,291,130,378,436,218,423,400,398,270,185,109,82,263,113,343,407,188,389,366,355,235,153,92,74,234,102,303,370,160,348,326,308,202,131,83,70,206,96,263,327,139,303,285,265,177,115,78,67,182,92,227,284,124,263,248,231,158,107,73,64,163,88,200,248,112,231,218,206,143,99,69,59,147,84,181,218,104,204,193,186,130,92,64,56,134,81,164,195,95,465,443,459,330,252,153,109,313,146,405,455,245,448,425,430,299,213,125,92,287,126,374,434,212,422,398,392,262,172,98,77,256,108,336,404,177,387,364,345,221,133,84,73,225,98,292,365,146,346,323,292,181,110,81,70,196,94,246,321,124,298,278,235,153,103,77,67,169,91,206,270,111,246,227,196,138,98,73,64,148,88,176,224,103,209,197,175,128,93,68,59,133,84,159,194,96,185,175,161,119,87,63,56,123,81,146,174,90,465,442,459,329,250,152,108,312,145,404,455,244,447,424,429,297,210,122,90,285,124,373,434,210,421,397,390,259,166,94,76,254,105,334,403,173,386,363,343,217,122,84,73,222,96,288,364,141,344,323,289,171,107,81,70,193,94,239,319,120,297,277,231,137,102,77,67,166,91,198,268,105,245,227,178,129,98,73,64,143,88,166,217,100,199,188,161,122,93,68,59,128,84,150,183,94,177,169,150,113,87,63,56,118,81,139,165,88]}