{"c":"56176","n":"羽咋","la":36.89333333333333,"lo":136.77666666666667,"e":15,"t":[3.3,3.4,6.2,11.6,16.3,20.3,24.3,26.3,22.1,16.4,11.1,6.3],"s":[36,28,5,0,0,0,0,0,0,0,0,8],"i":[466,446,500,380,321,202,142,346,177,437,471,301,454,438,500,390,344,222,155,353,190,441,463,319,434,421,488,392,359,236,164,353,199,437,449,329,408,396,468,386,366,246,170,346,204,423,424,333,373,364,436,372,365,249,172,331,204,401,391,328,333,326,396,349,355,247,171,310,202,370,352,317,288,284,348,320,337,239,167,284,196,333,307,299,240,238,296,284,311,225,159,252,186,290,258,274,192,193,238,244,279,209,147,217,173,242,208,244,466,446,500,379,320,202,142,346,177,436,471,300,455,438,500,389,341,221,154,353,189,441,463,317,436,421,488,391,355,235,162,352,197,436,449,327,408,397,468,384,361,243,168,344,202,422,424,329,375,366,438,370,359,246,170,330,202,400,393,325,335,328,398,348,348,244,169,309,200,370,354,313,292,288,352,319,330,236,164,283,193,333,311,295,245,243,301,284,304,223,156,252,183,291,263,270,199,199,246,244,271,204,145,217,170,245,215,240,465,446,499,377,316,200,140,344,175,434,470,298,455,438,498,385,335,217,150,350,185,438,463,312,437,422,488,386,346,227,158,348,192,432,449,320,411,398,469,379,350,235,162,340,196,419,426,321,379,369,440,363,346,236,163,326,195,397,396,315,342,334,404,342,334,233,161,306,192,369,360,303,301,296,360,314,314,224,155,280,184,334,319,284,258,254,314,280,289,210,147,250,174,294,275,260,216,213,264,243,258,192,136,219,160,252,231,231,465,446,497,374,311,196,138,342,173,432,469,294,455,437,495,379,325,209,146,345,180,433,463,304,438,422,484,378,332,217,151,342,185,426,448,309,413,399,466,369,332,221,153,333,186,412,426,307,384,372,440,354,326,220,152,319,184,392,398,300,349,339,405,331,313,215,149,298,179,364,365,287,311,303,367,305,294,204,142,274,171,332,327,268,272,266,324,274,269,191,133,247,160,295,287,245,233,227,279,240,240,173,122,217,147,256,247,218,463,445,495,369,304,191,135,338,169,428,468,288,454,436,491,371,312,199,139,339,174,426,459,294,438,420,479,366,315,204,142,333,175,418,446,295,415,399,461,356,312,204,141,323,174,403,425,291,386,372,434,339,302,200,139,308,171,382,398,281,354,342,404,319,289,194,134,288,164,356,367,267,319,309,368,292,269,183,127,265,155,325,332,248,282,273,328,264,246,169,118,239,145,292,295,227,246,238,289,233,220,153,107,212,132,257,258,202,463,444,491,364,297,185,131,334,165,424,466,282,453,434,484,361,297,188,132,331,166,418,457,282,436,418,471,353,295,188,131,323,164,407,442,279,413,397,451,340,287,185,129,311,161,390,421,270,386,371,426,323,276,179,124,294,155,369,395,259,355,342,396,301,260,170,119,275,148,343,364,244,322,310,363,277,242,160,111,252,139,314,332,225,288,277,327,250,220,147,102,229,129,284,298,206,252,244,289,223,198,133,93,204,118,250,262,184,463,443,487,358,288,179,127,330,161,419,463,275,451,430,476,350,282,176,124,322,158,409,453,269,433,413,459,338,272,171,121,311,153,394,436,261,409,392,438,322,261,165,115,296,147,375,413,249,383,366,412,302,246,157,110,279,140,352,387,235,352,337,383,281,229,147,103,259,132,326,358,219,320,306,350,257,212,137,96,237,124,298,325,202,288,275,317,233,193,125,88,215,113,269,293,184,254,244,283,208,173,112,80,193,105,240,261,164,462,441,483,352,280,173,123,325,157,413,462,268,449,428,468,339,266,164,117,313,150,399,449,256,429,409,446,321,250,154,110,298,142,380,428,242,405,385,421,301,233,145,103,280,134,356,404,225,376,358,392,280,217,135,97,261,126,331,375,210,345,329,362,256,199,125,89,240,117,305,345,194,313,298,331,235,182,114,83,219,109,278,314,177,280,267,299,212,165,105,76,199,101,250,282,161,249,237,267,189,148,94,69,178,93,224,250,144,462,440,479,347,272,166,119,321,153,409,459,262,447,425,458,327,250,152,110,305,142,390,444,243,425,404,432,304,227,138,100,285,131,365,420,223,397,377,400,280,206,125,92,263,121,337,392,204,366,347,367,254,186,114,85,242,112,308,360,185,333,316,335,231,168,105,78,220,105,280,328,169,300,285,304,209,153,96,73,200,98,252,296,153,268,254,274,188,138,88,67,181,91,227,265,138,238,225,245,169,125,80,61,162,85,204,236,125,461,438,475,342,265,161,115,317,149,405,458,256,445,423,450,317,236,141,103,297,135,381,438,231,421,399,418,289,206,123,91,273,122,350,413,206,390,369,380,259,180,109,83,247,111,317,380,182,354,334,341,229,158,98,76,223,102,284,343,162,317,300,304,204,141,89,71,200,95,252,307,145,283,267,271,184,127,82,66,180,90,225,274,131,250,237,242,166,115,76,61,162,84,202,244,119,222,211,217,149,106,69,56,147,79,182,217,108,459,438,472,338,259,157,112,314,147,401,457,252,444,421,443,309,224,133,98,290,130,374,436,222,419,396,405,275,188,111,84,263,113,339,407,191,385,363,362,239,156,94,76,234,102,300,370,163,345,324,314,206,132,85,72,206,95,261,328,141,301,283,270,179,118,80,68,182,90,225,285,125,261,246,236,160,108,75,64,162,86,198,248,113,229,216,209,144,100,70,60,145,82,177,218,105,202,192,189,131,93,65,56,132,77,160,194,96,459,438,470,336,256,154,111,313,145,400,455,249,443,420,440,304,217,127,94,287,126,370,434,216,418,395,400,267,175,101,79,256,108,332,404,181,384,361,353,225,136,86,75,225,97,289,366,149,343,322,299,184,112,82,72,196,93,244,321,126,297,277,239,154,104,78,68,169,89,204,271,112,246,227,198,139,98,74,64,147,85,173,224,104,208,196,177,129,93,69,60,132,81,156,194,97,184,174,162,120,88,64,56,121,77,143,173,91,459,438,470,335,254,153,111,312,144,400,455,248,443,420,438,302,213,125,93,285,125,369,434,213,417,394,399,264,169,97,78,254,106,330,403,177,383,361,351,221,125,86,75,223,96,286,365,144,342,321,296,175,107,82,72,193,93,237,320,121,296,276,236,138,103,78,68,166,89,197,269,106,245,227,180,130,98,74,64,142,85,165,217,101,199,187,162,122,93,69,60,126,81,147,183,95,176,167,150,114,88,64,56,117,77,137,165,89]}