{"c":"56186","n":"かほく","la":36.711666666666666,"lo":136.69166666666666,"e":42,"t":[3.1,3.1,6.0,11.5,16.1,20.1,24.1,25.9,21.9,16.2,10.8,6.0],"s":[30,28,6,0,0,0,0,0,0,0,0,7],"i":[462,462,517,386,324,209,149,354,185,443,480,306,451,453,516,397,347,229,162,361,199,447,473,324,432,434,505,399,362,244,173,361,208,443,458,335,405,409,483,393,369,254,179,354,214,429,432,338,370,375,450,378,368,258,182,339,216,405,398,334,330,336,408,355,358,256,181,317,214,375,358,323,286,292,358,325,339,248,177,290,206,337,312,304,238,243,303,288,313,235,169,257,197,293,261,279,191,195,243,247,281,216,157,221,183,244,210,248,462,462,517,385,323,208,148,353,184,442,480,305,451,453,517,396,344,227,161,360,197,446,474,323,432,434,505,397,358,242,171,360,206,442,458,333,405,409,483,390,364,250,177,352,212,426,433,335,372,377,451,376,362,254,180,337,213,405,400,331,333,338,411,353,351,252,179,316,211,375,360,319,290,295,362,324,332,244,174,289,204,337,316,300,244,249,309,288,306,231,166,257,193,294,267,275,198,202,252,247,273,212,154,222,179,248,217,244,462,462,516,383,319,206,147,351,183,440,480,303,451,453,515,392,337,223,158,357,194,444,474,317,433,436,505,392,349,235,166,356,200,438,458,326,408,412,484,385,353,242,171,348,204,425,434,327,376,381,454,369,348,244,173,333,204,401,404,321,340,344,417,347,336,240,170,313,202,373,367,308,299,304,372,319,317,231,165,286,194,338,325,289,256,261,323,284,291,217,156,256,183,298,280,264,214,218,272,247,259,199,144,223,169,254,235,235,462,462,514,380,313,202,144,349,180,438,479,298,451,453,512,386,328,215,153,352,188,438,472,310,434,437,501,384,335,224,158,349,193,432,458,314,409,413,482,375,335,227,161,340,195,418,434,313,381,384,455,360,329,227,161,325,193,397,407,305,346,350,420,337,316,222,157,305,188,369,372,292,309,312,379,310,296,212,151,280,180,336,333,273,270,274,335,278,271,197,141,252,168,299,293,249,231,235,288,244,242,179,129,222,154,260,250,222,461,461,511,375,307,197,140,345,176,434,478,293,451,451,508,377,315,204,146,346,181,432,470,299,434,434,496,372,317,210,149,340,183,424,455,300,412,413,476,362,315,210,149,330,182,409,434,296,383,386,450,345,305,206,146,314,178,387,405,285,351,354,418,324,291,200,142,295,172,361,375,272,317,319,381,297,271,189,134,271,163,330,339,252,280,283,340,269,248,175,124,245,152,296,301,231,244,246,299,237,222,159,112,217,139,261,263,206,461,459,508,370,299,190,136,341,172,429,476,286,450,449,501,367,300,193,138,338,173,424,467,287,433,433,487,359,297,193,137,329,171,413,451,283,411,411,467,345,289,190,135,317,168,396,429,275,383,384,442,328,278,185,130,301,162,374,403,264,352,354,409,306,262,176,125,281,155,348,372,248,320,321,376,282,244,165,117,258,145,319,339,229,286,287,339,254,221,151,107,234,135,288,304,209,250,252,300,225,199,137,98,208,123,254,268,187,459,459,504,364,291,184,132,336,167,425,474,279,448,447,493,356,284,181,129,329,164,415,463,274,430,429,476,343,275,176,126,317,159,399,445,265,407,405,453,327,263,169,121,302,153,380,422,252,380,379,426,307,248,161,114,284,146,357,395,239,350,350,396,286,231,151,108,264,137,331,365,223,317,317,363,261,214,141,100,242,128,302,333,204,285,285,328,237,195,129,92,219,119,273,299,187,252,252,293,211,174,115,83,197,109,244,266,167,459,457,499,358,282,177,127,331,162,420,472,272,446,444,484,344,268,168,121,319,155,405,458,260,426,424,462,326,252,158,113,304,147,385,437,246,401,399,434,306,235,148,107,285,138,361,412,229,373,371,405,284,218,138,100,265,130,336,383,213,343,340,374,261,200,128,93,245,121,309,352,197,310,309,342,238,183,118,86,224,112,281,321,180,278,277,309,215,167,108,79,202,104,254,288,163,248,246,276,192,149,96,71,181,96,227,257,146,458,455,495,352,274,170,123,327,158,415,470,266,444,441,474,333,252,155,112,310,147,395,453,247,422,418,446,309,229,141,104,290,135,369,429,227,394,390,413,284,208,128,95,268,125,341,399,206,363,359,379,259,188,117,88,246,115,312,367,188,331,327,346,235,170,107,81,224,107,284,334,171,298,294,313,212,154,98,75,202,100,256,302,155,266,263,283,191,139,90,69,184,93,231,271,140,236,233,252,172,126,81,63,165,87,206,241,126,458,455,490,348,267,165,120,323,154,411,468,260,442,438,465,322,238,144,106,302,139,386,448,235,418,413,430,293,208,126,94,277,125,355,421,209,388,381,392,262,181,110,85,250,112,321,387,185,352,345,351,233,159,99,78,225,104,287,350,164,315,309,313,208,142,91,72,202,97,256,312,147,281,275,279,186,128,83,68,183,91,229,278,133,250,244,249,168,115,77,63,165,86,204,248,120,221,217,224,151,107,70,57,149,81,184,221,109,457,454,488,344,262,160,117,320,151,408,466,254,441,436,458,314,225,135,100,296,133,379,445,225,416,409,419,279,190,112,86,267,115,343,415,194,383,375,373,242,157,95,77,237,103,304,377,165,343,334,323,208,133,86,73,209,96,263,334,142,300,291,277,181,118,80,69,184,91,227,289,126,260,252,241,161,108,75,65,163,87,200,250,114,227,221,214,146,100,70,61,147,82,178,221,105,202,196,193,133,93,66,56,134,78,162,197,97,457,454,486,341,258,158,114,318,149,405,465,252,440,434,454,309,218,129,96,291,129,375,443,219,415,408,413,270,176,102,80,260,110,336,412,183,382,373,363,227,137,86,76,229,98,292,373,150,342,332,306,186,112,83,73,198,93,246,327,127,296,285,244,155,104,79,69,171,90,204,275,112,246,233,200,140,99,74,65,148,86,174,227,104,206,199,179,129,94,70,61,133,82,156,195,97,184,177,164,120,88,65,56,122,78,144,175,91,457,454,484,340,257,156,113,318,149,405,465,250,440,434,453,307,215,127,95,290,127,374,443,216,413,408,411,267,171,98,79,258,107,335,411,179,381,373,361,223,126,86,76,225,96,289,372,145,341,331,303,176,107,83,73,195,93,239,325,122,295,284,241,138,103,79,69,167,90,199,273,106,245,231,182,130,98,74,65,143,86,166,220,101,198,190,163,123,94,70,61,127,82,148,184,95,175,170,151,114,88,65,56,118,78,137,165,90]}