{"c":"56286","n":"白山吉野","la":36.361666666666665,"lo":136.61333333333334,"e":180,"t":[1.4,1.5,4.7,11.2,16.2,19.9,23.6,24.9,20.8,14.8,9.4,4.3],"s":[70,82,44,8,0,0,0,0,0,0,0,25],"i":[415,397,455,346,299,202,149,324,186,405,422,283,405,389,454,354,318,221,161,330,198,409,416,298,389,375,444,355,330,234,171,331,208,405,403,306,366,354,425,348,335,243,178,324,214,393,381,308,337,326,396,334,332,246,181,312,217,373,353,304,302,294,360,313,322,243,180,294,216,347,319,293,264,259,318,287,304,235,176,271,212,314,280,276,224,219,271,254,281,222,169,243,204,277,238,252,183,180,220,219,250,204,158,213,194,237,195,225,413,396,455,346,298,202,148,324,185,405,422,282,405,389,455,353,316,219,160,330,197,409,416,296,389,375,444,353,327,233,170,329,206,404,403,304,366,354,425,346,331,240,176,323,212,392,381,306,338,327,397,332,327,243,178,311,215,372,354,301,304,296,362,312,316,240,177,292,214,346,321,289,267,261,321,286,298,231,173,270,209,315,283,272,227,223,275,254,274,219,166,243,200,279,242,249,188,185,227,219,245,200,155,213,190,239,200,222,413,396,455,344,295,200,146,322,184,404,422,280,405,389,453,350,310,215,157,327,194,405,416,292,390,375,443,349,319,225,165,326,202,401,403,298,368,355,425,341,321,231,170,319,206,389,382,298,340,329,398,327,316,233,171,306,208,369,356,292,308,299,366,306,304,229,170,289,206,345,324,280,273,266,327,281,285,220,165,266,200,314,289,262,236,229,285,250,262,206,157,241,192,281,250,239,200,195,241,218,233,188,146,213,181,244,212,213,413,396,453,341,290,196,144,320,181,401,421,276,405,388,451,345,302,208,152,323,189,401,415,285,390,374,441,342,307,216,158,320,194,396,401,288,368,355,422,333,306,219,160,312,197,383,382,286,343,330,398,318,299,218,160,299,197,365,357,278,313,302,367,298,286,212,157,281,193,340,327,265,279,270,331,274,267,202,151,260,187,313,294,248,246,238,293,245,245,188,143,236,179,281,259,225,212,206,252,215,218,170,132,210,168,248,223,200,413,395,451,338,285,191,140,317,177,399,420,271,404,387,447,338,291,198,146,317,183,397,413,276,389,373,434,333,292,202,148,312,185,389,399,276,369,354,418,322,288,202,149,303,185,375,380,271,344,330,394,306,278,198,146,289,183,356,356,261,315,303,365,287,265,192,142,272,178,334,328,248,285,274,332,263,246,181,135,250,172,307,297,229,252,243,296,237,225,167,126,229,163,278,264,210,220,212,260,209,200,151,117,204,153,248,231,187,413,394,448,333,278,185,137,313,174,395,418,266,403,385,442,330,278,188,138,310,175,390,409,265,388,371,428,322,275,187,138,303,174,380,396,261,368,352,409,309,267,184,136,292,172,365,376,252,343,329,386,293,256,178,131,277,168,346,353,242,315,302,358,272,240,169,126,259,163,323,325,227,286,274,327,250,223,158,119,240,155,298,296,211,256,245,295,225,202,145,111,219,148,271,265,191,225,216,260,200,181,131,102,197,139,243,234,171,412,393,445,329,271,179,132,309,169,391,417,260,401,383,434,321,265,176,130,302,167,383,407,254,386,368,419,309,256,171,127,292,163,369,391,245,365,348,398,294,245,164,122,279,158,352,370,234,340,325,374,275,229,156,117,263,153,331,346,221,313,299,347,256,215,146,110,245,147,309,320,206,284,271,317,234,198,136,104,225,140,285,291,189,254,243,286,211,179,124,96,206,133,260,261,172,225,215,254,188,160,112,88,187,126,235,231,153,412,392,441,324,264,173,128,305,165,388,415,254,400,381,428,312,250,164,122,295,159,375,403,242,383,364,408,296,236,155,115,281,152,357,385,229,361,343,384,278,221,145,109,265,145,337,363,214,335,319,358,258,204,135,103,247,138,315,337,199,307,292,330,236,189,125,96,229,132,292,310,183,278,265,301,215,172,114,90,211,126,268,281,167,249,237,271,194,156,105,83,192,120,244,252,151,221,211,242,173,139,94,77,174,114,221,225,135,411,391,438,319,257,167,124,302,161,384,413,248,399,379,420,303,238,153,114,287,151,367,399,231,380,360,396,282,218,139,106,269,141,345,379,213,355,337,368,260,198,126,98,250,133,321,354,195,328,311,338,238,179,114,91,231,125,296,325,177,299,283,308,216,162,106,85,212,120,271,296,161,269,254,279,195,148,96,79,194,114,248,268,146,240,227,250,175,133,88,74,177,110,225,240,132,213,202,224,157,120,80,69,161,106,204,213,119,411,390,434,316,250,162,121,298,158,380,412,243,397,377,413,295,225,143,108,280,144,360,396,221,377,357,385,270,200,125,96,259,132,334,373,198,350,331,352,243,176,110,88,237,122,305,344,176,320,302,317,218,155,99,82,215,114,276,313,157,287,271,283,195,139,90,77,195,110,249,281,141,257,242,252,175,126,83,73,178,107,225,250,128,227,215,225,157,113,77,69,162,104,204,223,115,202,191,202,141,104,70,65,148,101,187,198,105,409,390,433,313,247,158,118,296,155,378,411,239,396,376,408,288,216,134,103,275,139,354,393,213,375,355,376,259,184,112,89,250,124,325,369,185,347,327,338,227,155,96,81,225,113,292,338,160,314,295,296,198,133,86,77,202,108,258,301,139,277,260,256,174,119,81,74,180,105,227,264,125,242,227,224,155,109,76,71,163,103,202,231,112,213,200,199,140,101,71,67,148,101,184,204,104,188,177,179,127,93,66,64,137,100,170,181,95,409,390,430,311,244,155,115,294,154,376,409,237,396,375,405,284,210,128,99,271,136,351,392,208,374,354,372,252,174,103,84,245,119,319,367,176,346,326,331,217,139,87,79,219,109,283,334,148,312,293,284,181,115,83,77,193,106,244,296,127,274,254,231,154,107,79,74,170,105,209,254,113,231,215,194,139,101,75,71,151,103,183,213,105,197,186,173,128,95,70,67,138,101,167,185,98,175,165,158,118,89,65,64,128,99,155,166,91,409,389,430,310,243,154,115,294,153,376,409,236,395,375,405,283,206,126,97,270,134,350,392,204,374,353,370,250,169,99,82,243,115,318,366,173,346,325,329,214,130,87,79,216,108,281,333,144,312,292,281,174,112,83,77,191,106,239,295,123,273,254,229,140,106,79,74,168,105,204,252,109,231,214,179,132,101,75,71,147,103,176,208,103,191,178,161,123,95,70,67,134,101,160,177,96,169,160,148,114,89,65,64,125,99,151,159,90]}