{"c":"57437","n":"広島","la":34.39833333333333,"lo":132.46166666666667,"e":4,"t":[5.1,5.8,9.0,14.5,19.0,22.8,26.7,27.9,24.1,18.2,12.5,7.4],"s":[0,1,0,0,0,0,0,0,0,0,0,0],"i":[461,473,507,415,385,299,267,399,290,459,480,366,449,462,504,425,413,334,306,413,324,463,471,391,428,441,491,426,433,360,337,417,350,458,453,405,399,413,467,418,441,378,359,412,367,442,426,413,363,377,433,401,438,387,373,398,375,417,391,409,322,334,391,375,426,385,377,376,375,383,349,396,276,287,341,341,404,375,372,346,365,342,302,373,227,237,286,300,372,355,357,309,346,295,250,342,181,187,227,254,332,326,333,266,319,244,199,304,462,473,507,413,383,298,266,398,288,459,480,365,449,462,504,424,411,331,302,411,321,463,472,388,428,442,491,424,429,356,332,415,345,457,454,403,400,413,468,416,437,373,353,409,361,441,426,409,365,378,434,399,434,380,365,395,368,416,393,404,325,337,393,373,421,379,369,373,367,383,352,391,280,291,346,339,398,367,363,343,356,343,306,368,234,244,292,300,366,347,347,307,337,297,257,337,189,196,237,254,325,318,323,266,310,248,206,300,462,473,505,411,379,293,261,396,284,458,480,361,450,462,503,420,404,322,293,405,312,459,471,382,430,443,490,419,419,344,318,409,332,454,455,394,403,416,467,409,425,357,335,401,345,438,429,397,371,384,438,392,420,361,344,388,349,415,397,391,332,344,398,367,405,357,345,366,345,383,358,377,291,302,355,334,383,344,337,337,333,345,316,354,249,258,305,297,352,323,320,303,313,303,271,324,206,215,256,254,312,294,296,264,286,257,225,287,462,473,504,408,373,286,252,392,277,455,479,356,450,462,500,413,393,309,278,399,299,455,471,372,432,444,487,409,403,324,297,399,314,448,454,379,407,419,467,400,405,333,309,391,322,433,430,379,375,388,437,381,400,334,314,376,322,409,400,372,341,352,401,357,384,327,311,354,316,380,365,356,303,313,361,326,362,312,300,326,302,344,326,333,263,272,317,292,332,291,283,294,281,306,284,305,225,233,273,254,296,264,260,259,256,265,243,271,461,472,501,403,366,277,244,387,269,451,478,349,450,461,496,404,378,292,261,390,283,450,469,358,432,443,483,398,384,301,272,386,291,440,453,361,408,420,461,385,382,303,277,376,293,424,430,357,379,391,434,367,373,300,278,360,290,401,401,347,346,357,400,343,357,291,271,338,281,372,368,330,311,321,364,315,334,275,259,312,266,341,332,308,275,284,324,282,308,254,243,282,247,304,294,281,239,246,282,249,275,231,221,249,223,267,256,250,461,471,498,398,356,267,233,381,259,447,476,340,450,459,490,393,360,273,240,379,264,442,467,342,432,442,475,384,359,273,243,371,265,429,450,339,408,418,453,369,353,271,243,358,261,411,426,331,381,390,426,349,340,262,238,340,254,388,399,317,350,359,395,325,324,250,229,318,243,361,368,300,315,324,360,297,302,236,216,292,227,330,333,279,282,289,323,269,278,217,200,265,210,298,298,254,248,254,286,237,250,196,183,236,190,263,263,227,461,470,495,392,346,256,221,374,248,442,475,331,449,458,483,381,341,250,218,366,244,432,463,325,430,438,465,367,332,245,213,353,237,416,445,315,405,415,442,349,320,235,206,337,229,396,421,301,379,387,413,327,305,224,197,317,217,371,393,286,348,356,383,303,286,210,187,294,204,344,362,266,315,323,350,277,267,196,175,270,189,315,329,247,282,288,314,249,243,178,160,244,174,283,295,223,250,254,279,223,221,162,146,218,157,252,261,202,459,469,491,385,335,244,210,367,237,437,474,322,447,455,475,369,321,229,196,353,224,422,459,306,426,434,453,350,303,215,183,335,209,401,438,289,401,408,426,327,285,200,170,314,195,377,412,271,373,379,396,303,266,186,159,291,181,350,383,252,342,348,363,278,247,171,147,268,167,322,351,231,310,315,331,252,227,158,136,244,154,293,318,212,277,282,298,227,208,143,123,221,140,264,286,193,245,249,265,202,187,129,112,197,127,236,252,173,459,468,487,379,325,234,199,361,227,433,472,313,446,453,467,357,300,209,175,340,204,412,455,289,424,430,440,332,274,186,154,316,182,386,430,264,396,401,408,304,250,166,137,290,163,357,401,240,365,369,373,276,227,149,123,265,147,326,369,217,332,335,339,250,206,135,111,240,133,296,335,197,298,301,305,225,188,123,102,217,122,267,301,178,266,268,274,200,171,112,93,195,110,240,269,161,235,237,244,180,155,102,86,175,101,214,239,146,459,468,484,374,316,224,189,355,218,428,470,305,445,451,459,347,281,191,156,329,186,403,451,273,421,425,426,315,247,160,127,298,157,371,425,241,391,393,389,281,214,135,107,268,134,336,391,210,355,356,348,249,188,117,94,239,117,300,353,185,318,318,309,220,167,105,85,213,105,267,315,164,282,282,275,195,151,96,78,190,96,238,280,147,249,249,244,175,138,88,73,171,89,212,248,134,220,220,217,157,126,82,69,153,83,189,219,122,459,467,482,370,308,217,181,351,211,425,469,298,444,450,454,338,266,175,140,319,172,396,449,260,420,423,417,301,222,137,105,284,136,359,420,220,387,388,373,261,182,108,83,248,109,318,383,183,348,346,325,222,151,92,74,216,95,276,340,155,304,301,278,190,131,84,71,189,88,237,294,135,262,259,240,167,120,80,68,166,82,206,254,122,227,225,211,150,112,76,65,149,78,183,222,112,200,199,189,137,104,72,62,135,74,165,196,104,459,467,480,368,303,212,176,348,206,423,469,294,444,450,451,333,254,165,129,313,162,392,448,250,420,423,412,292,202,119,88,274,120,352,418,204,387,388,365,246,154,87,75,236,95,306,380,162,348,345,311,199,118,84,73,202,86,258,335,134,302,297,252,162,106,81,70,174,83,213,284,115,252,244,204,143,101,78,68,150,80,179,233,107,208,202,178,131,97,75,65,133,76,158,196,101,183,178,162,123,93,71,62,122,72,145,174,96,459,468,479,367,301,210,174,347,204,423,469,293,444,450,449,332,250,161,125,311,158,390,448,248,420,424,409,289,195,112,83,270,113,350,418,199,388,389,362,242,140,86,75,231,91,302,379,156,348,346,307,191,107,84,73,199,86,250,334,127,303,298,247,140,103,81,70,170,83,204,283,108,252,245,184,131,100,78,68,145,80,169,227,103,200,195,160,124,96,75,65,127,76,147,185,98,175,172,148,117,92,71,62,117,72,136,165,93]}