{"c":"60061","n":"長浜","la":35.42333333333333,"lo":136.24166666666667,"e":95,"t":[2.7,3.0,6.4,12.1,16.9,20.9,24.8,26.2,22.3,16.0,10.3,5.2],"s":[28,24,3,0,0,0,0,0,0,0,0,7],"i":[442,461,504,398,332,242,183,364,229,434,469,324,430,451,501,408,354,265,202,373,249,437,462,342,413,433,490,409,368,283,217,374,264,432,445,354,387,405,468,401,373,295,227,367,273,417,420,357,354,372,434,386,371,300,233,352,276,394,387,352,316,333,393,361,359,297,233,331,274,363,347,339,274,288,346,330,340,288,227,304,266,326,303,319,229,240,292,292,313,272,217,270,252,283,254,292,185,193,234,249,279,250,202,234,234,236,204,259,442,461,504,398,331,241,182,364,229,433,469,323,432,451,503,407,351,264,200,372,248,437,462,341,413,433,490,408,364,281,215,372,261,430,445,351,387,407,468,400,369,292,225,365,270,416,421,353,356,374,437,384,365,296,229,351,273,394,389,348,318,335,396,360,353,293,229,330,270,363,350,335,278,292,349,329,333,284,224,302,262,326,306,315,235,246,298,291,305,268,213,270,248,284,259,288,192,200,243,249,272,246,199,234,229,239,212,256,442,461,504,396,327,238,180,362,225,432,469,320,432,451,501,403,344,258,196,368,243,434,462,335,413,434,490,403,355,273,208,368,254,428,446,344,390,409,469,394,357,282,216,360,261,413,422,344,359,378,438,377,352,284,219,346,262,390,392,338,324,341,401,354,338,279,218,325,258,362,356,324,286,301,358,324,317,269,211,298,249,327,315,303,246,258,311,288,291,252,200,268,235,287,271,277,206,216,261,249,258,229,185,234,216,246,227,246,442,461,501,392,322,233,176,359,222,429,468,316,432,451,499,397,335,249,189,363,235,429,461,327,415,434,487,394,341,260,198,361,243,422,446,332,391,411,467,384,340,264,202,352,247,407,423,330,363,381,438,368,333,264,202,337,246,386,394,322,331,347,405,344,319,258,200,316,240,358,361,307,294,309,365,316,297,246,192,291,229,325,323,286,258,271,322,282,272,227,180,262,215,289,284,261,221,231,277,247,242,208,166,231,198,250,244,231,442,459,500,388,315,227,171,355,217,426,467,310,430,450,495,389,323,237,179,356,225,424,459,316,415,434,482,383,324,243,184,351,229,413,443,317,393,411,463,372,320,244,186,340,229,398,422,312,365,383,436,354,309,239,184,325,225,377,395,301,335,351,404,331,294,231,178,304,218,350,363,286,302,317,367,304,274,219,170,280,206,320,329,265,267,280,327,274,250,202,158,252,193,286,291,242,231,244,287,241,223,183,144,225,177,252,254,216,441,459,496,382,308,219,166,350,211,422,466,303,430,449,488,379,308,223,169,347,214,416,455,303,413,430,475,370,305,223,169,339,213,404,440,299,392,409,454,355,296,220,167,326,210,387,418,290,366,383,428,337,284,213,162,310,202,365,392,278,336,352,397,314,266,202,155,289,195,339,362,261,305,319,363,289,247,191,147,266,183,310,329,242,272,285,327,260,224,175,135,241,170,279,295,220,239,250,288,231,200,158,123,215,156,246,259,197,441,458,493,376,300,212,159,346,204,418,463,296,429,446,482,368,293,208,157,338,200,408,453,290,412,428,465,355,283,202,153,326,196,392,434,280,390,405,442,337,270,195,147,310,189,373,412,267,364,379,415,316,254,186,141,292,180,349,386,252,334,348,385,294,237,174,132,271,171,323,356,235,303,316,352,269,218,162,124,249,160,295,323,216,272,283,317,243,198,148,113,225,148,266,291,196,241,250,283,216,177,133,103,202,136,237,258,175,440,457,488,371,292,202,153,340,198,413,462,288,428,444,474,356,277,193,145,328,189,399,449,275,409,424,451,338,260,181,137,312,178,379,429,260,386,399,426,317,242,170,128,293,168,356,404,243,358,371,396,294,225,157,120,272,158,330,375,225,328,340,366,269,206,146,111,250,148,304,345,206,297,308,334,246,188,134,103,229,138,276,313,189,266,276,301,221,171,123,95,206,127,248,281,172,237,245,268,197,152,110,86,186,118,222,250,153,438,455,484,365,284,196,147,336,192,409,459,281,426,441,465,345,262,178,134,318,177,390,444,262,405,419,438,321,238,161,122,297,162,366,421,240,380,392,407,295,216,145,111,275,149,338,393,219,350,361,374,269,195,132,102,252,137,309,362,199,319,328,340,244,176,121,94,229,127,281,329,180,287,295,308,220,160,110,87,208,119,252,297,163,256,264,277,198,144,101,80,188,110,227,266,147,227,233,248,177,130,91,73,169,103,202,236,133,438,455,482,360,277,189,142,331,187,405,459,275,425,438,458,335,248,165,124,309,166,382,441,249,403,415,426,305,218,142,108,284,147,352,415,222,374,384,389,274,190,124,95,257,131,320,382,196,341,348,350,243,167,110,87,231,120,287,346,174,306,312,311,216,149,100,80,208,111,256,310,155,273,278,277,193,134,92,75,187,104,227,276,140,242,246,247,174,121,85,70,168,98,204,245,126,214,218,221,156,111,78,65,152,93,182,218,114,438,454,479,357,271,184,138,328,182,403,457,271,424,438,451,327,236,154,115,302,157,376,438,239,401,412,416,292,200,126,96,273,134,342,409,206,371,379,373,254,167,105,84,243,117,304,374,175,334,339,325,219,141,93,78,214,107,266,333,151,294,296,280,189,125,86,75,189,101,229,290,133,254,256,243,168,113,81,70,168,96,202,252,121,224,224,215,151,105,76,66,151,92,180,221,111,197,198,193,137,98,71,62,137,88,162,196,102,438,454,478,354,268,180,135,326,179,401,457,268,424,437,449,322,229,146,110,298,151,372,436,231,401,411,409,283,187,112,88,266,125,336,407,195,370,377,364,240,147,92,81,233,108,295,371,160,333,337,311,197,119,88,78,202,102,250,327,135,291,290,252,163,110,84,74,176,98,210,278,119,244,240,206,146,104,80,70,153,94,178,231,110,204,202,183,134,98,75,66,138,91,159,197,103,181,180,167,125,93,70,62,126,86,146,176,96,438,454,476,353,267,179,134,325,178,400,457,267,423,437,448,320,225,143,108,296,149,371,436,229,400,411,409,280,182,109,85,263,121,335,407,190,370,377,362,236,137,92,81,229,106,292,370,155,333,336,309,188,112,88,78,200,102,244,326,130,290,290,250,144,109,84,74,173,98,204,277,112,244,239,190,135,103,80,70,149,94,171,224,106,198,194,168,127,98,75,66,132,91,151,187,100,174,173,155,120,93,70,62,122,86,140,167,94]}