{"c":"60236","n":"土山","la":34.93833333333333,"lo":136.27833333333334,"e":248,"t":[1.9,2.2,5.4,11.2,15.9,19.9,23.9,24.9,21.2,15.1,9.3,4.2],"s":[3,4,1,0,0,0,0,0,0,0,0,2],"i":[419,421,455,362,319,248,208,344,225,409,432,310,409,413,454,369,338,272,231,352,246,411,425,327,392,396,442,369,350,290,250,353,260,405,409,336,367,373,421,361,354,302,264,347,269,391,387,339,337,342,392,346,350,306,271,333,273,369,357,334,302,307,356,324,339,304,272,313,270,340,322,322,263,268,314,295,320,294,266,288,261,306,282,303,222,225,267,262,294,278,254,257,246,265,238,278,180,184,216,224,262,254,237,222,227,222,194,247,419,421,455,362,318,247,206,344,225,408,432,309,409,413,454,368,336,271,229,351,244,411,425,325,392,396,442,367,347,288,248,352,258,404,409,334,368,373,422,359,350,299,261,345,267,390,388,336,338,344,394,344,345,303,267,332,269,369,359,331,304,309,358,322,333,300,268,312,266,340,323,318,266,271,317,294,313,290,262,287,256,306,285,299,225,229,271,261,287,273,250,256,242,267,242,274,186,190,223,224,254,250,231,222,222,225,200,243,419,421,455,360,315,244,204,342,222,407,432,306,409,413,451,365,330,265,224,348,239,408,425,320,392,397,441,363,338,280,240,347,250,401,409,327,370,374,422,354,340,288,250,340,257,387,389,327,341,346,395,338,334,290,254,326,258,366,361,321,308,313,362,317,320,286,252,307,252,339,328,307,273,278,323,290,300,274,246,282,243,306,291,288,235,240,281,257,274,257,234,252,227,269,252,263,199,202,237,223,243,234,215,221,208,229,213,234,419,421,454,357,310,239,199,339,218,405,430,302,409,412,450,360,322,256,215,343,231,404,424,312,393,397,438,356,326,266,227,340,239,396,409,316,371,375,420,346,324,271,234,332,243,382,389,314,344,349,395,330,317,270,235,318,241,361,363,306,313,318,363,308,302,264,231,298,234,335,332,291,279,284,327,283,281,250,223,274,223,304,297,272,245,249,289,252,257,233,209,247,208,270,261,248,211,215,249,221,227,212,192,217,188,234,225,220,418,421,451,353,304,233,193,335,213,401,430,297,409,411,447,354,310,243,204,336,221,399,422,302,393,396,434,347,311,249,210,331,225,390,408,302,372,375,416,336,306,250,213,321,224,374,388,297,346,350,391,319,295,245,211,306,220,353,362,286,317,321,362,298,280,237,206,286,212,328,333,272,286,289,329,272,260,224,196,263,200,299,301,252,252,256,293,245,237,206,182,237,185,267,267,229,220,223,257,216,211,187,166,210,167,235,234,204,418,420,449,349,298,225,186,331,206,398,429,291,408,409,442,345,297,229,190,328,209,392,420,290,392,394,428,336,293,229,191,320,208,381,405,286,371,374,409,322,284,225,190,308,204,364,385,277,346,349,385,305,272,219,185,291,197,343,360,265,318,321,356,283,254,208,177,271,188,318,332,249,288,291,325,260,236,195,167,249,175,290,301,229,257,260,292,234,213,179,154,225,161,261,270,209,225,227,258,206,191,162,140,200,145,229,237,187,417,419,446,344,290,217,178,327,200,395,428,284,407,408,436,336,283,214,175,319,196,385,417,278,390,391,420,324,273,208,172,307,191,370,401,268,369,370,399,308,261,200,165,292,183,351,379,256,344,346,374,288,245,190,158,275,174,329,355,241,316,318,346,267,229,178,149,254,163,304,327,225,287,288,316,244,210,166,139,233,151,277,297,206,257,258,284,220,190,152,127,210,138,250,267,187,227,229,252,196,170,136,115,188,125,222,237,167,417,418,443,340,283,209,171,322,193,391,426,277,405,405,430,327,269,198,161,310,183,377,413,265,388,388,409,311,252,186,151,294,173,359,396,250,365,366,386,291,236,174,142,276,162,337,372,234,340,340,359,270,219,161,133,256,151,313,346,217,311,312,331,247,200,150,123,236,139,287,318,199,282,282,301,225,183,137,113,215,128,261,288,182,252,252,271,202,165,126,104,193,115,234,258,165,224,224,241,180,148,112,94,173,105,209,229,147,416,417,440,335,276,200,163,317,187,387,425,271,404,404,423,318,254,183,147,301,171,369,409,252,385,385,399,297,233,165,133,281,156,347,390,231,361,360,371,274,212,150,120,260,142,321,364,212,333,331,341,250,191,136,109,238,129,294,335,193,303,302,311,227,173,124,100,216,118,267,305,175,273,272,281,204,157,112,92,196,108,241,275,158,243,242,252,184,141,103,84,176,99,216,246,143,216,214,225,164,127,93,77,157,90,192,218,128,416,416,437,332,269,194,157,313,181,384,423,265,403,401,417,310,243,169,135,293,160,362,407,241,383,381,390,285,215,146,114,269,140,336,384,215,356,354,357,257,189,127,100,244,124,305,356,191,325,322,322,229,167,112,90,220,111,274,323,170,293,289,287,204,148,102,83,197,101,245,290,152,261,258,256,184,134,94,77,177,93,219,258,137,231,229,227,165,121,87,71,159,86,195,229,124,204,202,204,148,110,79,66,142,80,174,204,112,416,416,434,329,265,189,152,310,177,381,422,261,401,401,412,304,233,158,125,286,151,357,405,231,381,379,381,274,199,130,100,259,127,327,381,200,354,350,344,242,168,107,85,231,109,292,349,172,320,315,303,210,143,95,78,204,98,256,312,149,282,277,263,183,127,88,74,180,91,223,274,133,246,241,229,163,115,83,70,160,86,196,239,121,216,212,202,147,106,78,66,144,80,174,210,111,191,187,182,133,99,73,62,130,75,157,186,101,416,416,434,327,262,186,148,308,174,380,422,258,401,400,409,300,225,151,117,282,145,354,404,225,381,378,377,267,188,117,90,252,117,321,379,191,353,348,338,231,150,93,81,222,100,284,346,158,319,313,292,194,123,90,78,195,93,243,308,135,280,273,241,164,112,86,74,170,89,206,265,121,237,229,200,146,107,81,70,148,84,176,222,111,200,195,177,134,100,77,66,133,79,157,191,104,177,173,161,124,94,72,62,121,74,143,170,97,415,416,434,326,261,184,147,308,173,379,421,257,401,400,409,298,224,148,114,281,142,353,404,223,381,378,376,265,183,112,86,250,112,320,378,187,352,348,336,227,141,93,81,220,98,281,346,154,319,313,290,187,117,90,78,192,93,238,307,131,280,272,240,148,112,86,74,167,89,200,264,114,237,227,187,138,106,81,70,145,84,169,217,109,194,187,166,129,100,77,66,128,79,149,182,102,171,166,152,120,94,72,62,117,74,138,163,95]}