{"c":"61001","n":"間人","la":35.736666666666665,"lo":135.08666666666667,"e":42,"t":[5.0,5.1,7.8,13.0,17.3,20.8,24.8,26.5,22.8,17.7,12.7,7.9],"s":[33,32,2,0,0,0,0,0,0,0,0,7],"i":[462,475,509,383,315,204,151,348,180,429,482,301,450,463,508,393,335,223,165,354,191,432,474,317,430,445,496,394,348,236,174,352,200,426,457,326,403,417,473,387,353,244,180,344,204,412,430,328,367,381,440,371,350,246,183,328,204,388,396,323,327,340,398,348,340,243,182,306,202,357,355,311,282,293,349,318,321,235,177,279,195,320,308,292,234,243,294,282,296,222,168,246,185,277,257,267,187,193,235,240,265,204,156,211,172,229,204,236,462,475,509,382,313,204,151,347,179,429,482,300,451,465,508,391,332,221,163,353,190,432,475,315,430,445,496,392,344,234,173,351,198,425,457,323,404,418,474,385,348,241,178,342,202,411,432,325,370,383,442,369,345,243,180,327,202,388,398,319,329,342,400,346,333,240,179,305,199,357,357,307,286,297,353,317,314,231,174,278,192,320,312,288,240,249,300,281,289,218,165,246,182,278,263,262,194,200,244,241,257,200,153,212,169,233,213,233,462,475,509,380,310,202,149,346,178,426,482,297,451,465,507,387,326,217,160,350,187,429,474,310,433,447,496,387,336,227,168,348,194,422,458,317,407,421,474,379,338,233,172,339,196,408,434,317,374,388,444,363,332,234,173,323,196,385,401,310,337,349,407,341,319,229,171,302,192,356,364,296,296,308,362,312,300,219,165,276,184,321,322,277,252,263,314,277,275,204,155,246,173,282,277,252,211,219,263,240,244,187,143,214,160,241,231,224,462,474,507,377,305,198,147,344,175,425,480,293,451,463,504,382,317,210,155,346,182,425,473,303,434,447,493,379,323,217,160,342,186,417,458,306,409,423,473,370,322,220,163,332,187,401,434,304,379,392,444,354,315,218,162,317,185,380,405,296,344,357,409,331,301,212,158,296,180,353,371,281,306,318,369,304,281,200,151,271,171,320,331,262,267,277,326,271,257,187,141,243,160,284,290,238,229,237,280,238,227,169,129,213,147,246,249,212,462,474,504,372,299,194,143,340,172,421,480,288,451,463,500,374,306,200,148,340,176,419,471,293,434,446,487,368,307,204,151,334,177,409,455,293,411,423,468,357,302,204,150,323,176,394,434,288,382,394,441,340,292,199,148,307,172,372,405,277,350,361,408,318,278,192,142,287,165,345,373,263,315,326,372,292,258,180,135,263,156,315,338,244,278,288,331,263,236,166,125,237,146,281,299,222,242,250,290,231,210,150,113,210,133,248,261,197,461,472,500,367,292,188,139,337,168,417,478,282,450,462,494,364,292,190,141,333,169,412,468,282,433,444,479,356,288,189,140,324,167,399,451,277,409,421,458,341,280,185,137,311,163,382,430,269,383,394,433,324,268,179,132,294,157,360,403,257,352,362,401,302,252,170,126,274,150,334,372,241,319,328,366,277,234,159,118,252,141,305,338,223,285,293,331,250,212,145,108,227,131,275,303,202,250,258,292,221,190,131,98,202,119,242,267,181,461,471,497,362,284,182,135,332,164,413,476,276,449,459,486,353,277,178,132,325,161,403,465,270,430,440,468,341,267,173,128,313,156,388,446,260,407,417,445,324,256,166,123,297,150,368,423,248,380,389,418,304,241,158,117,279,143,345,396,234,350,359,388,282,224,147,110,259,135,319,365,218,317,325,355,258,206,137,102,237,126,291,333,200,284,291,320,233,187,124,93,215,115,262,298,181,252,258,286,208,167,112,84,192,107,234,265,162,459,470,492,356,276,175,130,328,160,409,474,269,447,455,476,342,263,167,124,316,153,394,459,257,428,436,455,325,247,157,117,300,145,375,438,243,403,409,429,304,229,147,110,282,137,352,413,227,374,381,398,282,213,136,103,263,129,326,384,211,343,349,367,259,196,126,95,242,120,300,353,194,311,317,336,236,178,115,88,221,112,273,321,176,278,284,303,213,162,105,80,199,103,245,288,160,247,252,269,189,144,94,73,178,96,218,256,142,459,469,488,351,269,170,126,324,156,405,472,263,445,453,468,331,248,155,115,308,146,386,455,245,424,430,441,308,225,141,106,288,135,361,432,225,396,401,409,283,204,128,98,267,125,334,401,206,365,369,375,258,185,117,90,244,115,305,369,187,332,335,340,234,167,107,83,223,108,277,336,170,299,302,308,211,152,98,77,202,101,250,303,154,267,270,277,189,137,89,70,182,94,224,271,139,236,239,248,170,123,80,64,163,87,200,241,125,459,468,484,346,263,165,123,321,153,401,471,258,443,451,459,322,235,146,109,301,139,378,451,234,420,425,426,293,206,127,97,277,126,348,424,209,389,392,389,263,181,112,87,252,114,316,390,186,354,355,348,234,159,101,80,225,106,283,352,165,317,318,309,208,142,92,74,202,99,252,315,147,282,282,275,186,128,84,69,182,93,224,280,133,250,250,246,167,115,78,64,164,87,200,248,120,221,221,219,150,106,71,59,148,82,179,221,109,459,467,482,343,258,161,120,318,150,398,469,254,443,449,454,314,225,137,104,295,134,372,449,225,418,422,416,280,191,114,89,268,118,338,419,195,385,386,371,244,160,98,80,239,106,300,381,167,346,344,322,210,136,88,75,211,99,261,337,145,302,299,276,182,120,82,71,185,94,225,292,128,261,258,239,162,110,77,67,164,89,198,252,115,229,225,212,146,101,72,63,147,85,176,222,106,200,199,190,133,94,67,57,133,80,158,197,98,458,467,480,340,254,158,118,316,148,397,469,250,442,449,450,309,218,132,100,291,130,368,447,220,418,421,411,272,179,106,83,262,112,332,416,186,385,385,362,231,141,89,78,231,101,291,377,154,345,342,307,189,115,85,75,200,96,247,331,130,299,293,246,158,107,81,71,173,93,206,279,114,248,240,200,141,101,76,67,150,89,174,229,106,206,202,178,130,95,71,63,134,84,155,196,99,183,179,162,121,90,66,57,122,80,141,175,92,458,467,480,340,254,157,118,316,148,396,469,250,442,449,450,308,215,130,98,290,129,367,447,218,417,421,409,269,174,102,81,260,110,330,416,182,384,385,361,227,132,89,78,227,100,288,377,149,344,342,305,181,111,85,75,198,96,240,331,125,298,293,245,139,106,81,71,170,93,200,279,109,248,239,184,131,101,76,67,145,89,165,224,103,199,192,163,124,95,71,63,128,84,146,185,97,175,171,151,115,90,66,57,118,80,135,166,91]}