{"c":"61106","n":"徳島","la":34.06666666666667,"lo":134.57333333333332,"e":2,"t":[6.1,6.4,9.5,14.9,19.2,22.7,26.6,27.8,24.5,18.9,13.5,8.5],"s":[0,0,0,0,0,0,0,0,0,0,0,0],"i":[455,500,526,403,355,290,275,400,300,458,494,349,442,487,523,413,379,322,315,413,336,462,484,371,422,466,509,413,394,347,348,418,364,457,466,385,393,434,484,405,401,363,372,413,384,441,437,390,357,394,448,388,397,371,387,398,393,415,400,385,317,349,403,362,385,370,391,376,393,382,356,372,273,298,351,329,363,359,386,345,383,341,307,351,225,244,293,290,334,340,371,308,363,294,254,321,179,191,231,246,297,312,346,266,335,243,200,285,454,500,526,403,353,288,273,400,299,458,494,348,443,488,524,412,376,320,312,412,334,461,484,369,422,466,509,411,390,344,344,416,360,455,466,382,394,436,484,403,394,360,367,409,378,438,438,386,360,397,450,386,390,366,380,396,387,413,401,381,320,352,405,361,377,364,384,373,386,381,359,367,277,303,356,328,354,353,378,343,375,341,312,345,231,252,300,290,325,333,362,307,355,296,261,316,187,200,242,247,288,306,337,266,326,246,210,280,455,500,526,400,349,285,268,397,294,455,493,345,443,488,522,408,368,312,303,408,325,458,484,363,424,468,509,407,379,333,330,409,347,451,467,373,397,438,486,397,382,345,349,403,361,436,441,375,365,403,454,379,375,349,359,389,367,412,408,368,327,361,413,355,361,345,360,366,364,380,367,354,287,316,367,324,338,332,352,337,351,342,324,331,245,269,316,287,309,311,335,302,330,300,277,302,204,223,264,248,273,283,310,264,302,254,229,268,455,500,524,397,343,278,261,393,287,453,493,339,443,488,521,401,358,300,288,400,311,453,484,353,425,469,507,398,364,314,308,400,328,445,467,359,400,442,486,388,363,322,322,392,337,430,443,358,370,409,455,370,355,323,328,376,339,405,411,350,336,371,419,346,339,316,325,354,332,376,375,334,298,329,375,317,316,302,315,326,319,341,334,312,260,286,331,283,289,281,296,294,297,302,292,284,222,244,284,247,254,254,273,259,270,261,250,252,455,500,521,392,336,270,250,388,278,449,492,333,444,488,517,394,344,283,269,391,294,447,483,340,426,469,503,387,346,292,282,387,303,437,466,342,403,444,482,375,341,294,288,377,307,420,443,337,374,413,454,357,329,291,289,360,304,397,413,326,342,377,418,334,313,282,284,338,295,368,379,310,307,340,381,306,290,267,272,312,281,336,343,288,271,300,339,275,265,247,254,281,261,300,303,262,236,260,296,242,235,224,233,249,236,263,264,234,455,499,518,387,328,260,239,382,267,445,491,325,443,487,511,384,328,265,248,379,274,438,480,325,426,468,496,374,324,266,252,371,275,426,463,321,403,443,473,359,314,263,252,358,273,407,440,312,376,413,446,340,301,256,247,340,266,384,412,299,345,381,413,317,283,245,240,318,254,356,380,281,312,344,377,290,262,229,227,292,240,325,344,261,278,307,340,262,237,211,210,265,222,293,309,237,244,270,300,231,212,192,192,235,200,258,272,212,454,498,515,382,319,249,227,375,256,440,488,317,442,484,504,373,311,245,224,367,252,429,476,310,424,465,484,359,300,239,220,354,246,413,458,299,401,440,461,341,286,229,213,337,237,392,434,286,374,411,433,319,269,219,204,317,225,367,405,269,344,378,401,297,250,206,194,295,214,339,375,250,312,343,367,271,229,192,182,270,199,310,340,231,279,306,330,244,208,175,167,244,182,278,305,209,247,272,295,218,186,159,153,218,165,248,271,188,454,497,511,376,310,238,215,369,244,434,487,308,441,483,495,361,294,224,200,354,229,419,473,293,422,461,473,342,275,211,187,335,215,398,451,276,398,434,445,321,256,196,175,314,200,373,425,258,369,403,413,297,237,182,163,292,187,346,395,239,338,369,381,272,217,169,151,268,173,317,363,219,306,335,348,248,197,155,141,244,160,288,330,200,274,299,313,223,178,142,128,220,145,259,296,181,243,265,279,198,159,127,117,197,132,231,262,161,453,496,507,370,301,227,202,362,233,430,484,300,440,480,487,350,277,204,178,341,209,409,469,277,419,455,458,325,250,183,157,317,186,383,445,252,392,425,425,299,227,163,139,291,166,353,413,229,361,391,390,272,204,147,125,265,150,322,381,208,329,355,354,246,183,134,112,240,136,292,346,188,296,319,320,221,166,121,104,217,124,262,312,169,264,285,288,198,149,111,95,195,112,235,279,153,233,252,257,178,134,100,88,174,104,209,247,137,453,495,503,365,294,219,192,357,223,426,484,293,438,478,478,340,262,187,158,329,190,401,465,263,416,451,445,310,229,158,128,299,159,369,437,231,387,417,405,277,198,134,106,268,134,333,403,202,352,377,364,246,172,115,93,239,117,297,364,178,315,337,323,218,152,104,83,213,105,264,325,158,280,298,286,194,136,95,78,190,96,234,288,142,248,264,254,174,123,88,72,170,89,208,254,128,219,233,227,156,112,81,69,153,83,185,225,115,453,495,501,362,288,212,184,352,216,423,483,287,438,476,472,332,249,172,141,320,174,394,463,250,415,448,434,296,209,136,103,285,135,357,432,213,384,411,388,257,172,107,80,249,107,316,394,179,345,366,337,221,143,91,71,217,92,273,350,152,302,317,288,190,124,84,68,189,84,234,303,133,262,273,248,167,112,79,65,166,80,204,261,120,227,237,219,150,104,75,62,148,76,180,227,110,200,208,196,136,97,72,60,134,72,162,200,101,453,495,500,360,284,206,178,350,211,421,483,284,438,476,469,327,242,162,129,314,163,390,461,243,415,448,429,288,196,118,85,275,118,350,430,200,383,409,379,244,150,87,71,237,91,304,391,161,345,365,323,199,118,83,69,204,82,256,344,133,300,313,260,163,106,80,67,175,79,211,291,115,250,254,208,144,101,77,65,150,76,177,238,107,208,211,182,132,96,74,62,133,73,156,200,100,182,185,165,123,91,70,60,121,70,142,177,95,453,495,499,359,284,206,175,349,208,421,482,283,438,476,469,325,238,158,124,312,158,388,461,240,415,448,428,285,190,112,80,271,111,348,430,196,383,411,379,240,140,85,71,233,87,301,391,155,345,365,322,191,108,83,69,200,82,249,344,127,300,313,259,141,104,80,67,171,79,204,291,109,250,256,192,132,100,77,65,145,76,167,233,103,200,200,166,124,96,74,62,126,73,146,189,98,174,176,153,117,91,70,60,117,70,135,168,93]}