{"c":"62046","n":"枚方","la":34.80833333333333,"lo":135.67166666666665,"e":26,"t":[4.4,4.9,8.2,14.0,18.7,22.6,26.5,27.7,23.7,17.5,11.9,6.8],"s":[0,0,0,0,0,0,0,0,0,0,0,0],"i":[446,463,501,396,343,271,241,378,262,443,470,337,434,453,499,405,366,301,275,389,291,446,462,358,415,434,487,407,381,324,302,393,314,441,445,371,388,405,463,399,388,340,322,387,329,426,419,375,354,371,430,383,385,347,334,373,336,401,385,371,316,331,388,358,373,346,337,352,335,369,345,359,273,286,340,326,353,336,332,323,326,331,299,338,227,237,286,288,325,318,319,289,309,286,250,310,182,189,227,245,289,292,298,249,285,237,200,275,446,463,501,396,342,270,240,377,261,442,470,336,434,453,499,405,363,300,273,388,289,446,463,356,416,434,486,405,377,322,299,391,310,438,445,368,389,407,463,397,382,336,318,385,325,424,420,372,356,373,432,381,379,343,329,372,331,401,387,367,318,333,391,357,366,341,331,350,329,369,347,354,276,289,344,325,345,331,326,322,320,331,303,334,231,243,292,287,316,313,312,288,303,287,256,306,189,196,237,246,281,287,291,249,279,240,208,271,446,463,501,394,338,267,236,375,257,441,470,333,434,453,498,401,356,293,265,384,282,443,462,350,417,434,487,400,367,312,288,386,300,437,446,360,392,409,465,392,370,323,303,379,311,421,422,362,361,378,434,374,365,327,312,365,315,398,391,356,324,340,397,351,351,323,312,344,312,368,354,342,286,299,354,321,329,312,305,317,301,332,313,321,245,256,306,285,301,293,290,284,283,291,269,293,204,214,257,246,267,267,269,248,259,248,225,260,446,463,499,390,332,261,229,372,250,438,469,328,434,453,496,395,346,281,252,378,271,438,461,341,418,436,484,392,353,295,270,377,284,430,446,347,394,412,463,382,352,302,281,369,291,415,423,346,365,381,434,365,345,303,285,354,292,393,394,338,332,347,401,341,330,297,283,333,286,364,360,323,295,309,361,313,308,284,273,307,274,331,321,302,258,270,318,279,281,264,258,277,256,293,282,275,221,231,273,245,250,241,237,243,231,254,242,245,446,463,497,386,325,252,221,367,244,434,468,321,434,451,492,387,333,266,237,369,257,432,459,329,418,434,479,381,335,274,248,365,264,423,444,330,396,413,459,370,331,277,252,355,266,407,423,326,368,384,433,352,319,273,252,340,264,384,395,315,337,352,400,329,304,265,248,319,254,357,363,300,303,317,364,302,283,252,237,294,242,326,328,279,268,280,324,272,258,233,222,265,225,291,291,254,233,243,284,239,229,212,202,235,204,256,252,227,445,462,494,380,317,244,212,362,235,430,467,314,434,451,487,377,317,249,219,359,240,424,457,315,418,434,472,368,314,250,222,351,241,412,441,311,396,411,451,353,305,248,222,339,239,394,419,302,369,384,426,335,292,241,218,322,231,372,393,290,339,353,395,312,275,229,211,301,222,345,362,273,307,319,360,287,254,217,200,276,209,315,329,252,274,286,325,259,231,199,185,250,193,284,295,229,241,250,287,229,206,181,169,222,174,250,259,206,445,461,490,375,309,234,202,356,225,426,465,306,433,449,480,366,301,231,199,348,222,416,454,299,416,430,463,353,291,225,196,336,217,400,436,289,394,407,438,336,278,217,190,320,209,379,413,277,367,380,413,314,262,206,182,301,200,356,387,261,338,350,383,292,244,195,173,279,188,329,357,244,306,317,350,267,224,182,162,256,175,300,324,224,274,285,315,241,204,166,149,231,160,270,291,204,243,252,281,215,182,150,136,206,145,241,259,182,444,459,487,369,300,224,192,350,216,421,463,298,432,446,472,355,285,212,180,336,204,405,450,284,413,426,450,336,267,199,168,319,192,386,430,267,390,401,424,315,248,186,158,299,179,362,405,250,362,373,394,292,229,172,148,278,168,336,376,231,332,342,364,268,211,160,137,256,155,309,346,213,300,310,332,244,192,147,127,233,143,280,314,195,269,277,299,220,174,135,115,210,130,252,282,176,239,246,267,196,155,121,106,188,118,224,250,157,444,459,483,363,292,214,181,344,206,417,462,290,430,444,463,344,268,193,161,325,187,397,446,268,409,422,437,320,244,173,143,302,168,372,423,245,384,394,405,294,220,155,128,278,151,343,395,223,354,363,372,268,198,141,115,254,137,313,363,202,322,330,339,242,179,128,105,231,125,284,330,183,290,297,306,218,162,115,97,208,113,256,298,166,259,265,276,196,146,107,89,187,104,229,266,150,229,234,246,176,131,97,82,168,95,204,236,135,444,458,479,359,284,206,173,339,199,413,459,283,429,442,455,334,252,176,144,314,171,388,442,254,407,417,425,304,222,150,119,286,146,358,417,225,379,386,387,272,193,128,101,258,125,324,384,198,345,350,348,242,168,112,89,231,111,290,348,174,309,314,310,215,149,101,81,206,100,258,311,155,275,279,275,192,134,93,75,184,92,229,276,139,244,247,245,172,121,86,70,165,85,204,245,126,215,219,219,154,111,79,66,148,79,182,218,114,443,458,476,355,279,200,166,335,193,409,459,278,429,441,450,325,241,163,130,306,159,382,440,243,405,415,413,290,202,129,98,273,126,347,412,206,375,381,371,252,168,104,79,240,104,307,376,175,338,341,323,217,140,90,72,210,91,267,334,149,297,297,278,187,123,83,69,184,84,229,291,131,257,257,241,166,112,78,65,163,80,200,252,118,225,225,213,149,103,74,62,146,75,178,221,109,198,198,191,135,96,70,59,132,70,160,196,100,443,457,476,353,275,195,161,332,189,408,459,274,428,440,447,320,234,153,120,300,149,378,438,236,405,413,409,282,189,112,84,264,112,340,409,195,375,380,363,239,146,86,73,229,92,297,373,157,337,339,310,195,115,83,71,199,84,250,329,131,294,292,250,161,106,80,68,171,81,208,279,115,247,241,204,143,100,76,65,148,77,175,231,107,206,202,180,132,95,73,62,131,73,156,196,100,181,179,164,122,91,69,59,120,69,142,175,94,443,457,475,352,274,194,159,331,187,407,459,273,428,440,446,319,231,150,115,298,146,376,438,233,405,413,408,279,184,108,79,261,107,338,409,190,374,380,361,235,136,85,73,225,89,293,372,152,337,339,308,187,108,83,71,195,84,243,328,126,294,292,249,141,104,80,68,167,81,200,278,108,246,241,188,132,100,76,65,143,77,166,225,103,198,193,165,124,95,73,62,125,73,146,185,97,173,171,152,117,91,69,59,114,69,135,166,92]}