{"c":"62086","n":"高松","la":34.31666666666667,"lo":134.05333333333334,"e":9,"t":[5.5,5.8,8.9,14.5,19.1,23.0,27.0,28.0,24.2,18.3,12.8,7.9],"s":[0,0,0,0,0,0,0,0,0,0,0,0],"i":[475,504,521,401,355,278,252,397,280,463,500,345,462,491,518,411,380,309,289,409,312,467,490,367,440,470,504,412,396,333,317,412,337,461,471,380,409,438,480,404,401,348,338,407,354,445,443,385,373,398,444,387,399,356,351,392,362,419,405,381,330,352,400,362,387,354,355,369,361,385,361,368,283,302,349,329,366,344,349,338,351,344,311,346,234,247,292,290,336,325,335,301,333,296,258,317,185,193,231,246,299,299,313,259,307,244,202,281,475,504,521,401,353,277,250,396,279,462,500,344,462,492,518,409,376,307,286,408,310,466,491,364,440,470,504,409,390,330,313,409,333,459,471,377,411,440,480,401,396,344,333,404,349,444,444,381,375,401,446,385,392,351,345,389,356,419,407,376,333,356,403,360,378,349,348,366,354,385,364,362,288,306,354,328,356,338,342,336,344,345,316,341,240,254,298,289,327,319,327,300,325,298,264,312,193,202,242,247,290,293,305,259,299,249,213,276,475,504,520,399,349,273,247,394,275,461,500,340,463,492,517,405,369,300,277,403,302,463,491,358,442,472,505,405,380,319,301,405,321,457,473,368,415,442,480,396,383,331,317,398,334,441,446,370,381,407,450,378,377,334,326,383,338,417,413,363,341,365,409,354,362,330,326,360,334,386,372,349,299,320,364,323,340,318,319,331,322,348,328,327,254,272,314,287,310,298,303,296,303,304,280,298,212,225,263,247,274,271,280,258,277,259,233,264,475,504,518,395,343,267,240,390,268,458,499,335,463,492,515,400,358,288,264,397,289,459,490,348,444,473,501,397,365,301,282,396,304,451,473,354,418,446,480,387,364,309,293,387,312,436,448,353,386,412,450,369,356,309,298,371,312,413,416,345,350,375,415,345,340,302,295,350,306,383,380,329,311,333,372,316,317,289,285,321,293,348,338,307,270,288,328,282,290,269,268,289,273,309,295,280,231,246,281,246,256,244,246,254,248,267,252,249,475,503,516,391,336,259,231,385,260,455,498,329,463,492,511,392,344,272,248,388,274,453,488,336,445,472,497,386,346,280,258,384,282,444,471,337,421,448,476,374,341,282,263,373,284,428,448,332,391,417,449,356,330,279,264,357,282,405,419,321,356,380,413,332,314,270,258,334,272,376,384,305,321,342,377,305,291,256,246,308,259,344,347,284,283,302,335,274,265,237,231,278,240,307,307,259,246,262,292,241,236,214,211,246,217,271,267,229,475,503,513,386,327,250,221,379,250,450,497,321,463,491,505,382,327,254,227,377,256,445,486,321,444,471,490,373,324,254,231,369,257,433,468,317,421,446,467,358,314,252,231,356,254,415,445,308,392,417,441,339,301,245,225,338,247,392,417,295,360,383,409,316,283,234,219,316,237,365,384,278,325,346,372,289,262,220,206,290,222,334,348,257,290,309,335,261,238,202,192,263,204,302,312,234,254,272,296,229,212,183,175,234,185,267,274,209,474,501,509,380,318,239,210,373,240,446,495,312,462,488,498,371,311,236,206,365,236,436,483,306,443,468,480,357,299,229,202,352,229,420,463,295,419,442,455,340,286,220,197,336,222,400,438,282,390,413,426,318,269,211,189,316,211,375,409,266,359,380,396,295,250,197,179,293,199,348,379,247,325,345,362,270,229,184,167,269,185,319,344,227,291,308,325,243,208,168,153,243,170,287,308,206,258,273,291,217,186,152,140,217,153,257,274,185,474,500,505,374,309,229,199,367,229,441,493,304,459,486,488,359,293,216,187,353,217,426,479,289,440,463,467,340,275,202,174,334,202,405,457,272,415,436,440,319,254,189,163,314,189,381,430,254,385,405,408,295,236,175,152,291,176,354,399,235,353,371,376,271,216,162,140,268,162,326,367,216,319,337,343,246,196,149,130,244,150,297,333,197,285,301,309,222,178,136,118,220,136,268,298,179,252,267,274,197,158,123,109,197,124,239,265,159,473,499,501,368,300,219,189,361,220,436,491,296,459,483,480,348,276,197,167,340,198,416,474,274,437,459,453,323,250,176,148,317,177,390,450,250,409,428,420,297,225,158,131,291,158,361,419,227,376,393,385,270,202,142,118,266,143,330,385,204,342,357,349,245,181,129,107,241,130,300,350,185,308,321,315,220,164,117,99,218,119,271,315,167,274,286,284,197,148,108,90,196,108,243,281,151,242,252,252,177,133,97,83,175,99,217,250,136,473,499,498,363,293,211,179,355,211,432,490,289,458,480,473,338,260,180,149,329,180,407,470,260,434,453,440,308,227,153,122,300,152,375,442,229,403,419,401,275,197,130,103,269,130,340,407,200,366,379,359,244,171,112,90,240,113,304,368,176,327,338,318,216,150,102,81,214,102,271,328,156,291,300,283,193,135,93,76,191,94,241,291,140,257,265,250,173,121,86,71,172,87,215,258,127,227,234,224,155,111,79,66,154,81,192,227,114,473,498,495,360,287,204,172,351,204,428,488,284,457,480,467,330,248,167,134,320,166,399,468,248,432,451,429,294,206,132,101,286,131,363,437,211,399,413,384,256,170,105,80,250,106,321,399,177,359,368,333,219,141,90,71,218,92,279,353,150,313,319,285,188,123,83,68,190,84,240,306,131,270,274,246,166,111,78,65,168,80,209,263,118,235,238,216,149,103,74,62,150,75,185,229,109,206,209,194,135,96,70,59,136,71,167,202,100,473,498,494,358,283,200,167,349,200,426,488,280,457,479,463,325,240,157,123,315,156,395,467,240,432,450,424,286,194,114,85,276,115,355,436,198,399,412,375,242,148,86,72,239,92,309,396,159,358,366,319,197,115,82,70,206,83,261,348,132,311,314,257,162,104,80,68,176,80,216,294,114,259,256,206,143,99,76,65,151,77,181,241,106,214,212,181,131,95,73,62,134,73,160,202,100,187,186,164,122,90,69,59,122,69,146,179,94,473,498,494,357,283,198,165,348,198,425,488,279,457,480,463,323,237,153,119,313,153,393,467,238,432,451,424,283,188,110,80,273,110,352,436,193,399,413,375,238,137,85,72,235,88,304,396,153,358,367,318,189,107,82,70,202,83,252,348,126,311,314,257,140,103,80,68,172,80,206,294,108,259,257,191,131,99,76,65,146,77,170,236,102,206,202,166,124,95,73,62,127,73,148,191,97,179,177,153,117,90,69,59,117,69,137,170,92]}