{"c":"63071","n":"兎和野高原","la":35.431666666666665,"lo":134.58333333333334,"e":540,"t":[1.2,1.4,4.4,10.8,15.8,19.8,23.6,24.5,20.1,14.0,8.8,3.7],"s":[69,81,38,2,0,0,0,0,0,0,0,23],"i":[425,400,416,306,267,194,158,309,184,382,413,256,413,392,413,311,281,209,171,313,195,384,407,267,397,377,404,310,288,220,182,312,204,378,393,273,372,355,386,302,290,225,189,305,209,365,371,273,341,327,360,290,285,227,192,292,211,345,343,267,306,294,327,271,275,224,191,274,210,320,309,257,266,258,290,248,259,216,187,252,204,289,271,241,223,218,249,221,238,202,179,225,197,252,229,221,181,178,204,191,212,186,167,196,186,215,188,196,424,400,416,306,266,194,157,309,183,382,413,254,415,392,413,310,279,208,170,313,194,383,407,266,397,377,403,309,286,218,180,311,202,377,392,271,373,356,386,301,286,224,187,303,206,364,371,271,343,328,360,288,281,225,189,291,209,345,344,265,307,296,329,270,270,221,188,273,206,319,311,254,269,260,292,246,254,213,184,250,202,289,274,238,227,222,250,219,233,200,175,225,194,254,234,217,187,184,209,190,206,182,164,197,183,217,193,193,424,400,415,305,264,192,155,307,182,381,413,254,415,392,412,308,275,204,167,310,191,381,405,262,398,377,403,305,280,213,175,308,198,375,393,266,375,356,385,297,279,217,180,300,202,362,372,264,346,330,361,283,273,216,182,287,202,342,346,257,312,299,331,265,261,211,180,269,200,318,314,246,276,266,296,242,244,202,174,248,194,289,279,229,238,229,258,216,223,188,166,223,186,256,242,209,200,195,219,188,198,171,154,197,175,222,204,186,424,400,413,303,261,188,152,305,179,379,413,250,413,391,409,304,268,198,161,307,187,378,405,257,398,377,400,300,270,202,167,303,191,371,392,258,376,357,383,291,267,204,170,294,193,357,372,254,349,332,359,277,260,202,170,281,192,338,346,246,318,303,331,258,247,196,166,263,188,315,317,234,283,271,298,236,229,186,160,243,182,287,284,217,248,238,264,211,209,172,151,219,173,257,250,198,214,204,227,185,186,155,139,195,162,225,216,175,424,399,412,300,256,184,149,303,176,377,412,247,413,391,407,299,260,190,154,302,180,373,404,250,398,376,395,293,259,192,157,296,182,364,390,248,377,357,378,282,254,191,157,286,182,350,371,242,351,333,356,267,244,186,155,272,179,332,346,231,321,305,328,249,231,178,150,254,174,309,318,219,290,275,299,227,213,167,143,235,167,283,288,202,256,244,266,204,194,154,134,213,159,254,256,184,223,213,233,180,172,139,123,191,149,225,223,164,423,398,409,297,252,179,145,300,173,373,409,242,413,389,403,293,250,180,146,296,173,368,401,241,397,374,390,285,246,179,146,288,172,357,387,236,376,355,371,272,238,175,144,277,170,342,367,227,351,331,349,257,225,168,139,262,165,322,344,217,322,305,323,238,212,159,133,245,160,300,317,202,292,276,294,218,195,148,126,225,152,275,287,187,261,247,264,196,177,135,117,204,144,250,257,169,229,217,233,173,158,122,107,184,135,223,227,151,423,397,407,293,246,174,140,296,169,370,409,238,412,387,397,286,240,170,138,290,166,362,399,231,395,371,382,275,231,165,134,279,162,348,383,224,374,351,362,261,220,157,129,266,157,331,362,213,348,328,339,244,206,149,123,250,151,311,338,200,321,302,314,225,192,139,117,233,145,288,312,186,290,273,286,206,176,129,109,214,138,265,283,170,260,245,256,185,159,117,101,195,131,240,254,154,229,217,229,165,142,105,93,175,124,216,225,137,422,396,404,290,241,168,136,293,165,367,408,233,409,385,392,279,229,160,129,283,159,355,396,223,392,368,374,265,217,151,122,270,152,338,378,211,370,346,352,249,202,141,114,254,145,319,356,197,343,322,326,231,188,131,108,237,138,297,331,183,315,295,300,212,172,121,101,219,131,274,303,168,285,267,273,192,156,111,94,200,125,250,275,153,254,239,245,173,142,100,87,183,119,227,246,138,225,212,218,153,126,90,81,165,112,204,219,123,422,396,401,287,236,163,132,290,161,364,405,229,409,383,386,273,220,150,121,277,152,349,393,214,390,365,364,256,202,137,111,261,142,329,373,199,365,341,339,237,185,125,103,242,133,306,348,182,336,314,311,217,168,113,95,223,126,281,321,166,306,286,283,197,152,104,88,204,120,257,292,151,276,258,254,178,139,95,83,187,114,234,263,137,246,229,229,159,125,87,77,170,110,212,235,124,217,204,204,143,112,78,72,154,105,191,208,111,421,395,399,284,231,159,128,287,158,361,405,225,408,381,381,267,211,142,113,271,146,343,390,206,387,361,356,247,189,125,101,252,133,319,368,187,360,335,327,225,169,111,92,231,124,292,340,168,328,305,295,202,150,100,85,210,117,265,309,151,294,275,263,181,135,91,80,191,111,239,277,136,262,245,235,163,122,84,75,173,107,215,248,123,233,217,210,147,111,77,71,157,104,194,220,111,206,192,187,131,100,70,67,143,101,176,195,101,421,394,397,282,227,155,125,285,156,359,404,222,407,380,377,263,204,135,108,267,141,338,388,200,385,359,349,239,178,114,93,245,126,312,365,177,356,331,316,214,154,99,84,222,115,281,335,155,322,299,279,189,134,89,79,199,110,250,300,137,283,263,243,167,120,83,76,178,107,220,263,123,246,229,213,149,110,78,73,161,105,196,229,112,216,202,189,135,101,72,69,146,102,176,202,103,191,178,169,122,93,67,66,134,100,161,179,94,421,394,396,281,225,153,123,284,154,358,404,220,407,380,375,260,199,130,104,264,137,336,387,196,385,358,346,235,170,107,87,241,121,308,363,171,356,331,311,206,142,90,82,216,112,275,332,146,321,297,270,177,121,87,79,193,108,239,296,128,281,259,225,153,112,82,76,171,106,206,254,115,237,218,190,138,105,77,73,151,104,178,215,107,200,187,169,127,98,72,69,137,102,162,185,99,176,166,153,115,91,67,66,126,100,149,165,91,421,394,396,280,225,153,122,284,154,358,404,219,405,380,374,259,198,128,103,263,136,335,387,195,385,358,345,234,167,103,85,239,119,307,363,168,356,330,310,204,135,90,82,215,111,273,332,143,321,297,269,173,117,87,79,191,108,235,296,125,281,259,224,143,111,82,76,169,106,202,254,112,237,218,179,133,105,77,73,148,104,173,211,105,193,180,160,124,98,72,69,133,102,155,178,98,170,161,146,113,91,67,66,123,100,144,159,91]}