{"c":"63121","n":"和田山","la":35.321666666666665,"lo":134.84833333333333,"e":80,"t":[2.4,2.6,6.2,12.2,17.2,21.2,25.0,25.9,21.6,15.4,9.8,4.9],"s":[16,21,4,0,0,0,0,0,0,0,0,5],"i":[429,421,455,339,292,210,182,331,210,399,436,280,419,412,454,345,309,227,202,338,227,401,428,294,401,396,443,345,319,241,217,338,240,396,413,302,376,373,422,337,323,249,227,331,249,382,390,303,344,342,393,323,319,252,233,317,252,360,360,298,308,307,357,303,308,249,233,298,249,331,324,286,267,267,314,277,290,240,227,273,242,297,283,269,224,224,267,246,267,225,218,243,229,258,238,246,181,182,216,211,238,208,202,210,212,216,193,219,429,421,455,338,291,209,182,331,209,398,436,279,419,413,454,344,307,225,200,337,225,400,429,292,401,396,442,343,316,239,215,336,238,394,413,300,377,373,423,336,318,247,225,329,246,380,391,300,346,343,394,321,314,249,229,316,248,359,361,295,310,309,358,301,302,245,229,296,245,331,325,283,270,270,317,275,285,236,224,272,237,298,286,265,229,229,271,244,261,222,213,242,225,260,243,242,187,188,223,210,231,204,198,210,206,219,199,215,429,421,455,337,289,206,179,329,206,397,434,277,420,412,453,341,302,222,196,334,221,398,428,288,401,397,442,340,309,233,208,333,231,392,413,294,379,374,422,331,309,238,216,325,237,377,392,293,349,346,396,316,303,238,219,311,238,357,364,286,315,313,362,296,291,234,217,292,234,330,330,273,278,277,324,271,272,224,211,268,225,298,293,256,239,239,281,241,249,209,200,240,212,262,252,233,200,200,238,209,221,190,185,210,195,224,213,206,429,421,454,334,284,202,175,327,202,395,434,274,419,412,450,337,294,214,188,329,214,394,426,282,403,397,438,333,298,222,197,326,222,387,413,284,380,375,421,323,296,225,202,318,225,372,392,281,353,348,395,308,288,223,202,303,223,352,365,273,321,318,364,288,275,216,199,284,217,326,335,260,286,284,328,264,256,206,191,261,208,296,299,242,250,249,290,236,234,191,179,235,194,263,263,220,215,214,250,206,206,173,165,206,177,227,225,195,429,420,451,331,279,198,170,323,198,392,434,269,419,411,447,331,284,204,179,323,204,389,426,273,403,396,434,325,284,209,184,318,209,380,411,272,381,375,416,314,279,208,185,308,208,365,391,267,355,350,392,298,269,202,183,293,204,345,365,257,325,320,362,278,254,196,178,274,197,320,336,243,293,289,330,254,236,184,169,252,187,292,304,225,259,256,293,229,215,170,157,227,174,260,269,204,225,223,257,202,191,153,143,200,158,229,235,182,429,419,449,327,273,192,165,319,193,389,432,264,418,409,442,323,273,194,168,316,195,383,423,263,401,394,428,315,268,193,168,308,194,371,408,259,381,373,408,301,260,189,166,296,190,355,387,250,355,349,385,285,248,182,161,280,184,334,363,238,326,321,357,265,233,173,154,261,176,310,335,223,295,290,325,242,215,162,145,239,165,283,303,206,264,260,292,219,195,148,134,217,153,254,272,187,231,229,258,193,174,133,122,192,139,225,240,167,428,418,446,323,267,186,158,315,187,385,430,258,417,408,436,315,260,182,155,308,184,376,420,252,400,391,419,303,250,177,152,297,178,361,403,244,378,370,398,288,239,169,146,282,172,343,382,231,353,345,373,269,225,161,139,265,163,321,357,218,324,318,346,250,209,150,131,246,154,297,329,202,294,288,315,227,192,139,122,225,143,271,299,186,263,258,284,204,174,127,112,202,132,243,268,168,233,229,252,183,155,113,102,181,121,217,238,150,426,417,442,318,260,179,152,311,181,381,429,252,415,405,429,306,248,170,144,300,172,368,416,242,397,387,409,291,233,160,135,285,163,350,398,227,374,365,385,273,217,150,127,267,153,329,375,213,348,339,358,252,202,139,119,248,143,305,348,198,319,311,329,231,185,129,110,229,133,280,319,182,289,281,300,211,168,118,102,208,124,254,290,166,258,252,270,190,152,107,93,188,112,229,260,150,229,223,240,168,135,96,84,168,104,204,231,133,426,416,438,314,254,174,146,307,176,378,426,247,413,403,421,298,236,159,133,292,162,361,413,231,394,383,398,279,216,144,120,273,148,339,392,213,369,358,369,257,197,131,109,252,136,314,365,195,340,330,339,235,178,119,100,231,125,287,336,177,310,300,308,213,161,109,91,211,114,261,306,161,279,270,278,192,146,99,85,191,107,235,276,146,249,242,250,172,132,91,77,172,98,211,247,131,220,214,223,154,118,82,71,154,91,188,219,118,426,416,436,311,249,168,141,304,171,375,426,243,413,401,415,291,225,149,123,284,152,354,409,221,391,379,387,267,200,130,106,262,135,328,386,199,364,352,354,242,176,114,94,238,120,298,356,177,331,320,318,216,156,102,85,215,109,268,323,158,298,287,284,193,140,93,78,193,101,240,289,142,265,256,252,173,126,85,73,174,94,214,258,128,235,227,225,156,113,79,68,156,88,191,229,115,208,200,200,140,104,72,63,140,82,171,202,105,426,415,434,308,245,164,137,301,167,373,425,239,412,400,409,285,216,140,113,279,144,349,407,214,390,377,379,258,186,118,94,252,123,319,382,187,361,348,340,227,158,100,81,225,107,286,350,162,325,312,298,199,136,89,76,200,98,250,312,141,286,274,258,174,121,83,72,177,92,218,273,126,249,238,225,155,111,78,68,158,88,192,237,114,218,209,199,140,102,73,64,142,83,170,209,105,192,185,178,127,94,68,60,128,78,153,185,96,426,415,433,306,242,162,134,299,164,371,425,237,412,400,408,281,211,135,108,275,139,346,405,209,389,377,374,252,176,108,86,247,114,314,380,179,360,346,334,218,143,90,79,219,100,278,347,150,324,311,287,184,119,86,76,192,94,238,307,130,284,269,236,156,110,82,72,168,91,200,263,115,239,225,195,140,104,77,68,146,87,172,220,107,200,191,173,129,97,72,64,131,82,153,188,99,177,169,157,119,91,67,60,119,78,140,168,92,426,415,433,306,241,161,133,299,163,371,424,236,411,400,407,280,208,133,106,274,137,345,405,206,389,376,374,250,172,104,83,245,111,313,380,175,360,346,333,215,135,90,79,217,98,275,346,147,324,310,286,178,114,86,76,190,94,233,307,126,283,269,234,143,109,82,72,165,91,196,262,111,238,225,181,133,103,77,68,143,87,165,215,105,194,184,161,125,97,72,64,126,82,146,180,98,170,164,148,115,91,67,60,115,78,134,161,91]}