{"c":"63166","n":"松山","la":33.843333333333334,"lo":132.77666666666667,"e":32,"t":[5.9,6.4,9.5,14.6,19.0,22.7,26.9,27.7,24.3,18.6,13.3,8.4],"s":[0,0,0,0,0,0,0,0,0,0,0,0],"i":[458,499,525,419,384,297,254,403,285,463,494,367,446,486,521,429,412,330,289,413,316,468,484,390,425,463,507,430,430,354,316,418,339,462,465,405,396,432,482,421,437,371,336,412,355,445,437,409,360,393,446,403,434,378,347,396,362,419,400,405,318,347,401,376,422,376,349,373,360,385,356,391,273,296,349,342,399,365,343,342,349,344,306,369,225,243,292,301,367,344,329,304,330,296,252,337,179,190,231,254,326,316,306,262,303,244,200,299,458,499,525,418,383,296,254,401,284,463,494,366,446,486,521,426,409,327,286,413,313,467,484,388,425,463,507,426,426,351,312,416,335,459,466,401,397,434,483,419,433,366,330,409,349,444,438,405,361,395,448,401,430,372,340,394,355,419,401,401,321,351,404,374,416,369,342,371,352,385,359,387,277,301,354,340,393,358,335,340,341,344,311,363,231,250,298,300,360,337,320,303,322,298,260,333,187,200,241,254,320,309,297,262,295,248,209,295,459,499,524,416,379,292,250,399,279,462,494,362,446,486,520,423,401,319,278,409,305,463,484,382,426,466,507,422,417,339,300,409,323,458,467,393,400,437,483,412,422,351,315,403,335,441,440,395,367,401,451,394,417,354,322,388,338,417,407,388,329,360,409,369,401,349,321,364,333,385,366,373,288,315,365,336,379,336,312,335,320,347,323,350,246,268,313,298,347,314,296,300,300,304,276,320,204,221,262,256,308,286,273,261,273,258,229,283,459,499,522,412,373,285,243,396,273,459,493,357,447,487,518,417,392,306,265,401,293,459,484,372,428,467,504,413,401,320,281,401,306,451,467,378,403,441,483,403,404,328,291,392,313,437,442,378,372,407,451,384,397,328,294,376,312,412,409,369,338,369,416,359,381,320,290,354,305,383,374,353,300,328,373,328,358,305,279,325,291,347,333,330,260,284,327,293,328,284,263,293,271,308,290,302,223,242,281,254,292,257,240,257,246,266,248,268,459,498,519,407,366,277,234,391,265,455,492,350,447,487,514,408,377,290,249,393,278,454,483,358,429,467,500,401,383,298,258,389,285,444,465,361,405,442,478,389,380,299,262,378,287,428,442,356,377,411,450,370,370,296,262,361,283,405,413,345,343,375,415,345,354,286,254,338,273,375,378,329,309,337,377,317,331,270,242,312,258,343,341,306,273,298,335,284,305,250,225,281,238,306,302,279,237,258,292,250,272,225,206,249,215,269,262,249,458,497,516,401,357,266,225,385,256,451,491,342,447,484,508,398,360,272,229,382,260,446,480,343,429,466,493,388,359,271,233,374,261,434,463,339,405,441,470,372,352,268,231,360,257,416,438,331,378,412,442,352,339,260,225,342,249,392,411,317,347,378,409,328,322,248,217,320,238,365,379,300,313,342,373,300,301,233,204,294,222,333,342,278,279,305,335,271,276,213,189,266,204,300,306,252,246,268,296,239,248,193,171,237,184,265,270,227,458,496,513,396,346,256,214,379,246,447,488,333,446,484,501,386,342,250,211,370,241,437,476,326,426,463,483,372,332,244,206,357,235,421,458,316,404,438,458,353,320,234,199,340,225,400,433,302,377,408,428,331,305,223,189,320,214,375,404,286,346,375,397,306,286,209,179,297,202,348,373,267,314,341,363,280,266,195,167,273,186,318,339,247,280,304,326,250,242,177,152,246,171,286,303,223,248,269,290,225,219,160,138,220,154,254,269,202,458,496,509,390,336,245,204,372,236,442,487,324,445,480,493,374,322,231,191,358,223,426,473,309,425,459,470,354,304,216,178,339,208,407,451,291,400,430,442,331,285,200,166,318,194,382,425,273,372,400,411,307,267,186,154,296,180,355,394,252,341,367,377,281,248,172,142,272,166,326,361,234,308,332,344,254,227,158,131,248,153,297,328,213,275,297,310,229,208,143,119,223,138,267,294,194,244,263,275,204,187,129,109,199,125,238,260,174,457,495,505,384,326,235,194,366,225,438,486,315,444,478,484,362,302,211,172,346,204,417,469,292,422,454,457,336,276,188,152,321,183,391,444,267,395,424,423,309,250,168,136,296,164,362,413,243,364,389,387,281,227,151,122,270,148,331,380,220,331,353,351,254,206,137,110,244,134,300,345,199,297,317,316,227,189,125,102,221,122,271,310,180,265,283,284,202,172,113,92,199,111,243,277,163,234,250,252,182,156,103,85,178,101,217,246,147,457,494,501,379,317,225,185,361,218,434,484,307,442,476,476,352,284,193,155,334,188,408,465,276,420,449,443,320,249,164,128,304,160,377,437,244,390,415,404,286,217,139,109,274,137,341,403,214,354,375,362,252,190,121,95,244,120,305,364,188,317,335,320,224,169,108,86,217,108,271,324,167,282,297,284,199,153,99,80,194,98,241,288,150,249,262,252,178,139,91,74,174,91,215,254,136,219,231,224,159,128,84,69,156,84,192,225,124,457,494,499,375,310,219,178,357,212,430,483,301,442,475,471,343,268,179,141,325,174,401,463,263,418,447,433,306,225,142,108,290,139,365,433,224,387,409,387,265,185,112,86,254,112,323,394,188,348,365,336,227,154,96,78,222,98,281,350,159,304,316,288,194,134,88,74,193,90,242,303,139,263,272,248,170,122,83,70,170,85,210,261,125,229,235,217,153,112,79,67,152,80,186,227,114,200,206,194,139,106,75,63,137,75,167,200,106,457,494,497,373,305,214,173,354,206,428,483,297,442,475,467,338,258,169,131,319,165,397,462,254,418,447,426,297,206,124,93,281,124,358,430,210,387,409,378,250,158,92,79,242,99,312,392,167,348,364,322,204,122,88,76,209,89,263,345,138,303,312,260,166,109,84,73,179,86,218,292,120,252,254,208,145,103,81,70,153,82,182,239,110,208,210,181,133,99,77,67,136,78,161,200,103,183,184,165,124,95,74,63,124,74,147,177,97,457,494,496,372,303,213,171,353,204,428,483,296,442,476,465,337,252,165,127,317,161,395,461,252,419,448,425,294,200,118,88,277,118,355,430,204,387,411,375,247,145,90,79,238,95,308,391,161,348,365,318,196,109,88,76,204,89,254,344,131,303,314,254,143,106,84,73,174,86,210,291,111,254,257,189,133,102,81,70,148,82,172,233,105,202,200,161,125,98,77,67,129,78,150,188,100,175,177,149,119,94,74,63,119,74,139,167,95]}