{"c":"63201","n":"生野","la":35.166666666666664,"lo":134.79166666666666,"e":320,"t":[1.8,2.2,5.6,11.6,16.4,20.4,24.3,25.3,21.0,14.9,9.3,4.3],"s":[7,11,2,0,0,0,0,0,0,0,0,4],"i":[417,404,434,342,310,222,188,331,212,401,418,291,407,396,432,348,329,242,208,338,229,405,412,306,390,381,421,348,341,257,224,339,243,399,397,315,366,358,401,340,345,267,235,332,250,386,375,317,335,330,374,326,341,270,241,319,254,364,346,313,301,296,340,305,330,267,241,300,250,336,312,301,262,259,300,279,312,259,236,275,243,301,274,283,220,219,256,247,287,244,225,246,229,262,231,259,179,179,208,212,256,224,210,213,212,219,189,231,417,404,434,341,308,221,187,330,211,401,418,290,407,396,432,347,326,241,206,337,229,404,412,305,390,381,421,346,337,254,222,337,241,398,397,313,366,359,401,339,340,264,231,331,248,384,376,314,337,331,375,324,336,267,238,318,250,363,348,309,302,298,341,304,324,264,237,298,248,335,314,297,265,261,303,277,305,254,231,274,239,301,276,279,225,223,260,246,280,240,221,245,225,263,236,254,185,184,215,212,249,220,204,213,206,221,195,227,417,404,433,340,305,218,184,329,209,400,418,288,407,396,430,344,320,236,202,334,224,401,411,300,391,381,420,342,329,248,215,333,234,395,397,306,368,360,401,334,330,254,223,326,240,381,376,306,340,333,376,319,324,256,225,313,240,360,350,299,307,302,344,299,311,250,225,294,236,334,318,287,272,268,308,273,292,241,218,270,227,301,282,268,234,231,268,243,267,225,206,242,213,265,244,245,198,196,227,211,237,204,191,211,194,227,206,217,417,404,432,337,300,214,180,326,204,398,417,284,407,395,428,340,312,227,194,329,217,398,409,293,391,381,417,336,317,236,202,327,224,390,396,296,369,360,400,326,315,240,209,318,227,376,377,294,343,335,375,311,307,238,210,304,225,355,351,286,312,306,346,290,293,231,206,285,219,329,321,272,279,273,311,266,273,220,198,262,208,299,288,252,244,240,275,238,250,204,186,236,194,265,252,231,210,206,237,208,221,186,170,208,176,229,218,204,416,403,430,334,295,209,175,323,200,395,417,279,407,394,425,333,301,217,184,323,206,392,409,284,391,380,413,327,301,221,189,318,211,383,394,283,370,360,395,316,296,221,190,308,210,368,375,278,344,336,372,300,286,217,189,293,206,348,351,268,315,307,343,280,272,209,183,274,198,322,322,254,284,278,312,257,252,197,174,252,187,294,292,235,252,246,278,231,229,182,162,227,173,263,259,214,219,214,244,202,204,164,148,200,157,231,225,191,416,401,426,330,288,202,169,319,195,392,415,273,405,393,420,326,288,204,172,315,197,386,405,273,390,378,407,317,284,204,173,307,196,374,392,268,369,358,388,304,275,200,171,295,192,358,372,260,345,335,365,287,263,194,166,279,185,337,348,248,317,308,338,267,247,184,159,261,176,312,321,233,287,278,308,244,229,172,150,239,165,285,291,215,256,249,277,220,206,157,138,216,152,256,261,195,225,219,244,195,185,142,125,192,137,225,229,174,415,401,424,325,281,195,162,314,189,388,413,267,405,391,415,317,274,192,160,307,185,378,404,261,388,375,399,306,264,186,156,296,180,363,388,252,367,355,379,290,252,178,150,281,173,345,367,240,342,331,354,272,237,170,143,264,164,323,343,225,315,305,328,252,221,159,135,245,154,298,316,210,285,276,299,229,202,147,126,224,143,272,287,193,256,247,269,206,184,134,114,202,131,245,257,175,225,219,240,184,164,121,104,180,119,218,227,156,415,401,421,321,274,188,156,310,183,384,412,261,403,389,409,309,260,178,147,298,174,370,400,249,386,372,390,293,245,168,138,283,164,352,383,235,363,350,367,275,227,157,130,266,153,330,360,220,338,325,341,254,211,146,121,247,143,306,335,204,310,298,313,234,194,135,112,227,132,281,307,188,280,270,285,213,176,124,104,206,122,254,279,171,250,242,257,191,160,112,94,186,112,229,250,154,222,214,227,170,142,101,86,166,102,204,221,138,413,400,419,317,267,182,150,306,177,380,411,254,401,387,401,301,247,166,136,290,162,363,397,238,383,368,380,281,225,150,123,271,148,340,377,219,359,345,353,259,204,136,111,250,135,315,352,200,331,318,324,237,185,124,101,229,124,288,324,182,301,289,294,215,167,112,93,209,113,261,295,165,271,260,266,194,151,103,86,189,105,235,266,149,242,233,239,174,136,94,78,170,96,211,238,135,214,206,213,155,123,85,72,152,88,188,211,121,413,399,416,313,261,176,144,302,172,377,409,250,401,386,396,294,235,154,125,283,152,356,394,227,380,365,371,269,206,134,108,260,134,329,372,204,354,339,339,244,182,117,95,236,119,299,344,181,323,309,306,218,160,105,86,213,108,268,313,161,290,277,273,195,143,95,79,191,99,240,280,144,259,247,244,175,129,87,73,171,92,214,250,130,229,219,217,157,115,80,68,154,85,191,222,118,202,194,193,141,106,73,64,138,79,170,197,107,413,399,413,311,256,171,140,299,168,375,409,246,400,384,392,288,224,145,115,277,144,350,392,219,379,363,363,260,192,120,95,250,122,320,368,191,351,335,328,229,161,101,82,223,106,286,338,164,317,302,288,200,137,90,76,198,96,250,302,142,280,266,250,175,122,83,72,175,90,217,265,127,244,231,219,156,111,78,68,156,85,191,231,114,214,204,194,141,102,73,64,140,80,170,204,106,189,180,174,128,95,68,60,126,75,153,181,97,413,398,413,309,252,169,137,298,165,373,408,244,400,384,390,284,218,139,110,273,139,347,391,214,379,362,359,254,181,109,86,244,113,315,367,181,350,334,322,220,144,89,79,216,99,277,335,151,317,300,279,185,118,86,76,189,92,237,298,130,278,262,231,157,109,82,72,165,88,200,257,115,235,220,193,141,103,77,68,144,84,171,216,107,198,188,171,129,97,72,64,129,79,152,186,100,175,167,155,119,91,68,60,118,74,139,166,93,413,398,413,309,252,167,136,297,164,373,408,243,400,384,390,283,216,136,108,271,137,346,391,212,378,362,359,252,176,105,83,242,110,313,366,178,350,334,321,217,135,89,79,213,97,275,335,147,316,300,277,179,112,86,76,187,92,231,298,126,277,262,229,143,108,82,72,163,88,195,256,111,235,220,180,134,102,77,68,141,84,164,212,104,192,181,161,125,97,72,64,125,79,145,178,98,169,161,147,115,91,68,60,114,74,133,159,92]}