{"c":"63216","n":"柏原","la":35.14833333333333,"lo":135.04833333333335,"e":95,"t":[2.9,3.3,6.6,12.6,17.5,21.5,25.4,26.4,22.3,15.9,10.2,5.2],"s":[2,11,0,0,0,0,0,0,0,0,0,5],"i":[432,424,457,356,307,229,195,344,229,413,437,297,421,415,455,363,325,250,216,352,250,415,430,313,403,398,443,363,336,265,233,353,266,409,415,321,378,375,423,355,339,275,245,347,276,395,392,323,346,344,394,340,336,278,250,333,279,373,361,318,310,309,357,319,324,275,250,313,277,344,325,306,269,270,315,291,306,266,246,287,268,308,285,288,225,227,268,258,281,250,235,256,252,268,240,263,183,185,217,221,250,229,218,222,234,224,195,234,432,423,457,356,306,227,194,344,229,412,437,297,421,415,455,362,323,248,215,351,249,413,430,311,403,398,443,361,333,263,231,351,264,408,415,319,378,375,423,353,335,272,242,345,273,394,392,320,348,346,395,338,330,275,247,331,276,372,363,315,312,311,359,317,319,271,247,311,272,343,327,302,272,272,318,289,300,262,241,286,263,308,288,284,229,231,272,257,275,247,229,254,248,269,245,259,189,191,224,221,244,225,214,222,229,225,200,229,430,423,455,354,303,225,192,342,227,411,437,294,421,415,453,359,317,243,210,348,244,412,430,306,404,399,442,357,325,256,223,347,256,405,415,313,380,376,423,348,325,263,231,340,263,391,393,312,351,348,396,333,319,263,235,326,264,369,365,305,317,315,363,312,306,259,234,306,259,342,331,292,280,279,324,285,287,248,227,281,249,308,294,273,241,241,281,254,262,231,215,252,234,271,254,249,202,202,238,220,233,211,199,220,214,231,215,221,430,423,455,351,298,221,187,339,223,408,436,290,421,413,451,354,309,235,200,343,236,408,429,299,405,399,440,350,313,244,211,340,244,400,413,302,382,377,421,340,311,247,217,332,248,386,394,300,354,350,395,325,303,246,218,317,246,364,367,291,323,320,364,303,289,239,214,298,240,338,336,277,287,286,328,278,269,227,206,273,229,306,300,258,252,250,290,248,246,211,193,246,213,272,264,235,217,216,250,217,218,191,177,216,194,236,227,209,430,422,453,348,293,216,182,336,217,405,434,286,421,413,448,348,298,224,191,336,225,401,426,290,405,398,434,341,298,229,197,331,229,393,412,289,383,377,417,330,293,227,198,321,229,377,392,284,356,352,392,313,283,224,196,305,225,356,367,273,326,322,362,292,268,216,191,286,217,331,337,259,294,291,329,268,249,202,181,263,204,302,305,240,260,258,293,241,227,187,169,237,190,269,270,218,225,224,257,212,200,169,154,210,172,237,236,194,430,421,450,344,286,209,175,332,211,401,434,280,420,412,443,340,286,212,179,328,213,396,425,279,404,396,429,331,281,211,179,320,213,384,409,274,383,375,409,317,273,206,177,307,209,367,389,266,357,350,385,300,260,200,172,291,202,345,364,252,328,322,357,279,244,190,165,271,192,320,336,238,297,292,325,254,225,178,156,249,179,292,304,220,265,261,292,229,204,162,144,225,166,263,273,199,233,229,258,202,183,147,131,200,150,231,240,178,430,421,447,339,279,202,169,327,204,398,432,273,419,409,437,331,273,199,166,319,200,388,422,267,401,393,420,319,263,193,162,308,194,373,405,258,380,372,399,303,250,185,156,292,187,354,384,246,354,347,373,283,236,176,149,275,177,331,358,231,326,319,346,262,219,164,140,254,167,306,330,215,295,289,316,240,200,152,131,233,155,279,300,198,265,259,284,215,182,139,119,210,142,250,269,179,234,229,252,192,163,125,109,188,128,223,239,160,429,420,444,335,272,195,162,322,197,394,430,267,417,408,430,322,259,185,153,310,187,380,418,254,399,389,409,306,244,174,144,295,176,361,400,241,376,367,386,287,227,163,135,276,165,339,376,225,350,341,358,266,211,151,126,257,154,314,350,209,320,312,330,243,194,140,115,236,142,288,321,192,290,283,300,221,176,128,108,215,132,262,291,175,259,252,270,199,159,117,99,194,120,235,261,158,229,224,240,177,142,104,90,173,109,209,231,141,429,419,441,330,266,188,155,318,191,390,429,261,416,405,423,313,246,172,141,301,175,372,415,244,396,386,399,293,225,155,127,282,159,349,394,225,371,361,371,270,204,141,115,260,145,323,367,204,342,332,340,246,186,128,106,238,132,296,338,187,311,302,310,224,168,117,97,217,121,268,308,170,280,272,280,202,152,107,90,196,111,241,277,153,250,243,250,181,137,97,82,176,102,217,248,138,221,215,224,162,123,88,75,158,93,193,220,124,429,418,438,327,260,182,150,314,185,387,428,256,415,404,417,306,235,160,130,293,163,365,412,234,394,382,389,281,208,139,112,269,143,338,388,209,366,354,356,252,183,122,98,245,126,307,359,186,334,323,321,227,162,109,89,220,113,275,326,166,300,290,286,202,145,99,82,198,104,246,292,149,267,258,254,181,130,91,77,177,96,219,260,134,237,229,227,163,118,83,71,159,89,195,231,121,209,202,202,146,107,77,66,143,83,174,204,110,428,417,436,324,256,178,145,311,180,384,426,252,413,403,412,299,225,151,121,287,154,360,409,225,392,380,381,270,193,125,99,260,129,329,384,196,363,350,343,238,164,105,85,231,111,293,352,169,328,315,302,208,140,94,79,204,100,257,315,147,288,277,262,182,125,87,75,181,94,223,276,131,250,241,227,162,113,82,71,161,88,196,240,119,220,212,202,146,105,77,67,144,83,174,211,109,194,187,181,132,97,71,63,130,78,156,187,100,428,417,434,322,252,175,142,309,177,383,426,250,413,401,409,296,219,144,113,283,148,356,409,220,392,379,377,264,183,113,90,252,119,323,383,187,362,349,337,227,147,93,82,223,102,285,350,156,327,313,291,192,122,90,79,196,95,244,310,134,286,273,240,162,112,85,75,171,91,204,266,120,241,229,200,146,106,81,71,149,87,175,223,111,202,195,177,134,100,76,67,133,82,156,191,103,179,173,160,123,93,71,63,121,77,142,171,96,428,417,434,321,252,174,141,309,176,382,426,249,413,401,409,294,217,142,112,282,145,355,408,218,391,379,376,262,179,110,87,250,115,321,382,184,362,349,336,225,139,93,82,221,100,282,349,153,327,313,290,186,117,90,79,193,95,238,310,131,286,273,239,148,111,85,75,168,91,200,266,114,241,227,186,138,106,81,71,145,87,168,218,108,196,187,165,129,100,76,67,129,82,148,183,101,172,167,152,120,93,71,63,118,77,137,164,95]}