{"c":"63251","n":"一宮","la":35.098333333333336,"lo":134.58333333333334,"e":195,"t":[2.3,2.8,6.2,12.0,16.7,20.7,24.5,25.5,21.6,15.3,9.5,4.5],"s":[4,8,1,0,0,0,0,0,0,0,0,3],"i":[444,434,449,362,319,237,196,345,218,413,442,306,433,425,446,369,339,260,218,352,237,416,434,323,413,408,434,369,351,276,235,353,250,409,419,332,388,383,415,361,356,287,246,346,258,396,395,335,354,352,387,346,352,290,252,332,261,374,364,329,316,315,351,324,340,288,252,312,258,344,328,317,274,275,310,296,321,278,247,286,250,309,286,298,229,231,264,262,296,263,236,254,236,268,241,273,184,187,215,225,264,241,220,220,217,224,195,243,444,434,449,362,318,236,195,344,217,413,442,305,433,425,446,368,336,258,216,352,235,415,434,321,413,408,434,368,347,274,231,351,248,409,419,330,388,384,416,360,351,283,243,344,254,395,396,331,356,353,388,344,346,287,248,330,258,373,366,326,318,317,353,323,334,283,248,310,254,344,329,313,277,277,313,294,314,274,242,284,245,309,289,294,234,235,268,261,288,258,231,254,231,269,246,269,191,193,221,225,256,236,215,220,212,225,202,239,444,434,448,360,315,234,192,343,215,412,442,303,433,425,445,365,330,252,211,348,229,413,434,316,415,409,434,363,339,266,224,347,241,405,419,323,390,385,415,354,340,273,233,339,246,392,397,323,360,356,389,338,334,274,237,325,247,370,368,316,324,322,356,317,320,269,235,305,242,342,334,302,286,285,318,290,300,259,227,280,231,309,296,283,246,246,277,258,275,242,216,250,218,271,256,258,206,206,234,223,244,220,199,219,199,231,216,229,443,434,447,357,310,229,188,340,211,409,441,299,433,424,443,360,321,243,202,343,223,409,433,308,416,409,432,356,326,252,212,340,229,401,419,312,392,386,413,346,325,257,218,331,233,386,397,309,363,359,388,330,317,256,219,317,231,365,370,301,331,327,357,308,302,249,215,297,224,338,338,286,294,292,321,283,282,237,206,272,213,307,303,267,258,256,284,252,257,220,194,245,199,272,266,243,221,220,245,221,227,199,177,215,180,236,229,216,443,433,444,353,304,223,183,337,206,405,440,294,433,424,438,353,310,231,192,337,213,403,432,298,416,407,426,347,311,237,197,331,216,394,417,298,394,386,409,336,306,237,199,321,216,378,396,293,366,360,384,319,295,231,197,305,212,357,370,282,335,329,355,298,280,224,191,285,202,331,340,267,302,298,323,273,259,211,182,262,192,302,307,248,267,264,287,245,237,195,169,236,177,269,273,225,231,229,252,216,210,176,154,209,160,237,238,200,443,432,442,349,297,216,176,332,200,403,438,287,432,422,434,345,297,219,180,329,202,397,430,287,415,405,421,336,292,218,180,320,200,385,413,282,393,384,401,322,283,215,178,308,197,367,393,273,367,359,377,305,271,206,173,291,190,346,368,261,337,330,350,283,254,197,166,271,181,321,339,245,305,298,318,259,235,185,156,249,168,292,307,225,272,267,286,234,213,169,144,225,155,263,275,204,239,235,252,206,191,152,131,199,140,231,242,183,442,430,438,344,290,208,169,328,194,399,437,281,430,420,429,336,283,204,166,320,190,389,426,275,413,403,413,324,272,199,162,308,185,374,409,265,391,381,391,307,260,190,156,293,177,355,388,252,365,355,366,288,244,181,149,275,168,332,362,238,335,327,339,267,227,169,140,254,158,307,334,221,304,297,309,243,209,157,131,233,146,280,303,202,272,265,278,219,189,143,119,210,133,250,272,184,241,235,248,195,169,129,109,187,121,224,241,164,442,430,436,340,282,200,163,323,188,395,436,274,429,418,422,327,268,190,154,311,178,381,423,262,411,399,403,310,252,179,144,295,168,362,404,247,387,376,379,291,235,167,135,277,157,340,381,231,359,349,352,269,217,155,126,257,147,315,353,214,329,320,324,247,200,144,115,236,135,289,324,197,298,290,295,225,181,131,108,215,125,263,294,179,266,259,265,202,164,120,98,194,113,236,264,162,237,229,235,179,146,108,90,173,103,210,234,144,441,429,433,335,275,194,156,319,182,391,434,268,428,416,416,318,254,176,141,302,167,373,420,250,407,395,392,297,231,159,127,283,152,350,398,229,381,369,365,273,211,144,115,261,139,324,372,209,351,340,335,250,190,131,105,239,127,296,342,190,320,309,304,227,172,120,96,217,115,269,311,173,288,279,275,204,156,109,89,196,107,242,280,156,257,249,247,183,140,100,81,176,97,217,250,141,227,220,220,164,126,90,75,158,89,193,222,126,441,428,430,331,269,187,150,315,176,388,433,263,426,413,409,310,242,164,130,294,157,366,417,239,404,391,383,284,214,142,112,271,138,339,393,213,376,363,351,256,187,124,98,246,122,308,363,189,342,330,316,229,165,110,89,221,110,276,329,168,307,296,282,204,147,100,82,198,101,246,295,150,273,263,250,183,132,92,76,178,93,220,263,136,242,234,224,164,120,84,70,160,86,196,233,123,214,206,199,147,109,78,65,143,80,175,206,111,440,428,428,329,264,183,146,312,172,385,432,258,426,412,405,304,231,154,121,288,148,361,415,229,403,389,375,273,198,127,99,261,126,330,389,199,373,358,338,241,166,106,85,233,109,294,356,171,336,322,298,210,142,94,79,206,98,258,318,148,295,282,258,183,125,88,75,182,92,224,279,132,256,246,225,163,113,82,70,161,86,196,242,120,224,215,200,147,105,77,66,145,81,174,213,110,197,190,179,133,97,72,62,130,75,157,189,101,440,428,426,327,261,179,143,310,170,384,432,256,425,412,403,300,225,147,113,284,143,358,413,224,403,388,371,267,186,114,89,254,117,324,387,190,372,357,332,231,149,94,81,225,101,286,354,158,335,320,287,193,122,90,78,197,94,244,314,135,292,278,238,163,112,86,75,171,90,206,270,120,246,231,198,146,106,81,70,149,85,175,225,111,206,197,176,134,100,76,66,133,80,156,193,103,181,174,159,124,94,71,62,121,75,142,172,96,440,428,426,326,260,178,141,310,169,383,432,254,425,412,403,298,223,144,112,283,141,356,413,222,401,388,371,265,182,111,86,252,112,323,387,186,372,357,331,227,140,93,81,222,99,283,354,153,335,320,286,187,115,90,78,194,94,239,314,131,292,278,237,147,111,86,75,169,90,200,269,114,246,231,186,138,105,81,70,146,85,168,221,108,199,190,165,129,100,76,66,129,80,149,184,102,174,168,151,120,94,71,62,118,75,137,165,95]}