{"c":"63411","n":"三田","la":34.89333333333333,"lo":135.21166666666667,"e":150,"t":[2.3,2.9,6.5,12.4,17.2,21.4,25.2,26.2,22.1,15.6,9.7,4.4],"s":[0,1,0,0,0,0,0,0,0,0,0,0],"i":[438,448,486,384,341,265,235,368,257,428,457,330,426,438,483,393,365,294,267,379,285,432,449,351,409,420,471,394,380,316,293,382,307,426,433,363,382,394,449,386,386,331,312,377,321,412,408,368,349,360,417,370,383,338,323,364,328,388,375,364,311,322,377,346,371,336,326,343,327,358,337,351,269,279,331,316,351,327,321,316,318,320,293,331,225,231,279,279,323,309,308,282,302,277,245,304,181,186,224,238,288,284,287,244,278,231,197,270,438,448,484,384,340,264,234,367,256,428,457,329,428,438,483,392,362,292,265,378,283,430,450,349,409,420,470,392,375,314,290,380,304,425,433,360,383,394,449,384,380,328,308,375,317,409,409,364,351,362,418,368,376,334,318,362,323,388,377,359,314,324,379,345,364,332,320,341,321,357,339,347,273,282,335,315,343,321,315,314,312,321,296,326,229,238,284,278,315,304,301,281,295,279,250,299,188,193,231,238,280,279,281,244,272,234,204,266,438,447,484,382,336,261,229,365,252,426,457,326,428,438,482,388,354,286,258,374,276,428,449,343,409,421,471,388,365,304,279,375,294,422,434,352,385,396,449,379,368,315,294,369,304,407,409,354,355,366,421,362,363,319,301,355,308,385,381,348,320,330,385,339,348,315,301,335,304,356,345,334,282,291,343,310,327,303,294,308,294,321,305,313,242,250,297,276,300,285,280,277,276,282,263,287,202,209,250,238,265,259,259,242,252,241,221,254,438,447,483,378,330,254,224,362,247,424,455,321,428,437,480,383,344,275,245,368,265,424,448,334,411,421,468,380,351,288,262,367,278,416,433,339,388,398,448,370,350,294,272,359,285,401,411,338,359,369,421,353,343,295,276,344,285,379,383,330,327,336,388,330,328,289,273,324,279,352,350,315,290,300,348,303,306,276,264,298,267,319,313,295,254,262,308,270,280,257,249,269,249,283,274,269,218,225,265,237,248,234,229,237,227,246,236,239,438,447,480,374,323,248,216,357,239,420,455,315,428,437,476,375,331,260,231,360,252,417,447,322,411,420,463,369,333,268,241,355,259,408,432,323,389,398,444,358,329,270,245,346,261,392,411,319,362,371,418,340,318,266,245,330,258,371,384,308,331,340,386,318,303,258,240,310,249,344,352,293,298,306,352,292,281,245,229,286,237,314,319,273,264,271,313,262,256,225,214,258,220,280,283,248,229,236,274,231,227,206,196,227,199,246,246,222,438,446,478,369,315,239,206,352,231,416,454,308,426,436,471,366,316,244,213,350,236,409,444,308,409,419,455,357,312,244,216,342,237,398,428,304,389,397,434,342,303,242,216,329,234,381,407,296,363,371,411,325,290,235,211,313,227,359,381,283,333,341,381,302,273,225,204,292,217,333,352,267,301,308,347,277,254,211,193,269,204,304,319,247,269,276,313,250,229,194,179,243,188,274,286,225,237,242,276,221,206,176,163,216,170,241,252,200,437,445,474,364,307,229,197,346,222,412,451,300,426,434,463,355,300,225,194,339,218,401,441,294,409,416,447,342,289,220,191,327,213,386,424,284,387,393,425,325,276,212,185,311,204,367,401,271,361,367,398,305,260,202,177,292,195,344,375,256,331,338,369,283,242,190,168,272,184,317,346,238,300,306,337,259,223,177,157,249,171,290,315,220,269,274,303,233,202,162,144,225,157,261,282,199,238,243,271,208,180,146,132,200,142,231,250,178,437,444,471,358,298,219,187,341,213,407,450,292,425,430,455,344,283,206,176,327,200,393,437,278,405,412,436,327,265,195,164,311,189,373,418,262,383,388,409,306,247,182,154,291,176,350,394,245,355,360,381,284,229,169,144,271,165,325,365,227,326,330,351,260,210,157,133,249,152,298,336,209,295,299,320,237,191,144,124,227,140,271,305,191,264,268,288,214,173,132,112,204,127,243,273,173,234,237,257,190,154,119,103,182,115,217,243,154,436,443,467,353,290,210,178,335,204,403,449,284,423,429,449,334,267,190,158,316,184,384,434,263,403,408,423,311,242,170,140,294,166,360,411,241,377,381,393,286,219,153,126,271,149,332,384,219,348,351,360,261,197,138,113,248,135,304,353,199,316,319,328,236,177,126,103,225,123,275,321,180,285,287,296,213,161,114,96,202,112,248,289,163,254,256,266,191,145,105,87,183,103,222,259,147,225,227,238,171,130,95,80,163,94,198,229,132,436,442,463,349,283,202,169,330,196,400,447,278,422,426,441,325,252,174,142,306,169,376,430,250,400,403,411,296,221,148,118,279,144,347,405,221,372,374,376,266,192,127,100,252,124,314,374,195,339,339,338,236,167,111,89,225,110,281,339,172,304,304,300,210,148,100,81,200,100,250,303,153,271,270,267,188,133,92,75,180,92,223,269,137,240,240,238,168,120,85,70,162,85,199,239,124,212,212,213,151,110,78,65,145,78,177,212,112,436,442,462,345,277,196,163,327,190,397,446,273,421,426,436,317,240,161,128,298,157,370,428,239,399,401,401,283,202,128,98,267,126,337,400,204,369,369,361,247,167,103,80,235,103,299,366,172,332,330,315,213,139,90,72,206,91,260,326,147,292,289,271,184,122,83,69,181,85,225,284,130,252,250,236,163,111,78,66,160,80,197,246,118,222,219,208,147,103,74,62,143,75,174,216,108,195,193,186,133,95,70,59,130,71,157,192,100,434,442,461,343,273,192,158,324,186,395,446,269,421,425,433,312,231,152,118,293,148,366,426,231,398,400,397,275,188,112,84,258,112,330,399,192,368,368,353,235,146,86,74,225,92,289,363,156,331,329,302,193,115,83,71,195,85,245,321,131,290,284,246,160,105,80,69,169,81,204,273,114,243,236,202,142,100,77,66,146,77,173,227,106,202,199,178,131,95,73,62,130,73,154,193,100,179,176,162,122,90,69,59,119,69,140,172,94,434,442,459,342,273,190,156,323,185,394,446,268,421,425,433,311,229,148,114,291,145,365,426,229,398,400,396,273,183,107,80,254,107,328,398,188,368,368,352,231,135,86,74,222,89,286,362,151,331,329,301,185,108,83,71,192,85,238,320,125,289,284,245,141,104,80,69,165,81,198,273,108,243,235,186,132,100,77,66,142,77,165,221,103,196,190,164,124,95,73,62,125,73,145,184,97,172,169,151,117,90,69,59,114,69,134,164,92]}