{"c":"63461","n":"三木","la":34.776666666666664,"lo":135.01333333333332,"e":145,"t":[3.5,4.0,7.3,13.1,17.7,21.6,25.4,26.6,22.8,16.7,11.1,6.0],"s":[0,0,0,0,0,0,0,0,0,0,0,0],"i":[449,474,508,394,346,284,254,383,275,440,476,341,437,462,505,404,370,316,292,396,308,444,468,363,418,443,492,405,386,342,322,400,333,438,451,377,390,415,469,397,392,359,344,395,350,423,425,383,356,378,434,381,389,367,358,381,358,399,390,379,317,337,392,356,378,366,362,360,358,367,349,367,274,290,343,325,357,356,357,331,349,328,302,346,227,240,289,287,328,337,343,296,331,284,252,317,182,190,229,243,293,311,321,256,305,235,200,282,449,474,508,394,345,283,254,383,274,440,476,340,438,463,505,403,367,314,289,394,305,443,469,361,418,443,492,403,381,339,318,398,329,437,451,374,391,416,469,395,386,355,339,393,345,422,425,379,358,380,437,379,382,362,352,379,352,398,392,374,319,339,395,354,370,361,355,358,351,367,351,362,277,294,348,323,348,350,350,329,342,329,306,341,233,246,294,286,320,331,336,295,324,285,258,312,189,199,239,244,284,304,313,256,298,238,209,277,449,474,507,392,341,279,249,380,270,438,476,337,438,463,504,399,360,307,281,390,297,440,468,355,419,445,492,398,371,328,306,392,317,434,451,366,394,418,470,389,374,340,323,386,330,418,426,368,363,385,440,372,368,345,333,372,335,396,396,362,326,346,401,349,354,342,334,351,332,366,358,348,287,305,357,319,332,330,327,323,321,329,316,327,246,261,309,283,304,310,311,290,302,289,272,299,206,217,259,244,269,282,288,254,276,246,227,265,449,473,505,388,335,272,242,377,264,436,476,332,438,463,501,393,350,294,267,383,285,436,467,346,421,445,488,390,356,309,286,383,300,428,451,352,396,421,469,380,356,318,299,375,308,413,429,351,367,389,440,363,348,319,304,361,309,390,399,343,334,354,405,339,333,313,302,340,304,362,365,328,296,315,364,311,311,299,292,313,291,328,325,307,259,275,321,278,284,279,275,282,272,291,285,280,222,235,276,243,252,254,254,248,248,252,244,250,449,473,503,384,328,264,233,372,254,432,475,325,438,462,498,385,336,278,250,375,270,429,466,333,421,445,484,379,338,287,262,371,278,420,450,335,398,421,465,367,334,290,268,361,281,404,428,330,370,393,438,350,322,287,269,345,279,382,400,320,338,359,404,327,307,279,264,324,270,354,367,304,305,324,368,300,285,265,252,299,257,323,332,283,269,286,327,270,260,245,237,270,239,288,294,258,234,248,287,238,231,223,217,239,216,252,256,231,448,472,499,379,320,254,223,366,246,428,473,317,437,461,492,375,320,260,229,364,252,422,463,318,420,443,478,366,317,261,234,356,252,409,447,315,398,420,455,351,307,259,235,343,250,392,425,306,371,392,430,333,295,252,229,326,244,369,398,293,341,361,399,310,277,241,223,305,234,343,367,276,308,326,364,285,257,227,211,280,220,313,333,256,275,292,328,257,233,209,196,254,202,282,298,233,242,256,290,227,209,190,179,225,184,248,263,209,448,471,496,373,311,243,211,360,236,424,471,309,436,459,484,364,304,240,209,352,231,413,459,302,418,440,467,351,293,234,204,340,227,397,442,292,396,416,444,334,280,225,199,323,219,377,419,280,369,388,417,313,263,215,191,304,209,353,391,264,340,358,387,290,246,202,181,283,197,327,361,246,307,324,353,265,225,189,171,259,183,298,328,227,276,290,318,239,204,173,156,234,168,268,295,206,244,258,284,213,183,157,143,209,152,239,262,184,447,470,492,367,302,231,200,354,225,419,470,300,434,455,476,353,287,219,188,340,213,404,455,286,416,436,455,335,269,206,175,322,199,384,436,270,392,409,429,314,250,192,164,302,186,360,409,252,364,381,398,291,231,178,154,281,174,334,381,234,334,349,367,266,213,166,142,258,160,306,350,215,302,317,335,243,193,152,132,235,148,278,318,196,270,283,302,219,175,139,121,212,135,250,285,178,240,250,269,194,156,125,111,189,123,223,252,159,447,469,488,362,294,222,189,348,215,415,468,292,434,454,468,342,270,199,167,328,194,395,451,270,413,430,441,318,245,178,148,305,173,370,428,247,386,401,409,292,221,159,131,280,155,341,399,224,356,370,375,266,199,144,119,256,141,312,367,202,324,336,342,241,179,131,108,231,128,282,334,184,292,303,309,217,162,119,100,210,117,254,301,166,260,270,278,195,146,109,91,188,106,227,269,150,229,239,248,175,131,99,84,169,98,202,239,135,446,468,484,357,286,213,179,342,206,411,466,286,432,451,461,332,254,181,148,317,177,387,448,256,409,426,429,303,223,153,122,288,149,356,422,225,381,394,391,271,193,130,102,259,127,322,389,198,347,357,351,241,169,112,90,231,112,288,352,174,311,320,312,214,149,102,81,206,101,256,314,155,276,284,277,191,134,93,76,185,93,227,279,139,245,250,246,171,121,86,71,166,86,202,248,126,216,222,220,153,110,80,66,149,80,181,220,114,446,468,482,354,281,206,172,338,200,408,465,280,432,450,455,324,242,167,133,308,162,380,446,244,408,424,418,289,202,131,99,275,128,346,417,208,377,389,374,252,168,103,78,241,103,306,380,174,340,347,326,216,140,89,70,211,90,266,338,148,298,302,280,187,122,82,67,184,84,229,293,130,258,261,242,165,111,77,65,163,79,200,254,118,225,227,214,149,103,74,62,146,75,177,222,108,199,200,191,135,96,70,59,132,70,159,197,100,446,467,480,351,277,200,167,336,195,405,465,277,430,450,451,319,235,156,122,302,152,376,444,237,408,423,413,281,190,112,83,265,112,339,415,195,377,388,366,239,146,84,71,229,90,296,377,156,339,346,312,195,115,81,69,199,83,250,332,131,296,297,252,161,105,79,67,171,80,208,282,114,248,244,204,143,100,75,64,147,76,175,231,106,206,204,180,131,95,72,62,131,73,155,197,100,181,180,164,122,90,69,59,120,69,142,175,94,446,467,480,350,276,200,164,335,193,405,465,275,430,450,451,317,231,153,118,300,149,375,444,234,408,423,412,279,184,107,78,262,107,337,413,190,377,388,365,235,135,84,71,227,87,293,376,151,339,346,311,187,108,81,69,196,83,243,332,125,295,297,250,141,104,79,67,167,80,200,281,108,247,244,188,132,100,75,64,143,76,166,227,102,199,195,165,124,95,72,62,125,73,146,186,97,174,173,152,117,90,69,59,115,69,135,166,92]}