{"c":"63496","n":"明石","la":34.68666666666667,"lo":134.87666666666667,"e":3,"t":[4.8,5.1,8.0,13.3,17.9,21.8,25.8,27.3,23.8,17.9,12.4,7.2],"s":[0,0,0,0,0,0,0,0,0,0,0,0],"i":[448,484,529,412,357,282,257,393,284,450,487,350,436,473,527,422,382,315,294,405,317,455,479,373,417,453,513,424,399,340,324,409,344,450,461,387,390,423,488,416,405,356,347,405,362,434,434,392,355,386,453,399,403,364,360,392,371,409,398,389,316,342,408,373,391,363,365,370,370,378,355,376,273,294,356,340,370,353,360,340,361,338,308,354,227,243,298,300,340,334,346,304,343,292,256,325,181,192,235,254,303,308,323,263,316,243,202,288,448,484,529,411,355,281,254,392,282,450,487,349,437,473,527,421,379,313,292,405,315,454,479,371,417,453,513,422,394,337,321,408,340,448,461,384,390,424,488,413,399,352,342,403,357,433,434,388,357,388,455,397,396,360,354,390,365,409,400,384,319,346,411,371,383,358,358,367,364,377,358,371,277,299,361,338,361,347,352,338,354,338,312,349,231,250,304,299,331,329,338,303,335,294,262,319,189,200,246,254,294,302,315,262,309,246,212,284,448,484,529,409,351,277,250,390,278,448,487,346,437,474,525,417,371,305,283,400,307,450,479,364,419,454,514,417,383,326,308,401,328,444,462,375,393,426,490,408,386,338,325,396,341,429,437,377,362,393,459,390,381,343,335,382,346,405,405,371,325,353,418,365,366,339,336,360,343,376,365,357,286,310,372,334,344,327,329,332,332,339,323,335,245,265,320,296,315,307,313,298,312,297,277,306,204,220,268,256,279,280,290,260,286,252,231,271,448,484,527,405,345,271,244,386,271,445,486,340,437,473,524,411,360,293,269,393,294,446,478,354,420,455,511,408,367,307,288,393,310,438,462,361,396,430,490,398,367,316,301,385,319,423,438,360,366,398,459,380,360,317,306,370,320,400,408,352,333,362,423,355,344,311,304,349,314,371,373,337,296,322,380,326,321,297,294,321,301,337,332,315,258,280,335,291,294,277,277,290,281,299,291,287,221,239,287,254,260,252,254,254,256,259,249,254,448,484,524,400,338,263,235,381,263,441,484,334,437,473,519,401,346,277,252,384,278,438,476,342,420,455,505,396,348,286,264,380,287,429,459,343,398,430,484,384,344,288,269,370,290,413,438,339,369,401,457,366,333,285,271,354,288,391,409,328,338,367,422,342,317,277,265,333,279,363,376,312,304,331,385,314,294,263,254,307,265,331,340,290,269,292,342,283,269,243,238,277,247,296,301,265,233,252,299,249,239,221,218,246,224,260,262,236,448,483,521,395,329,252,224,375,252,437,484,325,437,472,513,391,329,259,231,373,259,430,474,326,419,453,498,382,326,260,236,365,261,418,457,323,397,430,476,367,317,258,236,352,259,400,434,314,371,401,449,348,304,250,231,334,252,378,407,301,340,369,417,325,286,240,224,313,242,351,375,283,308,334,380,298,265,225,213,288,227,320,340,263,275,298,343,269,240,206,197,261,210,288,305,239,242,262,303,238,215,189,180,231,190,254,269,214,447,482,517,389,320,242,213,368,242,432,482,317,436,470,505,379,312,239,210,360,238,422,470,310,418,450,488,366,301,233,206,348,233,405,451,300,395,426,463,348,288,224,200,331,225,385,428,287,369,397,434,326,271,215,193,312,215,361,400,270,339,366,404,303,252,200,183,290,202,333,370,252,307,332,369,277,231,188,172,265,189,304,336,233,275,297,332,250,210,172,157,240,173,274,302,211,244,263,297,223,188,156,144,215,157,244,268,189,446,480,513,383,310,231,200,362,231,426,480,308,434,467,497,367,294,219,189,347,218,412,466,293,415,446,474,348,275,204,176,329,204,391,445,276,391,420,447,326,256,192,165,309,191,366,419,258,363,390,415,302,237,177,154,287,178,340,389,239,333,357,383,277,218,165,143,263,164,312,358,220,302,324,349,252,198,152,133,240,152,283,325,200,270,290,315,227,179,139,121,217,138,254,292,182,239,257,280,202,159,125,111,194,126,227,259,162,446,480,509,377,301,221,191,355,221,422,478,300,433,463,488,355,276,199,168,335,199,401,462,277,412,441,459,330,250,177,149,311,177,376,438,252,386,412,426,303,225,159,132,286,159,347,408,229,355,378,391,276,202,144,119,261,144,316,375,208,323,344,355,250,182,131,108,236,130,286,341,188,291,309,321,225,165,119,100,213,119,258,307,170,260,276,289,200,149,109,91,192,109,231,275,153,229,244,258,181,134,99,84,172,100,206,244,138,446,479,505,371,294,213,181,350,212,418,476,292,432,462,479,345,261,181,149,323,181,393,458,262,409,436,446,313,227,153,122,294,152,361,430,231,380,403,405,280,196,130,102,264,129,327,396,202,346,365,364,248,171,113,90,235,112,292,358,177,310,326,323,220,150,102,81,210,102,259,320,158,276,289,286,196,135,93,76,187,93,229,284,141,244,256,254,176,122,86,71,168,86,204,252,128,216,225,227,158,111,80,67,151,81,183,223,115,446,479,501,368,287,206,173,346,204,415,475,287,430,461,473,336,247,167,134,314,166,386,455,250,408,433,434,299,206,131,100,279,130,350,425,212,377,397,388,259,169,104,78,244,104,309,387,177,340,354,336,221,140,89,70,213,90,268,343,150,298,308,288,190,122,82,67,186,83,229,298,132,258,265,248,168,111,78,65,164,79,200,257,119,225,231,219,151,103,74,62,147,75,178,225,109,198,204,196,137,96,70,59,133,71,160,199,101,445,478,501,365,284,200,168,343,200,413,475,283,430,459,470,331,240,157,122,308,155,382,454,242,407,433,429,290,192,113,83,269,113,343,423,199,377,396,379,244,147,85,71,233,90,298,384,159,339,353,321,198,114,82,69,200,82,250,338,131,295,303,258,162,104,79,67,172,79,208,285,114,248,248,208,143,99,76,65,148,76,175,234,106,206,206,182,132,94,72,62,131,72,155,198,100,181,182,166,123,90,69,59,120,69,142,176,94,445,478,501,364,283,199,166,342,198,413,475,282,430,459,470,329,236,153,118,306,151,381,453,239,407,433,428,287,186,108,78,266,108,341,423,194,376,396,378,240,135,84,71,229,86,294,384,153,338,353,320,189,106,82,69,197,82,243,337,126,295,303,256,140,103,79,67,168,79,200,285,107,247,248,190,131,99,76,65,143,76,166,229,102,199,197,166,124,94,72,62,125,72,145,187,97,174,174,153,117,90,69,59,115,69,135,167,92]}