{"c":"63551","n":"郡家","la":34.46666666666667,"lo":134.84833333333333,"e":5,"t":[5.6,5.6,8.4,13.6,18.2,22.2,26.2,27.4,23.9,18.2,13.0,8.2],"s":[0,0,0,0,0,0,0,0,0,0,0,0],"i":[470,515,546,425,363,282,250,405,287,471,509,357,457,501,543,436,389,314,285,419,320,476,501,380,436,480,529,438,405,338,313,423,346,471,482,394,407,448,503,429,413,355,334,417,364,455,451,399,369,405,465,412,411,362,346,403,372,429,413,395,328,359,418,385,399,361,350,379,372,394,368,382,281,307,364,350,377,351,344,348,362,352,317,360,231,250,304,308,347,332,330,310,343,304,262,329,183,195,239,261,309,305,308,266,316,250,206,292,470,515,546,424,362,281,248,405,285,470,509,356,458,503,543,434,386,312,282,418,317,475,501,377,437,480,528,434,401,336,310,421,342,469,482,391,408,449,504,426,407,351,329,415,359,453,453,395,372,409,468,409,404,358,340,400,366,428,416,390,331,363,422,383,390,356,343,377,365,394,372,377,285,312,370,349,368,345,337,346,355,353,322,354,238,259,311,308,337,326,323,309,336,306,269,324,192,204,250,262,299,299,301,267,309,254,216,287,470,515,545,422,357,277,244,403,281,468,509,352,459,503,542,430,378,305,274,413,309,471,501,371,438,482,529,430,390,325,298,415,330,465,483,382,411,451,505,421,394,337,314,408,343,449,455,384,377,416,472,401,388,341,322,393,348,425,422,377,338,372,430,377,373,337,323,370,345,393,380,363,297,326,382,344,350,325,315,340,333,354,335,340,252,277,329,306,321,305,300,305,313,310,286,310,211,229,275,263,284,278,277,265,286,264,238,275,471,515,543,418,351,271,238,399,274,466,509,347,459,503,540,424,367,292,261,405,296,466,501,361,440,484,527,421,374,307,279,405,312,459,484,367,413,455,505,411,374,315,290,397,321,443,459,367,383,422,474,393,367,316,295,381,322,419,426,358,348,383,436,367,350,309,292,359,315,389,389,342,308,340,391,337,327,295,282,330,302,352,346,320,268,295,344,300,299,275,266,297,282,313,302,292,229,250,295,263,265,250,244,261,257,270,259,259,470,515,540,413,344,263,229,394,266,462,508,340,459,503,536,415,352,276,245,397,281,459,499,348,441,483,521,409,355,285,256,393,289,450,482,350,417,458,500,397,350,288,261,382,292,433,459,345,387,426,472,378,339,284,261,365,290,409,428,334,354,389,436,354,323,276,256,343,281,380,393,317,318,351,397,324,300,261,245,316,267,347,355,295,281,310,353,292,274,242,229,285,248,310,314,269,244,268,309,257,243,220,209,252,225,272,273,240,470,514,537,407,335,252,219,388,256,457,507,332,459,501,529,404,335,259,225,385,262,451,497,333,440,482,514,394,332,260,229,377,263,438,479,329,417,457,491,379,322,257,229,364,261,419,455,319,389,426,463,359,309,250,224,346,254,396,426,306,357,392,430,335,291,239,217,323,244,367,393,288,323,355,392,308,270,225,204,297,229,335,357,267,288,317,354,278,245,206,190,269,212,302,320,243,252,279,313,246,219,188,174,239,191,266,281,217,470,513,533,400,325,243,209,381,245,451,505,323,457,500,521,391,317,239,204,373,241,441,493,316,438,479,503,377,306,233,202,360,236,424,474,305,415,453,478,359,292,224,195,343,227,401,449,292,387,423,449,336,275,214,188,322,217,377,420,275,356,390,417,313,257,200,177,300,204,349,388,257,323,353,381,286,236,188,167,275,191,319,352,237,289,316,343,258,214,172,152,248,175,287,316,215,256,281,307,229,191,155,139,222,158,256,281,192,469,512,529,394,316,231,198,375,235,446,503,314,455,497,513,378,299,219,186,360,221,430,488,299,436,474,488,359,280,206,173,341,206,408,467,281,411,446,461,336,260,192,162,319,194,383,438,263,382,413,428,311,241,178,151,297,180,355,408,243,350,380,395,285,221,165,140,273,167,326,375,224,317,344,361,260,200,152,130,249,154,296,341,204,283,308,325,234,182,139,119,224,140,266,306,185,252,273,290,208,162,125,108,200,128,237,271,165,469,511,524,388,306,222,187,368,224,441,501,305,455,494,503,366,281,200,166,347,200,419,484,282,433,469,474,340,254,178,147,322,180,392,458,258,405,437,438,312,229,160,131,296,161,361,426,233,373,401,401,283,206,144,118,270,146,329,392,211,339,365,366,256,185,131,107,244,132,298,356,191,305,328,331,231,167,119,99,221,121,268,321,172,272,293,298,206,150,109,90,198,110,241,287,155,240,259,266,186,136,99,83,177,101,214,254,140,468,509,521,383,299,213,178,362,215,437,500,298,453,492,494,354,265,182,148,335,183,409,480,267,430,463,459,322,231,154,122,304,154,376,451,235,399,428,418,287,199,131,103,273,131,339,415,206,363,387,374,254,173,113,90,243,114,302,374,180,325,345,331,225,152,103,82,216,103,268,334,160,288,306,294,200,136,94,76,193,95,238,296,143,254,270,261,179,123,87,71,173,88,212,262,129,225,239,234,161,112,80,67,155,82,189,233,118,468,509,518,378,292,206,171,358,208,434,498,292,453,490,488,345,250,168,133,326,169,401,476,254,428,459,447,306,209,132,101,289,132,364,445,216,395,421,398,265,171,105,80,252,106,321,405,180,355,374,345,225,141,90,72,220,92,277,358,152,310,324,294,193,123,83,69,191,84,237,310,133,268,278,252,170,111,79,66,168,80,206,267,120,233,241,223,153,103,75,63,150,75,182,233,110,204,212,200,139,96,71,60,136,71,164,206,102,468,509,516,376,288,202,166,355,202,430,498,289,453,490,484,340,243,158,123,320,158,398,475,247,428,459,441,297,195,115,85,279,115,356,443,202,395,420,389,250,148,86,73,241,91,309,401,161,354,373,329,200,114,82,71,206,82,258,352,133,308,318,263,163,103,80,69,176,79,212,296,114,256,259,210,144,99,76,66,150,76,177,242,106,212,214,183,132,94,73,63,133,73,157,202,100,186,188,167,124,90,69,60,122,69,143,180,94,468,509,516,375,288,200,164,354,200,430,498,288,453,490,484,338,240,154,119,317,154,396,475,244,428,459,441,294,189,109,81,276,110,354,443,197,395,421,388,245,136,85,73,237,87,304,401,155,354,373,328,192,105,82,71,202,82,250,352,127,308,319,262,139,102,80,69,172,79,204,296,107,256,259,192,130,98,76,66,145,76,167,236,102,204,202,166,124,94,73,63,127,73,146,191,97,177,178,154,117,90,69,60,117,69,136,170,92]}