{"c":"64101","n":"大宇陀","la":34.48833333333334,"lo":135.93166666666667,"e":349,"t":[1.9,2.3,5.6,11.3,16.2,20.2,24.0,24.7,20.9,14.5,9.0,4.0],"s":[0,2,1,0,0,0,0,0,0,0,0,0],"i":[429,449,484,374,324,254,209,355,229,420,454,317,418,438,482,382,343,278,231,363,250,422,446,334,400,421,469,381,354,297,250,364,265,416,430,344,375,395,447,373,358,308,263,357,274,401,405,346,343,361,415,357,354,313,269,342,277,378,373,341,306,323,375,334,342,310,270,321,273,348,335,329,266,280,329,304,322,300,264,294,264,311,292,309,223,233,279,269,296,283,250,261,249,270,245,283,181,188,223,229,263,259,233,225,227,225,197,250,429,449,484,374,323,252,208,355,229,419,454,316,418,438,482,381,340,277,229,362,248,421,447,333,400,421,469,380,351,294,248,362,262,415,430,342,375,395,447,371,354,305,260,355,271,400,405,343,344,363,417,355,349,309,266,341,273,377,375,338,308,325,378,332,336,306,265,320,269,347,337,325,269,283,333,303,316,295,259,293,259,312,295,305,227,239,283,268,289,278,246,261,244,271,250,279,187,195,231,229,257,254,229,225,223,227,204,247,429,449,484,372,319,250,204,353,225,418,454,314,419,438,480,377,334,271,225,359,243,419,446,327,401,422,469,375,343,286,240,358,254,412,430,335,377,397,448,366,344,294,249,350,261,397,408,335,348,367,419,350,337,296,252,335,262,375,378,327,314,331,383,327,323,291,250,315,256,346,342,314,277,292,341,299,302,279,244,289,246,312,303,294,238,250,296,265,276,262,231,258,229,274,262,268,200,210,249,229,244,238,212,225,209,234,220,237,429,449,483,369,315,245,200,350,222,416,454,310,419,438,479,372,326,261,216,354,235,415,446,320,401,422,467,368,331,272,227,351,243,407,430,323,379,399,447,358,328,277,233,342,246,392,408,321,351,370,419,341,320,276,234,327,244,370,380,312,320,337,386,318,305,269,229,306,237,343,348,297,285,300,347,292,284,256,221,281,225,311,311,277,249,263,306,260,259,237,206,252,210,276,273,252,215,225,264,227,229,215,189,222,190,239,235,224,429,449,480,365,309,238,194,347,217,413,453,304,418,438,475,365,315,248,204,347,225,409,444,310,401,422,462,359,315,254,211,342,229,400,429,309,381,400,443,347,310,254,212,331,227,384,408,304,354,372,417,329,298,250,210,315,224,363,381,292,324,341,385,308,283,242,204,295,215,336,350,278,292,307,350,281,263,227,194,271,202,306,316,258,258,272,311,252,239,210,180,244,187,273,280,234,225,236,273,223,212,191,164,215,168,240,244,209,428,448,478,361,302,231,187,342,210,409,451,298,418,437,470,357,302,234,191,339,213,403,442,298,401,420,455,348,297,234,192,330,212,391,426,293,380,398,434,333,288,229,190,317,208,374,404,284,354,372,409,315,275,223,184,300,200,352,379,271,325,342,380,293,258,212,177,280,190,326,349,254,295,310,346,269,239,199,166,257,177,298,317,235,263,277,312,242,216,182,152,231,163,268,284,213,231,243,275,214,193,165,139,206,146,236,250,191,428,447,475,356,295,222,180,338,204,405,450,291,417,436,463,347,288,219,177,330,200,396,438,285,400,418,447,335,277,212,173,318,194,380,421,275,378,395,424,318,265,204,166,302,186,361,399,262,353,369,398,297,249,194,159,284,176,338,373,247,324,339,369,276,231,182,149,263,165,312,344,229,293,308,337,252,212,169,139,240,153,285,313,211,263,275,303,227,192,154,127,217,139,256,281,191,233,244,271,202,172,139,114,193,125,227,249,171,426,446,471,351,287,214,173,333,197,401,448,284,416,433,457,338,274,202,163,320,187,388,434,271,398,413,436,320,257,191,153,304,176,369,416,256,375,390,411,300,240,178,143,285,165,346,392,240,348,362,382,278,222,165,133,265,153,321,364,222,319,332,352,254,204,153,123,244,141,295,334,204,289,301,321,231,185,140,113,222,130,267,303,186,258,269,289,209,168,128,103,200,117,240,272,168,229,239,257,186,149,114,94,178,106,214,242,150,426,445,468,346,280,206,165,328,191,398,446,277,413,430,450,328,260,187,149,311,175,380,432,258,395,409,424,306,238,169,135,291,159,356,409,238,370,383,394,282,216,153,122,268,144,330,382,217,341,353,362,258,195,139,110,246,131,302,352,197,311,321,329,234,176,126,101,223,120,274,320,179,280,289,298,210,160,114,93,202,110,247,289,162,249,258,268,189,144,105,84,181,100,221,258,146,221,227,239,169,129,95,77,162,90,197,229,131,426,444,465,342,274,199,159,324,185,394,445,272,413,429,443,320,247,174,137,303,163,373,428,247,392,405,413,293,219,150,118,278,143,345,404,221,365,376,378,264,193,130,102,252,126,314,373,196,334,342,340,236,170,114,92,227,112,281,339,174,300,307,303,210,151,104,84,202,102,250,303,155,267,273,270,188,136,95,78,182,94,224,270,140,237,242,240,169,123,88,72,163,86,199,240,126,209,214,215,151,112,81,67,146,80,178,212,114,426,444,463,339,269,194,154,321,180,392,444,267,413,428,438,313,237,162,127,296,154,367,426,237,391,404,404,282,202,133,103,268,129,336,400,206,363,372,364,248,172,110,87,238,110,300,366,176,328,334,319,215,146,96,80,210,99,263,327,152,289,292,275,187,129,89,76,185,92,227,286,135,252,254,239,166,118,84,71,164,86,200,248,123,220,222,211,150,109,79,67,147,80,177,218,112,194,196,189,135,100,74,62,132,74,159,193,103,426,444,461,337,266,190,151,319,177,390,444,265,412,428,434,309,231,154,120,292,148,364,425,231,391,403,399,275,192,120,92,261,119,330,398,196,362,371,356,237,154,95,82,229,102,291,363,162,327,332,306,197,126,91,79,200,94,249,322,138,287,288,252,165,114,87,76,174,89,210,275,122,243,240,206,147,109,82,71,151,84,178,229,112,202,202,182,135,102,78,67,135,79,158,196,105,179,178,165,125,96,73,62,122,73,144,174,98,426,443,461,336,266,189,149,318,176,390,443,264,412,426,434,307,227,151,117,290,146,363,425,229,390,403,398,273,188,114,89,258,115,329,397,192,362,371,355,233,145,94,82,227,99,289,362,158,327,332,305,191,119,91,79,198,94,244,321,134,286,288,250,148,113,87,76,171,89,204,275,115,242,239,192,138,108,82,71,147,84,171,224,110,197,193,168,129,102,78,67,130,79,151,186,103,172,171,154,121,96,73,62,119,73,139,166,97]}