{"c":"64181","n":"高知","la":33.56666666666667,"lo":133.54833333333335,"e":1,"t":[6.3,7.4,10.8,15.7,19.7,22.9,26.7,27.5,24.6,19.2,13.8,8.5],"s":[0,0,0,0,0,0,0,0,0,0,0,0],"i":[440,484,509,415,384,325,321,417,347,467,478,375,428,472,507,425,412,364,372,433,392,471,469,400,409,451,492,425,429,394,413,440,426,466,451,416,381,421,468,416,437,413,445,437,451,450,423,422,347,384,433,398,434,423,463,424,465,424,388,418,309,340,390,372,420,422,470,401,466,390,346,405,266,291,340,337,397,411,465,371,454,348,299,381,221,240,285,297,364,388,447,333,432,300,249,350,177,189,225,250,323,357,417,288,398,248,197,310,440,484,509,413,382,324,319,416,345,466,478,374,429,473,507,423,408,361,368,430,388,470,469,398,409,451,492,423,423,390,408,437,422,463,451,412,382,422,469,413,429,409,437,434,445,449,424,417,349,385,434,396,425,417,454,420,455,423,390,413,311,343,393,370,409,415,459,398,455,390,349,398,269,296,345,336,386,403,454,368,444,349,303,375,225,247,291,296,353,381,434,330,421,302,254,343,184,198,236,252,312,349,405,287,387,252,206,304,440,484,509,412,378,319,313,413,339,465,478,370,429,473,505,419,399,352,356,426,377,468,469,390,409,453,493,418,412,376,390,430,405,462,451,401,385,425,469,408,415,391,413,425,423,445,426,405,354,391,438,390,408,397,428,411,430,422,394,398,317,351,399,364,391,392,430,389,428,390,356,383,279,308,354,332,367,378,421,359,413,351,314,359,239,263,305,294,335,354,400,323,390,308,269,328,200,218,256,252,295,322,370,283,355,262,225,290,440,484,508,409,371,312,304,409,330,462,478,364,429,473,504,413,387,337,337,418,360,463,469,379,412,454,490,409,394,354,363,419,381,455,451,386,388,429,469,399,394,365,381,412,394,440,428,386,358,396,438,380,385,366,388,397,396,416,397,377,325,360,403,355,367,358,386,375,389,387,363,360,289,319,362,325,343,342,374,346,374,351,323,337,252,277,318,289,313,319,353,312,349,311,282,307,216,237,273,252,275,289,324,275,317,270,242,272,440,484,505,404,363,302,291,403,319,458,476,356,429,473,500,405,372,318,314,407,339,457,467,365,412,454,486,398,374,329,331,404,351,447,451,367,389,430,463,386,369,332,338,394,356,430,428,362,362,400,437,367,356,328,341,378,354,408,400,350,330,365,401,342,339,319,335,355,344,379,366,333,297,328,366,313,314,302,321,329,327,347,330,310,263,290,325,281,286,279,301,297,304,310,293,282,227,252,284,248,252,252,275,263,276,272,254,250,440,484,503,399,354,290,277,396,306,454,475,348,429,472,495,395,354,297,287,394,314,449,465,348,412,453,479,385,349,298,293,386,317,436,448,344,390,429,457,369,339,295,294,373,315,418,425,335,363,400,430,349,325,287,289,355,307,395,398,320,333,368,398,325,305,275,280,333,295,368,367,302,301,332,362,298,282,258,265,306,277,336,332,279,269,296,326,269,256,237,247,278,257,303,297,254,236,261,288,237,227,215,225,247,231,268,262,227,440,483,499,393,344,277,262,388,292,449,474,338,428,470,488,383,335,273,258,380,287,438,462,331,411,451,470,369,322,266,254,367,280,423,444,319,388,426,446,351,308,254,246,349,271,401,420,305,362,397,417,328,289,244,237,329,258,378,392,287,333,365,387,304,269,229,225,306,244,350,362,267,301,331,353,278,247,214,211,281,227,320,329,246,269,296,317,250,223,195,194,254,209,288,294,223,238,262,283,223,200,177,177,227,189,258,261,200,438,482,496,387,334,265,246,381,278,444,472,328,426,468,480,371,316,249,229,365,261,429,459,312,409,447,459,352,295,233,213,346,243,408,438,293,385,420,430,330,273,217,199,324,225,383,412,273,357,390,400,306,252,200,185,301,211,356,383,252,328,358,368,279,231,185,171,276,194,328,351,231,296,324,335,254,209,170,159,252,179,298,319,211,265,290,302,229,190,155,144,227,163,269,285,191,235,256,268,202,169,140,133,202,148,240,252,171,438,480,492,381,324,252,231,373,264,438,471,319,426,466,473,360,297,225,202,350,235,418,455,294,405,443,446,335,268,200,176,325,206,392,432,268,380,413,413,308,241,178,154,298,184,363,403,242,350,380,379,280,216,159,137,271,164,332,370,218,319,345,344,252,193,144,124,245,148,301,336,197,287,310,310,227,174,130,113,222,135,271,302,177,256,277,279,202,156,120,103,199,123,244,270,160,225,244,248,182,140,108,97,178,112,217,239,144,438,480,488,376,316,242,219,367,252,434,470,311,425,463,465,350,280,204,176,337,211,409,451,278,404,438,434,319,243,170,140,305,174,377,425,244,376,405,396,286,209,143,112,273,144,341,392,213,342,368,356,252,180,123,97,242,124,305,355,185,307,329,316,224,158,109,86,215,110,271,317,164,273,292,280,199,141,99,80,192,100,242,281,146,242,258,249,178,127,92,75,172,93,215,249,132,213,227,221,159,115,85,72,155,87,192,221,120,438,480,487,373,309,234,208,362,243,430,469,305,425,463,459,342,266,187,155,327,191,401,449,265,403,436,424,305,221,145,109,288,144,365,421,223,373,401,381,265,180,111,80,250,110,323,385,186,337,358,333,227,147,93,69,217,92,280,342,156,296,312,286,195,127,84,66,189,84,241,298,135,256,269,246,171,113,80,64,167,80,210,257,122,223,234,217,153,106,77,62,150,76,186,225,112,196,204,193,139,98,73,61,136,73,167,198,104,438,480,484,371,305,229,200,359,236,429,468,301,425,463,457,337,257,175,140,320,178,397,448,256,403,436,419,297,206,124,87,277,123,357,419,209,373,400,373,252,156,87,67,237,89,310,382,165,336,358,319,204,119,82,66,202,79,261,338,135,294,308,260,167,105,80,65,175,77,216,288,117,248,254,210,147,100,77,64,150,75,181,237,108,204,210,183,134,96,75,62,134,73,160,200,102,180,185,166,125,92,72,61,123,71,146,177,96,438,480,484,370,304,227,198,358,234,429,468,300,425,463,455,335,254,171,135,317,172,395,448,252,403,436,416,294,200,117,80,273,113,354,418,204,373,401,369,248,144,84,67,231,84,306,381,158,337,358,315,197,107,82,66,199,79,252,337,129,294,309,256,145,103,80,65,170,77,206,286,109,248,254,193,134,100,77,64,145,75,170,231,104,199,202,164,126,96,75,62,127,73,148,188,99,173,177,151,119,92,72,61,118,71,138,167,94]}