{"c":"65201","n":"川辺","la":33.89333333333333,"lo":135.21666666666667,"e":84,"t":[6.3,6.6,9.6,14.8,18.9,22.3,26.1,27.1,24.1,18.6,13.5,8.6],"s":[0,0,0,0,0,0,0,0,0,0,0,0],"i":[420,463,511,401,353,286,260,384,283,440,465,347,409,453,508,412,377,317,297,396,314,443,457,369,391,433,494,412,392,341,326,399,339,438,438,382,366,405,469,403,398,357,348,394,355,423,413,386,334,369,434,386,394,364,360,381,363,399,379,381,298,328,391,361,382,362,364,359,362,367,339,368,258,282,341,328,360,352,358,330,351,328,294,347,215,233,286,289,331,332,343,294,333,283,245,317,173,185,225,244,294,305,320,254,306,235,195,281,420,463,511,401,352,285,259,383,281,438,465,346,409,453,508,409,374,315,294,394,312,442,457,367,391,433,494,409,387,338,323,397,335,436,438,379,366,405,470,401,392,353,343,392,350,421,413,382,336,371,437,384,388,360,354,378,357,398,381,377,300,331,394,359,374,357,357,357,355,366,342,363,261,286,346,327,352,346,351,328,345,328,298,342,220,240,292,288,322,327,336,293,326,285,250,312,180,193,236,246,285,299,312,254,299,238,202,277,421,463,509,400,348,281,254,381,277,437,465,343,409,453,507,405,366,308,286,390,304,438,457,360,393,434,494,405,377,328,310,392,324,433,441,370,369,408,471,396,380,340,327,385,336,418,416,372,340,376,440,378,373,343,336,371,340,395,385,365,306,338,401,354,358,339,336,350,336,365,348,350,269,297,356,323,336,326,328,322,324,329,307,328,231,254,307,286,307,306,312,289,304,288,264,300,194,211,257,246,271,278,288,252,277,246,221,265,421,463,509,396,342,275,248,377,271,434,463,338,409,453,505,401,356,296,272,384,292,434,455,351,394,436,492,397,363,310,291,383,307,426,441,357,371,411,471,387,361,317,302,375,314,412,418,355,343,380,442,369,353,318,307,360,315,390,388,347,312,346,405,344,337,311,304,339,308,361,355,331,278,308,364,316,314,297,294,312,295,327,317,309,243,268,321,281,287,276,276,281,275,290,277,281,209,229,276,246,254,250,254,247,250,250,238,250,420,463,507,392,335,267,239,372,263,432,463,331,409,453,501,393,343,280,256,375,277,429,455,338,394,434,488,386,344,288,267,371,285,419,438,340,373,412,467,374,340,291,272,361,287,403,417,335,346,384,440,356,328,287,272,345,284,381,390,323,317,351,405,333,312,278,267,323,275,354,358,308,285,316,369,305,289,263,254,298,261,323,324,286,252,279,328,274,264,243,238,269,242,288,287,260,219,242,287,241,234,221,217,238,219,252,250,231,420,463,504,386,327,257,227,367,252,426,462,323,409,451,496,383,327,262,236,364,259,421,453,324,394,434,480,374,323,263,239,356,260,409,436,320,373,411,459,358,313,260,239,343,257,391,413,311,348,384,433,340,300,252,234,326,250,369,388,298,319,353,401,316,282,241,225,305,239,342,358,280,288,319,366,290,261,227,214,280,224,312,325,260,258,285,330,262,236,208,198,254,206,281,291,235,225,250,291,231,212,189,181,225,187,248,256,211,420,462,500,381,318,246,217,360,243,423,461,315,409,450,488,372,310,243,214,352,239,413,450,308,392,432,472,359,299,236,210,340,233,397,432,298,371,408,448,341,286,227,202,324,225,377,409,285,346,381,420,319,269,217,196,304,214,353,383,268,318,351,390,296,250,204,185,283,202,326,353,250,288,318,356,271,229,190,173,259,188,297,321,229,258,285,321,244,208,174,159,234,172,267,288,209,227,252,287,218,186,157,145,209,156,238,256,187,419,461,496,375,309,236,206,354,233,418,459,307,408,448,482,361,293,223,193,340,220,403,446,292,390,428,459,342,275,209,180,323,206,383,426,275,368,403,433,321,256,195,169,302,193,359,401,257,342,374,401,297,237,180,158,281,179,333,373,238,313,343,371,272,217,168,146,258,165,306,343,219,284,311,338,248,197,154,135,235,153,277,311,200,254,278,305,223,179,141,123,212,138,249,279,181,225,247,271,198,159,126,112,189,126,222,248,161,419,459,493,370,301,225,195,348,223,413,457,299,407,446,473,350,277,202,173,328,200,394,442,277,388,424,446,325,250,182,153,305,180,369,420,252,363,396,413,299,227,163,136,281,161,341,391,229,335,365,380,272,204,147,122,256,146,311,360,208,305,331,346,246,184,134,111,231,132,282,327,188,275,298,313,221,166,121,102,210,121,254,295,170,245,266,281,199,149,111,94,189,110,227,264,153,217,235,250,178,134,100,86,169,101,202,234,138,419,459,488,365,293,217,186,343,214,409,455,292,405,444,466,340,262,186,154,318,184,386,438,262,386,420,434,310,229,157,127,289,155,355,413,231,359,389,396,277,199,134,106,260,133,322,381,202,328,353,356,246,173,117,93,231,115,288,346,179,294,316,316,218,153,105,84,206,104,256,309,159,262,281,281,195,137,95,78,185,96,227,274,142,231,248,250,174,123,88,73,166,88,202,243,128,204,219,223,156,112,82,68,149,82,180,216,117,419,459,487,361,288,211,178,339,206,407,455,287,405,443,459,331,249,172,139,309,170,379,436,250,385,417,424,296,210,136,104,275,134,345,409,214,356,384,380,258,173,108,82,242,108,306,373,180,322,344,331,221,144,92,73,211,94,266,333,152,284,300,284,190,125,85,70,184,86,229,289,133,247,259,245,168,112,80,67,163,81,199,250,120,215,225,216,150,105,76,64,146,77,176,219,110,190,199,193,136,97,72,61,132,72,159,194,102,418,459,486,359,284,206,173,336,202,405,454,283,405,443,457,326,242,162,128,303,160,375,434,243,384,417,419,288,196,119,88,266,119,338,407,200,356,383,372,244,152,88,74,229,94,295,370,162,322,342,317,200,119,84,72,199,85,250,327,134,282,296,258,163,107,81,69,171,81,206,279,117,238,244,208,144,101,78,67,148,78,175,229,108,199,202,181,132,96,74,64,131,74,155,195,101,175,179,165,123,92,70,61,120,71,141,173,95,418,459,486,358,283,204,171,335,200,405,454,282,405,443,457,325,239,158,124,301,156,374,434,240,384,417,418,285,191,112,83,263,112,336,405,196,356,383,371,240,141,86,74,227,90,292,370,156,321,342,316,192,109,84,72,196,85,242,327,128,282,296,256,142,105,81,69,167,81,200,278,109,238,245,193,132,101,78,67,143,78,166,225,103,193,195,166,124,96,74,64,125,74,145,184,98,168,171,152,117,92,70,61,114,71,134,164,93]}