{"c":"65256","n":"栗栖川","la":33.791666666666664,"lo":135.51333333333332,"e":160,"t":[3.8,4.7,8.0,13.1,17.4,21.1,24.7,25.4,22.4,16.5,11.0,5.7],"s":[0,0,0,0,0,0,0,0,0,0,0,0],"i":[421,438,474,378,342,289,274,380,301,437,445,336,409,429,470,386,364,321,315,393,336,441,437,357,392,411,458,386,378,345,347,397,364,434,420,369,366,385,434,377,383,361,370,393,383,420,395,374,334,351,404,361,379,369,385,380,392,396,363,369,298,313,364,337,366,367,389,359,391,364,325,357,258,271,319,306,345,356,383,331,381,326,283,336,215,225,269,270,317,336,368,297,361,281,236,308,173,180,215,229,281,309,343,257,333,234,189,273,421,438,474,378,341,288,273,379,299,436,445,335,409,429,471,385,361,319,312,391,334,440,437,355,392,411,457,384,374,342,343,395,360,433,420,367,367,385,436,375,377,358,365,390,377,418,396,370,336,353,405,359,373,364,379,378,386,395,365,365,300,316,367,335,359,362,382,357,384,364,327,352,261,275,323,305,338,351,376,329,374,326,286,331,220,231,274,269,309,331,360,295,354,283,242,303,180,188,223,229,274,303,335,257,325,237,197,269,421,438,473,376,337,284,269,377,295,434,445,332,411,429,470,381,354,312,303,387,325,437,437,349,393,412,458,380,364,332,329,389,347,430,421,359,369,388,436,370,366,344,348,384,361,415,398,360,340,357,408,353,359,348,358,370,367,392,368,354,306,322,372,330,345,343,359,350,363,363,333,339,269,284,331,301,323,330,351,323,351,327,295,318,231,243,286,267,294,310,334,290,330,286,254,290,194,204,241,231,260,282,308,254,301,244,213,258,421,438,472,373,332,278,261,373,288,432,444,327,411,429,468,376,345,299,288,380,311,432,436,340,394,413,455,373,351,314,308,380,328,425,421,346,371,390,436,362,349,321,322,373,338,409,399,344,344,361,408,345,341,322,327,358,339,387,371,336,313,329,376,322,325,315,325,338,332,359,339,321,278,292,337,295,302,301,314,311,318,325,303,299,243,254,298,263,276,280,296,281,297,288,265,273,209,219,256,229,244,254,272,248,270,250,227,243,421,438,470,369,325,269,250,368,279,429,443,321,411,429,465,369,332,283,269,371,294,426,434,328,395,412,451,363,333,292,282,367,304,417,420,329,373,391,432,351,328,294,289,358,307,401,399,325,347,364,407,333,316,290,289,342,305,379,372,313,317,332,375,311,301,282,284,322,296,351,342,298,286,300,341,285,279,267,272,297,281,321,309,277,252,265,303,256,254,246,254,268,261,286,274,252,219,229,265,225,225,224,233,238,236,250,238,225,421,438,467,364,318,260,240,362,268,425,442,314,411,428,459,360,317,265,248,360,275,419,433,314,394,411,446,351,313,266,252,353,276,407,417,310,373,390,425,336,304,263,252,340,274,389,396,301,348,364,400,319,291,256,248,323,267,367,371,288,319,334,371,296,273,244,240,302,256,340,342,271,289,302,338,272,252,229,227,278,240,310,310,252,258,270,304,245,229,211,211,252,222,279,277,227,227,238,268,216,204,192,193,224,200,246,244,204,421,438,463,359,309,249,227,356,257,420,441,306,409,426,454,351,302,245,225,348,252,409,430,299,393,409,437,338,291,239,221,336,247,394,413,289,372,387,415,321,278,229,214,320,238,375,391,276,347,361,389,300,261,220,206,301,227,351,366,260,319,332,361,279,243,206,195,280,215,324,337,243,288,301,329,254,223,192,183,256,200,296,306,223,259,269,296,229,202,176,168,231,183,266,275,202,229,239,264,204,180,159,154,206,166,237,244,181,420,437,461,354,301,238,215,350,245,416,438,298,409,424,447,341,286,225,202,336,231,401,426,284,391,405,426,323,268,211,188,318,217,381,408,268,369,382,401,303,250,197,176,299,202,357,384,250,342,355,374,281,231,182,165,277,189,331,357,231,314,325,344,257,212,170,152,254,174,304,328,213,284,295,314,234,193,155,142,231,161,276,298,194,254,263,282,211,174,142,129,209,146,248,267,176,225,234,250,187,155,128,118,187,133,221,237,157,420,436,458,349,293,227,204,344,234,412,438,290,408,423,440,331,270,204,180,324,210,392,424,269,389,401,416,309,246,184,158,301,188,367,401,246,364,376,387,284,222,165,140,277,168,339,376,224,336,346,355,259,200,149,126,252,151,310,346,202,306,315,323,235,181,135,114,229,137,281,315,183,275,284,292,211,163,122,105,206,125,252,284,165,245,252,262,189,147,112,96,186,113,225,252,149,217,223,234,170,132,101,89,166,105,200,225,134,420,434,455,345,286,219,193,338,225,408,437,284,407,421,434,322,256,188,159,313,191,384,421,254,387,398,405,295,225,158,130,284,161,354,397,225,360,370,371,265,196,135,108,256,136,321,367,199,329,336,334,236,172,117,94,227,118,287,333,175,295,301,298,210,152,105,84,204,106,254,298,156,262,268,265,188,136,96,79,182,97,225,265,140,233,237,235,168,122,89,73,163,90,200,235,126,204,210,210,150,112,82,69,147,84,180,208,114,419,434,453,342,281,212,185,334,217,405,436,278,405,420,429,315,245,173,142,304,175,377,418,244,385,396,397,283,206,137,105,271,137,343,393,209,357,365,357,248,172,108,81,237,108,305,360,176,323,328,313,214,144,92,71,206,93,265,322,150,285,288,271,185,126,84,68,182,85,227,281,132,247,249,234,164,113,80,66,161,81,199,244,119,216,218,206,147,105,76,63,144,76,176,214,109,190,192,185,133,98,72,60,130,73,158,189,101,419,434,451,340,277,208,179,331,212,403,434,275,405,420,426,311,238,163,130,298,164,374,417,237,385,396,392,276,195,120,87,261,119,337,391,197,357,365,350,237,152,88,72,225,92,294,357,159,323,327,302,196,121,83,70,196,83,249,317,133,283,284,248,162,109,81,68,169,80,206,272,117,239,237,202,143,103,77,65,146,77,175,225,108,199,198,178,131,97,74,63,130,74,155,192,101,175,175,161,122,92,70,60,119,71,141,170,95,419,434,451,339,277,206,177,330,210,401,434,274,405,419,426,309,235,159,126,296,160,372,417,234,385,396,391,273,189,112,82,258,112,335,391,192,357,365,349,233,142,86,72,222,88,291,357,154,322,327,300,189,111,83,70,192,83,242,317,128,283,284,247,143,107,81,68,165,80,200,271,110,239,236,190,133,102,77,65,142,77,166,222,104,193,190,164,125,97,74,63,125,74,145,182,99,168,167,151,117,92,70,60,114,71,134,162,93]}