{"c":"66221","n":"新見","la":34.94166666666667,"lo":133.51833333333335,"e":393,"t":[0.8,1.4,4.8,10.8,15.5,19.4,23.4,24.1,19.9,13.6,8.0,3.1],"s":[3,9,0,0,0,0,0,0,0,0,0,4],"i":[434,434,446,369,327,241,208,356,243,430,438,312,424,426,444,376,348,264,231,365,266,433,430,329,405,409,433,376,360,281,250,366,284,426,416,339,380,384,413,368,365,291,265,360,294,412,392,341,348,352,384,353,362,295,272,346,299,389,361,336,311,315,349,330,350,292,273,326,296,358,325,324,270,275,308,301,330,283,267,299,287,321,284,305,225,231,262,267,304,267,254,267,272,278,240,279,183,186,213,227,271,245,238,231,250,231,194,248,434,434,446,368,326,240,206,355,242,429,438,311,424,426,444,375,345,262,229,364,264,432,430,327,405,409,432,374,356,278,248,364,281,426,416,336,381,385,413,366,360,288,261,358,291,411,393,338,349,353,385,351,355,291,267,344,294,388,363,332,313,317,350,328,343,288,267,324,291,358,327,319,273,277,311,300,323,278,261,297,282,321,287,300,231,235,266,265,296,261,250,266,266,280,244,274,189,193,219,227,263,240,231,231,244,235,200,243,434,434,445,366,322,237,204,354,239,428,438,309,424,425,442,372,338,256,224,360,258,429,430,322,407,409,432,370,347,270,240,360,272,423,416,329,382,386,412,361,349,277,250,352,279,408,393,329,353,357,386,345,342,278,254,339,281,386,365,322,318,322,353,323,328,273,252,318,276,357,331,308,281,285,316,295,308,262,245,293,266,323,294,288,242,246,274,262,281,245,231,262,249,284,254,263,202,206,231,227,249,223,215,229,227,242,214,233,434,434,444,363,317,231,199,350,235,425,438,304,424,425,440,367,329,247,215,355,249,426,430,314,407,409,429,363,334,256,225,352,259,418,415,317,384,387,409,353,333,261,233,344,263,403,394,315,356,359,385,336,324,259,234,329,262,381,366,306,324,327,354,314,309,252,229,309,254,354,335,292,289,292,319,288,288,240,221,284,243,321,300,272,252,254,282,257,263,223,208,256,227,286,263,248,217,220,243,225,233,202,191,225,206,248,227,220,434,434,442,359,311,225,193,347,227,422,437,299,424,424,437,359,317,235,202,348,238,420,428,304,407,408,424,353,318,240,210,342,242,411,413,304,385,387,405,341,313,240,212,332,243,395,392,298,359,361,382,324,302,236,210,317,239,374,367,287,328,330,352,302,286,227,204,296,229,347,336,272,295,298,320,277,265,214,194,273,217,317,304,252,261,264,285,249,242,197,181,246,200,283,270,229,227,229,249,219,215,178,165,218,182,249,235,204,434,433,438,355,304,219,186,342,221,419,434,293,423,423,432,351,304,222,190,339,224,413,426,292,405,407,418,342,299,221,191,331,224,401,409,287,385,385,398,328,290,217,189,318,220,384,389,278,359,360,374,310,277,210,184,301,213,362,364,265,329,331,347,288,260,200,176,281,202,337,336,249,298,299,315,263,240,186,166,258,190,307,304,229,266,267,283,238,218,170,153,233,175,277,272,209,234,235,250,210,194,154,139,206,158,245,240,186,433,432,436,350,296,211,178,337,214,413,434,286,422,421,426,342,289,206,175,329,210,405,423,279,404,404,409,329,278,200,171,317,204,390,405,269,382,381,389,312,265,193,165,302,196,371,384,257,356,356,363,292,250,183,157,283,186,348,359,242,328,327,336,271,231,171,148,263,175,322,331,224,297,297,307,247,213,159,138,241,162,294,300,206,266,265,275,222,192,144,126,217,149,265,269,186,235,235,245,198,172,130,114,194,134,236,238,167,432,430,433,345,288,204,171,332,206,409,432,279,420,419,420,332,274,193,161,319,196,396,420,266,401,400,400,315,257,181,151,303,184,377,401,250,378,376,377,295,239,169,141,285,172,355,377,235,352,349,350,274,221,157,132,264,161,329,350,217,322,320,321,250,202,145,122,243,148,303,321,200,292,290,292,227,184,133,112,221,137,276,291,181,261,260,263,204,167,121,102,200,125,248,261,164,231,229,233,182,148,109,94,178,112,221,231,146,432,430,430,341,281,197,164,327,199,405,430,273,419,416,413,323,260,179,148,310,182,388,416,254,399,396,390,301,237,161,133,289,165,364,395,233,373,370,362,277,214,146,120,267,150,337,369,212,344,341,332,252,194,132,109,244,136,309,339,193,313,310,302,229,174,121,100,222,125,281,308,175,282,279,272,206,158,110,92,200,114,252,278,158,252,249,244,185,142,100,84,181,104,227,248,142,222,220,218,166,127,90,77,162,96,202,220,128,430,429,428,337,275,190,157,323,193,401,429,267,418,415,407,315,247,166,135,301,169,380,413,242,396,392,380,288,217,144,114,276,147,352,390,217,368,363,348,260,190,125,101,250,129,319,360,192,336,330,314,231,167,111,91,225,115,287,327,170,301,296,280,206,148,101,83,202,106,256,292,152,268,264,249,185,134,92,77,181,97,229,261,137,238,234,222,166,121,85,72,162,90,204,231,124,210,206,197,149,110,78,67,146,84,183,204,112,430,429,426,334,270,185,152,320,188,400,429,263,417,413,403,308,236,156,125,294,159,374,411,233,395,390,373,277,200,129,101,265,132,341,386,202,365,359,336,244,168,107,86,236,112,304,354,173,330,323,296,212,143,95,79,208,101,266,316,150,290,283,256,184,126,88,75,184,94,231,277,133,252,246,224,164,114,82,71,163,88,202,241,120,221,215,198,148,106,78,67,146,83,180,211,110,194,190,177,134,98,72,63,132,78,162,187,101,430,429,424,332,267,182,149,318,185,398,428,260,417,413,400,304,229,149,118,290,152,370,409,227,394,389,369,270,189,117,91,258,121,335,384,192,365,358,330,233,150,94,82,227,103,294,351,159,329,321,286,194,122,90,79,198,95,250,312,136,288,279,237,163,112,86,75,173,91,211,268,120,243,233,197,146,106,81,71,150,87,179,224,111,204,198,174,134,100,77,67,134,82,160,192,103,180,175,158,124,94,72,63,123,77,146,171,97,430,429,424,331,266,181,148,317,183,397,428,259,417,413,399,303,227,146,114,288,149,369,409,225,394,389,367,268,185,112,87,254,117,333,384,188,365,359,327,229,141,94,82,224,100,291,350,155,329,321,282,188,115,90,79,195,95,244,311,131,288,279,233,147,111,86,75,169,91,204,267,114,243,233,182,138,106,81,71,146,87,171,219,108,197,190,161,129,100,77,67,129,82,150,183,102,173,169,148,120,94,72,63,119,77,139,163,95]}