{"c":"66296","n":"福渡","la":34.86666666666667,"lo":133.90333333333334,"e":63,"t":[2.3,3.0,6.5,12.3,17.1,21.4,25.3,26.1,22.0,15.4,9.5,4.5],"s":[0,1,0,0,0,0,0,0,0,0,0,0],"i":[430,437,463,373,332,252,225,360,250,429,443,319,419,428,459,381,354,279,254,371,277,432,436,338,401,409,448,381,367,299,278,373,297,426,420,349,376,385,426,374,373,312,295,368,310,412,396,353,343,353,397,358,370,317,305,355,316,389,365,348,307,315,360,335,358,315,307,334,315,358,327,336,266,274,317,306,339,306,302,307,306,321,285,317,223,229,268,270,311,289,289,274,290,278,240,290,180,184,217,229,277,266,270,237,267,231,194,258,430,437,462,372,330,252,224,360,249,428,443,318,420,428,459,380,350,277,252,369,275,432,436,336,401,409,448,379,363,296,275,371,294,425,420,346,376,386,428,372,367,308,291,366,306,411,397,349,345,354,399,356,363,313,300,352,311,389,366,344,309,318,362,333,351,310,301,332,309,358,329,331,269,277,320,304,330,300,296,305,300,321,289,312,227,234,273,269,303,284,283,273,283,280,245,285,186,191,224,231,269,260,263,237,260,235,200,252,430,437,462,370,327,249,220,358,246,426,443,315,420,428,459,376,344,271,245,366,268,429,434,330,403,411,448,375,354,287,265,367,284,423,421,339,378,387,426,366,356,296,277,360,293,409,398,339,349,358,400,350,350,299,284,346,296,387,369,333,314,323,366,328,336,294,283,326,292,358,334,319,277,285,327,300,315,283,276,300,282,323,296,299,238,245,283,266,288,265,262,269,264,284,256,273,200,206,239,229,254,242,242,235,241,242,215,242,430,437,459,367,321,244,215,354,240,425,442,311,420,428,457,371,334,261,234,360,257,425,434,322,403,411,445,367,340,272,248,358,269,418,420,326,380,389,426,358,339,278,257,350,275,404,398,325,352,360,399,341,331,277,260,336,275,382,371,317,321,329,368,319,316,271,257,316,268,355,339,302,286,293,331,292,295,258,248,291,256,322,303,282,250,256,292,261,269,240,233,262,239,286,266,257,215,220,252,227,238,218,214,231,217,248,229,227,430,436,458,363,315,237,206,350,233,422,441,305,420,426,453,364,321,247,220,352,244,420,433,311,403,409,440,358,323,254,229,348,250,411,418,311,381,389,421,346,318,254,231,338,252,395,397,306,355,363,396,329,307,250,231,323,249,374,371,296,324,331,366,307,292,243,225,302,240,348,340,281,292,299,333,282,271,229,215,279,227,318,308,260,259,265,296,252,247,212,200,250,211,284,273,237,225,229,259,223,219,192,184,223,191,250,238,211,429,436,455,359,307,227,199,345,225,418,440,298,419,425,448,355,307,231,204,343,229,413,430,298,401,409,434,346,303,231,206,335,229,401,415,294,381,387,413,332,294,229,204,322,225,384,394,285,355,362,389,314,281,222,200,306,220,363,369,272,326,333,361,292,264,212,193,286,210,337,340,256,295,301,328,267,244,199,182,262,196,308,308,237,264,269,295,242,222,182,168,238,181,278,276,215,231,237,261,213,198,165,153,211,163,246,243,192,429,434,451,353,299,220,190,340,217,413,438,291,418,424,442,345,292,216,187,332,213,404,428,284,400,405,425,332,281,210,183,320,206,389,411,274,379,384,403,316,268,200,177,305,200,370,388,262,353,358,377,296,252,192,169,287,190,347,363,247,325,329,350,274,235,180,160,266,179,322,335,229,294,299,319,250,216,168,149,244,166,294,304,211,263,267,286,225,195,152,136,220,152,265,272,191,233,237,254,200,175,138,124,197,137,237,242,171,428,434,449,348,291,211,181,334,208,409,437,283,416,421,434,335,276,199,170,321,197,395,424,270,398,401,415,317,259,187,159,305,185,376,405,254,375,378,390,297,240,175,148,286,172,354,381,238,348,351,362,276,223,162,139,266,161,329,354,220,319,322,333,252,204,150,128,244,148,302,325,202,289,292,303,229,185,138,119,223,137,275,295,184,258,261,273,206,168,125,108,200,124,248,264,167,229,231,242,184,149,112,98,179,112,221,234,149,428,433,446,343,283,202,172,329,200,405,434,276,415,419,428,325,261,183,153,311,181,386,421,256,395,398,403,302,237,165,137,290,163,363,399,235,370,372,375,278,214,148,123,267,147,336,372,213,341,342,344,254,193,134,111,244,133,308,342,194,310,311,312,229,174,122,100,222,121,279,311,175,279,280,281,206,157,111,93,200,111,252,280,159,249,250,252,185,142,102,84,180,100,227,250,143,220,221,225,166,127,92,78,161,92,202,222,128,426,432,443,339,276,196,164,325,193,401,434,270,413,417,421,316,247,169,138,302,167,378,417,244,392,394,393,289,217,145,115,275,143,350,393,217,365,365,359,260,189,125,99,249,124,317,363,191,333,332,323,231,165,110,88,223,110,285,329,169,298,298,288,206,146,99,80,200,99,254,294,150,266,265,256,184,131,91,74,179,91,227,262,135,236,234,227,165,119,84,69,160,84,202,233,122,208,206,202,148,108,77,65,144,78,181,206,111,426,432,441,336,271,190,158,321,187,398,433,265,413,416,417,309,236,157,126,294,155,372,415,234,391,392,384,277,199,127,98,264,126,339,389,200,362,361,346,242,165,104,81,233,104,302,356,171,327,324,303,209,139,91,73,204,92,263,318,146,287,283,262,181,122,84,70,180,85,227,277,129,249,246,227,161,111,79,66,160,80,200,241,117,218,215,200,145,103,75,63,143,75,178,212,108,192,190,180,131,95,70,59,129,70,160,187,99,426,430,440,334,267,186,154,319,183,396,433,263,413,415,413,304,229,149,117,289,147,368,413,227,391,391,380,270,187,112,85,256,112,332,388,190,362,360,339,231,146,89,75,223,93,291,354,155,326,322,292,191,117,85,73,194,85,247,313,131,285,279,240,159,107,82,70,168,82,206,268,115,240,231,198,142,101,78,66,146,78,176,223,107,200,196,175,130,96,73,63,130,74,156,191,100,177,173,158,121,91,69,59,119,69,143,170,94,426,430,438,333,267,185,152,318,182,396,433,262,413,416,413,303,225,146,113,287,144,366,413,225,391,391,380,267,181,108,81,252,108,330,387,186,361,360,339,227,136,88,75,220,90,287,353,150,326,322,291,184,110,85,73,191,85,240,313,126,285,279,239,141,106,82,70,165,82,200,268,110,240,231,185,132,101,78,66,142,78,166,219,104,195,189,163,124,96,73,63,125,74,147,182,98,171,167,150,115,91,69,59,114,69,135,163,92]}