{"c":"66336","n":"高梁","la":34.791666666666664,"lo":133.61166666666668,"e":60,"t":[2.7,3.4,6.9,12.9,17.7,21.8,25.7,26.6,22.4,15.8,9.9,4.8],"s":[0,1,0,0,0,0,0,0,0,0,0,0],"i":[426,426,443,354,312,231,202,344,234,412,432,299,415,417,440,361,331,252,227,352,256,415,424,315,398,400,429,361,343,268,245,354,273,409,409,324,372,376,409,353,347,278,258,348,284,395,386,326,341,345,381,338,343,281,265,334,288,373,355,321,304,309,346,316,332,278,266,314,286,343,319,309,264,269,304,289,313,269,260,288,277,307,279,290,221,225,259,256,288,254,249,257,262,267,235,266,179,182,210,218,256,233,231,222,240,222,191,236,426,426,443,353,311,229,202,344,233,412,432,298,416,417,440,360,329,250,225,352,254,413,424,313,398,400,429,359,339,266,242,352,270,408,409,321,373,377,409,351,342,275,254,346,280,394,386,323,342,346,381,336,337,278,261,332,284,372,356,317,306,311,347,315,325,274,261,312,281,343,321,305,267,271,307,287,306,265,254,287,271,308,282,286,225,229,263,254,280,249,243,256,256,268,240,261,185,189,217,218,249,227,225,222,235,225,197,231,426,426,442,352,308,227,199,342,229,411,430,295,416,417,438,357,322,245,219,348,248,412,424,308,399,401,428,355,331,258,234,348,262,405,409,314,375,378,408,346,331,265,244,340,269,391,387,314,346,349,383,331,325,265,248,327,271,370,359,307,312,315,350,310,312,261,246,307,266,342,325,294,275,279,313,283,292,250,239,282,256,309,289,275,237,240,271,252,267,233,225,252,240,272,250,250,199,202,229,217,236,212,209,221,218,231,210,222,426,426,440,349,303,223,194,339,225,409,430,292,416,417,437,352,314,236,210,343,239,408,423,301,399,401,425,348,318,245,221,340,249,401,408,304,377,379,407,338,316,249,227,332,252,387,388,301,349,351,381,322,308,248,227,318,252,366,360,293,318,321,351,301,294,241,225,298,245,339,330,279,283,286,316,276,274,227,216,274,234,308,295,259,247,250,279,246,250,212,202,246,217,274,259,236,213,215,241,215,221,192,185,217,197,238,223,209,426,425,438,345,297,217,188,335,219,405,430,286,416,416,433,345,303,225,198,336,227,403,421,291,399,400,421,339,303,229,204,331,233,394,407,291,378,379,401,328,298,229,206,321,233,379,386,285,352,353,378,311,287,225,204,306,229,359,361,275,321,323,349,290,272,217,199,286,220,333,331,260,290,292,317,266,252,204,189,263,208,304,300,241,256,258,283,239,229,188,176,237,193,272,266,219,223,225,247,211,204,170,160,210,174,239,231,195,425,424,436,341,290,210,181,331,212,401,428,281,415,413,428,337,290,213,185,328,215,397,419,280,398,398,415,328,286,212,186,320,215,385,404,275,377,377,395,315,277,208,184,307,211,369,383,267,352,352,371,297,264,200,179,291,204,348,359,254,323,324,344,277,248,191,172,271,194,323,330,238,292,293,313,252,229,178,161,249,181,295,299,220,261,262,281,227,208,163,148,225,167,266,268,200,229,229,248,200,185,147,135,200,150,235,236,178,425,424,433,337,283,202,174,326,204,398,426,274,413,413,423,328,276,199,171,319,200,389,416,268,397,396,407,316,266,193,167,307,195,375,400,258,375,374,386,300,254,185,161,292,187,356,378,246,350,349,360,281,239,176,153,274,177,334,353,231,322,321,334,260,221,164,144,254,167,309,325,215,291,291,304,238,204,152,134,233,154,282,296,198,261,260,273,213,184,138,122,210,141,254,265,178,231,231,243,190,164,125,111,187,127,227,235,160,424,423,430,332,276,196,167,321,197,394,425,268,412,409,417,319,263,185,157,309,187,381,413,256,394,392,397,303,247,174,147,293,175,363,394,241,371,369,374,284,229,163,137,275,164,341,371,225,345,342,347,263,212,151,128,256,152,317,345,209,316,314,319,241,195,139,118,235,140,291,316,192,286,285,290,219,176,128,109,214,129,265,287,174,256,254,261,197,160,115,99,193,117,239,257,158,227,225,231,175,142,104,90,172,106,213,227,140,424,422,426,327,269,189,159,317,190,390,424,262,411,408,409,310,249,172,144,300,173,373,409,244,392,388,387,289,227,155,129,280,156,350,389,224,367,363,360,267,206,140,115,258,141,325,363,204,338,334,330,243,186,128,105,236,128,297,334,186,308,304,300,221,168,117,96,215,117,270,304,168,277,273,270,199,152,106,88,194,107,244,273,152,247,244,243,178,137,96,80,174,97,219,244,137,218,216,216,159,123,87,74,156,89,195,217,123,423,421,424,323,263,183,153,313,184,387,423,256,409,407,404,302,237,160,131,292,161,365,407,233,389,385,378,277,209,139,112,267,139,338,384,209,362,356,346,250,184,121,97,242,121,308,355,185,330,324,312,223,162,108,87,218,108,277,322,164,296,291,278,199,144,98,80,195,98,247,288,147,264,259,248,178,129,89,74,175,90,221,257,132,234,229,220,160,117,82,68,157,83,197,227,120,206,202,196,143,106,76,63,141,76,176,202,108,423,421,422,321,259,178,148,309,179,384,422,252,409,405,400,296,227,150,121,285,150,360,405,225,388,382,370,267,194,124,98,257,124,329,380,195,359,352,334,235,163,104,82,227,104,294,348,167,324,317,294,204,139,92,76,202,93,257,311,145,285,278,254,177,123,85,72,178,86,223,273,128,248,242,222,158,112,80,68,158,81,196,237,117,217,211,196,142,103,75,64,141,76,174,208,107,191,187,176,129,95,70,59,127,70,157,184,98,423,420,422,319,256,175,145,307,175,383,422,250,409,405,398,292,221,144,113,281,144,356,404,219,387,382,367,260,183,112,87,250,112,323,379,186,358,352,328,224,146,92,78,220,95,284,346,154,323,315,284,187,120,88,75,192,87,243,308,131,283,274,235,158,109,83,71,167,83,204,264,117,239,229,196,141,103,79,68,145,79,174,221,108,200,194,173,129,98,74,64,130,74,155,189,100,176,171,156,119,92,69,59,118,69,141,168,94,423,420,421,318,254,174,144,307,174,382,422,249,409,405,398,291,219,141,112,279,141,355,404,217,387,382,366,258,179,109,84,248,109,321,378,182,358,352,328,221,138,91,78,217,92,281,346,150,323,315,283,181,113,88,75,190,87,236,307,127,283,274,235,142,109,83,71,164,83,198,264,111,239,229,184,133,103,79,68,142,79,166,217,105,194,187,163,124,98,74,64,125,74,146,181,99,170,165,149,115,92,69,59,114,69,135,162,92]}