{"c":"66421","n":"虫明","la":34.681666666666665,"lo":134.20666666666668,"e":10,"t":[4.0,4.3,7.4,12.8,17.5,21.5,25.5,27.0,23.2,17.0,11.4,6.3],"s":[0,0,0,0,0,0,0,0,0,0,0,0],"i":[458,478,512,398,321,258,254,383,270,451,483,325,446,467,509,407,340,285,291,394,301,455,474,344,426,447,496,408,353,305,320,397,325,450,455,355,398,418,472,400,357,318,342,391,340,434,429,359,362,381,438,384,354,324,355,377,348,409,394,354,322,339,395,359,342,322,359,354,348,377,352,341,277,292,345,327,323,312,354,325,338,337,305,321,229,241,290,288,297,295,340,290,321,291,254,294,183,191,229,245,264,271,318,250,296,241,200,260,458,478,512,397,319,257,252,382,269,451,483,324,447,467,509,405,338,283,288,392,298,455,475,342,426,447,496,405,349,302,316,395,321,449,455,352,399,419,473,398,352,315,337,389,336,434,430,355,364,383,440,382,348,320,349,375,343,409,396,350,325,342,398,357,335,317,352,352,341,377,355,337,281,296,350,325,316,307,347,324,331,338,309,316,236,247,296,288,289,290,332,289,314,294,260,289,191,199,240,246,257,265,310,250,289,245,210,256,458,478,511,395,316,252,248,380,265,450,483,321,447,467,508,401,331,276,279,388,290,453,474,337,428,449,496,401,340,293,304,390,310,447,458,345,401,421,474,392,342,302,321,383,321,430,432,346,369,388,443,375,335,305,330,368,326,408,400,338,331,349,404,352,321,301,330,346,322,378,362,325,291,307,360,321,302,289,323,319,311,340,319,304,249,262,310,285,275,271,308,286,292,299,274,277,208,218,260,246,244,247,285,249,267,254,229,246,458,478,509,391,311,248,241,376,259,448,482,317,447,467,505,396,323,266,265,382,279,449,473,328,429,449,493,393,327,277,284,381,293,441,457,333,404,424,473,383,326,283,296,373,300,426,434,331,374,392,443,366,318,283,301,358,301,404,403,322,340,357,408,342,303,276,298,336,295,375,368,307,302,318,366,313,283,263,289,309,282,340,329,287,263,276,323,280,258,245,272,279,264,302,288,261,225,237,278,244,227,222,250,245,240,262,246,231,458,476,507,387,305,241,231,371,250,444,480,311,447,467,501,388,311,252,249,374,264,442,472,317,429,448,488,382,312,259,260,369,271,433,455,317,405,425,468,370,306,260,265,359,274,418,433,312,378,396,441,352,296,256,266,343,271,396,405,301,345,362,407,329,281,248,261,322,263,368,371,286,311,326,371,302,260,234,250,297,249,336,336,265,274,288,330,271,237,216,234,268,231,301,297,242,238,250,288,239,211,196,214,237,210,265,259,215,458,476,504,382,298,233,222,366,241,440,479,304,447,465,496,378,297,237,229,364,246,434,469,304,429,447,480,369,293,237,233,356,248,423,451,300,405,424,459,354,284,234,233,343,245,405,430,291,379,396,433,335,271,225,227,325,238,383,403,278,348,364,401,313,254,216,221,304,227,357,371,261,314,329,366,286,236,202,209,279,214,326,336,242,281,294,330,259,214,186,194,252,198,294,301,219,247,258,291,227,191,168,177,225,178,260,265,196,457,475,500,376,290,223,211,360,231,434,478,297,445,463,488,367,283,220,208,352,227,426,466,290,426,444,471,354,273,214,204,340,222,409,447,280,404,420,447,336,260,204,198,324,214,390,424,267,377,392,419,315,245,196,190,305,204,367,396,252,346,361,389,292,227,183,180,283,193,340,365,234,314,327,356,267,209,171,169,260,179,311,332,216,281,292,319,240,189,156,154,234,164,281,298,195,249,259,286,215,169,141,141,210,148,250,265,175,457,474,496,370,283,215,200,354,222,430,476,289,444,459,480,355,269,202,187,341,209,416,462,275,425,438,459,337,252,190,175,323,196,396,441,260,400,413,432,316,235,178,163,303,183,372,415,243,371,384,401,293,217,165,152,282,171,346,385,225,340,352,369,268,200,153,141,259,157,319,354,206,308,319,337,244,181,140,131,236,145,290,321,188,275,286,304,220,164,128,119,213,132,262,288,171,244,252,269,195,146,114,109,190,120,234,256,152,455,473,492,365,275,206,189,348,212,426,474,282,443,458,472,344,254,186,167,329,191,405,458,262,421,434,445,320,231,167,147,306,171,381,434,240,394,405,413,294,210,150,131,282,154,353,404,218,363,373,378,268,190,136,118,258,139,323,371,198,330,339,343,242,171,124,107,234,126,293,337,179,297,305,310,218,155,112,99,212,115,265,304,162,265,272,279,195,139,103,90,190,105,238,272,146,234,241,249,175,125,93,83,170,96,213,241,131,455,472,488,360,269,199,179,344,204,422,472,276,441,455,463,334,242,172,148,319,175,397,454,249,418,430,432,304,213,147,122,291,148,366,426,221,388,397,393,273,187,126,102,262,127,332,393,195,353,360,353,242,164,111,90,234,112,297,355,172,316,322,313,215,145,100,81,209,101,265,317,153,281,286,278,191,131,92,75,187,92,236,282,138,249,252,247,172,118,84,70,168,85,211,250,125,220,223,221,154,108,78,66,151,79,189,221,112,455,472,486,356,264,193,172,340,197,418,471,271,441,454,459,326,231,159,133,310,161,390,451,239,417,426,421,291,197,128,100,277,128,355,422,204,385,392,377,252,165,104,79,244,104,314,385,174,346,350,327,217,140,91,71,214,91,273,341,149,303,304,281,187,123,84,68,187,84,236,296,131,262,263,242,165,112,79,65,165,79,206,256,119,229,229,214,149,103,75,62,148,75,183,224,109,200,200,191,135,96,70,59,133,71,165,198,100,455,472,484,354,261,189,167,337,193,416,471,268,440,454,455,321,225,151,122,305,152,386,450,231,417,426,416,283,186,113,84,269,112,347,420,194,385,391,368,240,147,89,72,234,91,303,381,159,346,348,313,196,119,85,70,202,84,256,336,133,300,300,252,161,109,82,67,174,80,212,284,117,250,246,204,143,103,78,65,149,77,179,234,108,208,204,180,131,97,74,62,133,73,159,198,101,183,181,163,122,92,69,59,121,69,145,176,94,455,472,484,353,261,188,165,336,191,416,471,267,440,454,455,320,222,148,118,303,148,384,450,229,416,426,416,280,181,109,79,265,108,344,420,190,384,392,368,236,138,88,72,229,88,298,381,154,345,349,313,188,112,85,70,199,83,247,336,128,300,300,252,141,108,82,67,170,80,204,284,110,250,246,189,132,103,78,65,145,77,168,229,104,200,196,165,124,97,74,62,126,73,147,187,98,175,173,153,117,92,69,59,115,69,137,167,93]}