{"c":"67016","n":"高野","la":35.03333333333333,"lo":132.90166666666667,"e":570,"t":[-0.8,-0.5,3.0,9.2,14.2,18.3,22.1,22.7,18.4,12.0,6.5,1.6],"s":[65,66,27,0,0,0,0,0,0,0,1,24],"i":[446,423,430,354,316,216,158,338,206,415,433,295,434,413,429,361,335,234,170,343,219,417,426,310,416,398,418,361,347,248,180,342,227,411,409,318,389,374,399,353,351,254,186,334,233,397,387,320,356,344,372,338,347,258,188,320,235,375,357,314,317,308,338,316,336,254,187,300,231,346,321,302,275,269,299,289,317,245,182,275,225,311,281,284,229,227,254,256,292,231,174,246,216,271,237,260,185,184,209,219,260,212,163,214,202,229,193,229,446,423,430,354,315,215,157,337,206,415,433,295,434,413,429,360,333,233,169,342,218,417,426,309,416,398,418,359,344,245,178,341,227,409,409,316,390,375,399,351,348,252,184,333,231,396,388,317,357,345,372,336,343,254,186,319,231,375,358,311,319,310,339,314,331,250,184,299,229,346,323,299,278,272,301,287,313,241,179,275,223,312,284,280,235,231,258,254,287,225,171,246,213,273,241,256,191,190,214,219,256,206,159,215,200,231,199,227,446,423,430,352,312,213,156,336,204,413,433,292,434,413,426,357,328,227,166,340,215,415,425,304,417,398,417,355,337,238,174,338,222,408,411,310,392,375,398,346,339,244,178,329,225,394,388,309,361,348,373,330,333,244,179,315,225,373,361,302,325,314,341,309,320,238,176,296,222,346,327,289,287,279,305,282,301,227,170,272,215,313,290,271,246,241,265,252,276,213,162,245,204,277,250,247,206,202,225,218,245,193,150,215,191,239,212,219,446,422,429,349,308,209,153,334,202,412,432,289,434,413,425,352,320,220,161,336,210,411,424,298,418,398,413,348,326,227,166,332,215,404,409,300,394,377,396,338,325,229,168,323,216,389,389,298,365,349,371,322,318,227,167,308,214,368,362,289,332,319,342,301,304,221,164,290,209,343,331,275,296,285,308,275,285,209,157,267,200,312,296,256,258,249,272,246,261,194,148,241,191,279,260,234,221,215,235,215,231,175,136,213,178,244,224,206,445,422,426,346,302,204,150,331,199,409,430,284,434,413,421,345,309,211,154,330,202,405,423,288,418,397,409,339,312,214,157,325,204,397,408,288,395,376,391,327,307,213,156,314,204,382,387,283,368,351,368,311,298,208,154,299,200,362,362,272,336,321,339,290,284,200,148,280,194,336,332,258,303,290,308,265,264,188,141,258,185,309,300,239,268,257,275,238,242,173,132,234,175,277,266,218,233,224,240,210,216,156,121,209,163,246,231,194,445,421,424,342,296,198,146,327,195,405,430,279,434,411,417,338,297,200,147,324,196,400,421,278,417,395,403,329,294,198,146,315,194,388,405,274,394,374,384,315,287,194,143,303,190,372,384,265,368,349,361,297,275,187,139,287,185,352,359,252,338,321,334,276,260,177,133,269,178,328,331,238,305,291,303,252,242,165,125,247,169,300,300,220,273,260,273,227,220,151,115,225,160,272,268,200,240,229,241,200,198,136,106,200,149,242,236,178,444,420,421,337,288,192,142,323,191,401,429,273,433,409,411,329,284,188,139,316,188,393,418,267,415,392,396,317,275,182,135,305,183,379,401,258,392,371,375,301,264,174,130,290,177,360,379,246,366,346,350,281,250,165,124,273,169,338,354,231,336,318,324,260,233,154,117,254,162,314,326,216,305,288,295,238,216,143,109,234,153,288,296,199,272,258,265,213,196,129,101,213,145,261,265,179,241,227,236,190,177,115,93,192,136,234,235,161,444,419,418,333,281,186,138,320,187,398,426,267,430,407,405,320,269,176,131,309,179,385,413,254,412,389,387,304,254,165,124,294,171,367,396,241,388,365,363,285,239,155,117,277,163,346,372,225,360,339,337,264,223,144,110,258,155,322,346,210,330,311,309,242,206,132,102,239,147,297,317,193,299,282,281,219,188,121,96,219,139,272,288,176,267,252,252,198,172,110,88,199,131,246,258,160,237,223,225,175,154,99,82,179,125,221,227,143,443,418,416,329,274,180,134,316,183,394,426,261,430,405,400,312,254,165,124,301,172,377,411,244,409,385,377,291,235,150,113,283,161,356,390,225,383,360,350,268,215,136,105,263,151,330,364,206,352,331,321,245,196,123,98,242,142,304,335,188,321,301,292,222,178,112,91,222,134,277,305,171,288,271,263,200,162,103,85,202,127,252,274,155,257,242,236,179,148,94,79,184,121,227,245,140,227,214,210,160,133,84,74,166,115,204,217,126,443,417,413,325,268,175,130,313,179,391,425,256,428,403,394,304,242,154,117,294,165,371,409,234,405,381,368,279,216,135,105,273,151,344,385,210,377,354,337,252,191,119,95,250,140,315,356,188,343,322,304,225,170,107,88,225,131,284,323,167,308,289,272,200,152,97,83,204,124,256,290,150,274,257,242,180,138,89,78,186,119,229,258,136,243,227,216,162,126,82,74,168,114,206,229,123,214,202,191,145,114,75,69,153,111,186,202,112,442,417,412,322,263,170,128,310,177,389,424,252,428,401,390,298,231,146,112,289,160,365,407,225,405,379,361,269,199,123,97,265,143,336,382,197,374,350,326,238,169,105,88,238,131,301,350,171,337,315,288,206,145,94,83,213,123,266,313,149,296,276,250,181,129,87,80,190,119,233,274,133,256,241,219,161,118,82,76,170,115,206,239,120,224,211,193,146,110,76,72,154,112,185,210,110,197,186,173,132,101,71,68,141,109,168,186,101,442,417,409,321,259,168,126,309,175,387,423,249,428,401,388,294,225,140,108,286,156,362,405,220,404,379,357,263,187,112,92,259,138,330,380,188,374,349,321,227,151,94,86,231,125,293,348,158,336,313,278,192,124,90,83,204,120,252,309,135,293,273,231,162,113,86,80,180,118,215,266,121,246,227,194,145,108,81,76,159,114,185,223,111,206,194,172,133,101,76,72,143,112,166,191,103,182,172,156,123,95,70,68,132,109,153,170,96,442,417,409,320,258,167,125,308,175,387,423,248,428,401,386,293,222,139,106,285,155,361,405,218,404,379,356,261,182,110,90,257,135,328,380,184,374,349,318,225,141,94,86,229,124,290,347,153,336,313,276,186,118,90,83,202,120,247,309,131,294,273,229,148,112,86,80,177,118,210,265,114,246,229,180,138,107,81,76,155,114,177,218,109,199,188,160,129,101,76,72,139,112,158,182,102,175,167,147,120,94,70,68,128,109,147,163,95]}