{"c":"67151","n":"大朝","la":34.76833333333333,"lo":132.46333333333334,"e":385,"t":[0.4,0.9,4.4,10.3,15.2,19.3,23.1,23.6,19.5,13.1,7.5,2.6],"s":[30,28,5,0,0,0,0,0,0,0,0,13],"i":[465,454,471,383,343,234,185,362,223,441,463,320,451,444,468,391,365,254,202,369,240,443,455,337,432,425,455,391,379,271,217,369,252,437,438,347,404,399,434,383,385,280,225,361,260,422,412,349,368,365,404,367,382,283,231,346,262,397,379,344,327,326,367,344,370,280,229,324,259,365,340,331,281,282,322,313,350,271,225,296,250,327,295,311,233,236,273,277,321,254,215,263,238,283,247,285,186,189,220,236,287,234,200,227,221,235,199,252,465,454,471,382,342,233,184,361,222,441,463,319,453,444,468,390,363,252,200,368,238,443,455,335,432,425,455,390,376,268,214,367,250,436,438,345,404,400,434,381,381,277,223,359,257,421,413,346,369,367,405,365,377,279,227,344,259,397,380,340,329,328,368,342,365,275,225,322,254,365,342,327,285,286,325,311,344,266,220,295,247,328,299,307,239,241,277,276,316,250,210,263,234,285,252,281,194,196,227,236,281,229,195,227,216,239,206,249,465,454,470,380,338,229,181,359,220,438,463,316,453,443,467,386,357,248,196,365,234,441,454,330,434,426,455,385,368,260,208,363,243,434,438,338,407,401,434,375,371,266,214,354,248,418,413,338,375,371,407,359,366,267,217,340,249,395,384,331,336,334,371,336,352,262,215,318,244,365,347,317,296,295,332,306,332,250,208,292,235,329,307,296,252,252,287,273,304,234,197,261,221,289,264,270,211,212,242,235,270,213,182,227,204,247,222,239,465,453,468,377,334,225,178,357,216,437,462,312,453,443,463,381,348,239,189,360,227,437,454,323,434,426,451,377,355,247,197,356,233,429,438,326,409,403,433,367,356,250,200,347,236,413,415,324,379,373,405,350,349,249,200,331,234,390,386,316,344,340,373,327,334,242,197,311,227,363,353,301,306,303,336,299,313,229,189,285,217,329,315,281,266,265,296,267,287,213,178,257,204,292,275,256,227,227,254,233,254,193,163,225,187,254,237,227,463,453,466,373,327,220,173,353,211,434,461,307,453,443,459,373,336,227,180,353,218,430,451,312,434,426,447,367,339,231,184,348,221,421,436,313,411,403,426,354,335,231,185,337,220,405,413,307,383,376,401,337,326,227,183,321,216,383,387,297,349,344,371,314,311,218,177,300,208,355,354,281,314,309,337,288,290,204,168,276,197,325,320,261,278,274,300,258,266,189,156,249,184,290,284,238,241,238,262,227,237,170,143,221,168,254,247,212,463,451,463,368,320,213,168,349,206,430,459,300,453,441,455,364,322,216,170,345,206,424,450,300,434,424,441,355,319,214,170,337,206,412,433,296,411,401,420,340,312,210,167,323,202,394,411,287,383,375,394,321,300,202,162,306,196,372,384,274,352,345,366,299,284,192,155,286,187,346,354,259,318,311,332,273,264,179,145,263,175,315,320,239,284,278,298,247,242,164,135,238,163,285,287,217,249,245,264,218,217,148,123,212,149,252,252,194,463,451,459,363,311,206,162,344,200,426,458,294,451,438,449,354,306,202,159,337,196,416,446,287,432,421,432,341,297,196,154,324,191,400,428,278,409,398,409,324,285,187,149,309,184,380,405,265,381,371,383,303,271,178,141,290,175,357,378,250,350,341,354,280,252,166,133,269,165,331,348,233,317,310,323,256,235,154,124,247,154,302,317,215,284,276,290,229,214,139,113,223,143,272,283,194,250,245,258,204,193,126,104,200,131,243,250,175,463,450,455,358,303,199,156,340,195,421,455,287,450,437,442,344,290,188,148,327,186,407,443,274,429,417,421,326,274,177,139,311,175,388,422,259,404,392,396,305,257,165,130,292,165,364,397,242,375,364,368,283,240,153,122,272,155,338,369,225,344,333,337,259,222,141,112,250,145,311,338,206,311,302,307,235,202,129,105,229,135,283,307,189,278,270,276,212,186,117,96,206,125,254,275,172,246,239,245,188,167,105,88,185,114,227,243,153,462,449,453,353,295,192,150,335,189,417,455,280,448,434,434,334,274,175,137,318,175,398,438,261,426,413,409,311,250,159,125,298,161,374,416,240,399,385,380,286,229,143,113,275,148,346,388,219,367,354,349,260,209,130,105,252,137,317,357,200,334,322,316,236,190,119,96,229,127,288,324,181,300,290,285,212,173,108,90,209,118,260,291,164,267,258,256,190,157,98,82,188,110,234,260,148,236,229,227,170,142,89,76,169,103,209,231,134,462,448,450,348,287,186,146,331,184,413,453,274,447,432,428,325,259,164,128,310,166,390,436,249,423,408,399,297,229,142,112,286,148,361,409,223,393,378,365,267,202,124,100,259,133,328,378,198,357,343,327,237,178,110,91,234,121,295,342,175,320,307,292,211,159,100,84,210,112,263,306,157,284,273,260,188,144,92,79,189,106,235,272,141,250,241,231,169,131,84,74,170,100,210,241,128,222,213,204,151,120,77,69,153,94,188,213,115,462,448,448,345,282,181,142,328,180,411,453,269,446,430,424,318,246,154,120,304,158,384,434,239,422,405,391,285,210,128,101,275,136,351,405,208,389,373,351,250,176,107,89,245,120,313,371,178,350,334,308,216,150,95,83,217,110,273,331,153,306,292,266,187,132,88,79,191,104,237,288,136,264,252,231,166,121,83,75,170,99,206,250,123,231,221,204,149,112,78,71,153,95,185,218,112,202,195,182,135,104,72,67,138,90,166,193,104,462,448,447,343,278,178,139,326,178,409,451,266,446,430,421,313,238,147,114,300,153,381,433,233,422,405,386,278,196,117,93,269,128,345,405,197,389,373,344,238,154,95,85,237,112,303,369,162,350,333,296,197,125,91,82,206,106,258,326,137,304,288,244,164,113,86,79,180,102,216,279,122,254,239,200,146,108,82,75,156,98,183,231,112,210,200,177,134,102,77,71,139,94,163,196,104,185,178,160,124,96,71,67,128,90,149,174,97,462,448,446,343,276,177,139,326,177,409,451,265,446,430,419,312,235,145,112,298,151,379,432,231,422,405,384,276,190,112,90,266,125,343,404,193,390,373,342,235,143,94,85,234,110,300,368,158,350,334,293,190,117,91,82,204,105,252,326,132,304,289,240,147,112,86,79,176,102,210,278,114,254,240,184,137,107,82,75,152,98,175,225,109,204,194,162,129,101,77,71,134,94,153,186,102,178,172,149,120,95,71,67,123,90,142,166,96]}