{"c":"67191","n":"油木","la":34.763333333333335,"lo":133.27833333333334,"e":510,"t":[0.0,0.5,3.9,9.8,14.6,18.6,22.5,23.1,19.0,12.4,6.9,2.1],"s":[1,2,0,0,0,0,0,0,0,0,0,0],"i":[446,437,448,366,339,254,210,359,231,438,444,320,434,428,446,374,362,281,235,368,252,443,436,339,416,409,434,374,377,300,256,369,269,437,420,350,388,385,413,366,383,313,270,363,279,422,396,354,354,353,385,351,380,319,277,349,284,398,364,350,316,315,350,328,368,317,279,328,281,366,327,338,272,273,308,299,348,307,273,300,272,327,284,318,227,229,261,265,320,290,261,268,257,283,239,292,182,184,212,225,285,267,243,231,236,235,192,259,446,437,448,365,338,252,209,358,229,438,444,319,434,428,446,373,359,279,233,366,250,442,436,337,416,409,434,372,372,297,252,367,266,436,420,347,389,386,413,364,377,309,266,361,276,421,396,350,356,354,386,349,373,314,273,347,279,397,365,345,318,317,351,326,360,311,273,326,276,366,329,333,276,276,311,298,339,301,267,299,267,328,288,313,231,234,265,264,311,284,254,267,252,285,244,286,189,191,219,225,276,261,237,231,231,238,199,254,446,437,447,363,334,250,206,356,227,438,444,316,436,428,444,369,352,272,227,363,245,440,436,331,417,411,434,368,362,288,243,363,258,433,421,339,392,387,413,359,365,297,254,355,265,418,397,340,361,358,388,343,358,300,259,341,267,396,369,334,324,323,354,321,344,295,257,320,262,366,334,320,285,285,316,293,323,284,250,294,252,330,296,300,245,245,274,261,295,266,237,263,236,289,254,274,204,206,231,225,261,242,218,229,215,247,214,243,446,437,446,360,328,245,200,353,222,434,443,311,436,426,442,364,342,262,217,357,236,436,434,322,418,411,430,360,348,273,229,355,245,428,420,327,394,389,412,350,347,279,236,347,249,413,398,325,365,360,386,334,339,278,238,331,248,391,370,317,332,328,356,312,323,271,234,311,242,363,339,302,295,293,320,286,302,258,225,286,229,329,303,282,257,256,283,256,276,240,211,257,214,292,265,257,221,220,244,223,244,218,194,225,194,252,227,227,446,436,444,357,321,238,194,349,216,432,442,305,436,426,438,357,328,248,204,350,225,430,434,311,418,409,426,351,330,254,212,345,229,421,418,312,396,389,407,339,325,254,214,335,229,405,397,306,368,362,383,323,314,252,213,319,225,383,371,296,336,331,353,301,299,243,206,298,217,356,340,281,303,299,321,276,277,229,196,275,204,325,308,261,268,265,286,247,252,212,183,248,190,290,273,237,231,229,250,218,224,192,167,219,171,256,238,211,446,436,441,352,314,229,187,344,210,428,441,298,434,425,434,348,313,233,191,341,212,422,430,298,417,409,420,339,309,233,192,333,212,411,415,294,395,387,400,325,300,229,190,320,208,393,394,285,369,362,376,308,287,222,185,303,200,371,369,272,339,333,348,286,270,212,178,283,191,345,340,256,306,300,317,262,250,199,167,260,179,315,308,237,273,268,285,236,227,182,154,235,164,285,275,215,240,236,252,208,202,165,140,209,148,252,243,192,445,434,438,347,305,221,179,339,202,423,438,291,434,423,428,339,298,217,176,331,199,413,428,284,416,405,412,326,286,211,171,319,193,399,411,274,393,383,391,310,273,202,165,304,185,379,389,262,367,358,365,290,257,193,158,285,175,356,363,247,337,329,338,269,239,180,149,265,165,330,335,229,305,299,308,246,220,168,138,242,152,301,304,211,273,267,277,220,198,152,126,218,139,271,272,190,242,236,246,197,178,138,114,195,125,242,242,171,445,434,434,342,296,212,171,334,195,419,438,284,432,421,422,329,281,200,161,321,185,405,425,270,413,401,401,312,264,188,151,305,174,385,405,254,389,378,378,292,245,175,141,286,162,362,382,238,361,351,351,271,225,163,131,265,151,336,354,220,331,322,322,248,208,150,121,244,139,309,325,202,300,292,293,225,188,138,112,222,128,282,295,184,268,261,264,202,171,125,101,200,115,254,264,166,238,231,234,180,152,112,92,178,105,225,234,148,444,433,432,338,288,204,163,329,188,415,436,277,430,419,415,319,265,184,147,311,172,396,421,256,409,398,392,298,241,165,131,290,155,371,400,235,384,372,364,274,217,149,118,268,141,344,373,213,353,342,334,250,196,134,107,245,128,315,343,193,321,311,303,227,176,123,97,222,117,286,312,175,289,280,273,204,159,111,90,200,107,258,281,158,258,250,245,182,143,102,81,180,97,231,250,142,227,221,219,164,128,92,75,161,88,206,223,128,444,432,430,334,281,197,157,325,182,411,434,271,429,417,409,311,250,170,134,302,160,387,418,244,407,394,382,285,220,145,112,277,139,358,394,217,378,365,349,256,191,125,98,250,121,325,364,191,344,332,314,227,166,110,88,224,108,291,330,168,308,297,280,202,147,100,80,200,98,259,295,150,274,264,250,181,132,91,74,180,90,231,263,135,243,234,222,163,119,84,69,161,83,206,233,122,215,206,197,146,109,77,64,145,77,185,206,111,444,432,428,331,276,191,151,321,177,408,434,266,429,416,405,304,239,158,123,295,150,381,417,234,405,392,374,273,200,128,98,266,124,347,390,200,375,361,337,240,167,104,82,235,105,308,358,170,338,323,296,208,139,91,75,206,94,268,319,146,296,283,256,180,122,84,71,182,87,231,278,129,256,246,223,160,111,79,68,161,81,202,242,117,224,215,197,144,102,75,64,144,76,180,212,107,197,190,176,130,95,70,59,130,71,162,188,99,444,432,426,329,273,187,148,319,174,405,434,263,429,416,401,300,231,150,115,291,143,377,415,227,405,392,370,267,189,113,87,258,112,340,389,190,375,360,330,229,146,89,77,225,96,298,355,155,337,322,285,190,117,85,75,197,88,252,315,130,294,279,236,159,106,82,71,170,84,210,270,114,246,231,195,141,100,78,68,147,80,177,225,107,204,196,172,130,96,74,64,131,75,158,191,100,180,173,156,120,91,69,59,119,70,144,170,94,444,432,425,328,272,186,147,319,173,405,434,262,429,416,400,299,229,147,112,289,141,375,415,225,405,392,368,265,183,109,83,254,110,338,388,186,375,360,328,225,136,88,77,223,93,294,354,150,337,323,282,183,109,85,75,193,88,245,314,126,294,279,231,142,105,82,71,166,84,202,269,110,246,233,180,133,100,78,68,143,80,168,220,104,198,189,158,124,96,74,64,126,75,148,182,98,173,167,146,115,91,69,59,114,70,136,162,92]}