{"c":"67326","n":"府中","la":34.56166666666667,"lo":133.23166666666665,"e":70,"t":[3.3,3.9,7.3,13.1,17.8,21.8,25.6,26.6,22.5,16.3,10.5,5.6],"s":[1,1,0,0,0,0,0,0,0,0,0,0],"i":[450,451,476,387,355,280,243,379,268,449,459,341,438,441,473,396,380,311,276,391,297,451,451,362,419,422,461,396,396,335,303,394,320,447,434,376,391,396,438,388,403,351,323,389,335,430,409,381,356,362,408,372,400,359,334,375,342,407,375,377,317,322,369,348,388,358,337,354,341,374,336,365,273,279,323,317,367,347,332,325,332,335,292,344,227,231,273,280,338,329,318,291,314,289,244,315,181,186,219,238,301,302,297,250,290,240,195,280,450,451,476,386,353,279,241,378,266,448,459,339,438,441,473,395,376,309,273,389,295,451,451,360,419,422,461,394,391,332,299,392,316,445,434,372,392,396,438,386,396,347,317,387,330,430,409,377,358,363,409,370,392,354,328,373,336,405,377,372,320,325,371,346,379,352,330,351,335,374,338,359,277,282,327,315,357,341,324,323,325,335,295,338,233,238,278,279,327,322,310,289,307,291,249,309,189,193,227,238,290,296,289,250,282,243,202,275,450,451,475,384,349,275,237,376,263,446,459,336,438,441,472,391,368,301,265,385,287,449,450,354,421,423,459,390,380,321,287,387,305,443,434,363,394,398,438,381,383,333,302,380,316,426,409,365,363,368,411,364,377,337,310,366,320,404,381,359,326,331,375,341,362,332,310,345,316,374,344,345,287,292,334,311,340,320,302,317,304,337,304,324,246,250,289,276,311,300,287,285,286,296,262,296,204,210,243,238,275,274,265,249,261,252,219,262,450,450,473,381,343,269,231,372,256,444,458,331,438,441,470,385,358,289,252,379,275,445,450,344,422,424,457,382,364,303,269,377,289,437,434,350,397,400,438,372,364,311,279,370,296,422,412,349,367,371,409,355,356,311,283,354,296,399,383,340,334,338,378,331,340,304,280,334,289,371,350,325,297,301,339,304,317,290,270,307,277,336,312,304,258,262,299,271,290,271,254,277,258,299,273,277,222,225,258,237,256,246,234,244,234,259,235,246,450,450,471,377,336,260,222,368,249,441,457,324,438,440,466,377,343,273,237,370,261,438,448,331,422,423,453,371,345,282,247,366,268,429,432,333,399,400,433,359,340,283,250,356,270,413,411,328,371,373,408,342,329,280,250,340,267,392,384,317,339,341,376,319,313,271,245,319,258,363,352,301,305,307,342,293,290,257,234,294,245,333,318,280,270,272,304,263,265,238,219,265,227,297,282,254,234,236,265,231,235,215,200,235,204,261,245,227,450,449,468,372,327,250,213,362,240,436,455,317,438,438,459,368,327,256,219,360,244,430,446,317,421,421,446,359,323,256,222,352,245,419,430,313,399,399,425,344,314,254,221,339,242,401,408,304,372,373,400,326,300,246,216,322,235,379,381,290,342,343,371,303,282,235,208,301,225,353,352,274,308,310,337,277,261,221,196,276,211,322,318,252,275,276,303,250,237,202,182,250,194,291,285,229,242,243,268,221,212,184,166,222,175,257,250,206,449,448,463,367,318,240,202,356,231,432,454,308,438,437,454,357,310,236,200,348,225,422,443,301,420,419,437,344,298,229,195,336,220,407,425,291,397,395,415,327,285,221,189,320,212,387,401,277,370,369,388,306,268,211,181,300,202,363,375,262,340,340,359,284,249,198,171,279,190,336,346,243,308,308,328,260,229,184,160,256,176,308,315,224,275,275,294,233,206,168,146,231,162,277,282,202,244,244,262,208,185,152,133,206,146,247,250,182,449,447,461,361,309,229,193,350,221,426,453,300,436,434,447,346,292,216,181,336,209,413,438,285,417,413,426,328,274,202,169,319,195,393,419,268,393,390,401,308,254,189,157,299,182,369,394,250,365,362,372,285,235,175,147,278,170,343,366,231,334,332,342,261,215,162,135,254,156,315,336,213,303,301,311,237,195,149,125,233,144,287,305,194,270,269,280,214,177,136,113,210,131,259,273,175,240,238,249,190,157,123,104,187,119,231,242,156,448,446,458,356,300,220,183,344,212,422,451,292,434,432,440,336,275,198,162,325,191,403,434,270,413,409,413,313,249,176,144,302,171,378,413,246,387,383,385,287,224,158,128,278,154,350,385,223,357,353,352,262,200,142,115,254,139,320,354,202,324,320,320,237,180,129,104,229,126,290,321,182,292,288,288,213,163,118,96,208,115,262,290,165,260,257,259,191,147,107,88,187,105,235,259,148,229,227,231,171,132,97,81,167,96,210,229,133,448,446,455,351,292,212,174,339,204,418,450,285,434,430,433,327,260,181,145,314,175,394,432,256,411,405,403,298,225,153,120,286,149,364,407,225,382,376,368,267,196,130,102,258,128,330,375,198,347,341,331,238,170,112,90,229,112,295,340,173,311,306,294,211,149,102,81,206,102,263,304,154,277,271,262,188,134,93,75,184,93,234,270,138,245,240,233,168,121,86,70,165,86,209,239,125,216,212,206,151,110,80,66,148,80,187,212,113,448,445,453,348,286,204,167,335,198,415,449,280,433,429,428,319,247,167,131,306,162,387,430,244,409,404,394,286,206,132,100,273,130,352,403,208,379,372,354,249,169,105,81,240,106,313,368,174,341,333,310,214,140,90,73,210,93,272,328,148,298,291,267,185,122,83,69,184,86,235,285,130,258,252,231,164,111,78,66,163,81,204,247,118,225,219,204,147,102,75,63,146,76,182,216,108,198,194,182,134,95,71,60,132,72,164,191,100,448,445,451,346,283,200,163,333,193,413,448,276,433,429,425,315,239,157,122,300,153,383,429,237,409,404,390,278,193,114,86,264,114,345,401,195,378,371,347,237,147,86,74,229,93,301,365,157,340,332,298,194,114,83,72,198,85,254,323,131,296,287,243,161,104,80,69,171,82,212,275,114,248,238,199,142,99,77,66,148,78,178,227,106,206,200,175,131,95,73,63,131,74,158,194,100,181,176,159,122,90,69,60,120,70,145,172,94,448,445,450,345,282,199,161,332,192,413,448,275,433,429,423,313,236,154,118,298,150,381,428,234,409,404,387,275,187,109,81,261,110,343,400,191,379,371,344,233,136,85,74,225,90,297,365,151,340,332,294,187,107,83,72,195,85,247,322,125,297,287,239,141,103,80,69,167,82,204,274,108,248,238,182,132,99,77,66,143,78,169,223,102,199,192,159,124,95,73,63,126,74,148,183,97,174,169,146,117,90,69,60,115,70,137,163,92]}