{"c":"67401","n":"福山","la":34.446666666666665,"lo":133.24666666666667,"e":2,"t":[4.3,4.8,8.0,13.5,18.2,22.3,26.2,27.5,23.6,17.4,11.7,6.6],"s":[0,0,0,0,0,0,0,0,0,0,0,0],"i":[478,503,522,413,367,289,260,401,282,463,501,357,465,491,519,424,394,323,297,413,315,467,492,380,443,469,505,425,412,348,328,417,340,462,473,395,413,438,480,417,419,365,350,412,357,446,444,400,375,398,446,399,417,373,363,397,366,420,405,396,332,352,401,373,404,372,368,374,365,386,362,383,284,301,350,340,383,362,363,343,356,344,312,362,234,247,293,300,352,343,348,306,338,297,258,331,184,193,231,254,313,315,325,263,311,245,202,294,478,503,522,413,365,288,258,400,281,463,501,355,465,491,520,422,390,320,294,412,312,467,492,377,443,469,505,422,405,344,323,415,336,459,473,391,413,438,482,413,412,361,344,409,352,445,445,396,377,400,448,397,408,368,357,395,359,420,408,391,335,356,405,372,395,366,360,371,358,386,365,377,288,306,355,338,372,355,354,341,348,345,317,355,240,254,299,299,341,336,339,304,329,299,265,325,193,202,242,254,302,308,316,263,303,249,213,288,478,503,521,409,361,284,254,398,276,461,501,352,466,491,518,418,382,312,285,408,304,463,492,371,446,471,505,418,394,333,310,409,324,458,474,382,417,442,482,408,398,345,327,401,336,442,447,384,383,407,451,390,392,350,336,388,341,418,413,377,343,365,411,366,377,346,337,365,337,386,373,363,300,319,365,333,354,333,329,336,325,348,328,340,256,272,314,296,323,312,313,301,306,305,281,311,213,225,263,254,286,285,289,262,279,259,234,275,478,503,519,405,354,277,246,394,270,459,500,346,466,492,516,412,370,299,271,400,291,459,491,360,447,472,503,408,377,314,290,400,306,451,474,367,421,446,482,398,378,322,302,392,314,437,449,366,388,412,451,380,370,323,307,375,315,413,417,358,352,374,416,356,353,316,304,354,308,384,381,342,313,332,373,326,330,302,294,325,295,348,339,319,271,288,328,291,301,282,277,293,275,309,296,291,231,246,282,254,266,256,254,257,250,267,252,258,478,503,517,401,347,269,237,389,261,455,499,339,466,491,512,403,355,283,254,391,275,453,490,347,447,472,498,397,358,291,265,387,283,444,472,349,423,447,476,385,353,294,271,377,286,428,449,344,393,416,449,366,342,290,271,360,283,405,420,333,359,380,413,342,325,282,265,338,274,376,384,316,323,342,377,314,301,266,252,311,260,344,347,294,285,302,335,282,275,247,238,281,241,307,307,268,247,262,292,248,244,224,217,248,219,270,267,239,478,501,513,396,338,258,227,383,252,451,498,331,466,490,505,392,338,264,234,380,257,446,487,331,447,471,490,383,334,264,237,372,258,433,469,327,423,445,468,368,325,262,237,359,254,415,446,318,395,416,441,348,311,254,231,340,248,392,417,304,362,383,409,325,292,244,224,319,238,365,385,287,327,346,372,297,271,229,212,292,223,333,348,265,292,308,335,269,246,210,197,265,206,301,312,242,257,271,296,237,219,191,179,236,186,266,275,216,476,501,509,390,328,247,215,376,241,446,496,322,465,488,498,380,320,244,212,368,237,436,484,315,445,467,480,367,308,237,208,355,231,420,463,304,421,441,455,349,294,227,200,338,223,400,438,290,393,412,426,327,277,218,193,318,212,375,409,274,361,379,396,303,257,204,183,295,200,348,379,254,327,344,362,277,237,191,171,271,185,318,344,235,293,307,325,249,214,174,157,244,170,287,308,212,259,272,290,222,192,158,143,219,154,256,274,191,476,500,505,384,318,237,204,370,231,441,494,313,463,484,490,368,301,223,191,355,217,426,479,297,443,463,467,349,282,209,178,337,202,405,458,280,417,434,438,327,261,195,166,315,190,381,430,261,387,404,408,303,241,180,155,293,176,354,400,241,355,370,375,277,221,167,143,269,163,326,367,222,321,335,342,252,200,153,133,245,150,297,333,202,287,300,308,227,182,140,120,221,136,267,298,183,254,265,274,202,162,126,111,198,124,238,265,163,476,499,501,378,309,227,193,363,221,436,492,304,462,482,480,356,283,202,170,342,198,416,475,281,438,457,453,331,256,181,150,318,177,390,450,256,411,426,420,304,229,161,133,292,158,361,419,231,378,392,384,276,206,145,120,267,143,330,385,209,344,356,349,250,184,132,108,242,129,299,349,189,309,320,314,225,167,120,100,218,118,270,314,170,275,285,283,200,150,110,91,196,107,243,281,153,243,252,252,180,134,99,84,176,99,217,249,138,476,498,498,373,301,217,183,358,212,432,491,297,461,480,473,346,266,185,151,331,181,407,471,266,436,451,438,314,231,156,123,301,152,375,443,234,404,417,400,281,199,132,103,270,130,339,407,204,367,377,358,249,172,114,90,241,113,304,367,178,328,337,317,220,151,103,82,214,102,270,327,158,292,298,282,196,135,94,76,191,93,240,290,142,258,263,250,175,122,86,71,171,86,214,257,128,227,233,223,157,111,80,67,154,80,192,227,115,476,497,496,369,295,210,175,354,204,429,490,291,459,479,467,338,252,170,136,322,166,399,468,254,434,449,429,300,210,134,101,287,131,363,438,215,401,412,383,260,171,105,80,250,105,321,398,179,360,366,332,222,141,90,71,218,92,278,352,151,314,317,284,191,122,83,68,190,85,240,305,132,270,272,245,168,110,78,65,167,80,209,262,119,235,236,215,151,102,75,62,150,75,185,229,109,206,208,192,137,95,71,60,135,71,167,202,101,476,497,494,367,291,206,170,351,200,426,488,288,459,479,463,332,244,160,125,316,156,395,467,246,434,449,423,291,195,115,85,277,114,355,436,200,401,411,374,246,148,85,72,239,92,309,395,160,359,365,317,199,113,82,70,206,83,260,347,132,312,312,254,163,103,79,68,176,80,215,293,114,259,254,204,143,98,76,65,151,77,180,239,106,213,210,179,132,94,73,62,133,73,160,200,99,187,185,163,123,90,69,60,122,70,146,178,94,476,498,492,366,290,204,168,350,199,426,488,287,459,479,461,331,241,156,120,314,153,393,467,243,434,450,420,289,189,110,80,273,110,352,434,196,401,412,370,242,136,84,72,235,88,305,394,154,360,366,312,191,105,82,70,202,83,252,346,126,312,313,250,140,101,79,68,171,80,206,292,107,259,254,184,131,98,76,65,145,77,170,233,102,204,200,159,124,94,73,62,127,73,148,188,97,179,177,147,117,90,69,60,117,70,137,167,92]}