{"c":"67471","n":"生口島","la":34.278333333333336,"lo":133.12333333333333,"e":3,"t":[5.2,5.3,8.2,13.2,17.7,21.6,25.6,27.1,23.6,17.9,12.5,7.7],"s":[0,0,0,0,0,0,0,0,0,0,0,0],"i":[438,473,509,404,358,277,244,381,267,440,473,346,426,462,505,413,384,308,277,393,296,443,463,368,407,441,492,413,400,331,303,396,318,437,447,382,381,413,468,405,407,346,322,390,332,422,421,386,347,377,434,389,404,353,333,376,339,398,386,382,309,334,392,363,392,351,336,354,338,366,345,369,267,287,341,331,371,341,331,325,328,327,298,347,222,237,286,291,341,322,317,290,310,283,249,318,178,188,227,247,304,296,295,250,286,235,198,282,438,473,509,403,357,276,242,381,265,438,473,345,426,462,505,412,381,305,274,392,293,442,465,366,407,442,492,412,397,327,299,394,314,436,447,379,381,413,469,404,403,342,317,388,327,421,421,383,349,378,436,387,400,348,327,374,333,398,388,378,311,337,394,362,387,345,329,352,331,366,348,365,270,291,346,329,365,334,323,323,321,328,303,343,227,244,292,290,336,316,309,289,303,285,254,314,185,196,237,248,298,289,287,250,278,238,206,278,438,473,508,400,354,272,238,379,261,438,473,342,426,462,505,408,375,298,266,388,286,440,463,360,409,443,492,407,388,317,287,389,303,434,448,371,384,416,469,398,392,328,302,382,313,418,423,373,353,384,438,380,388,331,309,368,317,396,392,366,317,344,400,356,374,326,309,346,313,366,354,352,279,302,356,324,352,314,301,318,301,330,313,330,240,259,306,288,323,294,286,285,282,289,268,302,200,215,257,248,287,268,264,249,257,247,224,268,438,473,505,397,348,266,231,375,254,436,472,337,426,462,501,401,365,286,252,381,274,436,463,351,409,444,488,398,374,299,269,380,287,428,448,357,386,419,469,388,376,306,279,372,293,413,425,357,357,387,438,370,369,306,283,357,293,391,394,349,325,352,404,346,354,299,279,336,286,363,360,333,289,313,362,317,333,285,269,309,273,329,321,312,252,272,319,283,306,266,254,278,254,292,281,285,216,233,274,247,272,241,231,245,231,252,241,252,438,472,503,392,342,258,223,370,248,432,471,331,426,462,498,393,352,271,238,373,260,430,462,339,409,443,484,388,357,279,247,369,267,421,446,341,388,420,463,375,354,280,252,358,268,405,424,336,361,391,437,357,345,276,250,343,265,383,396,326,329,357,403,333,330,267,245,321,256,356,363,310,296,321,366,306,308,252,234,296,242,325,328,289,262,284,326,274,284,234,218,267,224,290,291,264,227,247,284,242,252,211,199,237,202,254,252,236,437,471,500,387,333,249,214,365,239,428,470,323,426,459,492,383,336,254,220,363,243,423,459,324,409,442,478,374,335,254,223,355,244,411,443,321,388,418,455,359,328,250,221,342,240,394,420,313,361,391,429,340,316,243,216,325,233,371,394,300,332,359,398,317,300,231,209,304,223,345,363,283,300,325,362,289,280,218,196,279,209,315,329,263,267,290,325,262,257,200,182,252,192,284,294,239,235,254,288,231,231,181,165,225,173,252,259,214,437,471,497,382,324,239,204,359,229,424,468,315,425,458,484,372,319,235,200,351,225,413,455,309,408,438,468,358,310,227,196,339,219,399,438,299,386,415,444,341,299,219,190,323,211,379,415,286,360,387,415,319,285,209,181,304,200,356,387,271,331,356,385,296,267,196,171,282,189,329,357,252,299,323,352,271,248,183,160,259,175,301,325,234,268,288,316,243,225,166,146,233,160,271,291,212,237,256,282,217,204,150,133,209,144,242,258,191,436,470,493,376,315,229,194,353,221,419,466,306,424,455,478,360,301,215,182,340,208,405,453,292,405,434,455,342,285,202,170,322,195,386,432,276,382,409,428,320,267,189,158,302,182,362,405,259,355,380,398,296,250,175,148,281,169,336,377,240,325,348,365,271,231,161,136,258,156,309,346,222,294,315,333,246,212,148,126,235,143,282,314,202,263,282,300,222,195,135,113,212,130,254,282,184,233,249,267,197,175,122,104,190,118,225,250,165,436,469,488,370,305,219,184,347,212,415,465,298,423,453,469,349,283,197,164,328,191,396,449,277,403,430,442,325,259,176,145,305,171,371,425,252,377,401,409,298,236,158,129,281,154,344,396,231,347,369,375,271,215,142,115,257,139,315,364,209,316,336,340,245,195,129,105,233,126,285,331,190,284,302,307,221,178,117,97,211,114,258,298,172,254,269,276,197,162,107,88,189,104,231,266,155,224,238,246,177,147,97,81,170,95,206,236,140,436,468,486,365,297,211,176,342,204,411,463,291,422,451,462,339,266,181,147,317,175,388,445,262,400,426,429,309,235,153,122,290,149,358,419,231,372,394,391,276,204,131,103,261,128,325,386,204,339,357,350,245,180,113,91,233,112,291,349,180,304,319,311,217,161,102,82,208,102,259,311,160,270,283,276,193,146,94,76,186,93,231,276,144,239,250,245,173,133,86,71,167,86,206,245,130,211,221,218,155,122,80,66,150,79,184,217,119,436,468,484,362,291,204,169,338,198,408,462,286,421,450,455,331,252,167,133,309,163,381,443,250,399,424,419,295,213,133,102,276,130,347,413,214,369,389,375,257,176,106,82,243,106,308,378,180,333,347,326,220,148,91,74,212,93,268,335,153,292,302,279,189,129,84,70,186,86,231,291,134,252,261,241,166,118,79,67,164,81,202,252,121,221,227,212,149,110,75,64,147,76,180,220,111,194,200,190,136,102,71,60,133,71,162,195,103,434,468,482,359,286,200,164,336,193,405,462,282,421,450,453,326,243,158,123,304,154,377,441,242,399,424,413,287,197,117,87,267,115,340,412,200,369,389,367,243,151,88,75,231,94,298,375,161,332,346,312,198,119,84,73,200,85,252,330,134,290,298,252,162,107,81,70,172,82,210,280,117,244,245,204,143,102,78,67,149,78,177,231,107,202,204,178,131,97,74,64,132,74,157,195,101,178,180,162,122,92,70,60,121,70,144,173,95,434,468,480,359,285,199,162,335,192,405,461,281,421,450,451,325,239,155,120,302,150,375,441,239,399,424,411,284,190,111,83,264,111,338,411,195,369,389,363,239,139,87,75,227,91,294,374,155,333,347,308,190,108,84,73,197,85,245,329,127,291,299,248,141,104,81,70,168,82,202,279,109,244,246,184,131,100,78,67,144,78,168,225,103,197,196,159,124,96,74,64,126,74,147,184,98,172,173,147,117,91,70,60,115,70,136,164,93]}