{"c":"67496","n":"長崎","la":32.733333333333334,"lo":129.86666666666667,"e":27,"t":[7.0,7.8,10.8,15.4,19.4,22.8,26.8,27.9,24.8,19.7,14.3,9.4],"s":[0,0,0,0,0,0,0,0,0,0,0,0],"i":[424,484,516,438,401,291,241,390,263,445,475,377,412,472,512,448,429,320,269,400,288,447,465,399,392,449,496,448,447,342,291,401,306,438,446,412,366,419,470,438,454,356,306,394,317,422,418,416,333,381,434,419,451,361,314,378,321,397,383,409,295,336,391,390,436,358,315,354,317,364,341,395,254,287,339,353,412,346,308,323,307,324,293,370,211,235,282,309,377,325,293,287,289,278,243,337,170,184,223,260,334,298,271,246,264,229,192,297,424,484,516,437,399,289,239,389,262,445,475,375,412,472,511,446,426,317,266,398,285,446,465,396,393,450,497,445,442,338,287,399,302,438,447,409,367,420,471,434,448,350,301,391,313,422,420,411,335,383,436,416,443,355,308,375,316,397,384,405,298,339,394,387,428,351,307,352,311,364,344,389,258,291,344,351,403,338,300,321,300,325,298,364,217,242,290,308,369,317,285,286,282,281,249,331,176,193,233,260,326,290,263,246,257,234,200,292,424,484,515,434,395,285,236,387,259,443,474,371,412,472,511,441,418,309,259,394,279,444,465,390,394,451,496,438,432,326,276,394,293,436,447,399,369,423,472,428,436,336,287,385,300,419,421,400,339,388,438,409,429,337,291,369,301,395,389,392,305,348,399,381,413,331,288,346,295,363,350,375,267,303,353,346,388,317,279,317,282,327,308,350,229,258,304,306,354,296,263,283,263,286,264,319,192,214,252,262,313,268,241,245,239,242,220,281,424,484,513,430,389,279,229,383,252,441,474,366,413,472,508,434,407,297,247,388,269,440,463,379,395,451,493,430,416,309,260,385,279,430,447,385,372,426,471,418,417,315,267,376,283,413,423,383,343,394,440,397,408,313,267,359,281,391,392,373,311,356,403,371,391,304,262,336,272,361,357,355,277,316,361,338,367,288,250,309,259,327,318,331,241,274,315,302,334,267,235,277,240,289,277,301,206,234,271,261,297,241,213,242,216,250,237,266,424,484,511,425,381,271,222,379,247,438,473,359,413,472,504,425,392,283,234,380,256,434,463,367,396,453,488,418,396,288,240,375,261,424,446,368,373,426,466,403,392,288,242,363,261,407,422,361,347,397,438,384,382,283,239,346,256,384,394,350,317,363,403,357,363,272,231,323,246,355,361,331,284,324,364,327,339,256,219,296,231,323,324,307,250,287,324,292,310,236,202,267,213,289,287,279,219,249,282,257,277,212,184,236,192,252,250,248,423,483,508,420,372,262,214,374,239,434,471,351,413,471,498,413,375,265,218,370,242,428,461,352,396,451,482,403,371,264,218,361,241,415,443,346,374,426,459,387,363,260,215,347,236,396,420,337,348,398,430,364,348,250,209,328,227,373,392,321,319,365,398,340,331,238,199,306,216,346,361,303,288,330,362,310,307,221,186,281,202,315,327,279,256,293,323,279,281,202,172,252,185,283,291,254,225,257,286,247,250,182,154,225,166,250,256,227,423,483,504,413,361,252,204,368,231,430,470,342,412,470,492,401,355,247,200,360,227,420,458,335,395,450,473,386,345,239,195,346,219,404,438,323,373,425,448,367,330,229,187,329,211,383,415,309,347,395,419,343,314,217,177,309,199,358,387,291,319,363,386,316,293,202,167,286,187,331,356,270,289,329,352,289,272,187,154,262,172,302,323,249,258,294,316,260,247,170,141,236,157,271,289,225,227,259,280,231,223,153,127,210,141,240,254,202,423,482,501,407,351,242,196,363,223,426,469,333,411,468,484,390,335,227,184,348,211,411,455,318,393,446,462,368,316,213,172,330,198,391,434,299,370,419,434,344,296,198,159,310,184,367,408,279,343,388,401,318,275,183,148,287,171,340,378,259,315,355,368,291,254,167,136,263,158,312,346,238,285,322,334,263,233,154,125,239,144,283,313,216,254,288,301,237,212,138,112,215,131,254,281,195,224,254,267,210,191,125,102,192,118,225,248,175,423,480,497,401,341,233,188,357,215,422,467,325,409,466,478,377,315,210,168,338,196,403,451,301,391,442,450,350,288,188,150,314,177,378,428,275,366,413,417,320,261,168,134,289,160,349,398,250,338,379,381,290,236,150,121,264,144,319,366,225,307,344,345,262,213,136,109,239,131,289,332,204,276,308,310,235,193,123,100,215,119,260,298,184,246,274,277,209,175,111,90,193,108,233,265,165,217,242,246,186,157,101,82,172,98,206,235,148,423,480,495,396,332,225,180,352,208,418,466,318,409,463,471,367,297,194,154,328,182,395,448,286,389,438,438,333,260,166,130,300,158,365,422,252,362,405,399,297,225,141,111,270,137,332,389,221,330,367,357,262,197,123,98,241,121,297,352,194,296,328,317,229,174,109,89,214,109,264,314,171,263,290,280,202,156,100,81,191,99,234,278,153,233,254,248,181,142,91,76,171,91,208,245,138,204,225,219,162,129,84,70,153,84,185,216,125,423,480,493,392,325,219,175,349,202,416,466,312,409,463,466,358,281,181,142,320,171,389,446,274,389,437,429,319,236,146,112,287,141,355,418,234,360,401,385,276,194,117,92,252,117,317,382,196,326,359,335,234,160,100,82,221,102,276,340,165,287,312,287,199,138,91,78,192,94,238,295,143,248,268,246,174,124,85,74,169,88,206,254,128,216,231,215,155,114,81,70,151,82,183,221,117,189,202,191,140,107,76,66,136,77,163,194,108,423,480,491,390,320,215,171,347,199,413,465,308,409,463,463,353,271,172,134,315,164,386,446,265,389,438,425,310,219,130,100,279,129,350,417,220,361,401,377,261,167,98,84,242,104,307,380,175,326,359,323,211,127,91,81,209,94,262,336,143,286,310,263,169,111,87,77,179,90,218,286,123,242,254,210,146,105,83,74,154,85,183,236,112,200,209,181,134,101,80,70,136,80,160,197,105,175,183,164,125,97,75,66,123,75,146,174,99,423,482,491,389,318,213,170,346,198,413,465,307,411,465,462,352,267,169,131,313,161,385,446,263,390,438,423,308,211,124,95,276,124,348,417,215,362,404,375,258,154,94,84,239,101,305,380,168,327,361,321,204,111,91,81,204,94,256,337,135,287,312,261,147,108,87,77,176,90,212,287,113,243,258,197,132,104,83,74,150,85,175,233,107,196,202,164,126,100,80,70,130,80,151,188,102,169,177,150,119,96,75,66,119,75,139,165,97]}