{"c":"68022","n":"西郷","la":36.20333333333333,"lo":133.33333333333334,"e":27,"t":[4.2,4.3,6.9,12.0,16.3,20.0,24.1,25.9,21.9,16.5,11.7,7.1],"s":[16,12,2,0,0,0,0,0,0,0,0,7],"i":[468,445,493,379,324,224,158,353,193,442,469,309,455,436,492,389,347,245,173,360,206,446,462,327,437,419,480,390,361,261,185,360,217,441,446,337,409,394,459,383,368,271,192,353,223,426,421,341,373,362,428,368,366,275,196,338,225,401,388,336,333,325,389,345,355,273,195,316,222,370,349,324,288,283,342,316,337,264,190,289,214,332,304,306,239,237,290,280,311,250,182,256,202,288,256,280,192,192,234,240,278,229,169,220,187,240,206,249,468,445,493,379,323,223,157,353,192,442,469,308,457,436,492,387,344,243,172,359,206,445,462,325,437,419,480,388,357,259,183,359,216,438,446,334,409,395,459,381,362,268,190,351,221,425,421,337,375,363,429,366,359,271,193,336,222,401,389,332,335,327,390,343,347,269,192,315,219,370,351,320,292,286,346,314,328,260,187,288,211,333,308,300,245,242,295,279,302,245,178,256,199,290,261,275,199,198,242,240,269,225,165,221,183,243,213,245,468,445,492,376,319,220,155,351,190,441,468,305,457,436,490,383,337,238,168,356,202,443,461,319,438,420,480,383,347,250,177,355,210,437,446,327,412,396,459,375,350,258,183,346,214,422,422,327,380,367,430,359,345,259,184,332,214,400,392,321,342,331,394,337,332,254,182,311,209,370,356,308,301,294,352,308,313,245,176,285,200,334,316,289,258,252,306,275,287,229,167,254,188,294,272,264,216,212,258,238,254,210,154,222,172,250,229,234,467,444,490,373,314,216,152,348,187,438,467,301,457,434,488,378,327,229,162,352,196,438,459,311,438,419,476,375,333,238,168,348,202,432,445,315,413,397,457,365,333,243,172,339,202,417,423,314,384,369,429,349,326,242,171,324,200,394,394,306,349,337,396,327,312,235,168,303,195,367,361,291,311,301,356,300,292,224,161,278,185,333,323,272,271,263,315,269,267,208,151,250,173,296,283,248,233,225,271,235,237,189,138,219,157,257,243,220,467,443,487,369,307,210,148,345,183,434,466,295,455,434,483,370,314,219,154,345,188,433,458,301,438,418,470,364,316,223,158,339,190,424,442,301,416,397,451,353,312,223,158,329,189,408,421,296,387,370,425,336,302,219,156,313,185,387,394,286,354,339,392,314,287,212,150,292,178,359,362,271,319,306,358,288,267,199,142,269,168,329,327,250,282,271,319,259,244,184,133,242,155,294,290,229,245,236,279,229,217,167,121,214,141,259,252,204,467,442,484,364,299,202,144,341,178,430,463,289,455,432,476,360,300,206,146,337,179,425,455,289,437,416,462,352,296,204,145,329,178,413,438,284,413,394,441,338,288,202,143,316,174,396,417,276,387,368,416,319,275,195,138,299,168,374,390,263,356,339,386,298,259,186,132,279,159,348,360,248,321,307,351,273,240,174,124,256,149,318,326,229,287,274,316,246,218,159,113,231,137,288,293,208,252,241,280,218,195,144,103,206,124,254,258,186,466,441,480,359,291,196,139,336,174,426,462,282,454,430,469,350,284,193,136,328,170,417,451,275,434,412,451,337,274,187,132,316,165,401,433,266,411,390,429,320,261,179,127,301,158,381,409,254,384,363,401,300,247,171,121,283,150,358,383,239,353,335,372,278,229,160,113,262,141,332,353,222,320,304,340,254,211,148,106,240,131,304,321,204,286,271,306,229,191,135,97,217,120,274,288,185,254,241,273,204,171,122,88,194,109,245,256,166,465,440,476,353,283,189,134,331,169,421,459,275,451,426,461,339,268,179,127,319,161,407,446,262,430,408,438,321,252,168,120,303,152,388,426,247,405,383,413,301,234,157,112,285,142,364,401,231,377,356,384,279,217,146,105,265,133,339,372,214,346,326,352,256,199,135,97,243,124,312,342,197,313,296,321,233,181,124,90,222,113,284,310,179,280,265,290,210,164,112,82,200,104,256,278,162,248,234,258,187,146,102,75,179,95,229,247,145,463,438,473,348,275,183,129,327,164,417,459,268,450,424,453,328,252,166,118,310,152,398,442,249,426,403,426,306,229,150,108,290,139,373,419,229,399,376,395,281,208,136,99,268,128,346,390,208,367,346,362,256,188,123,91,245,118,317,358,189,334,314,329,231,169,112,83,223,109,288,326,171,301,283,296,210,153,103,77,202,100,260,293,155,268,252,266,188,138,94,71,182,92,234,263,140,237,224,238,168,124,85,65,163,85,209,233,126,463,438,469,343,268,176,125,323,160,413,457,263,448,422,445,319,239,154,110,302,144,389,438,238,424,398,413,291,209,134,97,278,128,360,412,212,392,368,376,261,182,117,87,252,114,326,379,187,356,334,337,231,159,104,80,225,105,293,342,165,319,300,300,206,142,95,74,202,97,261,306,148,284,266,267,185,128,88,69,182,90,233,273,134,250,236,238,166,115,81,64,164,84,209,242,121,222,209,212,150,106,74,59,147,78,187,215,110,463,438,467,340,263,172,122,320,157,409,455,258,447,421,438,312,227,145,104,296,137,383,436,227,422,396,403,279,192,120,88,268,119,348,407,197,388,363,361,244,159,101,78,238,105,310,371,168,348,325,314,210,135,91,74,210,96,270,329,145,304,284,270,183,119,84,70,185,91,234,286,129,263,247,235,163,108,79,66,164,85,204,248,117,229,216,208,147,101,74,62,147,80,183,218,107,202,192,186,134,93,69,56,133,75,165,194,99,463,437,466,338,260,169,120,318,154,408,455,254,446,420,437,307,221,138,100,292,133,379,434,222,421,395,399,271,179,109,82,261,112,342,405,186,388,362,353,231,140,91,77,229,99,299,368,154,347,323,301,190,113,87,74,200,93,254,324,130,301,279,243,160,105,83,70,173,89,212,274,115,250,231,200,144,100,78,66,150,84,180,227,107,210,197,178,132,95,74,62,134,80,161,195,100,185,175,163,123,90,69,56,122,75,147,174,94,463,437,466,337,259,168,119,318,154,408,455,254,446,420,437,306,218,136,98,291,131,377,434,220,421,395,398,269,174,104,80,259,109,339,405,182,388,362,352,227,129,91,77,227,97,295,367,149,347,323,300,182,109,87,74,197,93,246,323,126,301,279,243,144,105,83,70,170,89,204,274,110,250,231,187,135,100,78,66,146,84,170,223,104,202,190,167,127,95,74,62,129,80,151,186,98,178,169,154,119,90,69,56,118,75,140,167,92]}