{"c":"68056","n":"海士","la":36.096666666666664,"lo":133.09666666666666,"e":3,"t":[4.9,4.8,7.4,12.3,16.6,20.3,24.3,26.0,21.8,16.5,12.0,7.7],"s":[9,7,0,0,0,0,0,0,0,0,0,3],"i":[449,434,486,377,312,204,142,339,171,429,457,298,438,426,484,386,333,222,154,344,181,433,450,314,420,409,473,387,346,235,162,343,189,426,434,323,393,386,451,380,351,243,168,335,192,413,409,325,360,355,421,365,349,245,169,320,192,389,379,320,322,319,383,343,338,242,168,299,188,358,341,308,279,278,337,313,320,234,163,272,181,321,298,289,233,234,286,278,295,221,154,241,170,279,250,265,188,190,231,238,264,202,143,206,156,231,202,235,449,434,486,377,311,204,142,338,170,429,457,297,438,426,484,385,330,221,153,344,180,432,450,312,420,409,473,385,342,233,161,342,187,426,434,320,394,387,451,378,346,240,166,334,190,412,411,321,362,356,422,363,342,242,167,319,190,389,380,316,324,320,384,341,331,239,165,298,186,358,343,304,282,281,340,312,313,229,160,271,178,322,301,285,239,238,290,277,287,216,151,241,167,280,256,260,195,196,239,238,256,198,140,206,153,236,210,231,449,434,484,374,307,202,140,337,169,428,455,294,438,426,483,381,323,216,150,341,177,430,449,307,421,411,472,381,333,225,156,338,183,424,434,313,396,387,451,372,335,231,160,329,185,409,412,313,366,359,424,356,329,231,160,315,183,387,383,306,329,325,388,335,317,227,158,294,178,358,347,293,291,288,347,306,298,218,152,269,170,323,308,274,250,248,301,273,273,202,143,240,159,284,266,250,210,209,254,237,242,185,131,208,144,243,224,221,448,434,483,371,302,198,138,334,166,425,455,290,438,426,480,376,314,209,145,337,173,426,448,300,421,409,468,372,320,216,149,333,176,418,433,303,398,388,449,363,319,219,151,323,176,404,412,300,369,361,422,347,312,217,150,308,173,382,384,292,336,329,389,325,298,210,146,288,167,355,352,278,299,294,350,298,279,200,139,263,158,322,315,259,262,258,310,267,254,185,129,236,146,286,276,236,225,222,267,233,225,168,118,206,132,248,238,209,448,434,480,367,296,193,134,331,163,422,454,286,438,425,475,368,302,200,139,331,167,420,446,290,421,409,463,362,304,202,141,325,167,411,430,290,399,388,443,351,299,202,140,314,165,395,409,284,371,362,418,334,290,198,137,298,161,374,384,274,339,331,386,312,275,190,132,278,153,347,352,259,306,299,351,286,254,179,124,254,144,318,319,240,271,265,313,257,233,165,114,229,132,284,283,219,235,231,273,227,206,149,104,202,119,250,246,194,447,433,476,362,289,188,131,327,160,418,451,280,437,423,469,358,289,190,132,324,160,413,443,279,419,407,455,350,285,188,131,315,158,401,426,274,397,385,434,336,277,184,128,302,153,384,405,266,371,360,409,317,265,177,123,286,147,363,380,252,341,331,379,296,249,169,117,266,139,337,351,238,308,300,345,271,229,157,109,243,129,308,318,219,275,268,311,245,209,144,100,220,118,278,285,199,242,236,275,216,187,129,90,195,106,246,250,177,447,432,473,357,281,182,127,323,156,413,450,273,434,421,462,348,275,178,124,316,152,405,438,267,417,403,445,335,265,173,120,304,147,390,422,258,394,381,422,319,252,165,114,289,141,370,399,245,368,355,395,299,238,157,109,271,133,348,373,231,338,327,366,277,221,146,102,250,124,322,344,215,307,297,335,252,204,136,94,229,113,294,313,197,274,265,300,227,184,123,86,206,104,265,280,178,243,235,268,202,165,111,77,185,94,236,249,160,446,430,469,352,274,176,123,319,152,409,449,267,433,418,454,337,260,167,117,308,145,396,434,254,413,399,433,320,244,157,110,292,137,377,415,240,390,375,407,300,227,147,103,274,128,354,390,225,362,348,378,278,210,136,96,254,120,329,363,208,332,319,347,254,193,125,89,234,111,303,333,191,300,290,316,231,175,114,82,213,101,276,302,174,269,259,285,209,159,104,74,192,92,248,271,158,238,229,252,186,142,94,67,171,83,221,240,140,445,429,466,346,267,170,119,315,148,405,447,261,430,415,446,327,246,156,110,300,138,387,430,243,409,394,420,304,224,142,101,281,127,363,408,223,383,368,389,280,202,129,92,259,117,337,380,204,353,339,357,254,183,117,85,238,108,308,350,185,321,308,324,231,165,107,78,216,99,280,318,168,289,277,292,209,150,98,72,196,91,252,286,152,258,248,262,187,135,89,65,176,83,227,256,137,227,219,234,168,121,81,60,157,76,202,227,123,445,429,463,342,260,165,115,312,145,401,445,256,430,413,438,318,233,146,104,293,132,379,426,231,407,390,408,290,204,128,92,270,119,351,401,208,377,361,371,261,179,112,83,245,107,319,370,184,343,328,333,231,157,101,76,221,98,286,335,164,308,294,297,206,140,93,71,198,90,254,300,146,274,262,264,184,126,85,65,177,83,227,267,132,243,231,235,166,114,78,60,159,77,204,237,120,215,206,210,149,104,72,56,143,71,182,210,108,444,428,459,338,256,161,113,309,143,399,444,252,429,412,434,311,223,138,99,287,127,373,425,224,405,388,398,278,189,115,85,261,111,340,397,194,374,356,356,243,158,100,76,233,99,303,362,167,336,319,311,210,134,90,72,206,91,264,322,145,294,280,267,183,119,84,68,181,85,229,280,128,254,243,233,162,109,79,64,161,80,202,244,117,224,213,206,147,101,73,59,144,74,180,214,107,197,189,185,133,93,68,55,130,69,162,190,98,444,428,459,337,252,159,112,308,141,397,444,249,429,411,430,306,216,133,95,284,123,369,424,218,405,387,394,271,177,107,80,254,106,334,395,185,373,355,349,231,140,91,75,225,95,293,359,154,335,318,298,190,114,87,72,197,89,250,317,131,291,275,242,160,106,83,68,170,84,209,269,115,244,229,200,144,101,78,64,147,80,178,224,107,204,196,178,132,95,73,59,131,74,159,193,100,181,174,162,123,90,67,55,120,69,145,172,93,444,428,459,336,252,158,111,307,140,397,444,248,429,411,430,305,214,131,94,283,122,368,424,216,404,387,394,268,172,104,78,252,104,332,395,181,373,356,349,227,130,91,75,223,93,290,359,150,335,318,298,183,110,87,72,194,89,243,317,127,291,275,242,144,106,83,68,167,84,202,269,111,244,229,186,135,101,78,64,143,80,169,219,105,198,188,167,127,95,73,59,127,74,150,184,98,175,168,154,119,90,67,55,115,69,138,166,92]}