{"c":"68141","n":"熊本","la":32.81333333333333,"lo":130.70666666666668,"e":38,"t":[5.7,7.0,10.5,15.7,20.2,23.6,27.3,28.1,24.8,19.1,13.2,7.8],"s":[0,0,0,0,0,0,0,0,0,0,0,0],"i":[429,482,509,436,399,301,266,397,288,448,473,379,416,469,505,446,426,333,301,408,318,450,463,401,397,446,490,446,446,358,329,411,341,443,444,417,370,416,463,437,453,373,349,405,356,426,417,421,337,378,430,417,450,380,361,390,363,401,382,416,298,334,386,389,436,377,363,367,360,367,339,401,256,284,335,352,411,365,356,336,349,327,292,376,213,233,279,308,377,344,340,299,330,281,242,343,170,183,221,259,334,315,316,257,302,231,191,303,429,482,509,434,397,299,264,396,286,447,473,377,417,469,504,444,424,330,298,407,315,449,463,400,397,448,490,444,441,353,324,409,337,442,445,413,371,418,466,434,447,368,343,403,350,426,418,416,338,380,430,415,443,373,353,387,355,400,383,409,301,337,389,386,428,370,354,364,352,367,342,395,260,289,340,350,403,357,346,334,340,328,296,370,218,240,286,308,369,336,330,297,320,283,248,338,177,192,229,260,327,307,306,256,293,236,200,298,429,482,508,432,393,295,259,394,282,446,473,373,417,470,504,440,417,322,288,403,306,447,463,393,399,449,490,438,430,341,311,403,324,438,446,403,373,421,466,426,434,352,325,396,335,423,420,405,343,386,434,408,429,355,332,380,337,399,388,397,308,346,394,380,413,349,331,357,331,367,349,381,269,302,350,345,389,334,321,328,318,330,307,356,231,257,300,306,355,312,304,293,297,289,263,324,193,213,250,261,314,283,279,254,270,245,219,286,429,482,505,428,387,288,252,390,275,443,472,368,418,470,501,433,405,309,275,396,294,443,463,382,400,450,487,429,415,323,291,394,307,434,446,389,376,424,465,417,417,329,301,385,313,418,422,388,347,392,434,397,408,328,303,369,312,394,391,378,315,354,398,371,391,319,299,346,304,365,356,360,280,315,357,338,367,304,287,318,289,330,317,336,244,273,312,301,335,282,269,286,268,292,276,306,209,231,268,261,298,254,246,250,242,252,236,271,429,480,504,424,379,280,243,385,267,440,471,361,418,470,498,424,390,293,258,387,279,437,462,369,400,451,483,417,395,300,267,382,285,426,445,371,378,425,459,403,391,300,271,371,287,409,421,365,351,396,433,383,381,296,270,354,282,387,393,354,320,361,398,356,364,285,262,331,271,359,360,335,287,323,360,327,340,268,249,304,256,327,324,312,254,286,321,292,311,248,231,275,236,292,287,284,221,248,279,257,278,223,210,242,213,254,249,252,429,480,501,418,369,269,233,379,258,437,470,352,418,469,492,413,373,274,238,376,261,430,459,353,401,450,476,401,370,273,241,367,261,417,442,349,378,425,454,386,363,270,238,354,256,399,419,340,353,396,425,364,348,260,231,335,249,376,391,324,323,364,394,339,331,248,223,313,236,349,360,306,292,329,358,309,308,231,209,287,221,318,326,283,260,292,320,279,282,213,193,259,202,286,291,258,229,257,283,246,252,191,175,229,182,252,256,229,428,480,498,412,359,259,222,373,248,432,469,343,417,467,486,401,353,254,218,364,243,422,457,336,400,448,467,385,343,246,212,351,235,405,438,325,377,423,443,366,329,236,204,334,225,385,413,310,351,393,413,343,313,224,194,313,213,361,386,293,323,362,382,316,292,209,183,291,200,334,356,273,292,328,349,289,272,194,170,266,185,304,323,252,261,293,313,260,247,176,156,240,169,274,289,227,231,258,277,231,224,159,141,213,151,243,254,204,428,479,494,405,348,249,211,367,238,428,467,334,416,466,479,388,333,233,198,352,224,413,454,318,398,444,455,367,315,218,184,334,209,393,433,300,374,417,429,343,294,202,170,313,194,369,407,280,348,387,398,317,274,187,158,290,180,342,377,260,319,354,364,290,254,172,146,266,166,314,346,239,288,321,331,262,231,158,134,242,151,285,313,217,257,287,298,237,212,142,121,218,137,256,281,197,227,252,264,210,191,129,110,194,124,227,248,176,428,479,491,399,338,239,200,361,229,424,466,325,415,463,472,376,313,214,178,340,206,404,450,301,396,440,444,349,285,191,157,316,184,379,426,275,371,411,412,319,259,170,139,291,165,351,398,249,342,377,377,290,234,152,125,265,148,321,365,225,311,342,341,261,212,138,112,240,133,290,331,202,279,307,306,234,192,124,103,216,121,261,298,184,249,273,274,209,175,112,93,194,110,234,265,165,219,242,244,186,157,102,86,173,100,208,235,149,428,478,488,394,329,229,192,356,220,420,465,318,415,462,465,365,294,197,160,330,190,396,447,285,394,436,433,332,258,166,132,300,161,367,421,252,366,403,395,296,223,141,111,269,137,333,388,220,334,365,354,261,195,122,96,240,120,298,351,192,300,326,313,229,172,108,87,214,107,265,313,170,266,288,277,202,154,98,79,190,97,235,277,152,235,254,246,181,140,90,74,170,89,209,245,137,206,224,217,162,128,83,69,152,83,186,216,125,428,478,486,390,322,223,185,352,214,417,463,312,413,461,459,357,278,182,146,321,176,390,445,272,393,434,424,317,233,145,111,286,141,356,417,231,364,399,380,275,191,113,87,250,113,317,381,193,329,356,331,233,156,96,77,219,97,276,339,162,289,310,284,198,135,87,73,190,89,238,294,140,250,266,244,173,122,82,69,167,84,206,254,126,218,229,213,154,112,78,66,149,79,182,220,114,191,202,190,140,105,74,63,135,75,163,194,106,428,479,484,388,317,218,180,349,210,416,463,308,415,462,457,351,267,173,135,315,167,387,445,264,394,434,419,308,215,127,95,277,126,350,416,217,365,400,373,260,163,93,77,239,98,307,379,172,330,357,319,210,123,86,75,206,88,260,335,140,289,307,260,168,108,83,72,176,85,216,286,120,244,252,208,146,102,80,69,152,81,181,235,109,200,206,180,133,98,77,66,134,77,159,196,103,176,181,163,124,94,73,63,122,73,145,173,97,428,479,484,387,315,217,178,348,208,415,463,306,415,463,455,350,263,169,132,313,163,386,444,261,394,436,417,306,206,121,90,274,120,348,416,211,366,401,371,256,149,89,77,236,95,304,379,165,330,359,317,202,107,86,75,202,88,254,335,132,290,310,257,146,104,83,72,173,85,210,286,111,245,256,194,131,101,80,69,147,81,173,231,104,197,200,162,125,97,77,66,128,77,149,186,100,169,175,149,118,93,73,63,118,73,138,164,95]}