{"c":"68261","n":"掛合","la":35.19833333333333,"lo":132.81666666666666,"e":215,"t":[2.3,2.6,5.8,11.7,16.4,20.2,24.2,24.8,20.3,14.4,9.4,4.8],"s":[47,55,1,0,0,0,0,0,0,0,0,14],"i":[430,424,438,335,291,202,148,324,189,401,430,276,420,416,436,340,307,219,159,329,198,403,424,289,401,399,425,339,316,229,167,326,204,396,409,295,377,375,405,332,319,237,172,318,209,382,386,296,345,345,378,317,315,239,173,304,209,360,356,290,309,310,344,297,304,235,171,284,206,331,321,279,269,270,304,272,287,225,166,259,199,296,281,262,225,227,259,242,264,213,158,231,189,257,237,239,183,185,211,208,235,195,147,199,177,215,193,213,430,424,438,334,290,202,147,324,188,401,430,275,420,416,436,339,305,217,158,328,198,403,424,287,401,399,425,338,314,227,165,325,204,396,409,293,378,376,405,330,316,234,170,317,206,381,386,294,347,346,379,316,312,235,171,303,206,359,357,288,311,311,345,296,300,231,169,283,202,331,322,276,271,273,306,270,283,222,163,259,197,297,283,258,229,231,262,240,259,209,155,231,187,259,241,236,189,191,217,206,231,191,144,200,174,217,199,210,430,424,437,333,288,200,146,323,187,400,430,273,420,415,434,337,301,213,155,325,195,401,423,284,403,400,424,334,308,222,161,323,200,394,409,288,379,377,404,325,308,225,164,314,202,379,387,287,350,349,379,311,302,225,164,299,200,358,360,280,316,315,347,290,290,221,162,280,197,330,326,267,279,279,311,265,273,211,155,257,189,298,290,250,241,241,270,237,250,197,147,229,179,262,250,227,202,204,229,204,222,178,135,200,166,224,212,202,430,424,436,330,284,196,144,321,185,398,430,270,420,415,432,332,294,206,150,322,191,397,422,277,404,399,420,328,298,212,154,317,194,389,408,279,381,378,403,318,296,214,156,308,194,375,387,276,353,351,377,303,289,212,154,293,191,354,360,268,321,320,348,283,276,204,150,274,186,328,330,254,287,286,313,259,258,194,143,252,177,297,295,237,250,250,277,231,236,179,134,225,167,264,259,215,216,216,239,202,209,162,123,200,155,229,223,191,430,423,433,327,279,192,140,318,182,396,429,266,420,413,428,326,284,198,144,317,185,393,421,269,403,398,416,320,285,200,146,311,185,383,405,269,382,377,398,309,281,199,145,300,183,368,386,263,355,352,374,293,271,194,142,285,179,347,361,252,325,322,345,273,258,186,137,266,172,322,331,239,293,291,314,250,240,174,129,244,164,294,299,221,259,258,279,224,219,160,120,221,153,262,265,200,225,224,244,198,195,144,109,196,142,231,231,179,429,422,430,324,273,186,137,315,178,393,426,261,419,412,423,319,274,188,138,311,178,387,418,260,401,396,409,311,270,186,136,302,176,375,403,256,381,375,390,297,263,182,133,290,172,359,382,247,355,351,367,280,250,174,128,274,166,338,358,235,326,323,340,261,237,165,122,256,158,313,329,221,295,292,309,238,220,154,113,234,150,286,298,204,263,261,277,215,200,140,105,212,140,257,267,185,231,229,245,189,179,126,95,189,129,227,235,165,429,421,428,320,267,181,133,311,175,389,426,256,417,409,418,312,262,177,130,304,171,380,415,250,400,394,401,300,252,172,126,293,166,366,398,242,378,372,381,285,243,164,121,279,160,347,377,229,353,347,356,266,229,155,114,262,152,325,352,217,324,319,329,246,214,144,108,243,145,301,324,200,294,290,300,225,198,134,100,223,136,275,294,185,263,259,269,200,179,121,92,200,127,247,263,167,233,229,240,179,161,109,83,180,118,220,234,150,428,420,425,316,261,175,129,308,171,386,424,250,416,408,412,304,250,166,123,297,164,373,412,240,398,390,392,288,237,156,117,283,156,355,393,227,374,367,369,270,222,146,109,266,148,334,370,213,348,340,342,250,206,136,102,248,140,310,344,198,319,312,314,229,191,125,95,227,132,285,315,182,289,283,286,208,174,114,88,209,124,259,286,166,258,252,257,188,159,104,80,189,115,233,256,150,227,223,227,167,142,93,74,169,109,206,227,134,426,419,422,312,254,170,126,304,168,382,423,246,413,405,405,296,238,156,117,290,158,366,409,229,395,386,382,277,219,142,107,273,148,344,388,213,369,361,355,256,200,129,99,254,138,319,362,196,340,332,326,234,184,118,92,233,129,293,333,178,310,302,296,213,167,108,85,213,121,266,302,162,279,272,266,192,152,98,79,194,113,240,272,147,249,243,239,172,138,89,72,175,108,215,244,133,220,215,213,153,124,81,67,157,102,192,216,119,426,419,420,309,249,165,123,302,165,379,422,241,413,404,400,290,227,147,111,285,152,359,405,221,392,382,373,267,202,130,99,264,139,334,382,200,364,354,342,242,181,114,90,241,129,304,353,179,332,322,308,217,161,103,83,219,120,274,321,160,298,289,275,194,145,94,78,198,112,245,287,144,266,258,245,174,132,86,72,178,108,219,256,131,235,227,218,156,120,79,68,161,102,196,227,118,208,202,194,140,109,72,63,145,98,175,200,107,426,418,418,306,245,162,121,300,163,377,421,238,413,403,396,285,218,140,106,280,148,354,404,214,391,380,366,258,189,119,93,256,133,325,379,189,361,350,330,229,162,102,83,231,121,292,347,165,326,315,290,200,141,92,79,206,113,257,311,145,287,276,252,177,126,85,75,184,109,224,272,129,250,241,220,158,114,80,71,164,105,197,237,118,219,211,195,143,107,74,67,148,101,175,208,108,193,187,174,129,98,69,62,134,96,157,184,99,426,418,416,305,242,159,119,298,161,375,420,235,412,403,393,281,212,135,103,277,145,351,403,209,390,379,362,252,179,110,88,252,128,320,377,181,361,350,324,221,147,93,82,225,117,284,345,153,325,313,281,188,123,89,79,199,112,245,306,133,285,273,233,161,113,84,75,175,108,206,263,119,240,227,195,144,107,79,71,153,105,177,221,110,202,194,172,132,100,74,67,138,101,158,190,102,178,172,156,122,93,68,62,126,96,144,169,94,426,418,416,304,241,159,119,298,161,375,420,235,412,403,392,280,210,133,101,276,144,350,401,208,390,380,360,250,175,107,86,250,126,319,377,178,361,350,322,219,139,93,82,223,115,281,344,150,325,314,278,183,118,89,79,197,112,240,306,130,285,273,229,148,112,84,75,172,108,202,262,114,240,227,180,139,106,79,71,150,105,170,216,108,196,187,160,129,100,74,67,133,101,150,181,101,172,167,147,120,93,68,62,122,96,138,162,94]}