{"c":"68276","n":"横田","la":35.17333333333333,"lo":133.10333333333332,"e":369,"t":[0.7,1.1,4.6,10.7,15.7,19.7,23.5,24.2,19.8,13.6,8.2,3.1],"s":[48,51,13,0,0,0,0,0,0,0,0,19],"i":[448,445,462,354,309,213,156,341,199,421,451,292,436,436,459,361,327,231,169,346,211,423,444,306,417,418,448,361,339,244,178,345,219,417,428,314,391,392,426,353,342,252,185,336,224,401,404,316,357,360,398,338,339,254,187,321,225,379,372,310,319,322,361,316,328,250,186,301,222,348,334,298,276,280,318,289,309,241,181,275,215,312,291,280,229,234,270,256,284,227,172,244,204,271,245,256,185,189,219,220,254,208,161,211,192,227,198,227,447,445,462,354,308,212,156,340,199,421,451,291,437,436,459,360,325,229,168,345,210,423,444,305,417,418,448,359,335,242,177,343,218,416,428,312,392,393,428,351,338,249,182,335,222,401,404,312,359,361,399,336,333,250,184,320,223,379,373,306,321,324,363,315,321,246,183,300,219,349,336,294,279,283,321,287,302,237,178,274,213,313,294,275,235,239,274,254,277,223,169,244,202,273,250,252,192,196,225,219,246,204,157,212,189,229,204,223,448,445,461,352,304,210,154,339,197,420,451,289,437,434,458,357,319,225,165,343,206,421,443,300,419,419,447,355,327,235,172,340,213,413,428,305,394,394,426,346,327,240,176,331,216,399,405,304,363,365,400,330,321,240,177,316,216,377,376,297,327,329,366,309,308,235,175,296,212,349,340,284,288,291,327,282,289,225,169,271,204,315,302,265,247,250,283,252,264,210,160,243,193,277,260,242,206,210,240,218,234,191,148,213,179,238,219,214,447,444,459,349,300,206,151,337,194,418,450,285,437,434,455,352,311,217,160,339,202,417,442,293,420,418,443,348,315,224,165,334,206,409,426,295,396,396,425,338,313,227,167,325,206,395,405,292,366,367,398,322,305,224,166,310,204,373,377,284,333,335,367,301,290,217,162,290,199,346,345,269,297,299,330,275,271,206,155,266,191,314,309,250,259,261,292,246,247,191,146,240,180,280,271,227,223,224,252,215,218,173,134,211,166,244,233,202,447,444,457,346,294,200,148,334,191,415,449,280,437,434,451,345,300,208,153,333,195,412,441,284,419,417,438,339,300,211,155,327,196,403,425,283,397,396,420,327,294,210,155,316,195,387,404,277,369,369,395,311,284,204,152,300,191,366,378,267,337,338,364,290,269,197,147,281,184,340,346,252,304,304,332,266,249,185,139,258,175,311,313,233,269,270,295,238,227,170,130,233,164,279,278,212,234,235,258,210,200,153,119,206,152,246,242,188,447,443,454,342,288,195,144,330,187,412,448,275,436,433,446,337,287,197,145,326,188,405,438,274,418,416,432,328,283,195,145,318,186,394,422,269,396,394,412,315,274,192,142,305,182,377,401,260,370,368,387,297,261,184,137,288,176,356,375,247,340,338,359,276,245,175,131,269,168,331,346,231,307,306,326,252,225,163,123,247,159,302,313,214,274,273,294,227,204,148,113,224,149,273,280,194,241,240,259,200,183,134,104,200,138,242,247,173,446,442,450,337,281,189,140,327,183,408,446,269,434,430,440,329,274,185,137,319,179,399,434,263,416,413,424,316,263,180,133,307,174,384,418,252,394,390,401,300,250,172,128,292,168,365,395,241,367,364,375,281,236,163,122,275,161,342,369,227,338,335,348,260,219,152,114,254,153,317,340,210,306,304,317,238,202,141,107,234,143,291,309,193,274,271,285,213,182,127,99,212,134,262,277,174,242,240,254,190,163,114,90,190,125,234,245,156,445,441,447,333,274,183,136,323,179,404,445,263,433,428,433,320,260,173,129,311,172,391,430,250,413,409,413,303,245,163,122,296,163,372,412,237,390,384,388,284,227,153,114,278,155,350,387,221,362,357,361,264,211,142,108,259,146,326,360,204,331,327,331,242,194,130,100,239,138,300,330,189,300,296,301,219,175,120,93,219,129,274,299,171,268,265,271,198,159,108,86,198,121,247,268,155,238,234,241,175,141,97,79,177,113,221,238,138,445,440,444,328,267,177,132,319,175,400,443,257,430,425,426,311,247,162,122,304,164,383,428,240,411,404,401,290,225,148,112,285,153,360,405,221,384,378,373,268,204,134,103,264,143,334,378,202,354,347,342,245,185,122,96,243,133,307,348,184,322,316,311,222,167,111,89,222,125,279,316,167,290,284,280,200,151,101,83,202,118,252,285,151,258,254,250,179,137,92,76,182,111,227,254,136,227,225,224,160,122,83,71,164,105,204,225,122,444,438,441,325,261,172,128,316,171,397,442,252,430,424,420,304,235,152,114,297,157,376,424,229,408,400,391,279,208,134,103,275,143,349,400,206,378,370,358,252,183,118,93,250,132,318,369,184,344,337,321,225,161,105,86,227,123,286,334,164,309,302,287,200,144,96,81,204,115,256,299,147,275,268,254,180,130,88,76,185,110,229,266,133,243,238,227,162,117,81,71,167,105,206,236,120,215,210,202,145,107,74,67,151,100,185,209,109,444,438,438,322,257,168,126,313,169,394,441,249,429,422,415,298,225,144,110,292,152,370,422,223,405,398,383,269,194,121,95,266,136,340,396,195,375,366,345,237,163,103,85,239,123,304,362,168,338,328,302,206,140,93,81,213,114,267,323,146,296,287,261,181,124,86,77,189,110,233,281,130,257,249,227,161,112,81,73,169,106,204,244,118,225,218,200,145,104,75,69,152,102,183,214,108,198,193,180,132,96,70,65,138,98,165,190,99,444,438,438,320,254,166,124,312,167,393,440,246,429,422,412,294,220,139,106,288,149,367,421,217,405,397,379,263,183,112,90,261,130,334,394,186,375,365,338,227,147,93,84,231,118,296,359,156,337,327,291,191,121,89,81,204,112,254,318,134,294,283,239,162,112,85,77,179,109,214,272,119,246,235,198,145,105,80,73,156,106,183,227,110,206,199,175,133,99,75,69,140,102,163,194,102,182,176,159,123,93,69,65,129,98,150,172,95,444,438,437,319,252,165,123,311,167,392,440,246,429,422,411,293,218,137,104,287,147,366,421,216,405,398,376,261,179,108,88,259,128,332,393,183,375,365,335,225,139,93,84,229,115,292,358,152,337,327,287,185,115,89,81,202,112,248,317,130,294,283,236,148,111,85,77,176,109,209,271,114,246,235,182,138,105,80,73,152,106,175,221,108,199,191,161,129,99,75,69,135,102,154,184,101,175,170,148,120,93,69,65,125,98,143,164,94]}