{"c":"68351","n":"川本","la":34.97666666666667,"lo":132.49166666666667,"e":132,"t":[2.5,3.1,6.3,11.9,16.6,20.6,24.4,25.3,21.0,14.9,9.7,4.8],"s":[20,16,2,0,0,0,0,0,0,0,0,8],"i":[430,426,447,351,310,206,150,325,178,400,434,289,419,417,444,358,328,223,162,330,188,401,426,303,401,401,433,357,339,235,170,328,195,395,412,310,376,377,413,349,342,242,175,320,198,381,389,311,344,346,385,334,339,243,176,305,197,359,359,305,308,310,350,313,327,239,174,285,193,330,323,293,268,270,308,286,309,229,169,260,185,296,282,275,225,227,262,254,284,217,160,229,174,257,238,250,182,185,213,217,252,198,148,198,160,215,194,223,430,426,447,351,309,206,150,325,177,400,434,288,420,417,444,357,326,221,161,329,187,401,426,301,401,401,433,355,336,233,168,327,193,394,412,308,377,377,413,347,339,239,173,319,196,380,389,309,346,347,386,332,335,240,174,304,195,358,360,302,310,312,351,311,323,236,172,284,191,330,324,290,271,273,311,284,304,227,166,259,183,296,285,272,229,231,266,252,279,213,157,229,172,258,242,248,188,191,220,217,249,194,145,199,158,217,200,220,430,426,446,349,306,204,148,324,176,399,434,286,419,417,443,354,321,217,158,327,184,399,426,297,401,401,432,351,329,225,164,324,189,392,412,302,378,378,412,342,331,231,167,315,191,377,390,301,349,350,386,327,325,229,167,300,189,357,362,294,315,317,353,306,312,225,164,281,184,329,328,281,278,280,316,279,293,215,158,256,175,297,291,262,240,242,274,249,269,200,148,229,164,261,252,239,202,204,231,215,239,182,136,199,149,224,213,212,429,426,444,346,302,200,146,322,174,397,433,283,419,417,441,349,313,210,153,323,180,396,425,291,403,401,429,344,318,216,157,319,183,388,411,293,380,379,411,335,318,218,159,309,182,373,390,290,352,352,384,319,310,216,157,294,179,352,363,281,321,321,354,298,296,209,152,275,173,327,332,267,286,287,319,272,277,197,145,250,163,296,297,249,250,250,281,243,254,183,135,225,151,263,261,227,215,216,243,213,225,165,123,198,138,229,225,200,429,425,442,343,297,195,143,319,171,394,432,278,419,416,437,342,303,202,147,318,174,391,424,282,401,400,424,336,305,204,148,312,174,382,409,282,381,379,405,324,300,202,147,300,172,366,388,276,354,353,381,308,291,198,144,285,167,346,363,265,324,323,352,287,277,189,138,266,159,321,333,250,292,292,320,263,257,177,130,244,150,293,301,233,259,259,285,235,236,163,120,219,138,261,267,212,225,225,248,208,210,147,109,194,125,229,233,188,429,424,438,339,290,190,139,315,167,391,430,273,418,413,432,335,291,192,140,312,167,385,421,273,401,398,418,326,288,190,139,303,165,374,405,268,380,377,398,312,281,185,135,290,160,357,385,259,355,352,374,294,269,178,130,274,153,336,360,247,326,324,346,274,254,169,123,254,145,312,332,231,294,293,315,250,235,157,114,234,135,284,301,214,263,261,283,225,215,143,105,211,124,256,269,194,231,229,250,199,192,128,95,187,112,227,237,173,428,423,436,335,283,184,135,312,164,388,429,267,417,412,426,326,278,180,132,305,160,379,418,262,400,396,409,314,269,175,128,293,155,364,401,252,378,373,389,298,258,167,123,279,148,346,380,241,352,348,363,279,245,158,115,261,140,324,354,227,324,321,336,258,227,147,109,242,131,300,327,211,293,291,306,235,211,136,100,221,121,273,297,194,262,260,275,211,191,123,92,199,111,246,265,175,231,229,244,188,173,111,83,178,101,219,235,157,428,422,433,330,276,179,131,308,160,384,428,262,415,409,420,318,265,169,125,297,153,371,415,250,397,392,400,301,250,159,118,283,145,354,396,237,374,368,376,282,235,149,110,266,136,332,373,222,347,342,349,262,219,138,103,247,127,309,346,206,318,313,320,240,202,127,95,227,118,284,317,190,288,284,291,217,185,117,88,206,109,258,288,173,258,254,262,196,168,105,80,187,100,231,258,157,227,224,233,174,151,95,73,166,91,206,227,140,426,421,430,326,269,173,128,305,156,381,426,256,413,408,413,309,250,159,118,290,146,364,412,240,394,388,390,289,231,145,109,273,135,343,391,222,369,363,362,266,212,132,100,252,125,318,365,202,340,334,332,243,193,120,92,231,115,292,335,185,310,303,301,221,175,110,84,211,107,265,305,169,279,273,271,199,160,100,78,191,98,239,274,153,248,244,243,178,145,91,71,172,90,215,245,138,220,216,217,159,130,82,65,154,83,191,217,124,426,421,428,322,263,169,125,302,153,378,425,252,413,405,408,302,239,150,112,284,140,358,409,229,392,384,380,277,213,132,100,263,127,332,385,208,364,356,348,250,189,117,90,240,114,303,356,185,332,324,313,224,168,105,83,217,106,273,323,166,298,291,279,200,151,95,77,195,98,244,290,149,265,259,249,179,137,87,71,175,91,218,258,134,235,229,221,161,124,80,66,158,85,195,229,122,208,202,197,144,112,73,61,141,79,174,202,110,426,420,426,320,259,165,122,300,151,375,424,248,412,405,403,296,229,142,107,279,135,353,407,223,390,382,373,268,198,121,93,254,120,324,382,195,361,352,336,237,168,103,83,229,108,291,350,170,326,317,295,206,145,93,78,204,99,256,313,148,287,278,256,181,129,86,74,181,93,223,274,132,250,242,223,161,118,81,70,161,88,196,238,120,219,212,197,145,109,75,65,144,82,175,209,110,192,187,176,131,100,70,60,130,77,157,185,100,426,420,425,318,256,163,121,298,149,374,424,245,412,405,401,292,222,137,104,276,132,350,405,217,390,382,369,262,186,112,88,250,114,319,380,187,361,352,330,227,150,94,81,223,103,283,348,157,326,315,285,191,125,90,78,196,97,244,309,135,285,274,236,162,114,85,74,171,92,206,265,121,241,229,196,145,108,80,70,149,87,177,222,111,202,195,174,133,101,75,65,133,82,158,190,103,178,173,157,123,95,69,60,121,77,143,170,96,426,420,424,318,254,162,120,298,149,374,424,245,412,405,399,292,219,135,102,275,131,349,405,215,390,382,367,260,181,109,86,248,112,318,380,183,361,352,327,225,142,94,81,221,101,281,347,153,326,316,282,186,119,90,78,194,97,239,308,131,285,275,233,148,112,85,74,169,92,202,264,115,241,229,182,139,107,80,70,146,87,170,217,109,196,188,161,129,101,75,65,129,82,150,182,102,172,167,148,120,94,69,60,118,77,138,162,95]}