{"c":"68431","n":"弥栄","la":34.776666666666664,"lo":132.10833333333332,"e":380,"t":[1.4,1.9,5.1,10.7,15.3,19.3,23.2,23.8,19.6,13.5,8.4,3.8],"s":[30,22,4,0,0,0,0,0,0,0,1,12],"i":[436,428,448,369,336,227,162,339,190,417,438,311,425,419,445,376,357,248,176,344,200,419,430,327,407,401,434,376,371,263,186,343,209,412,413,337,381,378,413,368,376,272,192,335,213,397,391,339,349,347,385,352,372,275,195,320,213,374,360,333,311,311,350,329,361,272,193,299,209,344,324,321,270,271,308,300,341,263,187,273,202,308,283,301,225,227,262,266,313,247,178,243,190,266,239,276,183,185,213,227,279,227,165,209,176,222,193,244,436,428,448,368,335,227,162,338,189,417,437,310,426,419,445,375,355,247,175,344,200,418,430,326,407,401,434,374,368,261,184,342,208,411,413,334,382,379,413,366,372,269,190,334,211,396,392,336,350,348,386,350,368,271,192,319,211,374,361,330,313,313,351,327,356,267,190,298,206,344,326,317,273,273,311,299,335,258,184,273,199,308,286,297,231,231,266,265,308,242,175,243,187,268,243,272,189,191,219,227,274,222,162,210,173,225,200,241,436,428,447,366,332,225,160,337,188,416,437,308,426,419,444,371,350,242,171,341,197,416,429,321,408,403,433,370,360,252,179,339,202,409,415,328,384,379,413,360,362,259,183,330,204,394,392,327,354,351,387,344,357,260,184,315,204,372,364,320,319,317,353,322,343,254,181,295,199,343,330,306,281,281,316,294,323,243,174,270,190,310,293,287,242,242,274,262,296,227,165,241,178,272,252,262,204,204,231,225,263,206,152,210,164,233,213,231,436,428,445,363,327,221,157,335,185,413,436,304,426,418,442,366,341,233,166,337,192,413,429,313,409,401,429,362,347,241,171,333,196,404,413,317,386,381,411,352,348,244,173,323,196,390,392,315,357,353,385,335,340,242,172,308,193,367,365,306,325,322,355,313,325,235,167,288,187,341,334,291,290,288,319,287,305,223,160,264,177,309,299,272,252,252,281,256,279,206,150,237,165,275,262,248,217,216,243,224,249,187,137,209,151,238,225,220,436,426,443,359,321,215,153,331,182,411,434,298,426,417,438,359,329,223,159,331,186,408,426,304,409,401,425,353,332,227,161,325,186,398,412,304,387,380,405,340,328,225,160,314,185,382,391,298,360,355,382,324,318,221,157,298,180,361,365,288,329,325,352,302,303,212,151,279,172,335,335,272,296,292,320,277,283,199,143,256,162,306,303,252,262,259,285,248,259,184,133,231,150,273,269,229,227,225,248,219,231,166,121,204,137,240,234,204,436,426,440,355,313,209,149,328,178,408,434,292,425,416,433,350,315,211,150,324,178,401,425,292,408,400,419,342,312,209,150,316,176,390,409,288,386,378,399,327,305,204,146,303,171,373,388,279,360,353,375,309,293,197,141,286,165,351,363,266,331,325,347,288,277,188,134,267,156,326,334,250,298,294,315,262,258,175,125,244,146,297,303,231,267,262,283,237,236,160,115,221,135,268,271,211,234,231,250,209,211,144,105,197,123,237,238,188,434,425,438,350,306,202,145,324,174,404,433,286,424,413,426,341,300,198,142,317,170,394,422,280,405,397,411,328,291,192,137,305,165,380,405,270,384,375,389,312,279,183,132,290,158,360,383,258,358,350,364,292,265,174,125,272,150,338,357,244,329,322,336,270,248,162,118,252,141,313,329,227,298,292,307,247,229,150,109,231,131,286,299,209,266,261,275,221,208,136,100,208,121,257,267,189,236,231,244,197,188,123,91,186,110,229,237,170,434,424,434,346,297,195,140,320,170,400,430,279,422,412,421,332,285,184,133,309,162,387,418,267,403,393,401,315,269,173,126,293,154,368,399,252,380,370,377,295,252,162,118,276,145,346,376,236,353,343,350,273,235,150,110,256,136,321,349,219,323,315,321,250,218,138,102,236,126,295,319,202,293,285,292,227,199,127,94,215,117,269,290,184,262,254,263,204,182,114,86,194,108,242,260,167,231,225,233,181,163,103,79,174,99,216,229,149,434,423,432,341,289,188,136,316,166,396,430,273,421,409,413,323,269,172,125,301,155,379,415,254,401,390,391,301,247,156,114,282,143,356,394,235,375,364,363,277,225,141,105,261,133,331,367,215,345,335,333,252,204,128,97,240,123,303,338,195,314,305,302,229,186,117,89,218,113,275,307,177,283,274,272,206,170,106,83,198,106,248,276,161,252,245,244,185,154,97,76,178,98,223,247,145,223,217,217,165,139,88,70,160,91,199,219,130,433,423,429,337,283,183,132,313,162,393,428,267,420,408,409,315,254,161,118,294,148,372,412,244,398,386,381,288,225,140,105,271,134,345,388,218,370,358,349,260,199,123,94,247,122,315,359,194,337,326,314,231,176,109,87,223,112,283,325,172,302,292,280,206,157,99,81,200,104,252,292,154,269,260,249,184,143,91,75,180,97,225,260,139,238,229,222,165,130,83,70,162,91,202,229,126,210,202,197,148,118,77,65,146,85,180,204,114,433,422,426,334,277,178,130,310,160,391,428,263,419,407,404,308,243,152,112,288,143,367,409,234,397,384,374,277,208,127,97,263,126,336,385,204,367,354,337,244,175,107,86,235,112,301,353,175,331,318,296,212,149,95,81,209,104,264,315,152,291,279,257,184,132,88,77,185,98,229,276,135,252,243,224,164,120,82,73,164,93,202,240,122,221,213,198,147,112,77,68,148,88,180,210,112,194,188,176,134,103,72,64,133,83,161,186,103,433,422,426,332,273,175,128,309,158,389,426,260,419,407,401,304,235,145,109,285,139,364,409,227,396,384,370,271,194,115,91,257,120,331,383,194,367,353,331,233,154,95,84,227,108,293,350,161,331,317,286,195,125,91,81,200,101,252,311,137,289,276,237,164,113,86,77,175,97,212,267,121,244,231,197,146,108,82,73,152,93,180,224,112,204,196,174,134,102,77,68,136,88,161,191,104,180,173,158,124,96,71,64,124,83,146,170,97,433,422,425,331,272,174,127,308,157,389,426,259,419,407,401,303,231,143,107,284,138,363,409,225,397,384,368,269,188,112,89,254,118,329,383,190,367,354,329,229,143,94,84,225,106,290,350,156,331,317,284,189,117,91,81,198,101,246,311,132,289,276,234,148,112,86,77,172,97,206,267,114,244,231,182,138,107,82,73,149,93,173,219,109,198,189,161,129,101,77,68,131,88,152,183,102,174,168,148,121,95,71,64,120,83,140,163,96]}