{"c":"68462","n":"益田","la":34.67666666666667,"lo":131.84333333333333,"e":4,"t":[5.3,5.8,8.5,13.4,17.7,21.7,26.1,27.1,22.9,17.2,12.3,7.7],"s":[6,4,0,0,0,0,0,0,0,0,0,1],"i":[463,476,505,407,364,247,180,365,200,441,482,339,451,466,501,417,389,270,198,372,214,444,473,359,430,446,488,417,405,288,211,372,224,437,455,370,401,417,466,409,413,299,219,363,229,421,428,373,366,382,433,392,409,303,223,347,231,397,394,368,325,339,392,367,398,300,222,325,227,365,352,355,280,292,343,334,376,290,216,296,218,326,305,334,233,243,288,295,346,274,204,261,204,281,254,305,186,193,231,250,309,250,190,224,188,233,202,270,463,476,505,405,363,246,179,365,199,441,482,338,451,466,501,415,387,268,196,371,213,443,473,357,430,446,488,415,401,285,208,370,222,436,455,367,403,419,467,407,408,295,216,362,227,421,429,370,368,383,434,390,404,298,220,346,227,396,395,364,328,342,394,365,392,295,218,323,223,364,355,350,284,296,347,332,370,285,212,295,214,327,309,329,239,249,294,294,340,268,200,261,200,283,260,300,193,200,239,250,302,245,186,225,184,237,211,266,463,476,504,403,359,243,177,363,197,438,480,335,451,466,501,411,380,262,191,368,209,441,473,351,432,447,488,409,393,276,202,366,216,434,455,360,405,421,466,400,397,284,208,357,220,418,430,360,373,388,436,383,392,285,210,341,219,395,399,353,335,349,398,359,378,279,206,319,213,364,361,339,294,307,354,327,356,268,199,292,202,328,319,317,252,263,306,291,327,250,188,260,190,288,273,289,211,219,257,250,290,227,172,225,172,245,229,256,463,476,501,400,354,238,174,360,194,437,480,331,451,466,498,405,370,252,184,363,202,437,472,342,433,447,484,401,379,262,192,360,208,428,455,347,408,423,463,391,380,267,195,350,209,413,432,346,377,392,434,373,373,265,194,333,204,390,401,337,343,356,401,349,358,258,190,312,199,362,366,321,305,317,360,319,336,244,181,286,188,327,327,300,265,276,317,285,308,227,169,256,174,291,286,273,227,236,272,248,274,206,154,224,157,252,245,243,462,476,499,396,347,231,169,357,190,434,479,325,451,465,494,396,357,241,176,357,195,430,470,331,433,447,480,390,361,245,179,351,196,421,453,332,409,423,459,377,358,245,179,339,195,405,430,327,381,394,432,359,348,241,176,323,189,383,401,316,348,360,398,335,333,231,170,301,181,354,369,300,313,324,362,307,311,218,160,276,170,324,333,279,276,287,322,275,285,200,148,249,156,289,295,254,240,249,280,243,254,181,134,219,141,254,256,225,462,475,496,390,338,224,164,352,185,430,478,317,451,463,488,386,341,227,165,349,186,424,467,318,433,446,473,376,339,225,165,340,184,412,450,314,409,421,451,361,332,222,162,326,179,394,426,305,382,393,423,341,319,213,156,308,172,371,400,291,350,362,393,318,303,204,149,288,162,345,368,275,316,327,357,290,282,190,138,263,151,314,333,254,282,291,321,263,258,174,127,238,138,283,298,231,248,256,283,231,231,157,114,211,124,250,263,206,462,474,492,384,329,216,158,348,180,426,476,310,449,461,480,375,324,212,155,340,176,416,463,304,430,442,463,360,315,206,150,327,170,400,445,294,407,418,438,343,302,197,144,311,163,380,421,281,379,389,409,321,288,187,136,292,153,356,393,265,349,358,379,297,269,175,128,271,144,330,362,247,316,325,347,272,250,162,118,248,132,301,329,227,282,290,311,244,227,147,108,223,121,271,294,206,250,257,277,217,206,133,97,199,108,241,261,185,461,473,488,379,320,208,152,343,175,421,474,302,448,459,473,363,306,197,144,330,166,407,459,288,428,438,451,344,289,184,135,314,157,387,438,272,403,411,424,322,271,172,126,294,147,364,413,254,374,381,393,298,252,160,118,273,136,338,383,237,342,350,360,273,235,147,108,250,126,310,351,218,310,317,328,247,215,135,99,229,114,282,318,199,277,283,296,223,196,122,90,206,105,254,285,180,245,250,262,198,176,110,81,184,94,225,252,162,459,472,484,373,311,200,147,339,170,417,472,295,446,455,465,352,288,183,134,321,157,398,455,274,425,433,438,327,264,165,121,300,144,374,432,252,397,404,405,300,240,148,110,277,132,346,401,229,365,371,371,273,218,134,101,254,120,317,369,208,332,337,337,247,198,122,92,229,110,287,335,189,299,303,303,222,180,111,84,208,101,259,301,171,266,270,272,199,164,101,77,187,92,231,269,155,235,239,242,177,148,92,70,167,83,206,239,139,459,471,482,368,303,194,142,335,166,413,471,288,445,454,458,342,271,170,125,313,149,391,451,261,421,428,425,311,239,147,109,288,132,361,425,231,391,396,388,278,209,127,96,261,118,328,391,204,356,359,347,247,184,112,87,234,107,294,354,181,318,321,309,218,164,102,80,209,98,262,316,161,283,284,274,194,149,93,74,187,90,234,280,145,250,250,243,174,136,85,68,168,83,208,248,132,221,222,216,157,124,79,63,150,76,186,220,120,459,471,480,364,296,189,139,332,163,411,470,283,445,453,451,334,258,159,117,307,142,384,450,250,420,426,416,298,218,131,98,277,123,351,421,215,388,391,372,259,181,108,85,246,107,313,384,183,349,349,324,222,152,95,79,217,97,273,341,156,305,304,278,191,134,89,75,190,91,236,296,138,264,262,241,169,122,83,70,168,85,206,256,125,229,227,212,152,113,78,66,150,79,183,223,113,202,200,189,138,105,73,61,135,73,164,197,105,459,471,478,362,292,186,136,330,160,409,470,280,445,453,449,329,248,152,112,302,138,381,449,243,420,426,411,290,202,118,91,271,114,345,419,202,388,391,364,246,157,95,82,238,101,303,381,166,349,348,311,200,124,91,79,206,94,258,336,139,303,300,252,165,112,86,75,178,89,216,285,122,254,246,206,146,107,82,70,153,84,182,235,112,210,206,180,134,102,77,66,136,78,162,199,104,185,182,164,125,97,72,61,124,73,147,177,98,459,471,476,362,290,185,135,329,160,409,469,279,445,453,447,327,244,149,110,301,136,380,449,240,421,426,409,287,195,113,88,268,112,343,418,199,388,391,362,242,144,94,82,235,99,300,380,160,349,349,308,193,114,91,79,202,94,252,335,133,304,301,249,145,111,86,75,174,89,209,284,113,254,248,187,136,106,82,70,149,84,174,229,108,204,198,163,128,101,77,66,130,78,152,188,102,178,175,151,120,96,72,61,119,73,140,168,96]}