{"c":"68541","n":"吉賀","la":34.391666666666666,"lo":131.89333333333335,"e":250,"t":[1.9,2.6,6.0,11.7,16.3,20.2,24.1,24.7,20.6,14.5,9.0,4.1],"s":[5,3,1,0,0,0,0,0,0,0,0,2],"i":[448,444,458,377,341,236,193,354,220,426,450,318,436,434,455,385,363,257,213,361,238,429,442,335,417,415,443,384,376,272,227,361,250,422,425,344,389,390,422,376,381,282,238,353,258,407,400,346,356,357,393,360,377,285,242,338,260,383,369,340,316,319,356,336,365,281,242,317,256,352,331,327,273,276,313,306,345,271,236,289,247,315,288,308,227,231,265,271,317,254,224,257,233,272,242,281,183,186,215,231,282,234,208,221,213,227,195,249,448,444,458,376,340,235,192,353,219,426,450,317,437,434,455,383,361,254,211,360,236,428,442,333,417,416,443,382,373,270,225,359,248,421,425,342,390,391,423,374,377,278,234,351,254,405,401,343,357,358,394,358,373,281,238,336,256,383,369,337,319,321,358,334,360,277,237,315,252,352,333,324,277,279,316,305,339,266,231,288,242,315,291,303,233,236,269,270,311,250,219,256,227,274,246,277,190,193,222,231,277,229,202,221,208,229,202,245,448,443,457,374,337,231,190,352,217,425,449,315,437,433,454,380,355,250,206,357,231,426,441,328,418,417,442,378,365,262,218,355,241,419,426,335,392,392,422,368,367,268,225,346,246,403,401,334,362,362,395,352,361,268,227,332,246,381,373,327,325,327,360,329,348,263,224,311,240,352,337,313,286,288,322,300,327,250,217,284,229,317,299,293,246,248,279,267,299,235,204,254,214,278,257,267,206,208,235,229,265,213,188,221,195,237,216,236,448,443,455,371,332,227,186,349,213,423,449,310,437,433,451,374,346,241,198,352,224,422,441,320,419,416,438,370,352,249,206,348,231,413,425,324,395,394,420,360,352,252,211,339,233,399,403,321,365,365,393,343,345,250,210,323,229,376,374,313,332,332,362,320,329,243,206,303,223,349,342,297,296,296,325,293,309,229,196,277,211,316,306,277,258,259,287,262,283,213,184,249,196,281,268,252,221,222,247,227,250,193,168,219,177,243,229,224,448,442,453,367,326,222,180,345,208,420,448,305,437,433,448,367,334,229,188,345,215,417,438,310,419,416,434,361,337,234,192,340,217,407,423,311,396,394,415,348,332,233,193,328,216,391,401,304,369,367,390,331,323,227,190,312,211,369,375,294,336,336,360,308,307,219,183,292,202,342,344,278,303,302,327,283,286,206,173,268,190,313,310,258,268,267,291,252,262,190,161,241,175,279,275,235,233,233,252,223,233,171,146,213,158,245,240,209,447,442,450,363,319,215,175,341,202,416,446,299,436,430,443,358,321,217,177,337,204,409,437,299,419,413,429,349,317,216,177,329,202,398,421,294,396,392,408,335,310,212,174,315,197,381,399,285,369,366,383,316,297,202,168,298,190,359,373,272,339,336,355,294,281,194,160,278,180,333,343,256,306,304,322,268,261,180,149,254,168,304,311,236,273,271,289,242,238,165,138,229,153,273,278,215,240,239,256,213,214,148,124,204,138,242,245,192,447,441,447,358,311,208,168,337,196,413,445,292,434,429,437,349,305,204,165,329,192,403,434,286,417,412,420,336,296,198,160,317,186,388,416,276,394,389,398,319,284,189,154,301,178,368,394,264,367,362,372,298,269,179,146,282,168,345,367,249,338,333,344,275,250,167,137,262,158,319,338,231,306,302,314,252,233,155,126,239,145,291,307,213,273,270,281,225,211,140,114,215,133,262,275,192,242,239,250,200,191,126,104,192,119,233,243,173,446,440,445,353,302,200,162,332,190,408,443,286,434,426,430,339,290,190,153,320,181,395,430,273,413,408,411,321,274,178,144,304,170,376,411,258,390,383,386,301,257,167,134,285,159,353,386,242,362,356,358,279,239,154,125,264,148,327,359,224,332,326,328,256,221,142,114,243,136,301,329,206,300,295,298,231,202,130,106,221,125,274,298,188,268,264,268,209,184,118,96,199,113,246,267,170,237,233,238,185,166,106,87,177,102,219,236,152,446,438,442,348,295,194,156,328,185,405,442,279,432,425,424,329,274,177,142,311,170,387,426,260,412,404,400,307,252,160,128,291,155,363,405,240,385,377,371,283,229,145,115,269,141,337,378,219,355,347,340,258,209,131,106,246,128,308,347,199,322,315,309,233,190,120,96,223,117,280,315,181,290,284,278,210,173,109,89,202,107,252,284,164,259,252,249,188,157,99,81,181,97,225,254,148,227,224,222,168,141,90,74,162,89,202,225,133,445,438,438,344,288,188,151,324,180,401,441,273,430,423,418,321,260,166,131,303,160,379,424,249,409,400,390,294,231,144,113,279,141,352,400,223,380,371,357,265,202,126,100,252,125,320,369,198,346,337,321,236,179,112,91,227,112,287,335,176,310,302,286,210,160,101,83,204,102,256,299,157,276,268,254,187,145,93,77,183,94,229,266,142,244,237,225,168,132,85,71,164,86,204,236,128,215,210,200,150,120,78,66,147,80,182,208,115,445,438,437,341,282,184,147,321,176,399,440,269,430,422,413,315,248,156,123,297,152,373,422,240,408,398,382,283,212,130,102,269,129,342,396,208,377,367,345,249,178,109,88,239,111,306,363,179,340,329,302,215,152,96,81,211,100,267,324,154,298,288,262,187,134,89,77,186,93,231,283,137,258,250,227,166,122,83,72,165,87,202,245,124,225,218,200,149,112,78,68,148,81,181,215,113,198,192,179,135,105,73,63,133,75,162,190,104,445,438,436,339,278,181,144,319,173,397,440,266,430,422,411,310,240,150,118,293,146,370,421,233,408,398,378,276,198,119,93,262,120,336,395,198,377,366,338,237,158,96,84,231,103,297,361,164,340,328,292,198,127,92,81,202,95,254,320,139,296,285,242,165,115,87,77,175,91,213,274,123,249,237,199,147,110,83,72,152,86,181,229,112,206,200,176,135,104,78,68,135,80,161,194,105,182,176,159,125,97,72,63,123,75,146,172,98,445,438,434,339,277,180,143,318,172,397,438,265,430,422,409,309,237,147,114,291,144,369,421,231,408,398,377,274,193,114,91,260,117,335,394,194,377,367,336,235,147,95,84,227,101,294,360,159,340,329,290,191,119,92,81,199,95,248,319,134,297,285,239,148,113,87,77,172,91,208,274,117,250,238,185,138,109,83,72,148,86,173,224,110,200,192,162,129,103,78,68,130,80,152,185,103,176,170,149,121,97,72,63,119,75,140,165,97]}