{"c":"69076","n":"米子","la":35.43333333333333,"lo":133.33833333333334,"e":6,"t":[4.4,4.7,7.7,13.0,17.7,21.4,25.6,26.8,22.6,16.9,11.8,7.1],"s":[14,11,2,0,0,0,0,0,0,0,0,4],"i":[488,480,513,400,357,249,193,375,216,455,494,335,475,470,511,409,381,273,212,383,231,459,486,354,455,450,499,409,396,291,227,383,244,453,468,366,425,423,476,401,403,302,237,375,250,437,441,369,388,387,443,385,400,306,242,359,252,412,405,364,345,346,401,361,388,304,241,336,249,379,364,351,298,299,352,330,367,294,235,307,240,340,317,330,248,250,298,292,338,277,224,272,227,294,265,303,198,200,240,249,302,254,209,234,209,245,213,269,488,480,513,399,355,248,192,375,215,455,494,334,476,470,511,407,378,271,211,382,231,459,486,352,455,451,499,407,392,288,225,381,242,451,468,362,426,424,476,400,397,298,234,373,248,436,442,365,390,389,444,383,392,302,238,357,249,412,408,359,348,348,403,359,379,299,237,334,245,379,367,346,302,303,356,328,358,289,231,306,236,340,321,325,254,256,303,291,329,272,220,272,223,296,271,297,206,208,248,249,292,249,204,234,204,248,221,264,488,480,512,397,351,245,190,373,213,454,493,331,476,470,509,404,370,265,206,379,227,455,484,346,455,451,498,403,381,279,218,377,236,449,469,354,429,425,476,393,384,287,225,368,240,434,443,355,395,393,446,376,377,289,227,352,240,409,411,348,355,354,408,353,363,284,225,330,234,379,372,333,312,313,364,322,341,272,217,302,225,342,330,312,268,268,315,287,312,254,206,270,211,300,284,285,224,225,265,248,277,231,190,235,192,257,238,252,488,479,509,393,345,240,186,370,210,451,492,326,476,469,507,398,360,256,198,373,220,451,484,338,457,451,494,394,366,265,206,370,225,444,468,342,430,426,474,384,365,270,211,360,227,428,444,340,399,396,444,366,357,269,211,343,225,405,413,331,363,361,409,343,341,262,206,322,218,376,378,315,323,322,368,314,319,249,198,295,206,341,338,294,281,281,325,281,291,231,185,265,193,303,296,268,241,241,280,246,258,210,169,233,175,263,254,238,487,479,507,389,338,234,180,366,204,449,491,320,476,468,503,390,346,243,189,366,211,446,482,326,457,450,488,383,347,248,193,360,213,436,466,326,433,426,468,371,342,248,193,349,212,420,443,321,401,398,441,353,331,244,191,332,206,397,413,309,367,364,407,329,315,235,184,310,199,369,379,293,331,328,370,302,292,221,174,285,187,337,343,272,293,291,330,271,267,204,162,256,173,301,304,248,254,252,288,240,237,185,147,227,157,265,265,220,487,478,504,384,330,225,175,362,200,445,488,313,475,467,496,380,330,229,177,358,200,438,479,313,455,449,480,370,325,227,177,349,199,426,462,308,432,425,459,355,316,225,174,335,195,408,438,299,403,397,432,336,302,217,169,317,188,385,411,285,370,365,401,313,284,206,161,296,178,358,379,268,334,330,364,286,263,193,151,271,166,327,343,247,299,295,328,259,239,177,139,245,153,295,307,225,262,259,290,227,213,160,126,217,138,261,271,200,486,476,500,378,321,218,169,357,194,440,488,306,473,463,488,369,313,214,165,349,190,430,475,299,454,445,471,355,301,208,161,336,184,413,455,288,429,420,447,338,288,199,154,319,177,394,432,275,400,392,418,316,271,190,147,300,167,369,403,259,368,361,387,293,252,177,138,278,157,342,372,240,333,328,354,268,231,165,128,254,145,313,338,221,298,292,317,240,209,149,117,229,133,282,303,200,264,259,283,215,187,135,106,204,121,250,269,179,484,475,496,373,312,211,162,352,189,436,486,298,471,461,480,358,296,199,154,339,180,421,471,284,450,440,458,339,278,187,144,322,169,401,450,268,424,413,430,318,258,175,135,302,159,377,423,250,394,384,400,294,238,162,126,281,148,350,393,231,361,352,367,270,219,150,117,258,137,322,360,213,327,319,335,245,198,137,108,235,127,293,327,194,292,286,302,221,180,125,98,212,115,264,293,175,259,252,268,196,160,112,89,189,105,235,260,156,484,474,493,367,304,202,156,347,183,430,484,291,470,459,472,347,279,185,143,330,169,412,467,270,447,434,445,323,254,167,129,308,155,387,442,248,417,405,412,297,229,150,118,285,142,358,412,225,384,373,378,271,206,137,108,260,131,328,379,204,349,339,343,245,186,125,98,237,120,298,344,185,314,305,309,221,168,113,91,214,111,269,310,168,280,273,278,198,152,103,83,193,101,242,277,151,248,241,248,177,136,94,76,173,93,216,246,136,484,473,488,363,296,196,151,343,179,428,482,285,468,455,463,338,264,172,132,321,160,404,463,258,443,430,432,308,231,149,114,295,143,373,434,229,411,398,394,277,200,129,102,267,128,339,401,202,373,361,353,246,176,114,93,240,115,304,362,179,334,323,314,219,156,104,86,216,107,272,324,160,297,287,279,195,140,96,80,193,99,242,288,144,263,254,249,175,127,88,74,174,92,217,254,130,231,225,221,158,115,81,69,156,85,194,225,118,484,473,487,359,290,191,147,340,175,425,480,280,467,455,459,330,252,161,124,314,153,397,459,248,441,428,422,295,212,133,104,285,132,362,430,213,407,393,378,258,176,111,91,252,115,323,392,182,365,351,329,223,148,98,85,223,106,282,348,156,319,306,283,194,130,92,80,196,100,244,303,139,276,265,246,172,119,86,76,174,94,214,262,125,241,231,217,155,110,81,71,156,88,191,229,114,212,204,194,141,102,75,66,141,82,172,204,106,484,473,486,357,287,188,145,338,173,423,480,277,467,454,455,325,244,153,119,310,148,393,459,241,441,426,417,288,199,120,95,278,124,356,429,202,407,392,370,245,155,98,88,244,110,312,390,166,365,349,316,202,125,94,84,213,103,266,343,141,317,301,257,169,114,90,80,184,98,223,292,125,264,248,211,151,109,85,76,160,93,189,241,114,220,210,186,139,103,80,71,142,87,168,204,108,194,185,169,129,98,75,66,130,82,154,183,100,484,473,486,356,286,187,144,338,172,422,480,276,467,455,455,324,242,151,115,309,146,392,459,239,441,426,417,285,193,115,93,275,121,353,429,198,407,392,370,242,144,98,88,242,108,309,389,161,365,350,316,195,119,94,84,210,103,259,343,136,317,301,256,151,113,90,80,181,98,216,291,118,264,248,196,142,109,85,76,155,93,180,236,112,212,200,174,133,103,80,71,137,87,158,196,105,186,179,161,125,98,75,66,125,82,146,175,99]}