{"c":"69101","n":"倉吉","la":35.473333333333336,"lo":133.83833333333334,"e":8,"t":[4.2,4.4,7.3,12.5,17.0,21.0,24.9,26.0,22.0,16.6,11.7,7.0],"s":[17,15,2,0,0,0,0,0,0,0,0,5],"i":[457,466,495,376,327,223,181,355,204,432,473,309,446,455,493,385,349,244,200,362,222,434,465,326,426,437,480,386,363,260,215,362,234,429,448,336,399,409,459,379,369,270,225,354,242,413,422,339,363,374,426,363,366,274,231,339,244,390,388,335,324,333,386,341,355,271,231,318,242,359,348,322,279,288,339,311,336,263,225,290,234,321,302,303,231,239,286,275,309,248,216,257,222,277,252,278,185,191,229,235,276,227,200,221,204,231,202,246,457,466,495,376,325,223,180,354,204,430,473,308,446,455,493,384,346,243,198,361,221,434,465,324,426,437,480,384,358,258,213,360,231,428,448,334,399,409,459,377,363,267,223,353,239,413,423,336,365,376,428,361,359,270,227,338,241,390,390,330,326,336,388,339,347,267,227,316,238,359,350,318,283,292,343,309,328,258,222,289,229,322,306,298,238,245,291,274,301,243,211,257,217,280,258,273,193,198,238,235,268,223,196,222,200,234,210,242,457,466,494,374,322,220,177,352,202,430,472,305,446,455,492,380,339,238,194,358,216,432,463,319,428,438,480,380,349,250,206,357,225,426,449,326,401,412,459,371,351,257,213,348,231,411,424,327,370,381,430,355,346,259,217,333,231,388,394,320,333,342,393,333,332,254,215,312,227,359,356,306,293,302,351,304,312,244,208,286,218,324,315,287,250,259,304,271,286,227,198,256,204,285,271,262,210,216,254,235,254,208,182,223,188,243,227,231,457,465,492,370,316,215,174,350,199,428,471,301,446,455,488,375,329,229,186,353,209,428,463,311,429,438,476,371,335,238,195,350,216,421,448,315,404,413,458,362,334,242,200,341,219,405,425,313,374,384,430,346,327,241,200,325,217,384,396,304,340,350,396,323,312,234,197,305,211,357,362,290,303,312,356,297,292,223,189,280,200,324,323,271,264,271,314,265,267,206,177,250,188,288,283,246,225,233,271,231,236,188,163,221,171,250,243,219,457,463,488,366,310,210,169,346,194,425,470,295,446,454,484,367,317,218,177,346,200,422,462,301,429,437,472,361,318,223,181,341,204,413,446,301,405,413,453,350,314,223,183,330,202,398,424,296,378,386,426,333,303,219,181,315,199,377,397,285,345,353,394,311,288,211,175,294,192,350,364,270,311,319,359,286,268,199,166,270,181,320,329,250,275,282,319,257,245,184,155,244,168,286,292,227,238,245,279,227,217,166,141,215,153,252,254,202,457,463,486,361,302,202,163,342,189,421,469,289,445,453,479,358,302,206,166,338,191,416,459,289,428,434,465,349,298,204,166,330,190,404,443,284,405,412,443,335,290,202,164,317,186,387,420,275,378,386,418,317,277,195,159,300,179,365,394,263,347,355,388,296,261,186,152,280,171,340,363,247,314,321,353,271,242,174,143,257,160,311,329,229,281,287,318,244,219,159,132,233,148,281,295,206,247,252,281,216,196,144,120,206,134,248,260,185,455,462,483,356,294,196,157,337,183,417,467,282,444,450,472,347,287,193,154,329,180,407,455,276,426,432,454,335,276,187,150,318,175,392,437,266,403,408,432,318,264,179,145,302,168,373,413,254,375,381,404,298,249,171,138,284,159,350,387,239,346,351,375,276,231,159,130,264,150,325,357,222,313,318,343,252,213,148,121,242,139,297,325,204,280,285,308,227,192,135,110,218,128,268,291,185,248,252,275,202,172,122,100,195,117,239,259,166,455,461,479,351,286,189,151,333,178,412,465,275,442,447,463,337,271,179,143,320,169,398,451,262,423,426,442,319,254,168,134,304,160,379,430,247,398,401,416,299,237,157,125,286,150,357,405,231,370,373,386,278,219,146,117,266,140,332,376,214,339,342,355,254,202,135,108,244,130,305,345,197,307,310,324,231,182,124,100,223,121,278,314,179,274,278,292,209,166,112,91,200,110,250,281,162,243,246,260,185,147,101,83,180,101,224,250,145,454,459,475,346,278,182,145,328,172,408,463,269,441,445,455,327,256,166,131,311,159,390,447,250,419,422,429,304,233,150,119,291,146,366,423,229,392,394,398,279,211,136,108,269,133,339,394,209,361,362,364,254,190,123,99,246,122,311,362,189,328,329,331,231,171,112,91,224,112,282,329,172,295,296,298,208,155,103,84,202,104,254,297,155,263,264,268,186,140,94,76,183,96,229,265,140,233,234,240,167,125,85,70,164,89,204,236,126,454,459,472,341,271,176,140,324,168,404,462,263,438,442,447,318,242,154,121,303,150,382,443,238,416,417,416,290,213,134,105,278,132,353,416,212,386,385,379,260,185,117,93,252,118,320,383,187,350,349,340,231,162,104,84,227,108,288,346,166,314,312,302,206,144,94,78,202,99,257,309,148,279,277,269,184,130,87,72,183,92,229,275,133,247,246,239,165,117,80,67,164,86,204,244,121,219,217,213,148,107,73,63,147,80,184,216,110,454,459,469,338,266,172,136,321,164,401,461,259,438,441,442,310,231,145,112,297,142,375,441,229,413,413,405,277,195,120,94,268,122,342,411,197,382,380,363,242,162,100,81,238,106,305,375,168,343,339,315,209,137,89,76,210,97,266,332,145,300,295,271,181,121,83,72,185,91,229,288,128,259,254,235,161,110,78,68,164,86,202,250,115,227,222,206,145,102,73,64,147,81,180,219,107,200,197,186,132,94,68,60,133,77,162,194,98,454,459,468,336,263,169,133,319,162,400,459,256,438,441,438,306,224,138,108,293,137,371,438,223,413,413,401,270,183,109,85,262,113,336,409,187,381,379,355,229,143,89,78,229,100,295,372,154,342,337,302,189,115,85,75,200,94,250,327,130,297,290,244,158,106,81,72,173,90,209,277,114,248,238,200,141,101,77,68,149,85,177,227,106,206,200,176,130,95,72,64,133,81,158,194,99,182,177,160,121,90,67,60,122,76,144,173,93,454,459,468,335,262,168,132,319,161,399,459,254,438,441,438,304,221,136,105,291,135,370,438,221,413,413,401,268,177,104,82,259,110,333,409,183,381,379,354,227,133,89,78,227,98,291,372,149,342,338,301,182,110,85,75,197,94,243,327,126,297,290,243,141,105,81,72,170,90,202,277,109,248,238,184,132,100,77,68,145,85,168,223,103,199,192,163,124,95,72,64,128,81,148,185,97,175,170,151,117,90,67,60,117,76,136,165,91]}