{"c":"71066","n":"池田","la":34.02333333333333,"lo":133.79666666666665,"e":205,"t":[3.3,3.9,7.1,12.9,17.3,21.0,24.8,25.3,21.6,15.5,10.3,5.5],"s":[1,1,0,0,0,0,0,0,0,0,0,0],"i":[438,463,474,376,334,240,202,358,227,430,458,317,426,451,471,383,353,262,223,365,246,432,450,333,407,433,458,382,365,277,239,365,259,425,433,342,381,405,436,374,369,287,250,357,267,409,407,343,348,370,405,357,365,290,254,342,269,386,374,337,310,329,366,334,352,286,254,320,265,355,335,324,268,284,321,304,332,276,248,292,254,317,291,304,224,236,271,269,304,260,236,259,240,274,244,277,180,188,218,229,270,238,219,222,220,227,196,246,438,463,474,375,332,239,200,357,225,429,458,316,426,451,471,382,351,260,221,364,244,432,450,331,407,433,458,381,361,275,237,363,257,424,433,339,381,405,437,372,364,284,247,355,264,409,408,340,349,371,405,356,358,286,250,340,265,386,376,333,312,332,368,332,345,282,250,318,261,355,337,320,271,288,325,302,324,271,243,291,250,318,295,299,229,242,276,268,296,254,231,258,235,276,249,273,187,196,225,229,263,233,213,223,215,231,202,242,438,463,473,373,329,237,199,356,224,428,458,313,426,451,470,378,344,254,216,361,239,429,450,326,409,434,458,376,353,267,229,359,250,422,434,332,384,408,436,367,353,273,237,350,254,407,409,331,353,376,408,350,346,274,240,335,254,384,379,323,318,338,372,327,331,268,237,314,249,355,343,309,280,298,332,298,310,256,229,287,238,320,303,288,241,254,287,265,283,239,216,256,222,281,261,262,202,213,242,229,250,217,198,223,200,239,219,231,438,463,472,370,324,231,194,353,220,426,457,309,426,451,468,373,335,246,208,356,231,426,449,318,409,434,455,369,340,254,217,352,239,418,433,321,386,411,434,359,337,258,222,343,241,401,411,318,357,380,408,341,328,256,222,327,238,380,381,308,325,346,375,319,312,248,217,306,231,352,348,293,289,308,337,291,291,235,206,280,219,319,311,272,252,268,297,260,265,218,194,250,202,284,272,248,217,229,256,227,234,197,177,221,183,246,234,219,437,462,470,367,318,225,189,349,214,423,455,304,426,451,463,366,324,234,198,350,222,420,448,308,409,434,451,360,324,239,202,344,225,411,432,307,388,411,430,347,318,238,202,332,223,395,409,301,360,383,405,330,306,233,200,316,218,373,383,290,329,350,373,307,290,224,194,295,209,346,351,274,296,315,340,281,268,210,183,271,197,316,317,252,262,279,302,252,244,194,170,244,181,282,281,229,227,242,264,223,216,175,154,215,163,248,244,204,437,462,467,362,311,219,183,345,209,420,455,298,426,451,459,358,310,222,186,342,210,413,445,297,409,433,445,348,305,220,185,333,209,401,429,291,387,409,424,334,295,216,183,319,204,385,407,282,361,383,398,315,282,208,176,302,196,363,381,268,331,352,369,293,264,198,169,281,186,337,351,252,300,318,335,268,244,185,158,257,173,307,317,231,267,284,302,242,221,168,145,233,159,277,284,210,235,250,266,213,197,152,131,206,142,245,250,187,437,461,463,357,304,212,176,341,202,416,454,291,425,449,453,348,296,208,172,333,198,405,442,284,408,430,436,336,285,202,168,320,192,391,425,274,386,407,413,319,271,193,161,304,184,371,401,261,360,379,387,298,254,183,153,286,174,348,375,245,330,349,358,276,237,170,143,265,163,323,346,227,299,317,327,252,217,158,133,242,150,295,314,209,268,283,293,225,196,144,121,218,136,265,281,189,237,250,261,202,175,129,109,194,122,236,250,169,436,459,461,352,296,204,169,336,196,412,451,284,424,447,446,339,281,194,160,324,186,398,438,271,405,426,426,322,264,182,150,307,175,379,419,256,382,401,401,301,246,170,140,288,163,356,395,239,355,373,372,279,227,157,130,268,152,331,367,221,325,342,342,256,209,145,120,246,139,304,336,202,294,309,311,231,189,133,110,224,128,277,305,185,263,277,280,209,171,121,100,200,115,249,273,167,233,245,248,185,152,108,90,179,104,222,242,148,436,459,458,348,289,198,163,332,190,408,451,278,423,444,440,330,267,180,148,315,174,390,436,259,403,422,415,308,244,163,133,294,159,367,413,238,377,395,385,283,221,148,121,272,144,340,386,217,348,363,353,259,200,134,110,249,131,311,355,197,317,330,321,234,180,122,100,225,119,283,323,179,285,297,289,211,163,111,92,204,109,254,290,161,254,265,260,189,146,101,83,183,99,229,260,145,224,234,231,169,131,91,76,164,90,204,229,130,436,458,455,344,282,192,157,328,184,404,450,273,422,443,433,321,254,168,137,307,164,382,433,248,401,418,404,295,225,146,118,282,144,354,408,222,373,388,370,266,198,128,103,256,127,323,377,197,340,352,333,237,174,113,93,229,112,290,342,175,305,315,296,211,154,103,85,206,103,259,306,156,271,280,263,188,138,94,78,184,94,231,272,140,240,248,234,169,125,86,72,165,87,206,241,127,212,219,208,151,113,79,67,148,80,184,213,114,434,458,453,341,278,187,153,325,180,401,449,269,421,442,429,315,244,159,128,300,155,376,430,239,400,416,396,284,209,132,105,272,131,345,404,208,370,383,357,250,176,110,89,242,112,308,370,178,334,343,313,217,149,97,82,214,100,270,330,154,294,300,270,188,131,90,78,188,93,234,288,136,256,259,235,167,119,84,73,166,87,204,250,123,223,225,206,150,110,79,68,149,81,182,219,112,196,199,185,136,101,73,63,134,75,164,193,104,434,458,451,339,274,184,150,323,177,400,448,266,421,441,426,311,238,152,121,296,149,373,429,234,399,416,391,277,198,120,95,265,121,338,401,198,370,383,350,239,158,97,85,233,103,298,367,165,334,342,302,199,128,92,81,204,95,254,326,140,292,296,248,167,117,88,77,177,90,214,279,124,247,245,204,148,110,83,73,153,85,182,231,113,206,204,179,136,104,78,68,136,80,161,197,106,181,181,162,125,98,73,63,123,74,147,175,99,434,458,450,338,274,183,149,322,176,399,448,265,421,442,424,310,235,150,119,295,147,371,429,231,399,416,389,275,193,115,92,263,118,336,401,195,370,383,346,236,149,96,85,231,101,295,366,160,334,342,298,193,121,92,81,200,95,249,325,135,292,296,244,149,115,88,77,173,90,208,278,117,247,246,188,139,110,83,73,149,85,173,227,111,200,197,163,130,104,78,68,130,80,151,186,104,174,174,150,121,98,73,63,119,74,140,166,97]}