{"c":"71191","n":"京上","la":33.86666666666667,"lo":133.90333333333334,"e":560,"t":[1.2,2.0,5.5,11.0,15.3,19.0,22.6,22.8,19.5,13.5,8.3,3.2],"s":[1,0,0,0,0,0,0,0,0,0,0,0],"i":[453,471,458,375,333,245,213,360,236,426,461,317,440,459,454,382,352,267,236,367,256,429,451,334,420,440,442,381,363,283,254,367,271,422,434,342,392,411,421,372,367,293,266,360,280,405,408,344,357,375,391,356,362,296,272,344,283,382,374,338,318,333,354,332,349,293,272,322,279,351,335,325,274,287,311,302,329,282,265,294,269,314,290,304,227,238,263,267,301,266,252,261,252,271,243,278,182,189,212,227,268,243,234,224,231,225,194,246,453,471,458,374,331,244,212,360,235,426,461,316,441,459,454,380,349,265,234,367,254,428,451,332,421,440,442,379,359,281,250,366,269,421,434,340,393,412,421,370,362,290,263,358,277,405,409,341,359,377,392,354,356,292,268,343,279,382,376,334,320,336,355,331,342,288,267,321,274,351,337,320,277,291,314,301,321,278,260,293,264,315,294,300,233,244,267,266,294,261,247,261,248,273,248,274,189,197,219,227,260,238,227,225,227,229,202,242,453,471,457,372,328,242,209,358,233,425,459,314,441,459,453,377,343,260,229,363,249,426,451,327,422,442,442,375,351,273,243,362,261,419,434,333,396,413,421,365,351,279,252,353,267,403,409,332,364,382,394,348,344,280,254,338,267,381,380,324,327,343,359,326,329,274,252,316,261,351,343,310,287,302,320,297,308,262,244,290,250,316,303,289,246,258,277,264,280,245,231,259,233,278,260,263,206,215,234,227,248,222,212,225,212,237,218,231,453,471,455,369,323,237,204,355,227,423,459,310,441,459,451,372,334,250,219,358,241,422,451,319,424,442,438,368,338,260,229,355,249,413,434,322,399,417,420,357,335,263,235,345,252,399,412,319,369,386,393,340,326,261,236,329,249,377,382,309,335,351,362,317,310,254,231,308,242,349,349,294,298,312,325,290,289,240,221,283,229,316,312,273,259,271,286,259,263,223,206,252,213,281,272,248,222,233,247,225,231,200,189,222,192,243,234,220,453,471,453,365,317,231,199,352,223,420,459,304,442,459,448,365,323,239,208,352,231,417,450,309,424,442,434,359,322,244,214,346,234,408,434,308,401,418,416,346,316,243,215,335,233,392,412,302,372,389,391,329,304,238,212,318,227,370,384,290,340,356,360,306,288,229,206,297,219,343,352,275,306,320,327,280,267,215,195,273,206,313,318,254,270,283,291,250,243,198,180,245,190,279,281,231,235,246,254,221,215,178,164,217,171,246,245,204,453,470,451,361,310,224,192,347,216,417,458,298,441,459,443,357,309,227,195,344,218,411,448,298,424,441,429,348,304,225,195,335,217,399,430,292,401,417,409,333,294,221,193,321,212,382,409,283,374,390,384,314,281,213,186,304,204,360,383,269,343,358,356,292,263,202,178,283,194,334,352,252,310,323,323,267,243,189,167,259,180,304,319,233,277,289,290,241,220,172,153,234,166,275,285,211,243,254,256,212,196,155,139,206,148,242,250,188,451,469,448,356,303,216,185,343,210,413,455,292,440,457,438,348,295,212,181,335,204,404,445,285,422,438,421,335,284,206,176,322,199,388,426,275,399,413,399,318,271,197,169,306,191,369,404,262,372,386,373,297,254,187,161,287,180,346,377,246,342,355,346,275,236,174,151,266,169,320,348,227,310,322,315,250,216,162,140,243,156,292,316,210,277,288,282,225,195,147,127,219,142,263,282,189,245,254,252,200,174,132,114,195,127,234,250,169,451,468,445,352,295,209,177,338,202,409,455,285,438,455,432,338,281,198,167,325,192,396,442,272,420,434,412,321,264,186,156,309,181,377,422,257,396,409,387,301,245,174,146,290,169,354,397,240,367,379,360,279,227,160,136,269,157,329,369,222,337,348,330,254,208,148,125,247,144,302,338,204,305,315,301,231,189,136,114,225,132,275,307,185,272,282,270,209,171,123,104,202,120,248,275,168,241,249,240,185,151,111,95,180,108,220,243,149,451,467,442,347,288,202,170,333,196,405,454,279,438,451,425,329,267,184,154,316,180,388,438,260,417,430,401,307,244,166,138,296,163,365,416,239,391,401,373,283,221,150,125,273,148,338,388,218,360,370,342,258,200,136,112,250,135,310,357,198,327,336,311,234,180,124,103,227,122,281,325,179,295,302,281,211,163,112,95,204,112,254,292,162,263,269,252,188,146,103,86,184,101,227,261,146,231,238,224,169,131,93,79,164,92,202,231,131,451,467,440,343,282,195,164,329,190,401,453,274,437,451,419,321,254,172,142,308,168,380,436,249,415,426,392,294,225,149,122,283,147,352,411,223,386,394,359,266,198,130,106,257,129,321,380,198,352,358,323,237,174,114,95,231,115,289,344,175,315,320,288,211,155,104,87,206,105,258,308,157,280,284,256,188,139,95,80,185,96,229,274,141,248,250,227,169,125,87,74,166,88,204,242,127,219,222,202,151,113,80,69,148,81,183,215,114,451,466,438,340,277,191,159,327,186,399,451,269,437,450,415,315,244,162,132,302,159,374,434,240,413,424,384,284,209,134,107,273,133,343,407,209,383,390,347,250,177,112,91,243,112,307,373,179,345,349,305,217,150,98,83,215,101,269,333,155,303,304,265,188,132,91,78,189,94,234,291,137,263,263,229,167,120,85,74,167,88,204,252,124,229,229,202,150,111,80,69,149,82,182,220,112,200,200,181,136,102,74,65,134,76,163,195,104,451,466,436,338,274,188,156,325,183,398,451,267,437,449,412,311,238,155,125,298,153,371,433,234,413,424,380,277,199,122,97,266,123,337,405,199,383,389,340,239,159,98,85,235,104,298,371,165,345,348,295,200,130,93,82,204,96,254,329,141,301,301,244,167,118,88,78,178,91,215,282,124,252,249,200,148,111,84,74,154,86,182,235,113,210,206,177,136,105,79,69,137,81,161,198,106,184,182,160,125,98,74,65,124,75,147,176,99,451,466,434,338,274,186,154,324,182,397,451,266,437,450,411,309,236,152,122,296,150,370,432,231,413,424,378,275,194,118,93,264,119,335,405,196,383,390,338,236,151,96,85,231,101,294,370,161,345,348,291,194,122,93,82,202,95,249,328,136,301,301,241,150,117,88,78,175,91,208,281,118,252,249,187,139,111,84,74,150,86,173,229,111,202,199,162,130,105,79,69,131,81,151,188,104,177,175,149,122,98,74,65,120,75,139,167,98]}