{"c":"71231","n":"蒲生田","la":33.836666666666666,"lo":134.74166666666667,"e":10,"t":[6.7,6.8,9.5,14.5,18.5,21.8,25.4,26.9,24.2,19.2,14.2,9.3],"s":[0,0,0,0,0,0,0,0,0,0,0,0],"i":[447,500,531,416,360,296,294,405,317,455,493,357,434,487,527,426,384,330,339,420,357,459,483,380,415,465,513,426,400,356,376,425,388,454,463,394,387,434,487,418,405,373,403,421,409,438,436,399,351,394,450,400,403,381,419,407,420,413,398,395,312,348,404,374,390,379,425,384,420,379,355,381,268,297,352,340,368,368,420,353,409,339,306,359,222,243,294,299,338,348,403,316,389,292,252,328,177,189,231,252,300,320,377,273,359,241,199,291,447,500,531,415,358,295,292,405,316,455,492,356,434,488,528,425,381,328,336,418,354,459,484,378,415,465,513,425,395,353,371,423,384,451,463,391,387,434,488,416,400,369,397,418,403,437,437,395,354,396,453,398,396,376,412,404,413,412,401,390,315,351,408,372,382,374,417,381,413,379,358,376,272,302,358,338,359,363,411,351,401,339,311,354,227,250,300,298,329,342,394,314,380,294,260,323,185,199,242,254,291,314,367,272,350,245,209,286,447,500,530,413,354,291,287,403,311,454,492,353,436,488,526,421,373,320,325,413,344,455,483,371,417,468,514,420,385,341,356,417,369,449,466,382,390,438,488,409,387,354,377,411,385,433,438,384,359,403,457,392,381,358,389,396,392,409,405,377,322,360,416,367,366,354,391,374,389,378,366,362,283,315,369,334,343,341,382,344,376,340,322,339,242,268,317,296,313,320,364,309,354,298,276,310,202,222,265,254,276,291,337,270,323,252,229,274,447,500,528,409,348,285,279,398,303,451,492,347,436,488,525,415,363,307,309,405,329,451,483,362,418,469,511,411,369,322,332,405,348,443,466,368,394,442,490,401,368,331,348,399,359,426,442,367,364,408,459,383,360,331,354,383,361,404,409,358,330,371,422,357,344,325,352,361,355,374,374,342,293,329,378,327,321,310,341,333,340,339,333,319,254,285,333,292,293,288,322,300,318,300,291,291,219,243,286,254,259,262,296,264,289,260,249,258,447,500,526,405,341,276,267,393,293,447,491,340,436,488,521,405,349,290,288,396,311,445,482,348,419,469,507,400,350,299,303,393,322,434,465,350,396,444,486,388,346,302,310,383,326,418,442,345,368,413,457,369,334,298,312,366,324,395,413,334,336,377,422,345,318,290,307,344,315,366,378,317,302,340,384,316,294,274,294,317,299,334,342,295,267,300,341,284,269,254,275,287,278,298,303,269,231,260,298,250,238,229,252,254,252,262,263,239,447,499,523,399,333,266,254,387,281,443,490,333,436,487,515,396,332,271,265,385,289,437,479,333,418,468,500,386,329,272,269,377,291,424,462,329,396,443,476,371,319,270,271,363,289,405,438,320,369,413,450,351,305,262,265,345,282,382,411,306,339,381,418,327,287,250,258,323,271,355,379,288,306,344,380,300,266,236,244,297,254,323,344,267,274,307,343,271,241,216,227,269,236,291,308,242,240,270,303,239,215,197,208,240,213,257,271,217,447,498,519,393,323,254,241,380,269,438,488,324,434,486,508,384,315,250,238,371,265,428,476,317,417,466,490,370,304,244,234,358,259,411,458,306,395,440,465,352,290,235,227,341,250,390,433,292,368,411,437,329,273,224,219,321,239,365,405,276,338,378,405,306,254,211,208,299,225,338,374,257,306,343,370,280,234,197,195,274,210,308,340,237,275,307,333,252,211,180,179,247,193,277,305,214,243,272,298,225,189,163,164,221,175,247,271,192,446,497,515,387,314,243,227,373,257,433,486,315,434,483,500,372,298,229,213,358,241,418,472,300,415,461,476,352,279,215,198,339,225,396,451,282,391,434,449,330,259,200,185,318,211,372,425,263,363,403,417,306,240,186,173,295,196,345,395,244,333,370,385,280,220,172,160,271,181,316,363,224,301,335,351,254,200,158,149,247,168,287,329,204,269,300,317,229,181,145,136,223,152,258,295,185,239,266,282,204,161,130,125,199,139,229,262,165,446,496,511,381,306,233,214,366,245,429,484,306,433,480,491,360,281,209,188,344,218,408,468,283,412,457,463,335,254,186,164,319,194,382,444,259,386,426,429,307,229,167,145,293,173,352,413,234,356,392,394,280,206,150,130,267,155,321,380,212,324,356,358,252,185,136,118,242,140,291,346,191,291,320,323,227,167,123,109,219,128,262,312,173,260,285,291,204,150,112,99,196,117,234,279,156,229,252,259,183,135,102,92,176,107,208,247,140,446,496,508,376,298,223,202,360,234,425,483,299,432,479,483,350,265,190,165,332,197,399,463,268,409,451,449,318,231,160,133,301,164,367,437,237,381,417,409,284,200,136,109,270,138,332,403,206,347,378,367,252,174,118,94,240,119,296,364,181,311,337,326,223,153,105,84,214,106,263,325,161,276,299,288,198,137,96,78,191,97,233,288,144,245,264,256,177,123,89,73,171,90,206,254,130,216,233,229,159,112,82,70,153,84,185,225,118,446,496,505,373,292,216,193,356,225,421,482,294,430,476,476,341,252,175,146,323,180,392,462,256,409,449,438,304,212,137,105,286,138,356,432,217,378,412,392,263,174,108,79,250,108,315,394,182,341,367,340,225,144,92,69,217,91,273,349,153,299,318,291,192,125,84,66,189,84,234,303,134,259,273,250,169,112,79,64,166,79,202,261,121,225,237,220,152,104,75,62,148,75,180,227,111,198,208,197,138,97,72,60,134,72,161,200,102,445,495,504,370,288,212,187,353,220,420,482,290,430,476,474,336,245,165,133,316,168,388,461,248,408,449,433,294,198,120,85,275,119,349,430,204,378,411,383,249,152,87,69,237,90,304,391,163,340,366,326,202,118,82,67,204,80,256,344,134,297,313,262,164,106,80,65,174,78,211,291,117,249,256,210,144,101,77,64,149,75,177,238,107,206,211,183,132,96,74,62,132,73,156,200,101,180,185,166,123,92,70,60,121,70,142,177,95,445,496,504,369,287,210,184,352,217,419,482,289,430,476,473,334,242,161,128,314,163,387,461,245,408,449,432,292,192,112,79,272,112,347,430,199,378,412,382,245,141,85,69,233,85,300,390,157,340,366,325,194,108,82,67,200,80,248,344,128,297,314,261,141,104,80,65,170,78,204,291,108,249,257,194,131,100,77,64,145,75,167,233,103,199,200,166,124,96,74,62,126,73,146,189,98,173,176,153,117,92,70,60,115,70,135,167,93]}