{"c":"71266","n":"日和佐","la":33.73166666666667,"lo":134.53833333333333,"e":3,"t":[6.6,7.1,10.1,14.9,18.9,22.2,25.9,27.0,24.4,19.3,14.1,9.0],"s":[0,0,0,0,0,0,0,0,0,0,0,0],"i":[444,490,509,404,363,304,299,405,323,458,480,357,432,476,505,413,388,338,345,419,364,462,471,380,412,455,491,413,404,365,383,425,396,455,453,394,384,425,467,404,409,383,411,421,417,440,425,399,349,386,432,387,407,392,428,407,429,415,389,395,310,342,388,362,394,390,434,385,429,381,347,382,267,292,339,328,372,379,428,354,418,340,299,360,221,239,283,289,341,359,412,317,397,293,248,329,176,187,224,244,303,329,384,274,366,242,196,292,444,490,509,403,361,302,297,404,322,457,480,356,432,478,505,412,384,336,342,418,361,461,472,377,412,455,491,411,399,362,378,422,391,454,453,391,385,426,468,401,404,379,404,418,411,438,426,395,352,388,434,385,399,387,420,404,421,413,391,390,313,345,391,360,385,384,425,382,421,381,350,377,271,297,344,327,362,373,419,352,409,341,304,354,227,247,290,288,331,352,401,315,388,295,254,324,184,197,234,246,293,323,374,274,357,246,204,287,444,490,508,401,357,298,292,401,317,455,480,352,433,478,504,408,377,328,331,413,351,458,472,371,413,458,492,407,388,350,362,416,376,451,455,382,388,429,468,397,390,364,384,409,393,434,429,384,356,395,438,379,384,368,396,396,399,411,396,377,320,353,398,354,369,364,398,374,396,380,357,362,281,310,354,323,346,350,390,345,383,342,315,340,240,263,304,287,315,329,371,310,361,299,269,310,200,218,254,246,278,299,343,271,329,254,225,275,444,490,505,397,351,291,283,397,309,453,480,347,433,478,503,401,366,315,314,405,335,453,471,361,415,459,488,398,372,330,338,405,355,445,455,367,391,433,468,388,371,339,354,398,366,429,430,366,361,400,438,370,363,340,361,383,368,405,400,358,328,363,404,345,347,333,359,361,361,376,365,342,291,322,362,316,323,318,347,333,347,340,325,319,254,280,319,282,295,296,327,300,324,302,284,291,217,239,273,246,260,269,301,264,294,261,243,258,444,488,504,393,344,282,272,391,298,449,479,340,433,478,499,394,352,297,293,395,316,446,470,348,416,459,484,388,353,307,308,392,327,436,453,349,393,434,463,375,348,310,316,382,332,420,430,344,365,405,437,357,337,306,318,365,330,397,401,333,334,369,403,333,320,297,312,343,320,368,369,317,300,332,367,305,297,281,299,317,305,336,333,294,265,294,326,274,271,260,280,286,283,299,295,268,229,254,285,242,240,236,257,254,257,263,256,239,444,488,501,388,335,272,259,385,286,444,478,331,433,476,494,384,335,278,269,383,294,438,468,332,416,459,479,375,331,279,274,375,296,425,451,328,394,434,455,359,321,276,275,362,294,407,428,319,367,405,430,340,308,269,270,344,287,383,401,306,337,373,399,317,289,257,262,322,276,356,369,288,304,336,363,290,268,242,249,296,259,324,335,267,272,301,327,262,242,222,231,269,240,292,300,242,239,264,289,231,217,200,211,239,217,258,264,217,444,488,498,382,326,260,245,378,274,440,476,323,432,475,487,373,318,256,242,370,269,429,465,316,415,455,469,360,306,250,238,357,263,412,447,305,392,430,446,342,292,240,231,340,254,391,423,291,366,401,418,320,275,229,222,320,243,366,395,275,336,370,387,297,256,215,211,297,229,339,365,256,304,336,354,271,235,200,198,273,214,309,331,236,273,300,318,244,213,184,182,246,196,278,297,213,241,266,284,218,190,166,167,220,178,247,264,191,443,487,494,376,317,248,231,371,261,434,475,314,430,473,479,362,300,234,216,356,245,419,461,299,413,451,458,343,281,219,200,337,229,398,441,281,389,425,430,321,261,204,188,316,214,373,415,262,361,395,400,298,242,189,175,293,199,346,385,243,331,362,369,272,221,176,162,269,183,317,354,223,300,328,336,248,200,161,151,246,170,288,321,202,268,293,303,223,182,147,138,221,154,259,288,184,238,260,269,198,161,133,126,198,141,229,256,164,443,486,491,371,308,237,218,364,248,430,473,305,430,471,471,351,283,213,191,342,221,409,457,282,409,447,444,326,256,190,167,318,196,383,434,257,384,418,413,300,231,169,147,291,175,353,405,233,354,384,378,273,206,152,131,265,157,322,372,211,322,349,344,247,186,138,119,240,142,291,338,190,290,314,311,222,168,125,110,217,130,262,305,172,258,280,279,199,151,114,100,195,118,235,272,155,227,247,249,178,136,104,93,174,109,209,241,139,443,486,487,366,300,227,206,358,238,426,472,298,429,469,463,341,267,194,167,330,200,400,454,267,407,443,432,311,233,162,134,299,166,368,426,235,379,409,394,278,202,137,109,268,139,333,394,206,345,371,354,247,175,119,94,238,120,297,357,180,309,331,315,219,154,106,84,212,107,263,318,160,275,294,279,195,138,96,79,189,98,233,282,143,243,259,248,174,124,89,73,169,91,206,250,129,215,229,221,156,112,83,70,152,85,185,222,117,443,484,484,363,294,220,196,354,229,423,471,292,429,468,458,333,254,178,148,320,182,393,451,254,405,440,422,297,213,139,106,284,139,357,423,216,376,404,378,259,175,109,79,248,108,315,386,181,339,361,330,222,144,91,69,215,91,273,343,152,298,313,283,190,125,83,66,187,84,234,298,133,258,269,244,168,112,79,64,165,79,202,257,120,224,234,215,150,104,75,62,147,75,179,224,110,197,204,192,136,97,72,60,133,72,161,198,102,443,484,484,360,290,215,190,351,223,421,471,289,429,467,455,328,246,167,134,314,170,389,450,247,405,440,417,289,199,120,85,273,120,350,421,202,376,404,371,245,153,86,68,235,89,304,383,161,338,359,317,200,118,82,67,202,80,256,338,134,296,309,257,164,106,79,65,173,78,211,287,115,248,252,206,144,100,77,63,149,75,176,236,107,204,209,180,132,96,73,62,132,73,156,198,100,180,183,164,123,92,70,60,121,70,142,175,95,443,484,484,360,290,214,187,350,221,420,471,288,429,468,455,326,243,163,129,312,165,388,450,244,405,440,417,286,193,113,79,269,112,347,421,198,376,404,370,241,142,84,68,231,85,300,383,156,338,360,316,193,108,82,67,198,80,248,338,127,296,309,256,142,104,79,65,169,78,202,287,109,248,254,193,132,100,77,63,144,75,167,231,103,199,199,165,124,96,73,62,126,73,145,188,98,172,175,152,117,92,70,60,115,70,135,166,93]}