{"c":"71376","n":"宮崎","la":31.938333333333333,"lo":131.41333333333333,"e":9,"t":[7.6,8.8,11.9,16.4,20.2,23.3,27.4,27.6,24.7,19.7,14.5,9.5],"s":[0,0,0,0,0,0,0,0,0,0,0,0],"i":[420,515,516,419,389,327,331,417,353,451,484,378,408,500,511,426,413,362,380,430,396,453,473,401,389,474,495,426,430,389,419,436,429,446,453,415,362,440,468,416,436,407,447,430,451,429,423,420,330,398,432,396,432,413,463,416,462,403,387,413,292,348,388,369,417,411,469,393,461,369,343,399,250,294,335,334,392,397,461,361,448,328,294,374,209,238,279,292,359,374,441,322,423,282,242,342,168,184,219,245,317,342,409,278,388,231,190,301,421,515,516,418,388,325,329,416,351,451,484,377,409,500,511,425,412,359,375,429,392,451,473,399,389,476,495,424,426,385,412,433,422,445,453,412,363,442,470,413,430,401,438,428,443,428,425,415,331,400,434,394,426,407,454,413,451,401,388,409,295,353,391,367,409,403,457,389,449,369,346,393,254,300,341,332,385,389,449,358,434,329,299,369,214,247,286,291,352,365,428,320,411,284,249,336,174,194,229,246,310,333,397,277,376,236,199,297,421,515,515,416,384,320,323,413,345,449,484,373,409,501,509,422,405,350,363,424,380,450,473,392,391,478,495,419,417,371,394,426,405,442,455,403,366,446,470,407,420,384,416,419,421,425,428,404,336,408,438,388,413,387,426,404,426,401,394,396,301,364,396,362,397,380,426,381,421,369,354,379,264,316,351,327,372,364,415,350,405,331,310,354,225,267,301,290,339,340,393,314,379,290,265,323,190,220,250,248,299,308,361,274,344,246,220,285,421,515,513,413,378,313,313,409,336,447,483,368,409,501,508,416,395,336,344,416,363,446,473,382,392,479,493,411,401,351,368,416,382,437,455,388,369,451,470,399,403,358,382,407,392,421,430,387,340,416,438,379,394,358,387,391,392,396,398,377,308,375,401,353,376,348,383,368,384,367,362,359,274,332,360,321,352,330,368,338,366,331,322,335,239,287,314,286,321,307,346,305,340,293,280,305,204,243,270,248,285,276,316,267,307,254,239,270,421,515,511,408,371,304,300,403,325,444,482,361,409,501,505,408,381,318,322,405,343,441,472,369,393,480,490,401,384,326,335,401,352,430,455,370,371,454,466,386,380,327,342,391,356,413,430,364,344,421,438,367,369,322,342,374,352,390,401,353,314,384,403,340,351,311,333,350,340,361,367,334,282,343,365,312,327,292,317,323,321,329,330,310,249,303,324,278,300,270,296,291,297,293,292,283,217,263,282,245,267,243,269,257,268,257,254,250,421,514,509,403,362,292,287,397,313,440,480,353,409,501,500,398,365,298,295,394,319,434,471,353,393,482,484,388,362,297,299,386,320,421,453,349,371,455,459,371,353,293,298,371,315,401,429,339,346,423,432,350,339,283,291,352,307,379,400,324,317,389,400,325,321,270,280,329,292,351,369,306,286,351,363,296,298,252,263,302,274,320,333,282,254,311,325,267,273,231,244,273,252,288,297,257,224,274,287,236,244,208,221,243,227,254,262,229,421,514,505,398,353,281,272,390,299,436,480,344,409,501,494,388,347,275,267,381,293,425,468,337,393,480,475,373,336,267,261,367,285,409,449,325,371,453,450,354,323,254,252,349,274,388,425,311,345,421,421,331,306,243,240,328,259,364,396,293,317,387,389,305,286,227,227,304,244,336,364,273,287,351,354,279,265,211,211,279,225,307,331,252,256,313,318,250,240,191,193,250,206,275,296,227,227,277,282,222,217,173,175,224,185,245,262,204,421,514,501,392,343,269,257,383,286,430,479,335,409,499,487,376,328,252,239,367,268,417,465,319,391,476,465,356,310,236,221,348,249,396,444,301,369,447,437,333,290,219,204,325,229,372,418,281,342,415,405,309,270,202,190,302,213,345,387,260,314,380,371,282,250,185,174,277,196,317,355,239,284,344,338,254,227,170,161,252,179,288,322,217,252,307,304,229,208,153,146,227,163,258,288,197,224,271,269,204,187,139,133,202,147,229,254,176,421,513,499,387,333,258,243,376,273,426,478,326,409,497,480,365,309,231,213,354,243,408,462,302,390,472,453,340,283,204,185,328,215,383,438,276,365,441,420,312,257,182,162,301,190,354,409,250,337,405,385,284,233,163,143,274,169,324,375,227,306,367,348,256,210,147,128,247,151,293,341,204,276,329,313,229,191,132,117,223,137,264,306,184,245,293,280,204,173,120,106,200,124,236,273,166,216,259,250,183,156,109,98,178,112,210,241,149,421,513,497,382,325,248,231,370,261,424,476,318,408,495,474,356,292,211,188,342,220,400,459,287,388,468,442,325,257,177,151,310,183,370,433,252,362,433,404,291,225,149,121,277,151,336,399,222,331,392,362,258,196,128,103,246,129,301,362,194,297,349,321,227,174,112,91,219,113,267,322,172,264,309,284,202,156,102,84,195,103,237,285,153,233,271,250,180,141,94,78,174,95,211,252,138,204,239,222,161,129,87,74,156,88,188,222,125,421,513,495,379,318,240,221,365,252,421,476,312,408,495,469,348,277,195,168,332,202,394,457,274,388,466,433,312,235,153,121,294,155,360,429,233,360,428,389,272,194,119,89,257,119,320,392,195,326,382,340,234,161,98,74,223,97,279,350,164,288,331,292,199,139,88,70,194,88,241,304,142,250,283,250,174,125,83,68,170,83,209,261,127,217,244,219,155,115,79,66,152,79,184,225,117,190,213,194,141,107,76,64,137,76,165,199,108,421,513,493,377,314,235,214,363,247,419,476,309,408,496,466,344,268,185,153,325,189,390,457,265,388,467,428,304,218,135,99,284,134,353,428,219,361,429,382,260,169,95,72,243,95,310,391,175,327,383,328,213,129,86,70,209,84,264,346,143,287,329,269,172,112,83,69,179,81,219,295,123,244,270,214,149,106,81,68,154,79,184,243,112,200,217,184,136,101,78,66,136,77,161,200,105,175,189,166,126,97,75,64,124,74,146,177,99,421,514,492,376,312,234,211,362,244,419,476,307,409,497,463,342,264,180,149,323,184,389,457,262,389,469,426,302,211,127,91,280,126,351,428,214,361,430,379,256,157,88,72,239,91,307,391,167,327,385,325,206,112,86,70,204,83,257,346,135,288,332,265,154,108,83,69,176,81,212,295,114,245,273,202,136,104,81,68,150,79,174,240,107,198,210,165,128,100,78,66,130,77,151,191,102,169,181,151,121,96,75,64,119,74,138,167,97]}