{"c":"72061","n":"内海","la":34.471666666666664,"lo":134.27333333333334,"e":20,"t":[5.2,5.4,8.3,13.7,18.0,21.7,25.6,26.9,23.4,17.9,12.7,7.8],"s":[0,0,0,0,0,0,0,0,0,0,0,0],"i":[459,484,501,393,344,277,254,386,276,449,482,338,448,472,499,401,368,308,290,398,307,453,473,359,428,451,486,403,382,331,319,401,332,447,455,372,399,422,462,394,388,346,340,396,348,430,428,376,363,385,429,378,385,354,353,382,356,407,392,372,322,341,387,353,373,352,357,360,355,374,350,360,277,293,338,322,353,342,352,330,346,334,303,339,229,241,284,284,324,324,338,295,328,288,252,311,182,190,225,241,288,298,315,254,302,239,199,276,459,484,501,392,343,276,252,385,274,448,482,337,449,473,499,400,364,305,287,397,305,451,474,357,428,451,486,400,378,328,315,399,328,445,455,369,400,423,463,392,382,343,335,394,343,430,429,372,365,387,430,376,378,349,347,379,350,405,394,368,325,344,389,352,365,347,350,357,349,373,353,355,281,297,343,320,344,336,344,328,339,335,307,334,235,248,290,283,315,318,330,293,321,290,258,305,190,199,236,242,280,291,307,254,295,242,208,271,461,484,501,390,339,272,248,383,270,446,482,334,449,473,498,397,357,298,279,392,297,448,473,351,429,454,486,396,368,317,303,394,316,442,455,360,403,426,463,387,370,329,319,387,328,426,430,362,370,392,434,369,364,333,328,373,333,403,399,355,332,352,396,346,350,328,329,351,329,372,360,341,292,309,352,316,328,316,321,323,318,335,318,320,249,264,304,281,300,297,305,289,299,294,272,292,208,219,254,242,265,270,282,252,273,250,227,259,461,484,499,386,333,266,241,379,264,444,480,329,449,473,496,391,347,286,265,386,285,444,472,341,430,455,483,388,353,300,283,385,299,436,455,347,405,429,463,377,352,307,295,376,307,420,433,346,375,397,434,360,344,308,300,361,308,397,401,338,341,361,400,337,329,301,297,340,301,368,367,322,302,321,358,309,307,288,287,313,288,334,327,301,263,279,316,275,280,268,271,281,269,296,286,274,225,238,272,241,248,243,249,247,245,256,245,244,459,483,497,382,326,258,231,375,256,440,480,322,449,472,492,383,334,271,249,377,269,437,471,329,430,454,478,377,335,279,260,373,277,428,455,330,408,430,458,365,331,281,265,362,280,411,432,325,379,401,432,347,319,277,265,346,277,389,404,315,346,366,398,325,304,269,260,324,268,360,370,299,312,330,362,298,281,254,248,299,254,329,335,278,275,291,322,267,257,236,233,270,236,293,296,252,239,252,282,236,227,213,213,239,214,258,258,225,459,483,494,377,318,248,222,369,246,436,479,315,449,471,486,373,318,254,229,366,252,430,469,315,430,453,471,364,314,254,233,358,252,417,451,311,408,429,450,350,305,252,231,345,250,399,429,302,381,401,424,331,292,244,227,327,243,376,401,289,349,368,393,308,274,233,220,306,233,349,370,272,316,333,358,282,254,219,208,281,218,318,335,252,282,298,323,254,229,200,193,254,202,286,301,229,248,262,285,225,206,183,176,225,182,252,265,204,459,482,490,372,310,238,211,363,237,430,476,306,448,469,479,363,302,235,208,355,231,421,465,300,429,450,462,349,291,227,204,342,227,404,447,290,405,425,438,332,278,219,198,325,219,384,423,277,379,397,411,311,262,210,190,306,208,359,396,261,348,365,381,289,243,197,180,284,196,332,365,243,315,331,348,264,224,184,168,260,182,303,332,224,283,296,313,237,202,168,154,235,167,272,297,202,250,263,279,212,181,152,141,210,151,242,264,181,459,480,487,366,301,227,200,357,225,426,475,298,446,467,472,352,286,215,188,342,213,411,462,284,426,445,450,333,268,202,175,325,200,390,441,268,401,419,424,312,249,189,164,304,187,366,415,250,373,389,393,290,229,175,153,282,174,339,385,231,342,357,362,265,211,162,141,259,160,311,354,213,310,323,330,241,191,149,131,236,148,283,321,194,277,289,298,217,174,136,119,213,134,254,288,176,246,256,264,193,154,122,109,190,122,225,254,156,459,479,483,361,293,219,189,351,217,422,474,291,445,463,463,341,269,196,168,331,195,401,458,269,424,441,437,317,245,175,148,307,174,376,434,246,396,411,405,291,221,157,132,283,156,347,404,223,365,378,371,265,199,142,119,258,141,316,371,202,332,343,337,240,178,129,108,234,128,286,338,183,299,309,305,216,162,117,99,211,117,258,304,165,266,276,274,194,145,108,90,190,106,231,272,149,235,244,244,174,131,97,84,170,98,204,241,134,458,479,480,356,286,210,180,346,208,418,472,284,444,462,455,331,254,180,149,320,178,393,454,254,421,436,424,302,223,152,123,291,150,362,426,225,390,403,387,271,194,130,103,262,129,327,393,198,355,365,347,240,169,112,90,234,112,292,356,174,318,326,309,213,149,102,82,208,102,259,317,155,283,289,274,190,134,93,76,186,93,229,282,139,250,256,244,170,121,86,71,167,86,204,250,126,221,225,217,153,110,80,67,150,80,183,221,113,458,479,476,352,280,202,173,342,200,415,471,279,443,461,450,323,243,166,134,311,164,386,451,244,419,433,413,289,204,132,101,278,130,351,422,208,387,397,371,252,169,105,80,244,105,310,385,175,348,354,323,216,141,90,72,213,91,269,342,149,304,308,278,186,123,83,68,186,85,231,297,131,263,265,240,165,112,79,65,164,80,200,256,118,229,231,212,148,103,75,62,147,75,178,224,109,202,202,189,134,96,71,59,132,71,160,198,100,458,478,476,350,276,199,167,339,197,413,471,275,443,459,448,319,235,156,123,306,154,382,450,237,419,433,409,281,191,114,85,269,114,344,420,196,387,397,363,239,148,87,73,233,92,300,382,158,348,353,310,196,117,83,70,200,84,252,337,132,302,303,252,161,106,80,68,173,80,209,286,115,252,248,204,143,101,77,65,149,77,176,235,107,209,206,179,131,96,73,62,132,73,156,198,100,183,182,162,122,91,69,59,120,69,142,176,94,458,478,476,350,276,198,165,338,195,413,471,274,443,459,447,317,231,153,119,304,151,381,450,234,419,433,409,278,186,109,80,266,109,342,420,191,387,397,363,235,138,86,73,229,88,296,382,153,348,353,309,188,109,83,70,198,83,246,337,126,302,303,250,141,105,80,68,169,80,202,285,109,252,249,189,132,100,77,65,144,77,167,229,103,200,197,165,124,96,73,62,126,73,146,188,98,175,174,152,117,91,69,59,115,69,135,167,92]}