{"c":"72146","n":"引田","la":34.21333333333333,"lo":134.40666666666667,"e":12,"t":[5.2,5.4,8.3,13.6,18.2,22.0,25.9,26.9,23.5,18.0,12.8,7.8],"s":[0,0,0,0,0,0,0,0,0,0,0,0],"i":[463,500,521,397,339,270,248,390,274,458,494,335,450,487,517,405,361,298,282,401,305,462,484,355,429,465,504,407,375,320,310,404,329,455,466,367,400,434,479,398,380,334,329,398,344,440,438,371,363,394,443,381,377,340,341,383,352,415,400,366,322,349,399,356,365,338,344,360,350,381,357,353,277,298,348,324,344,328,338,330,341,340,308,332,227,244,291,286,316,310,324,294,323,293,254,304,181,191,229,242,281,285,302,252,297,242,200,269,463,500,521,396,338,269,247,390,273,457,494,334,451,488,518,405,358,296,280,400,303,461,484,353,429,465,504,404,371,317,306,401,325,454,466,364,401,434,480,396,375,331,325,396,340,438,438,367,366,397,446,379,370,336,335,381,346,413,403,362,325,352,401,355,357,333,337,358,344,380,360,348,281,303,353,323,336,323,331,329,334,340,312,327,235,252,298,285,307,304,317,293,316,295,261,299,189,200,240,243,273,279,295,252,290,246,210,265,463,500,520,394,334,265,243,388,269,455,494,331,451,488,516,401,351,290,272,396,295,458,484,347,430,468,504,400,361,307,294,397,314,451,468,356,404,438,480,390,363,318,309,390,325,434,441,357,371,403,449,373,356,321,317,375,329,411,408,350,333,361,409,349,342,316,317,352,325,380,368,336,292,316,364,319,321,304,309,323,313,342,324,314,249,269,313,283,293,285,294,289,294,299,277,287,206,223,262,244,259,259,271,252,269,254,231,254,463,499,518,390,328,259,236,384,263,453,493,326,451,488,515,395,342,278,259,390,283,453,484,338,433,469,501,392,347,291,276,388,297,445,468,343,408,442,480,381,346,297,287,380,304,429,443,341,377,408,450,364,338,297,290,364,304,405,412,333,342,371,413,340,322,290,287,342,298,376,376,317,303,329,371,312,300,277,277,314,285,340,335,296,264,286,327,278,274,257,261,282,266,302,292,270,225,244,281,243,242,234,239,248,241,261,250,239,463,499,516,386,322,252,227,379,254,449,492,320,451,488,511,387,329,264,243,381,268,446,483,326,434,468,497,381,330,271,252,377,276,437,466,327,409,444,476,369,325,272,258,366,278,420,443,322,381,413,448,351,313,268,258,349,275,397,413,311,348,377,413,328,298,260,252,327,266,368,379,295,313,340,377,300,276,246,240,301,252,336,343,274,276,300,335,270,252,227,225,271,234,299,304,250,240,260,292,238,223,206,204,240,211,263,264,222,463,498,512,381,314,243,218,374,246,445,491,313,451,487,505,377,314,248,225,371,250,438,480,313,433,467,490,368,310,248,227,362,252,426,463,309,409,443,467,353,300,245,227,349,249,407,440,299,383,413,441,335,287,237,221,331,242,384,412,286,351,380,409,312,270,225,214,309,231,356,380,269,317,343,372,285,250,213,202,284,217,325,344,249,283,307,336,258,225,195,187,257,200,292,309,225,249,270,296,227,202,176,171,227,180,258,272,202,462,497,509,375,306,233,208,368,236,440,488,305,450,484,498,366,298,229,204,359,231,429,478,298,432,463,480,353,287,223,200,346,225,413,459,288,408,438,455,336,274,214,194,330,218,392,434,275,381,409,426,314,258,204,186,310,206,367,405,259,350,377,396,292,240,192,176,288,196,339,375,241,317,342,362,267,220,179,164,263,181,309,341,222,284,306,326,240,199,163,150,238,166,278,305,200,252,271,291,214,178,147,137,212,150,248,271,180,462,496,505,370,298,224,197,362,225,434,488,297,449,482,488,355,282,211,185,347,213,419,473,283,429,459,467,337,265,198,173,329,200,398,451,267,404,433,440,316,246,185,161,309,187,373,426,249,376,401,409,292,227,171,151,287,174,346,395,231,344,369,376,268,209,159,139,263,160,317,363,212,312,334,343,244,190,146,129,240,148,288,330,193,279,299,309,220,172,133,117,216,134,259,296,175,247,265,275,195,152,120,107,193,122,229,262,156,461,495,501,364,290,215,187,356,217,430,486,290,448,479,480,344,267,194,166,336,195,409,469,268,426,455,453,320,243,174,147,312,175,383,445,246,399,425,420,294,219,156,131,287,157,354,415,223,367,390,385,268,197,141,118,262,142,322,381,202,334,354,350,243,178,128,107,237,129,292,346,183,300,319,316,218,161,115,99,214,118,263,312,165,268,284,284,195,145,106,90,192,107,235,279,149,237,250,254,175,130,96,83,172,98,209,247,134,461,495,498,360,283,206,178,351,208,426,484,283,446,476,473,335,252,178,149,325,179,401,465,254,423,450,440,305,222,152,123,296,152,369,438,225,393,416,401,273,193,130,104,266,130,333,403,199,358,376,359,243,169,113,91,238,113,297,364,175,320,336,319,215,149,102,83,212,102,264,325,156,284,298,283,192,134,93,77,189,94,234,288,140,252,263,250,172,121,86,71,169,87,208,254,126,222,231,225,154,110,80,67,152,80,186,225,114,461,494,495,356,277,200,171,347,202,423,483,278,446,476,467,327,241,165,134,317,165,394,463,244,422,447,429,292,204,132,102,283,131,357,433,209,390,409,384,254,170,106,81,248,106,316,394,177,350,365,333,218,142,92,73,217,93,273,350,151,307,316,286,188,124,85,70,189,85,235,303,132,265,272,246,166,112,80,67,166,81,204,261,119,231,236,217,149,104,76,63,148,76,180,227,110,202,208,194,135,96,71,60,134,72,162,200,101,461,494,494,354,274,197,166,344,197,421,483,275,446,475,463,322,234,156,124,311,156,390,462,237,422,447,424,284,192,117,87,274,115,351,430,197,390,409,375,241,150,89,74,237,93,305,391,160,350,364,319,197,119,85,72,204,84,256,344,134,304,312,257,162,108,82,69,175,81,212,291,117,254,254,206,143,102,78,67,150,78,177,238,108,210,210,181,131,97,74,63,133,74,156,200,101,184,185,164,122,92,70,60,121,70,143,178,95,461,494,494,353,273,195,164,343,196,421,483,274,446,476,463,320,231,153,120,309,152,389,462,235,422,447,424,281,186,111,82,271,111,348,430,193,390,409,375,237,140,88,74,234,90,301,391,155,350,364,318,189,111,85,72,202,84,249,344,128,304,312,256,141,106,82,69,172,81,204,291,110,254,254,191,132,102,78,67,146,78,168,233,104,202,200,165,124,97,74,63,127,74,146,189,98,176,176,153,117,92,70,60,117,70,135,168,93]}