{"c":"72317","n":"鹿児島","la":31.553333333333335,"lo":130.54666666666665,"e":4,"t":[8.3,9.4,12.5,16.8,20.7,24.0,28.0,28.5,25.9,21.0,15.6,10.5],"s":[0,0,0,0,0,0,0,0,0,0,0,0],"i":[409,504,517,451,418,324,293,407,310,442,476,398,398,488,511,461,446,358,330,418,342,443,466,421,379,463,494,459,463,383,360,420,365,434,446,436,354,430,467,449,470,398,381,413,380,417,417,438,323,390,430,428,465,404,392,398,386,392,381,433,287,342,387,397,449,400,393,374,383,358,338,416,247,290,334,359,423,387,385,342,370,318,290,389,206,236,277,313,386,364,367,304,349,273,240,354,167,183,218,261,341,332,339,261,319,224,189,311,409,504,516,450,416,323,291,405,308,442,476,396,398,488,509,459,443,355,327,416,338,442,466,419,380,466,495,458,459,378,354,418,361,434,447,432,355,433,469,446,463,393,373,411,375,417,419,434,324,393,433,425,458,398,383,395,380,391,383,426,289,346,390,395,442,393,384,371,375,358,342,409,250,296,339,357,415,378,374,340,362,319,295,383,211,243,285,313,378,355,356,303,340,275,246,348,173,193,227,263,333,323,329,261,310,229,198,306,409,504,515,448,412,318,286,403,304,441,476,393,399,490,509,455,434,346,317,412,330,440,466,412,381,468,495,451,449,365,340,413,349,432,448,422,357,437,470,438,451,376,355,404,359,415,421,422,328,399,437,419,444,378,361,388,361,390,388,413,295,357,395,389,426,370,359,365,355,358,349,396,259,310,350,352,400,354,347,334,340,322,306,369,222,262,300,311,364,330,328,299,317,281,262,335,187,217,249,265,321,298,300,260,288,238,218,295,409,504,514,444,405,311,278,400,297,438,476,387,399,491,508,448,424,332,302,405,318,437,466,401,382,469,493,442,433,346,319,403,331,426,448,407,360,441,469,430,433,352,329,394,337,409,423,405,332,407,438,408,423,350,331,377,335,386,392,394,301,367,400,380,404,340,324,354,327,357,356,375,268,325,359,346,379,322,311,325,311,322,317,349,234,281,313,308,345,299,291,291,288,285,276,317,200,239,268,266,306,268,264,254,260,246,236,280,409,504,512,438,398,302,269,395,289,436,475,380,400,491,505,438,408,315,284,396,302,432,465,387,383,471,488,430,413,322,293,391,309,421,448,389,361,443,466,415,408,322,297,379,310,403,423,381,335,412,437,395,396,317,294,362,304,380,395,369,306,375,401,366,377,304,285,339,293,351,361,349,274,335,363,335,352,285,270,311,277,320,324,324,243,296,323,299,321,263,250,281,254,285,287,295,212,257,281,263,286,236,227,248,229,249,250,262,409,503,509,434,388,291,258,389,279,432,474,371,400,491,500,428,391,296,263,386,284,425,463,371,383,471,483,417,388,294,265,377,284,412,446,366,362,445,459,399,379,289,262,363,279,394,422,356,337,413,430,376,363,278,254,343,270,370,394,339,309,380,398,350,344,265,243,320,257,343,362,320,279,342,362,319,319,247,227,294,240,312,328,295,248,304,323,287,292,225,210,265,220,280,292,269,218,267,286,252,261,202,189,235,198,248,257,239,409,503,505,426,378,280,246,383,269,428,473,362,399,490,494,416,371,274,241,374,264,418,461,354,383,469,475,400,360,266,234,361,256,401,442,342,361,443,450,379,345,254,225,343,246,381,418,326,336,411,420,355,328,241,213,322,233,356,389,308,309,378,388,327,306,224,200,298,219,329,358,286,280,343,353,299,284,208,186,273,202,300,325,263,249,306,317,268,257,188,170,246,185,269,291,238,220,269,281,238,231,170,153,219,166,239,257,213,409,503,503,421,367,269,235,377,259,424,472,352,399,488,487,404,351,252,220,362,244,409,458,336,381,466,465,381,331,236,204,343,229,390,438,316,359,438,437,357,310,219,189,321,213,366,411,295,334,405,405,330,288,202,175,298,198,339,381,273,306,371,371,301,266,185,160,273,182,311,349,250,276,336,337,272,243,169,147,248,167,282,316,227,247,300,303,245,221,152,133,223,151,252,283,206,218,265,268,217,199,138,121,199,136,225,250,185,409,501,500,415,357,259,224,371,249,421,471,343,398,487,480,391,330,231,199,350,225,401,455,318,380,462,454,363,302,206,175,326,202,378,432,291,357,432,421,333,274,184,155,299,181,350,403,263,329,397,385,302,247,165,138,273,163,320,370,238,299,360,349,272,223,148,124,247,147,290,336,214,269,323,313,244,202,134,112,222,134,261,302,193,240,287,280,217,183,121,102,199,121,233,269,174,211,252,249,193,165,110,94,178,110,206,238,156,409,501,498,409,348,249,214,366,240,417,470,336,398,484,475,381,312,214,179,339,208,395,453,302,379,459,442,346,274,181,148,309,177,366,426,267,354,425,404,309,238,153,123,278,151,333,394,233,323,385,363,273,206,131,107,248,132,299,357,204,291,344,321,240,182,115,95,220,118,266,319,179,259,304,284,212,163,105,87,196,107,236,282,160,227,267,250,188,148,96,81,175,98,209,249,144,200,235,222,168,135,89,76,157,91,186,219,131,409,501,496,405,340,242,206,362,233,415,469,329,398,484,470,372,296,199,164,331,193,389,451,289,379,457,434,332,249,158,125,296,156,357,423,246,352,421,391,288,204,125,98,260,126,319,388,206,320,377,342,245,168,104,84,225,107,279,346,172,283,327,293,206,144,93,79,197,97,241,301,148,246,280,250,180,129,87,76,173,91,209,259,132,214,242,219,160,119,83,72,154,86,184,225,121,187,210,194,145,111,79,69,139,81,165,197,111,409,503,494,404,335,237,200,359,227,413,469,325,398,486,467,367,285,189,153,325,184,386,450,280,379,459,430,323,231,141,109,286,140,351,423,231,353,422,384,273,177,101,84,247,108,310,386,184,320,377,331,222,133,91,81,213,96,265,343,149,283,326,271,177,113,88,79,183,92,222,293,126,241,269,216,151,108,85,76,158,88,186,242,114,200,217,185,138,104,81,72,139,83,162,200,108,174,189,167,128,99,78,69,126,79,147,176,102,409,503,494,403,334,236,199,358,227,413,469,324,399,487,466,366,281,185,149,323,180,385,450,277,379,459,428,321,223,133,102,283,134,350,423,225,353,424,382,270,164,94,84,243,104,308,386,176,321,380,328,215,112,91,81,209,95,260,343,140,283,329,269,157,110,88,79,180,92,215,294,118,242,272,204,135,106,85,76,153,88,178,240,109,197,211,167,128,102,81,72,133,83,153,192,104,168,182,152,122,98,78,69,122,79,140,167,99]}