{"c":"73151","n":"四国中央","la":33.98166666666667,"lo":133.58166666666668,"e":75,"t":[5.8,6.0,9.0,14.3,18.9,22.6,26.6,27.6,23.9,18.2,13.0,8.3],"s":[0,0,0,0,0,0,0,0,0,0,0,0],"i":[425,451,478,371,328,240,214,359,243,430,451,313,413,441,474,377,347,261,237,367,265,432,443,329,396,422,462,377,358,277,254,368,281,426,426,337,371,395,438,368,362,286,268,361,291,411,401,339,339,362,408,352,357,289,274,346,294,387,369,333,303,322,369,329,344,285,274,324,290,356,331,319,263,279,323,299,325,275,267,297,280,318,288,300,220,231,273,265,298,259,254,264,264,275,242,274,178,186,219,225,265,237,236,227,242,229,194,242,425,451,478,370,327,239,213,359,242,429,451,312,415,441,474,376,344,260,235,366,263,432,443,327,396,422,461,375,354,274,252,366,278,425,426,335,371,396,440,366,357,283,264,359,287,409,403,335,341,363,409,350,351,285,269,344,290,387,371,329,305,325,370,327,338,281,269,323,286,356,333,315,266,282,327,298,317,271,262,295,275,319,292,295,225,238,277,263,290,254,249,263,259,277,247,269,185,193,227,225,257,231,229,227,236,233,202,238,425,451,476,368,324,236,210,357,240,428,451,309,415,441,473,373,338,254,229,363,258,429,443,322,397,424,461,371,346,266,244,362,270,423,426,328,373,398,438,361,346,273,252,354,277,407,404,327,344,367,411,344,339,273,256,339,277,385,374,319,310,331,375,322,324,267,254,317,271,356,338,304,274,291,334,293,304,256,246,291,260,321,300,284,236,250,288,261,277,238,231,260,243,281,258,259,199,210,243,225,244,216,213,227,220,240,217,229,425,451,475,365,319,231,204,354,235,426,450,305,415,441,471,368,330,245,220,358,249,426,442,314,398,424,458,364,333,254,231,355,258,418,426,317,375,400,438,353,331,257,236,346,261,403,405,314,347,370,409,336,322,254,237,330,259,380,376,304,316,337,378,314,306,247,231,309,250,353,344,289,282,301,339,287,285,234,222,284,238,320,307,269,246,262,299,256,259,217,208,254,221,284,269,244,212,225,257,223,229,196,190,223,200,246,231,216,425,451,473,362,313,225,199,350,229,423,450,300,415,441,467,361,318,234,209,351,238,420,441,305,398,423,454,355,318,238,214,345,242,411,425,304,377,401,434,342,312,238,215,334,241,395,404,297,350,373,408,325,300,231,213,318,236,373,377,286,320,341,376,303,285,223,206,297,227,346,346,270,288,307,342,277,263,210,195,273,213,316,313,250,254,272,304,248,240,193,181,246,197,282,277,227,222,236,265,219,212,174,164,217,177,248,241,202,425,450,470,357,306,219,192,346,222,419,448,294,413,438,463,353,305,222,195,343,225,413,438,293,398,422,448,344,300,220,196,334,224,401,422,288,376,399,426,329,290,216,193,321,219,384,401,279,351,373,401,311,277,208,187,303,211,362,375,265,322,343,372,289,260,197,179,283,200,337,346,249,291,310,338,264,240,184,167,259,187,307,313,229,260,277,304,238,217,168,154,234,171,277,280,208,227,243,268,210,193,151,139,206,154,245,247,185,424,449,467,353,299,212,185,341,215,415,447,288,413,438,457,344,292,208,181,333,211,405,436,281,396,420,438,331,280,200,176,321,204,391,418,271,375,396,417,314,267,192,169,305,196,371,396,258,349,370,390,294,250,183,161,286,185,348,369,243,321,340,361,272,233,170,151,265,174,322,341,225,290,308,329,248,214,158,140,243,160,294,309,206,260,275,295,223,193,143,128,219,146,265,277,186,229,244,263,199,172,129,115,195,131,236,246,167,424,448,463,348,292,204,177,336,208,411,445,281,412,436,450,335,277,194,167,324,197,398,432,269,394,416,429,317,261,182,156,308,185,379,413,252,371,391,404,298,242,170,146,288,173,356,389,237,345,363,375,276,224,157,136,268,161,330,361,219,316,333,344,252,206,145,125,246,147,304,331,200,286,302,313,229,186,133,114,224,136,276,300,183,254,270,282,206,169,121,104,200,123,249,269,165,225,238,250,183,150,108,95,179,111,221,238,147,423,447,461,344,285,198,170,332,200,407,444,275,411,433,443,326,264,180,153,315,184,389,429,257,392,412,418,304,241,163,138,294,166,366,407,236,367,385,388,280,219,148,125,271,151,339,380,215,338,354,356,256,198,134,112,248,137,310,350,196,308,322,323,231,178,122,103,225,124,282,318,177,277,290,291,209,161,111,94,204,113,254,286,160,247,259,261,186,145,101,85,183,103,227,256,144,218,229,233,167,130,91,78,163,94,202,227,129,423,447,458,340,279,192,164,328,195,404,443,270,409,432,436,318,252,169,141,306,171,382,426,246,390,408,407,292,223,147,121,281,149,353,401,220,363,378,372,263,196,128,105,254,131,322,371,196,331,344,335,235,172,113,94,229,115,289,337,174,297,308,298,209,153,103,86,204,105,258,301,155,265,274,265,187,138,94,80,184,96,229,268,140,235,242,235,167,124,86,74,164,89,204,237,126,206,214,210,150,112,79,68,147,82,183,210,113,423,447,455,337,274,187,159,325,190,401,442,266,409,430,432,312,241,159,131,300,162,375,424,237,388,405,399,281,206,132,106,271,135,344,398,206,360,374,359,248,175,110,90,241,113,307,365,178,326,336,315,215,149,97,82,212,101,269,325,154,287,294,272,187,131,90,78,187,93,233,284,136,250,254,236,166,119,84,73,165,87,204,247,123,219,222,208,149,110,79,69,148,81,181,216,112,192,195,185,135,101,74,64,133,76,163,191,103,423,446,454,335,271,184,155,323,187,399,441,263,409,430,429,308,235,152,124,295,155,372,423,231,388,405,394,275,197,121,96,264,124,337,396,197,360,374,352,237,158,97,85,231,103,297,362,164,325,335,303,198,129,92,81,202,95,254,321,140,286,290,250,166,117,88,78,176,90,213,275,124,242,242,204,148,110,83,73,152,85,181,229,113,202,202,179,136,104,78,69,135,80,161,195,106,178,178,163,125,98,73,64,123,75,146,173,99,423,447,454,334,270,183,154,322,186,399,441,263,409,430,426,306,233,150,122,294,152,371,422,229,388,405,392,273,192,117,93,261,120,335,395,194,360,374,349,234,150,96,85,229,101,294,361,160,325,335,300,193,121,92,81,199,95,247,320,135,286,291,245,150,115,88,78,172,90,206,274,118,242,242,188,139,110,83,73,148,85,172,224,111,197,195,163,130,104,78,69,130,80,151,185,104,172,172,150,121,98,73,64,119,75,139,164,97]}