{"c":"73341","n":"瀬戸","la":33.446666666666665,"lo":132.25666666666666,"e":143,"t":[6.9,7.2,9.7,14.3,18.2,21.5,25.2,26.4,23.6,19.0,14.4,9.5],"s":[1,0,0,0,0,0,0,0,0,0,0,0],"i":[450,512,532,416,359,267,223,388,254,451,498,348,438,498,529,426,384,294,249,397,278,455,488,368,417,475,514,426,399,314,269,398,297,448,468,380,388,441,487,417,405,327,284,390,308,432,438,383,353,400,450,399,401,331,291,374,312,405,401,377,312,352,405,373,389,328,292,350,309,372,356,363,267,299,351,338,367,318,285,319,299,331,306,341,221,243,292,297,337,299,272,282,282,284,252,311,175,188,229,250,299,274,252,241,258,234,197,275,450,512,532,415,358,266,221,387,252,451,498,346,438,499,529,424,381,292,246,396,276,454,488,366,417,475,514,424,396,311,266,396,293,447,469,377,389,443,488,415,401,322,279,389,304,430,441,379,354,401,453,397,396,326,286,372,307,405,403,373,315,356,408,371,383,323,286,348,303,372,360,359,271,304,356,336,361,312,279,318,292,332,311,336,227,252,299,296,331,293,265,282,275,287,259,307,183,199,240,250,293,268,246,242,250,239,206,271,451,512,531,413,355,263,218,385,249,450,498,343,438,499,528,420,375,285,240,392,269,451,488,360,419,478,514,419,387,301,256,392,284,445,470,369,392,447,488,409,390,310,267,383,292,428,443,369,360,409,457,390,385,311,271,367,293,404,409,362,322,366,413,365,370,306,269,344,287,373,368,347,282,319,368,332,348,293,261,314,275,335,323,324,241,271,315,294,319,274,246,280,257,293,276,296,200,223,263,252,282,248,225,243,233,249,229,261,451,512,529,409,350,257,213,382,244,448,497,338,438,500,526,413,365,274,229,387,260,448,488,351,421,479,511,409,373,285,242,384,270,438,470,356,396,451,488,399,374,290,248,374,274,424,445,355,365,416,457,380,367,289,249,357,272,400,413,345,331,377,420,355,351,281,244,335,265,371,376,329,294,334,377,325,329,267,234,307,252,335,335,307,254,289,330,290,301,248,220,275,233,297,292,280,218,245,283,252,268,224,200,241,211,257,249,248,451,512,527,405,343,250,206,378,237,445,496,332,438,500,521,405,352,260,217,379,247,442,487,339,421,479,507,399,356,266,223,373,252,432,469,340,398,453,484,386,353,266,225,362,252,415,445,335,370,421,455,367,343,262,223,345,248,393,416,324,337,384,420,342,327,252,216,322,238,364,381,307,303,345,381,314,305,237,204,296,224,333,343,285,267,304,339,281,280,219,191,267,206,297,304,260,231,264,295,248,249,198,173,235,186,260,263,231,450,511,524,399,335,241,198,373,229,441,495,325,438,499,516,395,337,245,202,369,233,434,484,326,421,479,500,385,335,244,202,361,231,422,467,321,398,451,476,369,328,240,200,347,227,404,442,313,371,422,448,349,315,231,195,329,220,381,413,299,341,388,416,325,299,221,186,307,209,354,381,282,307,350,378,297,278,206,174,281,195,323,345,260,274,312,340,268,254,189,161,254,179,291,309,237,241,274,300,237,227,170,145,225,161,258,272,212,450,509,520,393,326,231,190,367,222,436,493,317,438,497,508,383,321,227,186,359,217,426,480,311,420,476,488,369,311,221,181,346,211,411,462,300,397,449,465,351,299,211,175,329,202,390,437,287,370,419,434,328,284,200,166,309,191,366,408,271,340,385,403,304,266,188,156,287,180,338,376,252,308,350,368,278,247,175,145,263,166,309,342,233,275,312,330,249,224,158,132,237,151,278,306,211,244,276,294,223,202,143,120,211,136,248,271,190,450,509,516,387,317,223,182,362,214,432,492,309,437,494,500,371,303,211,171,348,202,417,476,295,418,472,476,352,287,198,160,330,189,397,455,279,394,443,449,329,269,184,149,310,176,373,428,261,365,411,416,305,250,170,138,287,164,346,398,242,335,377,382,279,231,157,127,264,151,318,365,223,303,341,348,252,212,144,117,240,138,289,331,202,271,305,314,227,194,130,106,217,125,260,296,184,240,269,279,202,174,117,96,193,112,231,262,165,450,509,513,381,308,215,174,356,206,426,490,301,436,491,492,360,285,194,156,337,187,408,473,280,416,467,463,334,262,174,139,314,169,383,448,257,389,434,429,306,238,156,125,289,152,354,418,234,358,400,392,278,216,141,112,264,137,324,383,212,325,362,356,252,196,128,102,239,125,294,348,192,293,325,320,225,179,115,94,216,113,265,313,174,261,290,287,202,162,106,85,194,103,237,279,156,229,256,256,181,147,96,78,173,94,212,248,141,449,508,509,376,300,208,167,352,199,424,488,295,434,490,484,350,269,180,143,327,174,400,470,266,413,462,449,318,238,154,121,299,150,369,441,236,384,426,409,284,208,132,103,270,130,335,405,208,349,385,366,250,183,115,92,241,113,300,367,183,313,343,324,222,162,104,83,215,103,266,327,163,277,303,287,197,147,94,77,192,94,237,289,146,245,267,254,176,133,87,71,171,86,211,256,132,216,236,225,158,122,80,66,153,80,188,225,120,450,508,507,373,294,202,162,348,194,421,488,289,434,488,478,341,256,168,131,319,163,393,467,254,412,459,438,304,217,136,104,287,133,358,437,219,381,421,392,264,180,110,86,252,110,318,398,185,343,374,340,225,150,95,78,221,96,276,352,157,300,323,290,192,131,87,74,192,89,238,305,137,259,277,249,169,119,82,70,169,83,206,262,123,225,239,218,151,111,77,66,150,78,183,227,112,198,210,194,137,103,73,62,135,73,164,200,104,450,508,505,370,289,198,158,346,190,419,488,286,434,488,474,336,247,159,124,314,155,389,466,247,412,459,433,295,200,121,93,278,121,351,434,206,381,421,383,250,156,93,80,242,98,307,395,166,343,374,325,202,122,88,77,209,89,260,348,137,299,320,262,164,109,84,73,178,85,215,294,119,250,260,208,143,103,80,70,152,81,180,240,109,206,212,180,131,98,76,66,134,76,159,199,102,180,186,163,122,93,72,62,122,72,144,176,96,450,508,504,370,288,197,156,345,189,418,487,285,436,490,472,335,243,156,121,313,152,388,466,245,413,461,430,293,194,115,89,275,115,349,434,200,382,422,380,246,144,91,80,238,95,304,395,160,344,375,321,195,110,88,77,204,89,252,347,131,300,322,257,142,106,84,73,174,85,208,293,111,250,262,189,130,102,80,70,147,81,171,234,104,200,202,159,124,97,76,66,128,76,148,187,99,173,178,147,117,93,72,62,117,72,136,166,94]}