{"c":"73406","n":"宇和","la":33.36666666666667,"lo":132.50333333333333,"e":200,"t":[4.1,4.9,8.2,13.4,17.8,21.6,25.6,26.1,22.7,16.6,11.3,6.2],"s":[2,1,0,0,0,0,0,0,0,0,0,0],"i":[429,487,494,397,359,252,214,370,244,430,470,336,417,475,490,405,381,275,236,378,265,433,461,353,398,453,476,404,394,291,252,378,280,426,443,363,373,423,453,395,398,301,265,370,289,409,416,365,340,385,419,377,394,304,270,354,291,386,382,358,303,341,378,352,380,300,269,331,287,354,341,344,262,292,330,320,358,289,262,302,276,316,295,323,220,240,277,282,329,272,249,268,260,273,246,294,177,189,221,238,292,249,229,229,237,227,196,260,429,488,494,396,358,250,213,370,243,430,470,335,418,475,490,403,379,273,234,377,263,432,461,352,399,454,476,401,391,288,250,376,277,425,443,361,373,425,454,393,395,298,261,368,285,409,417,362,342,387,421,375,389,300,265,352,287,385,383,355,306,344,381,350,375,295,264,330,282,354,344,340,265,296,334,318,353,284,256,301,271,317,299,318,224,247,283,281,323,267,243,268,254,275,252,290,184,198,229,239,286,243,224,231,231,229,204,256,429,488,493,394,355,248,210,368,240,429,470,332,418,475,488,400,373,267,229,374,257,430,461,346,400,455,476,398,383,280,242,372,269,422,444,354,375,426,453,387,385,287,250,363,275,407,418,353,346,393,424,369,378,287,252,348,274,384,387,345,311,352,385,345,363,281,250,325,268,354,350,329,274,308,343,314,341,268,241,298,256,319,308,308,236,263,295,279,311,250,227,266,239,279,265,280,198,219,248,239,275,227,208,231,216,238,222,247,429,487,492,390,350,243,206,365,236,426,469,328,418,476,487,394,364,258,220,369,249,426,459,338,401,455,473,389,370,266,229,365,257,418,443,342,378,430,453,379,369,270,234,355,259,401,420,339,349,398,423,360,361,267,234,339,256,379,390,329,317,361,389,336,345,259,227,317,248,352,356,313,283,321,349,307,323,245,218,291,235,318,317,292,247,278,307,274,295,227,204,261,218,282,277,265,212,237,264,238,262,204,185,227,197,244,238,235,429,487,488,387,343,237,200,361,229,424,468,322,418,475,484,386,352,246,209,362,238,421,459,328,401,457,470,380,354,250,213,356,241,411,442,328,379,432,448,366,349,249,214,344,240,394,420,321,352,401,421,348,338,244,211,327,235,373,392,310,321,367,388,324,322,234,204,306,225,345,359,293,289,329,352,297,300,220,192,281,211,315,324,272,256,291,313,265,274,202,178,252,194,281,287,247,223,252,273,234,244,182,161,223,175,246,249,220,428,486,487,382,336,229,193,357,224,421,467,316,418,475,479,377,337,233,196,353,225,413,457,316,401,455,463,367,334,231,196,344,224,401,440,311,379,430,441,352,326,225,192,330,219,385,417,301,353,401,413,332,312,218,186,313,211,362,390,287,324,369,384,309,295,206,177,291,200,336,359,270,292,334,349,282,274,193,165,267,186,306,325,250,261,297,313,254,250,176,152,241,170,276,290,227,229,261,277,224,224,158,137,213,152,244,256,202,428,486,484,377,327,222,186,352,217,417,466,309,417,473,472,367,322,218,182,344,212,407,454,302,400,453,454,353,312,211,177,331,206,392,436,292,377,428,430,335,299,200,170,315,197,371,412,279,352,399,403,314,283,191,161,295,186,348,384,263,323,367,373,290,265,178,151,274,174,322,354,244,293,333,340,265,245,165,140,250,160,294,322,225,261,297,305,238,222,149,127,225,146,264,288,202,231,263,271,212,200,135,114,200,131,235,254,182,428,484,480,371,319,215,179,347,210,413,463,302,416,471,466,357,305,202,169,334,199,399,451,288,398,449,444,338,289,191,158,317,187,380,430,273,375,422,417,317,271,178,147,298,174,356,405,254,348,392,387,293,252,164,137,276,162,331,376,237,319,359,355,268,233,151,126,254,149,304,344,218,288,325,323,243,213,139,115,231,136,276,312,198,258,291,291,219,194,125,104,208,123,248,280,179,227,256,258,194,174,112,95,185,111,221,248,160,426,484,476,366,311,206,172,342,202,409,463,295,415,468,458,346,289,189,156,325,186,391,447,275,396,445,432,323,266,171,141,303,169,367,424,252,371,415,401,297,243,154,127,280,153,340,396,231,342,382,368,270,220,139,114,256,139,312,364,210,311,347,333,245,200,127,104,231,126,283,330,190,280,312,300,220,182,114,96,210,114,254,297,172,249,278,269,196,165,104,87,188,104,227,265,155,220,245,240,176,149,94,79,168,95,202,235,140,426,483,474,362,304,200,166,338,197,405,462,289,413,467,451,338,275,176,145,316,174,383,444,263,394,441,421,309,244,153,124,290,152,355,419,235,366,408,385,277,215,133,108,263,134,323,386,209,335,370,346,247,190,118,97,236,119,291,350,185,300,331,307,219,169,106,89,211,108,259,313,165,267,293,273,195,153,97,82,189,99,231,278,148,237,258,242,174,139,89,76,169,91,206,246,134,209,227,215,156,126,81,70,151,83,183,217,121,426,483,472,359,298,196,162,335,193,403,461,284,413,466,447,331,262,166,135,309,165,377,442,252,393,438,413,297,225,138,111,280,138,346,415,220,364,403,371,260,189,113,94,248,117,309,379,188,330,361,325,224,160,100,85,219,104,271,338,161,291,314,280,193,141,92,81,192,96,235,295,142,252,270,242,170,128,86,76,170,90,204,254,128,220,234,212,153,118,81,71,151,84,182,222,117,194,206,189,138,110,75,66,136,78,163,196,108,426,483,471,357,294,193,159,333,190,401,459,281,413,466,444,326,254,159,128,305,159,374,441,246,392,438,408,289,211,125,100,272,128,340,413,209,364,403,364,248,167,100,88,239,107,300,377,172,329,360,313,204,134,94,84,208,97,257,334,144,289,310,257,169,121,90,81,180,93,215,286,126,245,256,208,149,113,85,76,156,88,182,237,115,204,211,182,136,108,80,71,138,82,161,199,108,179,185,164,126,101,75,66,125,77,147,176,101,426,484,470,356,292,192,157,332,189,401,459,280,413,466,442,325,250,156,126,304,156,373,441,244,393,440,405,287,204,121,97,270,124,338,413,204,364,404,361,245,157,97,88,236,104,297,377,166,330,361,310,199,123,94,84,204,97,250,333,139,290,312,252,150,118,90,81,176,93,209,285,119,246,257,193,138,112,85,76,151,88,174,231,112,199,202,164,130,107,80,71,132,82,152,189,105,173,178,151,122,101,75,66,121,77,140,167,99]}