{"c":"73442","n":"宇和島","la":33.22666666666667,"lo":132.55166666666668,"e":2,"t":[6.5,7.1,10.1,15.0,18.9,22.4,26.3,27.0,23.9,18.6,13.6,8.7],"s":[1,0,0,0,0,0,0,0,0,0,0,0],"i":[437,505,513,419,370,275,229,386,258,444,484,355,425,492,509,429,396,303,257,395,284,447,475,376,405,468,494,429,412,323,278,396,302,440,455,388,377,436,469,420,419,337,293,389,314,424,426,392,343,395,433,401,415,342,301,373,318,399,390,386,304,348,390,374,401,339,302,350,315,366,347,372,261,296,338,340,379,328,295,319,305,326,298,349,216,241,282,298,348,309,282,283,287,280,246,318,172,187,223,250,309,283,261,242,263,231,194,281,437,505,513,418,369,273,227,385,257,444,484,354,425,492,509,426,394,300,254,394,281,446,475,374,405,469,495,426,409,320,275,395,299,438,455,385,378,438,470,417,413,333,289,387,310,423,429,388,344,397,434,399,409,337,296,371,313,398,392,382,307,352,393,372,396,333,296,348,309,366,350,367,265,301,344,338,373,322,289,318,298,327,303,344,222,249,289,297,342,303,275,283,280,283,252,314,179,197,233,252,303,277,254,243,256,235,202,277,437,505,512,416,366,270,225,383,254,442,484,350,425,492,508,423,387,293,247,390,275,444,475,368,407,471,495,422,400,310,265,390,289,437,458,377,381,441,470,411,404,319,276,381,297,420,430,378,350,404,438,393,398,321,280,366,298,397,398,371,314,362,399,367,383,316,278,343,293,366,358,355,275,315,354,333,360,302,270,314,281,329,315,332,235,267,304,296,330,282,254,280,262,288,269,303,197,221,254,252,292,256,234,243,238,245,224,267,437,505,509,412,360,264,219,379,249,440,484,345,426,493,505,417,377,282,237,385,265,440,475,359,408,472,492,413,386,294,249,382,275,432,457,364,384,445,470,401,387,299,256,373,279,416,433,363,354,411,440,383,379,298,258,356,277,392,401,354,321,372,404,358,363,290,252,334,270,364,366,337,286,330,362,327,341,275,242,306,256,329,326,314,248,285,318,291,312,256,227,275,238,292,284,287,213,242,273,252,277,231,206,241,215,252,242,254,437,505,508,407,353,257,212,375,242,437,483,339,426,493,501,408,363,268,224,377,252,434,474,346,409,473,488,401,368,274,229,371,257,424,457,348,386,447,466,388,365,274,233,360,257,408,433,342,359,416,438,369,355,270,231,344,252,386,404,331,327,379,404,344,339,260,224,321,242,357,370,315,294,340,367,316,316,245,212,295,229,326,334,292,260,300,326,282,290,225,197,266,211,291,295,266,225,260,283,249,259,204,179,235,190,256,256,237,437,504,505,401,345,248,204,370,234,433,482,332,426,492,497,398,348,252,208,367,237,426,472,332,409,472,480,388,346,250,209,358,237,415,454,328,387,446,459,372,338,247,206,345,231,397,430,319,360,417,430,352,326,239,200,327,224,374,403,305,331,383,400,328,309,227,192,305,213,348,371,288,298,346,363,299,288,213,180,279,199,317,336,266,266,308,327,270,263,195,166,252,183,286,300,243,234,271,289,238,237,176,150,225,164,252,264,217,437,504,501,396,335,238,196,365,225,429,480,323,425,490,490,386,330,234,192,356,221,419,469,317,408,470,472,372,320,227,187,344,215,403,450,306,385,444,448,353,309,217,180,327,206,383,425,293,359,413,419,331,293,206,171,307,195,359,397,277,330,381,388,306,275,193,161,285,183,333,366,258,299,345,354,280,254,180,149,261,169,304,333,238,267,308,318,250,231,163,136,235,154,273,298,215,236,273,283,224,210,147,123,210,139,243,264,194,437,503,498,390,326,229,187,359,218,424,479,315,424,488,483,374,312,216,176,345,206,409,465,301,405,466,459,354,295,202,164,328,193,390,444,284,382,438,433,332,276,189,153,307,180,367,418,266,355,405,401,307,258,175,142,285,167,340,388,247,325,372,369,281,239,161,130,262,153,313,355,227,294,337,336,254,219,147,120,239,141,285,323,206,263,301,303,229,200,134,109,215,127,256,289,188,233,266,269,204,180,120,99,192,114,227,256,168,436,501,495,384,316,221,179,354,210,420,478,307,424,484,475,362,293,199,160,334,191,401,461,285,404,461,447,337,269,178,143,312,172,377,437,261,378,430,415,309,244,160,128,287,155,348,408,238,348,395,380,281,222,144,114,262,140,319,375,216,317,359,344,254,200,131,104,238,127,289,340,195,285,322,310,227,184,118,96,215,114,261,306,176,254,287,278,202,167,108,87,193,104,234,273,159,224,254,248,182,151,97,80,172,95,208,242,143,436,501,492,379,308,213,171,349,202,416,476,300,423,484,467,352,276,184,146,325,177,393,458,271,401,457,434,320,243,157,123,297,152,363,430,240,373,421,397,286,213,134,105,267,131,330,397,211,340,381,356,252,186,117,93,239,115,295,359,186,305,340,315,224,166,105,84,213,104,263,320,165,271,301,279,198,149,96,78,190,95,234,284,148,239,265,248,177,136,88,72,170,88,208,250,134,211,234,220,159,124,81,67,152,81,186,221,121,436,501,488,375,301,206,166,345,197,413,475,294,422,483,462,344,262,171,134,317,166,386,455,259,400,454,425,306,221,138,106,284,135,352,426,222,371,417,381,266,183,111,87,250,112,313,390,187,334,371,332,227,152,95,78,219,97,273,346,158,294,321,284,194,133,87,74,191,90,235,300,138,254,275,244,170,120,82,70,168,84,204,258,124,221,238,214,152,111,78,66,149,79,181,224,113,194,209,191,138,104,73,62,135,74,163,198,105,436,501,487,373,297,202,162,343,194,412,475,291,422,483,459,339,252,163,126,312,158,383,455,250,401,455,420,298,204,123,94,276,123,346,425,209,371,417,373,252,158,93,80,239,99,303,387,168,335,371,319,204,122,87,77,206,90,257,341,138,292,318,258,165,108,84,74,177,85,214,290,119,246,260,206,144,103,80,70,152,81,179,237,109,202,212,179,132,98,76,66,134,77,158,198,102,177,185,162,123,93,72,62,122,72,144,175,96,436,501,486,373,295,200,160,342,192,411,475,290,423,484,457,337,248,159,123,310,155,381,454,248,401,455,418,295,198,118,90,272,118,344,425,204,371,418,370,248,145,90,80,236,96,300,386,161,335,372,315,197,109,87,77,202,89,250,340,131,293,319,254,143,105,84,74,173,85,206,289,111,246,261,190,131,101,80,70,147,81,170,233,104,197,202,159,124,97,76,66,127,77,147,187,99,170,177,147,117,93,72,62,117,72,136,165,94]}