{"c":"74271","n":"安芸","la":33.48833333333334,"lo":133.93333333333334,"e":6,"t":[7.3,8.1,11.2,15.7,19.4,22.5,26.1,27.0,24.5,19.6,14.7,9.7],"s":[0,0,0,0,0,0,0,0,0,0,0,0],"i":[429,483,517,416,375,317,308,408,334,453,476,369,418,470,513,426,401,354,355,424,377,457,467,393,399,449,499,426,418,382,394,430,409,451,449,409,372,419,474,417,424,401,423,426,433,436,421,413,339,381,438,399,421,411,441,413,445,411,386,409,301,337,394,373,408,409,447,391,445,377,344,397,259,288,342,338,385,398,441,360,434,337,296,374,216,236,286,297,353,376,424,323,412,291,246,342,173,185,225,250,313,346,395,279,380,240,194,303,429,483,517,415,373,315,306,407,332,453,476,368,418,471,513,424,397,351,352,422,373,455,467,391,399,449,499,424,412,379,389,426,405,450,449,405,373,420,475,415,417,397,416,423,426,434,422,409,340,383,440,397,413,405,432,409,437,409,388,405,304,340,397,371,398,403,437,388,436,377,347,391,263,292,348,337,375,391,430,358,424,338,301,367,221,243,292,296,343,369,413,321,401,293,252,336,180,194,235,252,303,338,385,279,369,244,202,298,430,483,516,413,368,311,300,404,327,451,476,364,418,471,512,420,389,342,340,417,363,454,467,384,400,451,500,419,401,366,373,421,389,447,450,395,375,423,475,409,404,380,395,415,405,432,425,398,345,389,444,391,397,385,407,401,413,409,393,391,310,348,404,365,381,381,409,379,409,377,354,375,272,305,358,333,357,367,400,350,396,340,312,352,233,260,308,295,326,344,381,315,373,298,267,321,196,215,257,252,287,313,352,275,340,254,223,284,430,483,515,409,362,303,291,400,318,449,476,358,419,471,511,413,377,328,323,409,346,449,467,373,401,451,497,411,384,345,347,409,367,442,450,380,378,426,476,400,384,354,363,403,378,426,426,379,349,394,445,381,375,356,370,388,380,404,396,371,317,358,409,356,358,348,368,366,373,375,361,354,282,317,367,326,334,332,356,338,358,340,322,331,246,275,322,290,304,310,336,305,335,302,281,301,211,235,277,252,268,281,309,268,304,262,241,267,430,482,512,404,354,294,279,394,307,445,475,351,419,471,507,405,362,309,301,399,326,443,466,359,401,451,493,399,364,320,316,396,338,434,449,361,380,428,472,387,359,323,324,386,342,418,426,356,353,398,444,368,347,319,326,370,340,396,398,345,322,363,409,343,330,310,320,348,330,367,365,328,290,327,372,315,306,293,306,321,314,336,330,304,256,289,331,282,279,272,287,290,292,300,292,278,223,250,288,249,247,246,263,257,265,264,254,247,429,482,509,399,345,282,266,388,295,441,474,342,419,470,501,395,345,289,276,386,303,436,463,343,401,451,486,386,341,290,281,379,306,424,447,339,380,428,463,370,331,287,282,366,303,405,424,329,355,399,437,350,317,279,276,348,296,384,397,315,325,367,405,326,298,267,268,326,284,357,366,297,294,331,368,299,275,252,254,300,267,326,331,275,262,296,332,270,250,231,236,272,247,294,297,250,231,260,293,238,223,210,216,242,223,260,261,223,429,480,505,393,336,270,252,381,282,436,472,333,418,469,495,384,327,266,248,373,277,426,461,326,401,449,476,370,315,259,244,360,271,411,442,314,379,424,453,352,300,249,236,343,262,391,419,300,353,396,424,329,283,238,227,323,250,367,391,283,325,365,393,305,263,223,216,300,236,340,361,264,294,331,359,279,242,209,202,275,219,311,328,243,263,295,323,250,218,190,186,249,202,280,294,220,233,262,288,224,195,172,170,223,183,250,261,197,429,480,501,387,326,258,237,373,269,430,470,323,417,466,487,372,308,242,221,358,252,417,457,308,399,445,465,352,289,227,204,340,235,397,436,289,376,419,438,330,267,211,192,318,219,373,411,270,349,389,405,306,248,195,179,296,204,347,381,250,320,357,374,280,227,181,165,271,188,319,350,229,290,323,341,254,204,166,153,248,174,290,318,209,259,289,307,229,186,152,140,223,158,262,285,189,229,256,273,202,165,137,128,200,144,233,252,168,428,479,499,381,316,246,223,367,256,426,469,315,416,463,479,360,290,220,195,344,227,407,453,290,397,441,451,335,263,195,170,319,200,382,430,264,371,412,419,307,236,174,150,293,179,353,401,239,342,379,384,280,211,156,133,267,160,323,368,216,312,344,348,252,190,141,120,242,144,293,335,195,280,309,315,227,171,128,111,218,132,265,301,175,250,276,283,202,153,117,101,196,120,238,269,158,221,244,252,182,138,106,94,176,110,212,239,142,428,479,495,377,308,236,211,360,244,423,467,307,415,462,471,350,274,200,171,332,204,398,450,274,394,437,438,319,238,167,137,300,170,367,423,241,367,404,400,285,204,140,111,269,141,333,390,210,335,366,359,252,177,121,95,239,121,298,353,183,300,327,319,223,156,107,85,213,108,265,315,162,267,290,282,198,139,97,79,190,98,236,280,145,236,256,250,177,125,90,74,170,91,210,248,131,208,225,223,159,113,84,70,153,85,188,219,119,428,479,493,373,302,227,200,356,235,419,467,301,415,461,466,342,260,183,151,321,187,391,447,262,393,434,428,304,217,142,107,284,142,356,419,221,364,399,384,264,177,109,79,248,109,315,383,184,329,356,334,225,145,91,68,215,91,274,340,154,289,310,286,193,125,83,65,187,83,236,295,134,250,267,246,170,112,79,63,165,79,206,254,120,219,231,216,152,104,75,62,148,75,182,222,111,192,202,193,138,97,72,60,134,72,164,196,102,428,479,491,371,298,223,194,352,229,417,466,297,415,461,462,336,252,172,137,315,173,387,446,252,393,434,423,296,202,122,86,273,121,348,417,206,364,399,375,250,154,86,67,234,89,304,379,163,329,356,320,202,118,81,66,200,79,256,335,134,288,306,259,165,104,78,65,172,77,212,284,115,243,252,206,144,99,76,63,148,75,178,234,106,200,206,180,132,95,73,62,132,72,158,196,100,176,182,164,123,91,70,60,121,70,144,174,95,428,479,490,370,297,221,191,351,227,417,466,296,415,462,459,335,249,167,132,312,168,385,445,250,393,434,420,293,196,114,79,269,112,345,416,200,364,399,371,246,142,83,67,229,84,299,378,157,329,356,315,195,106,81,66,197,79,248,333,127,288,307,252,142,103,78,65,168,77,204,283,108,243,252,188,131,99,76,63,143,75,168,227,102,195,198,159,124,95,73,62,125,72,146,184,97,169,174,147,117,91,70,60,114,70,136,163,93]}