{"c":"74361","n":"窪川","la":33.20666666666666,"lo":133.12833333333333,"e":205,"t":[3.9,5.1,8.6,13.5,17.9,21.4,25.3,25.7,22.5,16.7,11.1,5.8],"s":[1,1,0,0,0,0,0,0,0,0,0,0],"i":[397,445,440,362,348,290,281,371,303,421,426,333,387,434,436,369,371,321,321,383,337,424,419,353,369,413,424,367,385,344,354,388,364,418,403,365,346,387,403,359,389,359,377,383,382,404,379,369,316,354,374,342,385,366,391,371,391,380,348,365,282,314,338,319,372,363,395,351,389,350,311,352,244,270,296,290,351,352,389,323,379,313,270,331,204,224,250,256,322,332,373,290,358,271,227,303,167,178,202,217,286,304,347,252,330,225,182,269,397,445,440,361,348,288,280,370,301,421,426,332,387,434,436,367,369,318,318,382,334,423,419,352,369,415,424,366,382,341,349,386,360,417,403,363,346,388,403,357,386,355,371,381,376,403,379,366,317,355,375,341,381,360,384,368,384,380,349,361,284,317,340,318,368,357,387,348,381,350,313,348,247,274,300,289,346,345,380,321,370,313,274,327,210,229,254,254,317,325,363,288,349,272,231,299,172,186,209,218,281,297,337,250,320,227,189,265,397,445,438,360,344,285,275,368,296,420,426,329,387,434,434,364,363,311,308,378,325,421,419,346,371,416,423,362,374,329,335,380,346,415,403,355,348,390,403,352,376,340,353,374,360,400,380,356,321,360,377,335,370,343,362,361,364,378,352,350,289,323,343,313,356,338,362,341,359,349,318,336,254,284,306,285,334,324,353,314,346,315,281,315,220,243,265,252,306,303,335,283,325,276,242,287,185,202,223,218,270,275,309,247,296,236,204,254,397,445,438,357,340,278,267,365,289,417,426,325,387,434,433,359,354,298,293,371,312,417,418,337,371,417,421,355,361,311,313,371,327,409,403,342,350,393,401,344,361,319,325,363,336,395,382,341,324,363,376,327,354,318,330,349,336,373,354,333,295,330,346,306,338,310,326,329,329,346,324,318,263,294,311,279,317,295,315,303,314,314,289,297,229,256,273,249,290,274,296,274,292,279,252,271,197,219,236,217,257,248,271,241,265,242,217,241,397,444,436,353,333,270,256,360,280,413,426,319,387,434,430,353,342,283,275,363,295,412,417,326,372,417,417,346,345,290,286,359,303,403,401,327,351,394,398,334,341,291,292,349,306,387,381,322,327,367,374,317,331,287,292,334,302,366,356,312,298,335,344,295,316,277,285,313,292,339,326,296,269,301,313,270,294,262,272,289,277,310,294,275,238,267,278,242,270,242,254,261,257,277,261,250,206,231,242,213,240,218,231,231,231,243,227,224,397,444,434,349,326,260,245,354,270,411,425,312,387,433,426,345,328,265,252,352,275,405,415,313,371,416,412,336,325,265,256,345,277,393,400,309,351,393,392,321,318,262,256,332,273,377,379,300,328,367,368,303,305,252,250,315,265,355,354,287,301,337,341,282,289,241,241,295,254,330,326,271,271,305,309,257,269,225,227,271,238,301,295,250,242,272,278,231,246,206,211,246,219,271,264,227,213,239,245,204,221,187,192,218,197,240,233,204,397,443,430,345,317,250,233,348,259,405,424,304,386,432,421,336,312,246,229,341,254,397,413,298,370,413,405,323,303,239,224,329,247,383,396,288,350,391,384,307,291,229,217,313,238,363,375,276,326,364,359,287,276,218,208,294,225,340,350,261,300,335,332,265,259,204,196,273,213,315,322,243,271,304,302,242,240,190,183,250,198,288,293,224,243,271,271,217,218,172,168,225,181,259,262,202,215,240,241,194,197,156,153,202,163,231,231,182,396,442,428,340,309,240,221,342,248,401,422,296,385,430,415,327,296,225,206,329,233,389,409,283,369,411,396,310,280,212,192,312,218,370,392,267,348,386,373,291,262,197,179,292,202,348,369,250,323,359,346,269,245,182,166,271,189,323,342,231,296,329,317,246,227,168,153,249,173,297,314,214,268,298,289,224,206,154,142,227,160,270,285,195,239,266,260,200,190,140,128,204,145,243,254,177,212,235,229,178,170,126,118,183,131,216,225,158,396,442,426,336,301,229,209,336,237,398,421,289,385,428,409,318,279,206,184,317,213,380,407,268,367,407,387,297,257,185,162,295,190,357,387,246,344,381,360,274,234,165,143,271,169,331,361,224,317,350,330,250,213,149,128,248,152,303,333,204,289,318,300,225,193,135,114,225,137,275,302,185,260,286,270,202,176,122,106,202,125,248,272,167,231,254,242,182,160,111,96,182,113,222,243,151,204,225,215,163,144,101,89,163,104,198,215,136,396,441,424,332,293,221,199,331,227,395,420,282,384,426,404,311,265,190,164,307,194,373,405,254,365,404,378,285,234,161,134,279,163,345,382,227,340,374,347,257,206,137,110,250,138,313,354,200,311,340,313,229,181,119,95,225,120,281,321,177,280,304,279,204,162,106,86,200,107,250,288,157,249,270,248,182,146,97,79,179,98,223,256,141,221,239,220,163,132,89,74,161,90,199,225,128,195,211,196,146,121,82,70,145,84,177,200,115,396,441,422,329,287,215,190,327,220,392,420,277,384,425,400,304,252,176,147,298,179,367,403,244,364,401,371,274,215,140,109,266,140,335,379,210,338,370,336,242,180,111,83,234,112,298,348,178,307,332,296,210,151,94,73,204,95,261,312,152,271,290,257,181,133,86,70,180,87,225,273,134,236,250,223,161,121,81,67,159,82,197,237,121,206,219,196,144,112,77,64,143,78,175,206,111,181,192,175,130,103,73,62,129,74,157,183,102,396,441,420,327,283,211,185,325,215,390,419,274,384,425,398,300,243,167,135,292,168,363,401,237,364,401,367,268,200,124,91,257,124,329,378,197,338,370,330,231,158,91,73,222,95,288,346,160,306,331,287,193,125,85,71,193,85,246,308,135,270,288,239,161,111,82,69,168,82,206,265,118,229,239,196,142,105,79,67,146,79,174,222,109,192,198,172,130,100,76,64,130,76,154,187,102,168,175,155,120,95,72,62,119,72,141,166,95,396,441,420,327,282,209,182,324,213,390,419,273,384,426,397,299,240,163,131,290,164,362,401,234,364,401,365,266,194,117,85,252,117,326,377,193,338,371,327,229,147,88,73,219,91,285,346,154,307,332,284,188,112,85,71,190,85,239,308,129,270,288,235,145,109,82,69,164,82,199,265,112,229,240,184,133,104,79,67,142,79,166,218,105,187,191,158,124,99,76,64,125,76,145,179,100,163,168,145,115,94,72,62,114,72,134,158,94]}