{"c":"74372","n":"室戸岬","la":33.251666666666665,"lo":134.17666666666668,"e":185,"t":[7.5,7.9,10.6,15.1,18.5,21.3,24.8,26.0,23.8,19.4,14.9,10.1],"s":[0,0,0,0,0,0,0,0,0,0,0,0],"i":[430,484,527,424,375,316,302,411,329,461,480,372,418,472,522,434,401,353,348,425,369,465,471,396,399,450,508,434,418,381,385,430,401,459,451,411,372,420,480,425,424,400,413,426,422,443,424,416,338,381,445,407,421,408,429,413,433,418,388,412,301,337,399,379,407,407,434,390,433,384,346,398,259,288,347,344,384,395,429,359,422,342,298,374,215,235,288,302,352,373,411,321,400,294,246,342,172,184,225,254,312,343,384,277,368,243,194,303,430,484,527,423,373,315,301,409,327,459,480,370,419,472,523,432,398,350,345,424,366,463,471,393,399,450,508,432,412,377,380,428,396,457,451,407,373,421,483,423,417,395,405,424,416,442,426,412,340,383,447,404,413,403,421,409,426,417,390,407,303,340,403,377,398,400,426,387,425,383,349,392,262,292,352,343,374,388,419,356,413,342,302,368,220,243,295,301,342,366,401,319,390,296,252,337,179,194,238,256,302,335,373,277,358,247,202,298,430,484,526,421,369,311,295,407,322,459,480,367,419,473,522,428,389,342,334,419,356,461,471,386,401,453,509,426,401,365,365,422,381,454,454,398,376,424,484,417,404,379,386,416,397,438,428,400,345,390,451,398,397,383,397,401,404,413,396,393,310,349,409,372,381,379,399,379,400,382,356,377,272,305,364,339,357,365,390,349,386,343,314,353,233,260,312,300,325,341,371,313,363,301,268,322,195,215,261,257,287,310,342,273,331,254,223,285,430,484,524,417,363,303,286,403,313,455,480,361,420,473,520,422,378,327,317,411,340,455,471,376,401,454,505,418,385,344,340,411,359,448,454,382,379,428,484,407,384,353,356,403,370,432,430,381,350,395,453,388,375,354,362,388,372,408,399,373,318,359,417,363,358,347,359,366,365,378,364,356,282,318,373,332,334,331,347,337,349,342,324,332,246,276,328,296,304,308,327,304,326,303,283,302,211,235,281,258,268,279,300,267,296,262,242,268,430,484,522,412,355,294,275,397,303,451,479,354,420,473,517,413,363,309,296,401,321,449,470,362,403,454,501,407,365,319,311,397,332,438,453,364,381,430,480,394,360,322,317,387,336,422,430,359,354,400,451,375,348,318,319,370,334,399,401,347,323,365,417,350,330,309,313,348,323,370,368,330,290,328,379,321,306,292,299,321,307,338,333,306,257,290,337,288,279,270,280,290,285,301,294,279,223,250,294,252,247,245,256,257,258,264,256,248,430,484,519,407,346,283,262,390,291,448,478,345,420,472,511,403,346,289,272,388,298,441,468,346,403,454,496,393,342,290,276,380,301,428,451,342,381,429,473,377,331,287,277,367,298,409,428,332,356,401,446,357,317,279,271,349,290,386,401,318,326,368,413,333,298,267,263,326,279,358,369,299,295,332,375,305,276,250,249,300,262,326,334,277,263,297,338,275,250,229,231,272,242,294,300,252,231,261,299,242,223,209,211,242,219,259,264,225,430,483,516,401,337,270,248,383,279,443,476,336,419,471,504,391,328,266,245,375,274,432,465,329,401,451,486,377,316,259,241,362,267,415,446,317,380,426,462,358,301,249,233,344,258,394,423,303,354,398,433,335,283,238,224,324,246,369,395,286,326,366,401,311,264,223,212,301,231,341,364,266,295,332,367,284,242,208,199,276,216,311,331,245,264,297,329,256,219,190,182,249,198,279,297,222,234,263,294,227,196,172,167,223,179,249,264,199,430,483,512,394,327,258,235,376,265,438,475,326,418,469,496,379,310,243,219,361,249,422,461,310,400,447,474,359,290,227,202,342,233,400,441,292,377,421,446,336,269,212,190,320,217,375,415,272,350,391,413,311,248,196,177,297,202,348,385,252,321,359,382,285,227,182,163,273,186,319,354,231,291,325,348,259,206,166,152,248,172,289,321,211,259,290,313,234,187,152,138,224,156,260,288,191,229,257,279,206,165,137,127,200,142,231,254,170,430,482,508,388,318,247,221,369,252,433,473,318,417,467,488,367,291,221,194,347,225,412,457,293,398,443,459,341,264,196,169,322,200,385,434,267,373,413,426,313,237,175,149,295,178,355,405,242,344,381,391,285,212,157,133,268,160,324,372,218,313,346,356,257,191,142,120,243,144,293,338,197,281,311,321,231,172,128,111,219,131,263,304,177,250,277,288,206,154,118,101,197,119,236,272,160,221,245,257,185,139,106,93,176,110,209,241,143,430,480,505,383,310,237,209,363,242,429,472,310,417,465,480,356,275,200,171,335,204,403,454,277,396,438,447,324,240,168,137,303,170,371,428,244,368,405,408,290,206,141,112,271,142,335,394,212,336,368,366,256,179,122,96,241,122,298,357,186,301,329,325,227,157,108,85,214,108,264,318,164,268,292,287,200,140,98,80,190,99,234,282,146,237,258,254,180,125,91,74,170,92,208,250,132,209,227,227,161,114,84,71,153,86,185,221,120,430,480,501,380,303,229,200,359,233,426,471,304,416,463,475,348,261,184,151,325,186,396,451,264,395,437,437,309,218,143,109,287,143,359,423,223,366,401,391,268,178,111,81,250,110,317,386,186,331,359,340,229,146,92,70,217,92,274,343,156,291,312,291,195,126,84,67,188,84,235,298,135,252,268,250,171,113,79,65,165,80,204,257,121,219,233,220,153,105,76,63,148,76,180,224,111,193,204,196,139,98,73,61,134,73,161,198,103,430,480,501,377,299,224,193,356,227,424,471,300,416,463,472,342,252,173,137,318,174,392,451,256,395,437,432,300,204,124,88,276,123,352,421,209,366,401,383,254,155,87,69,236,91,306,383,165,330,358,327,206,119,81,68,202,81,257,338,135,289,308,264,166,105,79,66,173,78,212,287,117,244,252,210,145,100,77,64,149,76,177,236,107,200,208,183,133,95,74,63,132,73,156,197,101,176,182,165,124,92,71,61,121,71,142,175,95,430,480,501,376,299,222,191,355,225,423,471,299,416,463,472,340,250,169,133,316,169,391,451,252,395,437,432,298,198,115,81,273,114,350,421,204,366,401,383,250,144,83,69,233,86,302,383,159,330,358,326,197,106,81,68,199,80,250,338,128,289,309,264,143,103,79,66,169,78,204,287,108,244,254,197,131,99,77,64,144,76,167,231,102,196,199,166,124,95,74,63,126,73,145,187,98,169,174,154,117,92,71,61,115,71,135,166,93]}