{"c":"74381","n":"江川崎","la":33.17166666666667,"lo":132.79166666666666,"e":60,"t":[4.6,5.6,8.9,14.1,18.3,22.0,25.9,26.3,23.1,17.3,11.8,6.6],"s":[2,1,0,0,0,0,0,0,0,0,0,0],"i":[400,455,448,369,334,254,236,357,265,411,434,319,390,443,444,375,354,277,264,367,292,413,426,335,372,423,432,374,366,294,287,368,312,407,409,345,348,395,409,365,370,305,303,362,324,392,384,347,318,360,380,349,365,308,311,348,329,369,353,341,284,319,344,326,352,305,312,327,326,339,316,328,246,274,301,296,332,294,306,300,316,303,274,307,206,227,254,261,304,277,292,267,298,262,229,280,167,179,204,221,270,252,271,231,273,218,184,248,400,455,448,368,333,252,234,357,264,411,434,318,390,443,444,374,352,275,262,365,289,412,426,334,372,424,432,373,363,292,283,366,308,405,409,342,349,396,411,364,366,301,298,360,320,391,385,344,319,362,382,347,361,304,306,346,324,369,354,338,286,322,346,324,348,300,306,325,320,339,318,324,248,278,305,294,327,289,299,298,309,304,277,303,210,233,259,260,299,271,284,266,291,264,234,277,173,188,212,221,265,247,263,231,266,221,191,245,400,455,447,366,330,250,231,355,261,409,434,315,390,443,443,371,346,269,254,362,283,409,426,329,374,425,430,369,356,283,273,362,298,403,409,336,350,399,409,359,357,290,285,354,307,388,387,335,323,367,384,342,351,291,290,340,309,367,358,328,291,329,349,319,337,285,288,319,303,339,323,313,256,289,311,290,316,272,279,294,291,305,285,293,221,247,269,258,288,254,264,263,272,268,246,267,186,206,227,221,254,229,242,229,247,227,206,236,400,455,446,363,325,245,225,352,254,407,434,311,390,444,441,366,338,260,243,356,272,407,425,321,374,426,429,361,344,269,257,354,283,399,409,325,353,401,409,351,343,273,265,346,288,384,388,322,326,371,383,334,335,271,266,331,286,362,360,313,297,337,352,311,320,263,261,310,279,336,329,298,264,300,316,284,299,249,250,285,265,304,293,277,231,261,278,254,273,231,235,256,246,270,256,252,198,223,240,221,243,208,215,225,223,234,220,224,400,454,444,360,320,238,217,348,248,404,433,306,390,444,438,359,327,247,229,349,259,401,424,311,375,426,425,352,329,252,237,344,264,392,409,311,354,403,405,340,325,250,240,334,265,377,388,305,329,375,381,323,315,246,238,318,260,356,362,295,300,342,351,300,299,237,231,298,250,330,331,279,271,308,319,275,278,222,219,274,236,301,299,259,240,272,283,246,254,204,204,247,218,269,265,235,209,236,247,217,227,185,185,218,196,236,231,209,400,454,442,355,313,231,209,343,240,401,432,300,390,443,434,351,314,234,214,340,243,395,422,299,374,425,420,342,311,231,215,332,243,384,407,295,354,401,400,327,303,227,213,319,238,367,385,286,330,375,375,309,291,219,206,302,231,346,360,273,303,345,347,287,275,209,198,282,220,321,332,257,273,311,315,262,254,195,186,259,204,292,300,237,244,278,283,236,233,178,171,234,188,263,268,215,215,244,250,208,209,160,155,208,169,233,236,192,400,453,438,351,305,223,200,338,231,397,430,293,390,441,429,342,300,218,197,330,227,388,420,287,373,423,412,329,290,212,192,318,220,373,403,277,353,400,391,312,279,202,184,303,211,354,381,264,329,372,365,292,264,192,175,284,200,332,356,249,302,343,338,270,247,179,165,264,188,307,327,231,274,311,308,247,227,166,153,241,174,281,297,214,244,277,276,221,206,150,140,217,159,252,266,193,216,246,245,197,187,136,127,194,143,225,236,173,400,451,436,346,297,215,191,333,223,393,429,286,389,438,423,332,285,202,180,320,210,380,417,273,372,420,404,315,269,191,168,304,197,362,398,258,350,395,379,296,252,178,156,285,184,340,375,242,325,366,352,274,235,164,145,265,171,316,348,224,298,336,323,250,218,151,134,243,157,290,319,206,270,304,294,227,198,139,123,221,144,264,289,188,241,272,264,204,181,125,111,199,130,237,259,170,213,240,234,181,162,112,101,178,118,211,229,152,399,451,434,341,290,206,183,328,214,390,428,279,388,437,417,323,270,188,164,310,194,372,413,261,370,416,394,302,248,170,146,290,175,350,393,240,347,389,366,278,227,153,130,267,157,324,367,219,320,358,336,252,206,138,117,244,142,297,338,199,291,325,304,229,187,126,106,221,129,269,307,181,262,292,275,206,170,113,97,200,117,243,276,163,233,260,246,184,154,103,88,179,106,218,246,147,206,229,219,165,139,93,81,161,97,194,218,132,399,451,430,337,283,200,175,323,206,386,426,274,387,436,411,315,256,175,149,301,180,365,412,249,368,412,385,289,227,151,125,276,154,338,388,223,343,382,353,261,200,131,106,250,133,308,359,198,313,347,318,231,178,114,94,224,117,277,326,175,282,310,283,206,159,104,85,200,105,247,292,156,250,275,250,184,143,95,79,179,96,220,259,141,222,243,223,164,130,87,73,160,89,196,229,127,196,214,198,147,119,80,68,144,82,175,202,114,399,451,429,335,278,195,169,320,200,384,426,269,387,434,408,309,245,164,137,294,168,360,409,239,367,409,377,278,210,135,107,265,137,329,385,208,341,378,341,245,177,111,87,234,112,294,353,178,309,339,300,212,150,97,78,206,98,258,316,153,273,296,260,183,132,89,74,181,90,224,276,135,238,254,225,162,120,83,70,160,84,196,239,122,206,222,199,145,111,78,67,143,79,173,209,112,182,195,177,131,103,73,63,129,75,156,185,102,399,451,428,333,274,192,165,318,198,382,426,266,387,434,405,305,237,157,128,290,160,356,409,233,367,411,374,272,197,123,94,257,124,323,384,197,341,378,335,234,157,96,80,225,99,285,351,163,309,338,291,195,126,90,77,196,90,244,313,137,272,292,242,162,112,86,74,170,86,204,269,120,231,242,198,143,107,82,70,148,82,174,224,111,192,200,173,130,101,77,67,131,78,154,189,103,169,176,156,121,95,72,63,119,73,140,167,96,399,451,426,332,273,191,164,317,196,382,426,265,387,436,404,304,234,154,125,288,157,355,409,231,367,411,372,270,192,118,90,254,119,321,383,193,341,379,333,231,148,93,80,222,96,282,351,158,309,339,288,189,115,90,77,193,90,238,312,132,272,293,238,145,111,86,74,167,86,199,268,113,231,244,186,133,106,82,70,144,82,166,220,107,188,193,159,125,100,77,67,126,78,145,180,101,163,169,146,117,94,72,63,114,73,134,159,94]}