{"c":"81231","n":"広瀬","la":34.26166666666666,"lo":131.95166666666665,"e":97,"t":[2.4,3.3,6.8,12.3,17.1,21.0,24.9,25.6,21.7,15.4,9.6,4.5],"s":[2,2,0,0,0,0,0,0,0,0,0,1],"i":[440,434,445,377,345,247,210,358,240,429,440,323,429,425,442,385,367,270,233,366,262,430,432,341,409,407,430,384,381,287,250,367,278,424,416,351,383,382,409,376,385,298,264,360,288,409,392,353,350,351,382,360,382,301,270,346,291,385,361,348,312,313,346,336,369,298,270,325,288,354,324,335,270,272,305,306,348,288,264,298,278,317,282,314,225,227,259,271,320,271,250,265,262,274,238,287,181,184,211,231,285,249,233,229,240,227,192,254,440,434,445,377,344,246,209,357,239,428,440,322,429,425,442,383,365,268,231,365,260,430,432,339,409,407,430,383,377,284,248,365,275,423,416,348,384,383,411,374,381,294,260,359,284,408,392,350,351,351,382,358,377,297,265,344,286,385,362,344,314,315,348,334,364,293,265,323,282,354,326,331,273,275,308,304,343,283,258,296,272,317,285,310,229,233,263,270,315,266,245,264,256,276,242,283,188,191,217,231,279,243,227,229,234,231,199,250,440,434,444,375,341,243,206,356,236,426,440,320,429,425,441,380,359,262,225,362,254,428,432,334,411,408,429,378,369,276,240,361,266,421,416,341,386,384,409,368,372,283,249,353,273,405,393,341,356,355,383,352,365,284,252,339,273,383,365,334,320,320,350,329,352,278,250,318,268,353,330,320,282,283,313,300,331,266,242,292,257,319,292,299,242,244,271,267,302,249,227,261,240,280,252,273,202,204,229,229,268,225,210,227,218,239,213,241,440,434,443,371,336,238,200,353,231,425,438,315,429,425,438,375,350,252,216,356,245,424,430,326,412,408,426,370,356,262,225,354,254,416,415,330,388,386,408,360,356,266,231,345,257,401,394,328,359,358,382,343,349,264,231,329,254,378,366,319,327,325,352,320,333,257,227,309,248,351,335,303,291,291,316,293,313,243,218,284,235,317,299,283,254,254,279,261,286,225,204,254,218,282,262,258,218,218,240,227,254,204,186,224,197,244,225,229,440,433,441,368,330,231,195,349,225,421,438,310,429,424,434,367,338,241,204,350,234,419,429,315,412,407,422,361,341,246,210,344,238,409,413,316,390,386,403,348,336,245,211,333,238,393,393,310,362,359,379,331,327,240,209,317,233,371,367,299,331,329,349,308,311,231,202,297,223,344,336,284,298,296,317,283,290,217,191,273,210,314,304,263,263,262,282,252,265,200,178,246,194,280,269,240,229,227,246,223,236,180,161,217,175,246,234,213,438,433,438,363,323,225,188,344,219,418,437,304,429,422,430,359,324,227,191,341,221,412,426,304,412,405,417,349,321,225,192,333,220,400,411,299,389,384,396,335,313,222,189,319,215,382,390,290,363,358,372,316,300,214,183,302,208,360,365,277,333,330,344,294,284,204,175,282,197,334,336,261,301,298,313,268,264,190,164,258,184,305,304,241,268,266,281,242,241,174,151,233,169,274,271,219,236,234,248,214,216,156,136,206,151,243,239,195,438,432,434,359,314,217,181,340,212,413,434,297,428,421,425,349,309,213,178,332,208,404,424,290,409,403,409,336,299,206,172,319,200,389,407,281,387,381,387,319,287,197,166,304,193,369,385,268,361,355,362,299,272,187,157,285,182,346,359,252,332,327,334,276,254,175,148,264,171,320,331,235,300,296,305,252,236,162,137,242,158,292,300,217,268,265,273,225,214,147,125,218,144,263,269,196,238,234,242,202,193,133,112,194,129,234,238,176,438,430,433,354,306,210,174,335,204,409,434,290,426,419,419,340,293,198,164,322,194,396,421,277,407,400,400,322,277,186,153,306,182,377,401,262,384,376,376,301,260,174,143,287,170,354,378,245,356,349,348,279,242,161,133,266,158,328,351,227,326,320,319,256,224,148,123,244,146,302,322,209,295,290,290,231,204,136,112,223,133,274,292,191,264,259,261,209,186,123,102,200,121,247,261,173,233,229,231,185,167,111,93,179,109,219,231,154,438,430,430,349,298,202,167,330,198,405,433,283,425,416,413,330,277,184,150,313,181,388,418,264,405,396,390,308,254,166,135,292,164,364,397,243,379,370,362,283,231,150,122,269,149,337,370,222,349,341,332,258,211,135,111,246,135,309,340,202,317,310,301,234,192,123,101,224,123,280,309,183,286,279,271,211,174,112,93,202,112,252,278,166,254,248,243,188,158,102,84,182,102,225,249,149,225,220,216,168,143,92,77,162,93,202,220,134,438,429,428,345,291,196,161,326,192,401,432,277,424,415,407,322,263,171,139,304,169,380,415,252,401,392,381,295,233,148,118,279,147,352,392,225,374,364,348,265,204,129,103,252,129,320,362,200,341,331,314,236,181,113,93,227,114,288,329,177,306,297,280,210,162,103,85,202,105,256,294,158,272,264,249,187,146,94,78,182,96,229,262,143,241,234,221,168,133,86,73,163,88,204,231,129,212,206,196,151,121,80,67,146,81,182,204,117,438,429,426,342,285,191,156,323,187,400,430,273,424,413,403,315,250,161,129,297,159,374,413,242,401,390,373,284,214,133,105,269,133,342,388,210,371,360,337,249,180,110,89,239,112,306,356,180,335,324,297,216,153,97,81,210,101,267,318,155,294,284,257,187,135,90,77,185,93,231,279,137,254,247,224,166,123,84,73,164,87,202,242,124,223,215,198,149,113,79,68,147,82,180,212,113,196,190,176,135,105,74,64,133,76,162,187,105,438,429,424,340,281,188,153,321,184,398,430,269,423,413,401,311,242,154,122,293,153,371,413,236,401,390,370,277,200,121,94,261,123,337,387,199,371,360,331,238,159,96,84,229,103,297,354,164,335,323,287,198,128,92,81,200,95,254,315,139,293,281,239,166,115,88,77,174,91,213,271,123,247,235,198,147,110,83,73,151,86,180,225,112,204,198,174,135,104,78,68,135,81,160,193,106,181,175,158,125,98,73,64,123,75,146,171,99,438,429,424,339,280,186,151,320,183,398,430,269,424,413,400,310,239,151,119,292,150,370,412,233,401,391,368,275,194,115,91,259,119,335,387,195,371,360,329,235,148,95,84,227,100,294,354,160,335,323,285,192,119,92,81,198,95,248,314,134,293,281,236,148,114,88,77,171,91,206,270,117,247,235,184,138,109,83,73,148,86,173,222,110,200,191,162,129,103,78,68,130,81,151,184,104,175,169,148,121,97,73,64,119,75,139,164,97]}