{"c":"81266","n":"豊田","la":34.18666666666667,"lo":131.07666666666665,"e":40,"t":[3.3,4.0,7.1,12.2,16.9,20.9,24.8,25.5,21.6,15.6,10.1,5.3],"s":[0,0,0,0,0,0,0,0,0,0,0,0],"i":[438,445,472,386,364,258,206,362,231,429,451,336,426,434,468,394,388,283,229,370,250,430,443,355,408,416,455,393,403,301,246,370,265,424,426,366,381,390,434,385,409,313,257,363,273,408,401,369,349,358,404,368,405,317,263,348,276,385,370,364,310,319,365,344,393,314,263,327,272,353,332,350,269,276,320,313,371,304,256,299,263,316,288,329,224,231,271,277,341,286,244,266,247,273,242,301,181,186,218,235,304,262,225,229,225,227,195,267,438,445,471,385,362,257,204,361,229,428,451,335,426,434,468,392,385,281,225,369,249,430,443,353,408,417,455,391,400,298,243,369,262,423,426,363,382,392,434,383,404,309,252,361,270,408,403,365,350,359,404,366,400,312,258,346,271,384,371,359,313,322,367,342,387,308,257,325,267,353,334,346,272,279,324,311,365,298,250,297,257,317,292,325,229,236,275,275,335,280,238,265,241,275,247,297,188,193,225,235,297,256,220,229,220,229,202,263,438,445,470,383,359,254,202,359,227,426,451,332,426,434,467,388,379,274,221,365,243,428,443,347,409,418,455,387,391,288,234,364,254,421,426,355,384,393,434,377,394,296,242,356,260,405,404,356,354,363,405,360,388,298,245,341,260,383,374,348,319,327,370,336,373,292,243,320,254,353,338,334,281,288,330,306,351,280,235,293,243,318,300,312,241,248,285,273,321,262,221,262,225,279,258,285,202,208,240,234,285,238,202,227,204,238,217,252,438,445,468,379,354,248,198,356,223,425,450,327,426,434,465,383,369,264,212,360,235,424,442,339,409,417,451,378,377,274,221,357,243,416,426,343,387,395,432,368,377,279,225,348,245,400,404,341,357,366,404,350,369,277,227,332,242,377,376,332,325,333,372,327,353,269,221,311,235,350,343,317,290,297,334,299,332,254,212,285,223,317,307,295,252,259,294,267,303,237,198,256,206,281,268,269,216,222,252,231,270,214,181,225,186,244,229,239,438,444,466,376,347,242,192,352,217,422,449,321,426,434,461,375,356,250,200,353,225,419,441,327,409,417,447,369,359,256,206,347,227,409,425,328,388,394,426,356,355,256,206,336,227,392,403,322,361,368,401,338,345,250,204,320,222,371,377,312,329,336,370,315,329,242,197,299,212,343,345,295,296,302,336,289,307,227,186,275,200,313,311,274,262,268,299,258,281,210,173,247,183,280,276,250,227,233,260,227,250,189,156,218,165,245,240,222,438,443,463,371,338,234,185,348,211,418,448,314,426,433,455,366,341,237,188,344,213,412,438,315,409,416,441,357,338,236,188,336,212,400,422,310,387,393,420,342,330,231,185,322,206,382,400,301,361,367,394,322,317,223,179,305,199,360,374,287,331,337,365,300,300,212,171,284,188,334,344,271,299,305,331,274,279,198,159,260,175,304,312,250,267,271,297,247,254,181,147,235,160,274,278,227,235,239,262,218,227,163,132,209,144,242,245,202,437,442,459,366,330,225,178,343,204,413,447,307,426,430,449,356,324,221,175,335,200,404,434,300,408,413,432,343,314,214,169,323,194,389,418,290,385,390,409,325,301,204,163,307,186,369,395,277,359,363,383,305,286,194,154,288,175,346,368,262,330,334,353,281,267,182,145,267,164,320,339,243,299,303,322,257,248,168,134,244,151,292,308,224,267,271,289,231,225,152,122,219,138,262,275,202,236,239,256,204,202,138,110,195,123,233,244,182,437,442,457,361,320,217,171,338,198,409,445,300,424,429,443,346,306,204,161,325,188,396,432,286,405,409,422,328,290,192,151,309,176,377,412,270,381,385,396,307,271,179,140,290,164,354,388,252,354,357,368,284,252,166,131,269,152,328,360,234,325,327,337,260,234,152,121,247,140,302,329,215,294,296,306,235,214,140,111,224,128,274,299,196,263,265,275,212,195,126,100,202,115,246,268,178,231,234,244,189,175,113,91,180,105,219,237,159,436,441,454,356,312,209,164,334,192,405,444,292,423,426,436,336,289,190,149,316,175,388,428,272,403,405,411,313,265,171,134,295,159,365,405,250,377,378,381,288,241,154,121,272,145,338,379,227,347,348,349,262,219,139,110,249,131,309,348,206,316,316,317,237,199,126,100,225,119,280,316,187,284,284,285,214,180,114,91,204,109,252,284,170,252,254,254,191,164,104,83,183,99,225,254,153,224,224,227,170,147,94,76,163,89,202,225,137,436,440,451,351,304,202,159,329,186,403,442,286,422,425,430,328,273,176,137,308,165,381,425,259,400,401,400,300,241,152,118,282,144,353,401,231,372,372,366,269,211,131,103,254,127,321,370,204,339,338,329,240,186,115,92,229,112,288,335,180,304,303,293,213,166,104,84,204,103,257,300,161,271,269,260,189,150,95,77,183,94,227,266,145,239,238,231,170,136,87,72,164,86,204,236,131,211,210,204,152,124,81,66,147,79,181,209,119,436,440,450,348,298,197,154,326,182,400,442,281,421,424,425,321,260,165,128,301,156,375,424,249,399,400,393,288,221,135,104,271,131,343,397,215,369,368,353,252,184,111,89,241,112,306,363,183,334,330,309,218,155,97,81,212,100,268,324,157,293,289,267,189,136,90,77,187,92,231,283,138,254,250,231,167,124,84,72,165,86,202,245,125,222,218,204,150,114,80,68,148,80,180,215,114,195,193,182,136,106,74,63,133,74,162,190,106,436,440,448,346,294,193,151,324,179,399,441,278,422,424,423,316,250,158,121,296,150,372,423,242,399,400,388,281,204,122,95,264,121,338,396,202,370,368,347,241,161,96,84,231,103,298,361,166,333,329,299,200,128,92,81,202,94,254,321,140,292,286,246,166,114,88,77,175,90,213,275,123,246,238,202,147,109,83,72,152,85,181,229,112,204,200,177,135,104,79,68,135,79,160,194,106,180,176,160,125,98,74,63,123,74,146,172,99,436,440,448,346,292,192,150,324,178,398,441,277,422,424,421,315,247,155,119,295,147,371,422,239,400,400,387,279,199,117,91,262,118,336,396,199,370,369,344,238,149,95,84,229,100,295,361,161,334,330,296,193,118,92,81,199,94,249,320,134,292,287,243,148,112,88,77,172,90,208,274,115,247,239,187,138,108,83,72,148,85,173,224,110,199,193,163,129,103,79,68,130,79,151,185,104,174,171,150,121,98,74,63,119,74,139,165,97]}