{"c":"81386","n":"下松","la":34.02166666666667,"lo":131.87333333333333,"e":52,"t":[4.5,5.1,8.2,13.4,17.8,21.5,25.4,26.5,23.0,17.4,12.0,6.9],"s":[0,0,0,0,0,0,0,0,0,0,0,0],"i":[461,486,518,423,380,297,262,401,287,461,488,367,448,474,515,433,408,331,299,413,319,465,479,391,426,451,501,434,426,358,329,417,345,458,459,405,398,422,476,426,434,375,351,412,362,442,432,412,362,385,441,408,432,383,364,397,370,416,396,408,320,340,397,381,420,382,368,374,369,382,352,394,274,291,346,346,397,371,362,344,359,341,304,372,225,239,289,305,365,351,347,306,340,293,252,340,179,188,229,257,325,323,324,264,313,242,199,302,461,486,518,422,378,296,260,400,285,461,488,365,449,474,515,432,405,329,296,412,316,463,479,388,428,453,501,432,422,354,324,415,340,457,461,403,399,424,476,424,430,370,345,409,356,441,433,408,363,386,442,405,426,377,356,395,362,416,397,403,323,344,400,379,413,375,359,372,361,382,356,389,279,295,350,344,390,363,353,341,350,342,308,366,233,246,295,304,359,343,338,305,330,295,258,335,187,197,238,258,318,315,314,263,303,246,208,297,461,486,517,419,374,292,256,397,280,459,488,362,449,474,514,426,398,320,287,407,307,461,479,382,429,455,501,426,413,341,311,409,327,454,462,394,401,426,476,417,418,354,327,401,339,438,434,396,369,392,446,399,413,358,336,388,344,413,403,390,331,352,405,373,399,353,336,365,339,382,363,375,290,308,360,339,376,340,327,336,327,344,319,352,247,262,310,301,345,319,311,301,307,301,273,322,206,218,259,258,306,290,287,262,280,256,227,285,461,486,515,415,369,285,248,393,274,455,487,356,450,475,511,421,387,306,272,400,295,457,478,371,430,455,497,417,397,322,290,399,309,449,461,379,405,430,476,407,400,330,302,392,317,433,437,379,374,397,446,388,393,331,306,375,317,409,405,371,340,360,409,363,377,323,302,354,310,380,370,354,301,320,368,332,355,308,291,325,296,344,330,332,262,278,323,296,326,287,275,293,276,305,287,303,223,237,277,257,290,260,252,257,250,264,246,269,461,484,512,411,361,275,239,388,265,453,486,349,450,474,507,412,372,290,254,391,279,451,476,358,430,455,493,405,378,298,265,387,286,441,459,361,408,430,471,392,375,300,271,376,289,424,436,356,379,401,443,374,367,297,271,360,285,401,408,346,345,366,409,348,351,288,264,338,276,372,373,329,310,329,371,320,328,271,250,311,261,340,337,306,274,291,330,286,302,252,236,281,242,304,298,280,238,252,287,252,269,227,214,248,219,266,259,250,461,484,509,405,352,265,227,382,256,449,484,340,449,473,501,400,356,271,235,380,260,443,474,342,430,454,486,391,354,271,238,372,261,430,457,339,408,429,463,375,347,268,237,358,257,412,433,330,380,401,434,355,335,260,231,340,250,389,405,316,349,369,404,331,319,249,223,318,239,362,374,299,315,333,367,302,297,233,210,292,224,330,338,277,281,296,330,273,273,214,195,265,206,297,302,252,247,261,291,241,245,194,177,236,186,263,266,227,461,484,505,399,342,254,217,376,245,444,483,331,448,471,494,388,337,250,213,367,240,434,471,325,430,451,475,374,327,243,208,354,234,418,451,315,405,426,451,355,315,233,202,338,225,397,428,301,378,397,422,333,300,222,192,317,213,372,399,285,348,365,390,308,281,208,182,295,200,345,368,266,315,331,357,282,262,194,170,270,186,315,334,246,281,296,321,252,238,176,156,244,171,284,299,223,249,262,285,225,216,160,142,218,154,252,265,200,459,483,501,392,331,243,206,369,235,438,480,322,447,468,486,376,317,227,192,355,221,424,467,307,426,447,463,356,300,213,179,336,206,403,446,289,401,420,434,333,281,199,166,315,192,379,419,271,373,389,404,308,262,184,155,292,178,351,389,250,342,357,370,282,243,169,143,269,164,323,356,231,310,323,337,256,223,156,132,245,151,294,323,212,277,289,304,231,204,141,120,221,137,265,290,192,244,254,270,204,184,128,110,197,124,236,257,172,459,482,498,386,321,233,195,363,225,434,480,313,446,466,476,363,297,208,172,342,202,413,463,289,424,442,449,337,271,185,151,318,180,388,438,264,397,412,416,309,246,165,134,292,161,359,408,240,365,379,381,281,223,148,120,266,145,328,375,217,332,344,345,254,202,134,109,241,131,297,340,197,298,309,310,227,185,122,100,218,119,268,306,178,266,275,279,202,168,111,91,196,108,240,273,161,235,243,249,182,152,101,84,175,99,214,242,145,459,480,495,381,312,223,185,358,216,430,478,305,445,463,470,353,278,190,153,331,184,405,459,274,421,438,436,320,244,159,125,300,155,374,432,241,391,404,397,286,212,134,105,270,132,338,397,211,355,366,355,252,185,115,92,240,114,302,359,184,318,326,315,222,164,104,83,214,103,269,320,163,282,289,279,197,148,94,76,191,94,239,283,147,249,254,248,176,135,87,71,171,87,213,250,133,220,225,220,159,124,81,67,153,81,190,221,121,459,480,492,377,305,216,178,353,209,426,478,299,444,463,463,344,263,174,138,321,170,398,457,261,420,434,426,306,220,137,103,286,134,362,426,221,388,399,381,264,180,107,81,250,107,320,389,184,349,355,330,225,149,90,72,217,93,278,345,155,305,308,282,192,129,83,69,189,85,239,298,135,263,265,243,168,118,78,66,167,80,208,257,121,227,229,213,151,110,75,63,149,76,184,224,112,200,202,190,137,102,71,60,134,72,165,197,103,459,480,490,375,300,211,173,350,204,425,476,295,445,463,461,339,252,164,127,315,160,394,455,252,420,434,421,297,202,119,87,276,118,355,425,206,388,399,372,249,153,86,73,238,93,309,386,163,349,355,316,200,117,82,71,204,84,261,340,133,303,304,254,163,104,79,69,175,81,215,288,115,252,249,204,143,99,76,66,150,78,180,236,106,208,206,178,131,95,73,63,133,74,159,197,100,182,181,162,122,91,70,60,121,70,145,175,95,459,480,488,374,298,209,171,350,202,425,476,294,445,463,459,337,248,160,123,313,156,393,455,248,421,436,418,294,194,112,82,273,112,352,425,200,389,400,369,246,139,84,73,234,89,305,386,156,349,356,313,193,105,82,71,200,84,252,339,126,304,306,250,139,101,79,69,171,81,208,287,107,254,250,185,130,98,76,66,145,78,170,229,101,202,198,159,123,94,73,63,126,74,148,186,97,175,174,147,117,91,70,60,115,70,137,165,92]}