{"c":"81481","n":"柳井","la":33.958333333333336,"lo":132.11333333333334,"e":3,"t":[4.8,5.5,8.7,13.8,18.2,21.9,25.8,27.0,23.8,18.1,12.5,7.3],"s":[0,0,0,0,0,0,0,0,0,0,0,0],"i":[463,501,523,423,378,296,266,403,288,461,496,366,450,488,520,434,405,329,304,415,321,465,486,390,429,465,505,434,424,355,335,419,346,459,467,405,399,434,480,426,432,373,357,413,363,442,438,409,363,395,445,409,429,381,370,399,372,416,401,405,321,348,401,382,417,379,374,375,371,382,357,392,275,297,348,347,394,368,369,344,361,341,307,370,227,243,291,305,363,348,354,307,342,293,254,339,179,190,229,257,323,320,330,264,314,242,200,300,463,501,523,422,377,294,264,401,286,461,496,365,450,488,520,432,403,327,300,413,318,463,486,387,429,466,505,433,420,351,330,417,342,457,467,401,400,436,482,424,426,367,350,411,357,441,438,405,365,396,447,405,424,374,363,396,364,416,403,401,324,352,404,379,411,372,365,373,363,382,360,387,279,302,354,345,388,361,359,342,352,342,312,364,233,250,297,304,356,340,344,305,332,295,260,334,187,199,240,258,316,312,320,264,305,246,209,296,463,501,522,420,373,290,259,399,282,459,495,361,451,488,519,428,396,318,291,409,309,461,486,381,430,468,505,426,411,339,316,411,329,455,468,392,403,438,482,417,416,352,333,404,341,438,441,395,370,403,450,399,411,356,341,389,346,413,408,388,332,361,409,373,396,351,342,366,341,382,367,374,290,315,364,340,374,338,333,337,329,344,323,350,248,268,313,302,342,317,316,302,309,301,276,320,206,222,261,259,304,288,292,263,281,256,229,284,463,500,520,416,367,283,252,395,275,457,495,355,451,488,517,421,385,305,276,401,296,457,486,371,432,469,503,418,395,320,295,401,311,449,468,378,407,442,480,407,398,328,307,393,319,433,444,378,375,408,450,388,391,329,311,377,319,409,411,369,340,370,413,363,375,321,308,355,312,380,375,353,302,329,371,332,353,306,297,327,298,344,334,330,262,285,326,296,324,285,280,294,278,305,291,302,224,242,280,258,288,259,256,258,252,264,249,268,463,500,518,411,359,274,242,390,266,453,493,348,451,488,512,412,371,288,259,393,280,451,484,357,433,469,498,405,376,297,270,389,288,441,467,360,409,443,476,393,374,299,275,378,290,424,443,355,380,413,449,374,365,296,275,362,287,401,413,345,346,377,413,349,349,286,269,339,277,372,379,328,311,338,375,321,326,270,256,313,263,340,342,306,275,299,334,287,300,250,240,282,243,304,303,279,239,259,290,252,267,225,218,250,220,267,263,249,463,499,514,405,350,264,231,384,257,449,492,340,451,487,505,401,354,270,238,382,261,443,482,342,433,468,491,392,352,270,242,374,263,430,463,338,409,442,468,376,346,267,241,360,259,413,440,330,382,413,440,356,333,258,235,342,252,389,412,316,350,380,408,332,317,248,227,320,240,362,379,299,316,343,371,303,296,231,214,294,225,330,343,277,282,305,334,274,271,213,199,266,208,298,307,252,248,269,295,242,244,193,180,237,187,263,270,225,462,498,511,399,340,252,220,378,246,444,490,331,450,484,499,389,335,249,217,370,242,434,478,324,430,465,480,375,326,242,212,356,235,418,459,314,407,438,455,356,314,231,204,340,225,397,434,301,380,409,426,334,299,221,195,319,215,373,405,285,349,377,395,309,280,206,185,297,202,345,374,265,316,342,361,283,261,193,173,272,187,315,340,246,282,305,324,254,238,175,158,246,172,284,304,222,250,270,289,227,215,159,144,219,154,252,269,200,462,497,507,393,330,242,209,371,236,438,488,322,449,483,491,377,315,227,195,357,222,424,474,306,429,459,468,356,298,213,181,338,206,404,451,289,404,432,440,334,280,198,168,317,193,379,425,271,375,401,409,309,261,184,157,294,179,352,395,250,343,368,375,283,243,169,145,271,165,323,362,231,311,333,341,256,222,155,134,246,152,294,328,211,278,298,308,231,204,141,122,222,138,265,294,192,246,263,273,204,183,128,111,198,125,236,261,172,461,496,503,387,320,231,197,365,225,434,487,313,447,480,483,364,296,208,174,344,202,413,470,289,426,455,454,338,270,185,153,320,181,388,445,264,398,425,421,310,246,164,136,294,161,359,413,240,367,390,385,281,223,148,122,268,145,328,381,217,333,354,349,254,202,134,110,243,131,298,345,197,300,318,314,229,185,122,101,219,120,268,310,178,267,283,282,204,168,111,92,197,109,241,277,161,236,250,252,183,152,101,85,176,99,215,246,145,461,496,500,381,311,223,188,360,217,430,486,305,446,478,475,354,278,190,155,333,185,405,466,274,423,451,441,321,244,159,126,302,156,374,438,241,393,416,401,286,212,135,106,271,133,339,403,211,357,376,359,252,185,115,92,242,115,303,364,185,319,335,318,223,164,104,83,215,104,269,324,164,283,296,282,198,149,95,77,192,94,239,287,147,250,262,250,177,135,87,72,172,87,213,254,133,221,231,222,159,124,81,67,154,81,190,224,121,461,496,497,378,304,215,180,355,210,428,484,299,446,476,469,345,262,174,139,323,171,398,463,261,422,448,430,306,220,137,104,288,135,362,433,221,390,409,384,265,180,107,81,252,108,321,395,184,350,365,333,225,149,91,72,219,93,278,349,155,306,316,285,192,130,83,69,191,85,239,302,135,264,271,245,169,118,79,66,168,80,208,260,122,229,235,215,151,110,75,63,150,76,184,225,112,200,206,192,137,102,71,60,135,72,165,200,104,461,496,496,375,299,211,175,352,204,426,484,295,446,476,465,339,252,164,128,317,161,394,463,252,422,448,425,297,202,119,88,278,118,355,432,206,390,409,376,250,153,86,73,239,93,310,392,163,350,365,319,202,117,82,71,206,84,261,344,134,304,312,257,163,105,80,69,176,81,216,291,115,254,254,204,143,100,77,66,150,78,180,238,106,209,209,179,131,96,73,63,133,74,159,199,100,183,183,162,122,92,70,60,122,70,145,176,95,462,496,495,375,297,209,173,352,202,425,484,294,446,478,463,338,248,160,124,315,157,393,463,249,423,449,422,295,194,112,82,274,112,353,430,200,390,412,372,246,140,85,73,236,89,306,391,157,351,366,315,193,105,82,71,202,84,252,344,127,305,314,252,140,102,80,69,172,81,208,290,107,254,256,186,130,98,77,66,146,78,170,231,102,202,200,159,123,95,73,63,127,74,148,187,97,175,176,147,117,91,70,60,117,70,137,166,93]}