{"c":"81486","n":"安下庄","la":33.903333333333336,"lo":132.29166666666666,"e":5,"t":[5.7,6.0,8.9,13.7,17.8,21.2,25.1,26.5,23.6,18.5,13.3,8.3],"s":[0,0,0,0,0,0,0,0,0,0,0,0],"i":[472,515,542,434,379,294,264,408,289,465,509,369,459,501,538,446,407,327,302,421,322,469,500,393,437,478,524,448,425,352,332,425,348,462,479,408,405,445,497,438,433,369,354,418,365,446,450,413,369,404,459,421,430,376,367,403,373,420,411,409,326,356,413,393,418,375,371,379,372,385,365,395,278,303,359,357,396,364,365,348,362,343,313,372,227,247,298,313,364,344,350,309,343,295,258,340,180,191,234,264,323,316,327,265,315,243,202,301,472,515,542,434,378,292,263,408,288,465,509,368,459,501,538,444,404,324,299,419,319,468,500,391,437,479,524,445,421,348,327,422,343,461,480,405,408,447,499,437,429,364,348,416,359,445,451,409,371,405,462,418,425,371,360,401,366,419,413,405,329,360,417,391,412,368,363,377,364,385,369,390,283,308,364,355,389,357,356,346,353,344,318,367,235,254,306,313,357,337,341,308,334,298,265,336,188,202,245,265,317,308,317,266,306,247,212,297,472,515,541,430,374,288,258,405,283,463,509,364,459,501,537,440,398,316,289,415,311,465,500,385,438,480,524,440,412,336,314,417,331,459,480,396,411,451,499,429,417,348,330,409,343,442,453,398,377,413,466,411,412,352,339,394,347,418,419,392,337,370,423,385,398,347,339,370,343,385,377,377,295,323,376,350,375,334,331,340,330,347,331,353,250,274,322,311,344,313,314,305,310,304,282,322,208,225,269,266,305,285,290,265,282,258,234,285,472,515,539,426,368,281,250,401,276,461,509,359,459,503,535,433,387,303,275,408,298,461,499,374,441,482,521,430,397,317,293,407,312,453,480,381,415,455,499,419,399,325,305,399,320,437,455,381,382,420,466,400,392,325,309,382,320,413,423,373,347,380,429,374,377,318,306,360,313,383,385,356,307,337,385,342,354,303,295,331,299,347,343,333,267,292,337,305,325,283,278,297,279,308,299,304,227,248,289,265,289,256,254,261,252,266,254,270,472,514,536,422,361,273,241,396,268,457,508,352,459,503,531,424,372,286,258,399,281,455,498,361,441,483,516,418,378,295,268,394,289,445,480,363,417,455,493,404,375,296,273,384,292,428,455,359,388,425,465,385,366,293,273,367,288,405,426,348,353,387,429,359,350,283,267,344,279,376,390,331,317,348,389,330,327,267,254,317,264,344,351,308,280,307,346,295,301,248,238,286,245,307,311,282,243,266,301,261,269,224,217,252,221,269,270,250,472,514,532,417,351,262,231,390,258,453,505,343,459,501,524,412,355,268,237,388,263,447,495,345,442,482,508,403,354,268,240,379,264,434,476,341,417,455,484,387,347,265,239,365,260,416,453,333,389,425,455,366,335,256,234,347,252,393,424,319,357,391,424,341,318,246,225,325,242,365,390,302,322,353,385,312,297,229,213,298,225,333,353,279,287,314,346,282,272,211,198,270,209,300,316,254,252,276,306,249,245,191,179,240,188,266,278,227,472,513,528,409,341,252,219,384,247,448,504,334,459,499,517,400,336,247,216,375,243,438,492,328,440,479,498,385,327,240,211,362,236,422,472,317,416,451,472,366,315,229,204,345,227,400,447,304,388,421,442,343,300,220,195,324,216,376,417,288,356,388,409,317,281,206,184,301,204,348,385,268,323,352,375,290,262,192,172,276,188,318,350,248,288,314,337,261,239,174,158,249,173,287,313,225,254,278,300,233,216,158,143,223,155,254,278,202,471,512,524,403,331,241,208,377,237,443,503,325,458,497,508,386,317,225,194,362,223,428,487,310,437,474,484,365,300,212,181,343,208,407,465,292,412,445,455,342,281,197,168,322,194,382,437,273,382,413,423,317,262,183,157,299,180,355,405,254,350,378,388,290,244,168,145,275,166,326,372,234,317,343,354,263,223,155,134,250,152,297,338,214,283,306,319,237,204,141,121,225,139,267,303,194,250,271,283,211,184,127,111,202,125,238,268,174,471,511,521,397,321,231,197,370,227,438,501,316,457,493,499,373,297,206,174,349,202,418,483,292,434,468,470,346,271,184,153,325,181,392,457,267,405,437,434,317,247,164,136,298,162,362,426,242,374,401,398,288,224,147,122,272,146,331,391,220,340,363,360,260,202,134,110,246,132,300,354,199,305,326,324,234,185,121,101,222,120,270,319,180,272,291,291,208,169,110,92,200,109,243,285,163,240,257,260,187,153,100,85,179,100,216,252,147,471,509,517,391,312,221,187,365,218,434,499,308,455,492,490,362,279,189,155,338,186,409,479,277,432,463,455,328,244,159,127,307,156,377,450,244,400,426,413,292,213,134,106,275,133,341,413,213,364,386,370,258,186,115,92,245,115,305,373,187,325,344,327,227,165,104,83,218,104,271,332,165,288,304,290,200,149,95,77,195,95,241,294,148,254,268,257,180,136,87,72,174,88,215,260,134,225,236,227,162,125,81,67,156,81,191,229,123,471,509,514,387,305,214,180,361,211,430,498,302,455,491,484,353,263,174,139,328,171,401,476,263,430,461,444,313,220,137,104,292,135,365,445,223,397,421,396,270,181,108,82,256,108,323,405,186,356,374,342,229,150,91,73,222,93,280,358,157,311,323,292,195,130,84,69,193,86,241,309,136,268,277,250,171,118,79,66,169,81,209,265,123,233,239,219,153,110,75,64,151,76,185,229,112,204,210,196,139,103,71,61,137,72,166,202,104,471,509,512,385,300,210,175,358,206,429,498,298,455,491,480,347,252,164,128,322,161,397,475,254,430,461,438,303,202,119,88,282,119,358,443,208,397,422,386,254,153,87,73,243,93,312,401,165,357,374,327,204,118,83,71,208,84,262,352,135,310,319,262,164,105,80,69,178,81,217,297,115,258,259,208,143,100,77,66,152,78,181,242,107,211,212,180,131,96,74,64,134,74,160,200,100,185,186,164,123,92,70,61,122,71,146,178,95,471,511,511,384,298,208,172,357,204,428,498,297,455,492,479,346,248,160,124,320,157,396,475,250,430,462,434,301,195,112,83,278,112,355,443,202,398,423,383,250,140,85,73,239,89,308,401,158,357,375,322,195,105,83,71,204,84,254,352,128,310,321,256,139,102,80,69,173,81,209,296,107,258,261,187,129,98,77,66,146,78,171,236,102,204,202,158,123,95,74,64,127,74,148,189,97,177,178,147,117,91,70,61,117,71,137,167,93]}