{"c":"82046","n":"宗像","la":33.80833333333333,"lo":130.53833333333333,"e":7,"t":[5.5,6.1,8.9,13.6,17.9,21.9,25.8,26.6,22.9,17.4,12.3,7.6],"s":[0,0,0,0,0,0,0,0,0,0,0,0],"i":[440,479,498,409,378,262,215,373,238,434,472,350,429,467,494,418,403,287,238,382,259,436,463,369,409,446,480,418,419,306,256,382,273,429,445,381,382,417,457,409,426,317,269,374,282,413,419,384,349,381,424,391,422,322,275,359,285,388,385,378,311,338,383,365,409,318,275,336,281,356,344,364,268,290,334,332,386,308,268,307,271,318,297,342,224,240,281,292,355,290,254,272,254,275,248,312,180,190,225,248,315,265,237,234,233,227,198,276,440,479,497,408,377,261,214,373,237,433,472,348,429,467,494,416,401,285,236,380,256,434,463,367,409,447,480,416,415,303,252,380,270,428,446,378,383,418,458,405,421,313,265,373,278,412,420,380,350,382,425,389,416,317,270,357,280,388,386,374,313,341,385,363,401,313,269,334,275,356,346,359,272,294,338,330,379,301,262,306,265,319,301,337,229,246,287,291,347,283,248,272,249,277,254,307,187,198,233,248,308,259,229,234,227,231,206,272,440,479,496,405,373,258,211,371,234,432,472,345,429,467,493,412,394,279,229,377,250,433,463,361,411,448,480,409,405,293,244,376,262,425,446,370,385,421,457,400,409,301,252,367,268,409,421,370,355,387,426,382,403,302,256,352,268,386,390,362,319,348,389,357,388,296,252,329,262,356,352,347,281,305,346,325,365,283,245,301,250,321,310,324,241,261,298,288,334,265,231,269,233,281,267,296,202,217,250,247,295,240,212,234,211,239,223,261,440,478,494,401,367,252,206,368,229,430,471,340,429,467,490,405,383,268,221,371,242,429,462,352,411,448,476,401,391,278,231,368,250,420,445,357,388,423,455,390,392,283,236,359,252,405,422,355,359,391,426,371,384,281,236,342,250,381,392,345,325,355,392,347,367,272,231,320,242,354,357,329,290,316,352,317,344,259,221,294,229,320,319,307,252,275,308,283,315,240,206,263,212,283,279,279,217,234,265,246,280,216,188,231,191,245,239,247,440,478,492,397,360,246,200,364,224,426,470,334,429,467,486,397,369,256,209,364,231,424,461,341,412,448,472,391,373,260,214,358,235,413,444,341,389,423,450,377,369,260,215,347,234,397,421,335,362,394,424,359,359,254,212,330,227,375,393,324,330,360,390,333,342,245,204,308,219,347,360,307,297,323,353,306,319,229,194,283,204,316,324,285,263,286,315,274,292,213,180,254,189,282,288,259,227,248,274,241,260,191,163,224,170,247,250,231,440,476,488,392,352,238,193,359,218,423,468,327,429,465,480,387,354,241,196,355,219,417,458,327,412,447,465,377,350,239,196,346,218,404,441,322,389,422,443,362,343,235,192,333,213,386,418,313,362,394,415,341,329,225,187,314,204,364,390,299,333,362,385,318,312,215,178,293,194,337,360,282,300,327,350,290,289,200,166,268,180,308,326,260,267,290,313,262,265,184,153,242,165,276,290,237,235,256,277,231,237,165,138,215,148,244,256,211,438,476,486,387,342,229,185,354,211,419,467,319,428,463,474,377,336,225,182,346,206,409,455,313,409,444,455,362,326,218,176,333,199,394,437,302,387,419,432,344,313,208,169,316,191,373,413,288,360,390,404,322,297,197,160,296,180,349,385,272,331,359,372,297,277,184,150,275,169,323,354,252,300,325,340,271,257,171,139,250,155,295,322,233,268,290,305,244,233,155,127,225,141,265,288,210,237,256,270,217,211,139,113,200,126,235,254,189,438,475,482,381,332,221,178,349,204,415,465,312,426,461,467,365,318,209,168,336,193,401,451,297,408,440,445,345,300,195,157,318,181,381,430,280,384,413,418,323,281,182,146,298,169,358,405,262,356,383,388,299,261,169,135,277,157,332,375,243,326,351,355,274,242,154,125,254,144,305,344,223,295,317,322,248,221,142,113,231,131,277,312,204,264,284,290,223,200,128,104,208,119,249,279,184,233,250,258,198,181,115,94,185,107,221,247,165,438,474,479,375,323,213,171,344,197,411,463,304,425,459,459,354,300,193,154,326,180,393,448,282,405,434,433,329,274,174,138,304,164,369,425,259,379,405,401,302,249,156,125,280,148,341,396,236,349,373,367,275,225,141,112,256,135,312,363,214,317,338,333,248,204,128,103,231,122,283,330,194,286,304,299,223,186,115,94,209,111,254,296,175,254,271,267,199,169,105,85,188,101,227,264,158,225,240,238,178,152,96,78,168,91,202,234,142,438,474,476,371,315,206,165,340,192,408,463,297,425,457,453,345,283,180,142,317,169,385,445,269,403,430,421,314,250,155,122,291,148,357,418,239,374,399,384,281,218,134,106,263,130,324,386,211,341,362,344,249,191,118,95,235,115,291,349,186,306,323,306,220,170,106,86,210,105,259,312,165,272,286,271,196,153,97,79,188,95,231,277,149,240,252,241,175,140,88,74,168,88,204,244,134,212,222,213,157,127,82,68,150,80,183,216,122,438,474,474,367,309,200,160,337,187,405,462,292,424,455,448,337,269,168,132,310,160,379,443,258,401,429,413,301,227,138,108,280,134,347,415,222,372,394,370,263,189,112,91,248,113,310,379,188,336,352,323,225,159,99,83,217,101,271,337,161,295,307,278,194,139,91,78,191,93,235,293,141,256,264,240,170,126,85,74,168,87,204,252,127,223,229,210,153,117,80,69,150,81,181,221,117,196,202,187,139,108,75,65,135,76,163,195,107,438,474,473,365,304,197,157,335,184,404,462,289,424,455,445,332,260,161,125,306,154,376,442,250,401,430,408,294,212,125,97,272,124,342,413,210,372,394,363,250,165,98,85,238,104,301,377,171,336,352,312,204,130,93,82,206,95,257,333,142,294,304,254,168,115,89,78,179,91,215,284,124,248,250,206,148,110,84,74,154,86,182,235,113,206,208,180,135,105,79,69,136,80,161,198,107,181,183,163,126,100,75,65,124,75,146,175,100,438,474,472,365,303,196,155,334,183,403,462,288,425,457,444,331,256,158,123,304,151,375,442,248,403,430,407,292,204,120,93,270,120,340,413,204,373,396,361,247,153,96,85,235,101,298,377,165,337,354,309,198,118,93,82,204,95,252,333,136,295,305,252,147,113,89,78,175,91,210,284,117,249,252,191,137,109,84,74,150,86,174,231,110,200,200,164,129,104,79,69,131,80,152,188,104,175,177,151,122,99,75,65,120,75,140,168,98]}