{"c":"82056","n":"八幡","la":33.85166666666667,"lo":130.74333333333334,"e":20,"t":[5.8,6.5,9.4,14.4,18.7,22.4,26.4,27.4,23.6,18.2,12.9,8.1],"s":[0,0,0,0,0,0,0,0,0,0,0,0],"i":[444,463,488,400,374,264,215,372,237,438,466,346,433,453,486,409,399,290,239,380,258,440,457,366,413,433,472,409,415,309,257,381,272,433,438,378,386,405,449,400,421,321,270,373,281,417,413,381,352,371,417,383,418,325,276,358,284,392,380,375,313,329,377,358,404,322,276,335,280,360,340,361,270,284,330,325,382,311,269,306,270,321,294,339,225,236,277,287,351,293,256,272,254,277,246,310,181,188,222,243,312,269,238,233,233,229,197,275,444,463,488,399,373,263,214,371,236,438,466,345,433,453,484,407,396,288,237,379,254,438,457,364,413,434,473,407,411,306,254,379,269,432,440,375,387,407,450,398,416,317,265,371,277,417,413,377,353,372,418,380,412,320,271,356,279,392,381,371,315,332,379,355,398,316,270,333,275,360,342,356,273,287,333,323,375,305,263,305,264,322,298,334,229,241,283,285,344,287,250,271,248,279,252,305,188,196,229,243,305,262,231,234,227,234,204,270,444,463,488,397,369,260,211,369,233,436,466,342,433,453,484,404,390,281,231,375,250,437,457,358,415,434,472,401,401,296,245,374,261,430,440,367,389,409,450,391,405,304,254,366,267,413,416,367,358,376,420,374,398,305,257,350,267,390,385,359,322,339,382,349,384,299,254,328,261,360,348,344,283,297,340,318,361,287,246,300,249,324,307,322,243,254,294,282,330,268,231,268,231,284,264,293,204,213,246,242,292,243,213,233,211,242,221,259,444,463,486,394,364,254,206,366,229,434,465,337,433,453,482,398,380,270,221,370,241,433,455,349,415,434,468,393,387,281,231,367,249,425,438,354,391,411,448,382,388,286,237,357,252,409,417,352,362,380,419,364,380,284,237,341,249,385,387,342,328,345,385,340,363,275,231,319,241,357,353,326,292,308,346,310,341,262,222,293,229,323,315,304,254,268,303,277,311,243,208,263,212,287,275,277,218,229,261,241,277,219,189,229,191,248,236,246,444,463,484,390,357,248,200,362,223,430,463,331,433,453,478,389,366,258,210,363,231,428,455,338,416,434,463,383,369,263,215,357,234,418,438,338,393,411,442,369,365,262,216,345,233,401,415,332,365,383,416,351,355,258,213,329,227,379,388,321,333,350,384,327,338,248,206,307,218,351,356,304,299,314,348,300,316,231,195,282,204,320,320,283,265,278,310,268,289,215,181,254,188,286,284,257,229,242,269,236,257,193,163,224,169,250,247,229,444,462,480,385,348,239,193,358,217,426,462,324,433,451,472,380,350,243,196,354,218,421,451,324,415,434,457,370,347,241,196,345,217,408,434,319,392,409,436,355,339,237,193,331,212,390,413,310,366,382,408,334,325,227,187,313,204,367,385,296,336,351,378,312,309,217,178,292,193,341,355,279,303,317,344,284,286,202,166,267,179,311,321,258,270,282,308,256,262,186,153,241,164,279,287,235,238,248,272,225,234,167,138,214,147,247,252,209,443,462,478,379,339,231,186,353,210,423,461,316,432,450,466,370,333,225,182,344,204,413,449,310,413,430,448,355,323,219,176,331,199,397,430,299,390,407,425,337,310,210,170,315,190,377,407,286,364,378,397,316,294,199,160,295,179,353,380,270,334,348,366,291,274,186,151,273,168,326,350,250,303,316,334,266,254,172,139,250,154,298,318,231,270,282,300,239,231,156,127,225,141,268,284,209,239,249,266,213,209,141,114,200,126,238,250,187,443,461,474,374,329,223,178,348,202,419,459,309,430,447,459,359,315,210,168,334,192,405,446,294,411,426,438,339,298,196,157,317,180,385,425,278,387,401,411,317,279,183,146,297,168,361,400,260,359,372,381,294,259,170,136,276,156,335,371,241,329,340,349,269,240,156,125,252,144,308,340,222,298,308,317,243,219,143,114,229,131,279,308,202,266,276,286,219,200,129,104,206,119,250,276,183,235,244,252,195,180,117,94,184,107,223,244,164,443,459,471,369,320,215,171,343,196,415,458,301,429,445,451,348,297,195,154,325,180,396,442,280,409,422,426,323,272,175,139,303,163,372,419,257,383,394,395,297,248,157,125,279,148,344,391,234,352,363,362,270,225,141,112,254,134,315,359,212,320,329,328,244,202,129,103,231,122,286,326,192,288,296,294,220,185,117,94,209,111,257,293,174,257,264,263,196,168,106,85,187,100,229,261,157,227,233,235,175,151,96,78,167,91,204,231,141,442,459,469,364,312,206,165,338,191,412,457,295,428,443,446,339,281,180,142,316,168,389,438,267,405,419,415,309,248,155,121,289,147,360,413,237,378,388,379,277,217,134,106,262,129,327,381,209,344,352,340,246,190,118,94,235,114,293,345,185,309,315,302,218,169,106,86,210,104,261,308,164,274,279,268,194,153,97,79,187,95,231,274,148,242,246,238,173,139,88,74,168,88,206,242,134,214,217,211,155,126,82,68,150,80,184,214,121,442,459,466,361,306,202,160,335,186,409,455,290,428,442,441,332,267,169,132,309,159,383,437,256,405,417,407,297,225,138,107,278,134,350,409,220,375,383,365,259,188,112,90,247,112,312,375,187,338,343,319,223,158,98,82,217,101,273,334,160,297,299,275,192,138,91,78,190,93,236,290,141,258,259,237,169,126,85,74,168,87,206,250,127,224,225,208,152,117,80,69,150,81,182,219,115,197,198,186,138,108,75,64,135,75,163,194,107,442,459,465,359,302,198,157,333,183,407,455,286,428,443,438,327,258,161,125,304,153,379,436,248,405,417,401,289,211,125,97,271,123,344,408,208,375,383,358,247,164,97,85,237,104,303,372,170,339,343,308,202,129,92,82,206,95,259,330,142,296,296,252,168,117,88,78,178,91,216,282,124,249,246,204,148,110,84,74,154,85,182,233,113,206,204,179,135,105,79,69,136,80,161,197,106,182,180,162,126,100,75,64,124,75,147,175,100,442,459,463,358,300,197,155,333,182,407,455,285,428,443,437,326,254,158,123,303,151,379,436,246,405,418,400,287,204,120,93,269,120,343,408,204,376,385,356,244,152,96,85,234,101,300,372,164,339,344,305,197,119,92,82,202,95,252,329,136,297,298,249,148,113,88,78,175,91,211,281,117,250,247,190,137,109,84,74,150,85,175,229,110,202,197,164,129,104,79,69,131,80,152,188,104,176,174,151,121,99,75,64,120,75,140,167,98]}