{"c":"82136","n":"飯塚","la":33.651666666666664,"lo":130.69333333333333,"e":37,"t":[5.0,5.8,8.9,14.2,18.6,22.4,26.4,27.0,23.2,17.4,12.0,7.2],"s":[1,1,0,0,0,0,0,0,0,0,0,0],"i":[437,455,480,398,380,271,229,373,250,434,458,350,426,444,478,405,405,298,256,382,274,434,449,370,405,424,463,405,422,318,277,383,290,428,432,382,380,397,441,397,428,330,291,376,301,413,405,385,347,363,409,380,424,335,298,361,304,388,373,380,309,323,370,355,411,331,299,339,300,356,334,366,267,279,324,322,388,320,292,310,290,318,290,344,222,231,273,284,356,302,278,276,273,275,242,314,179,186,219,241,316,277,258,238,250,227,195,278,438,455,480,397,379,270,227,372,250,433,458,349,426,444,476,405,403,296,254,381,271,434,449,368,407,425,463,404,418,314,273,381,287,428,432,379,381,398,442,395,423,325,286,374,296,412,407,381,348,365,409,377,418,329,292,359,299,388,374,375,311,326,372,352,404,325,292,337,294,356,336,361,270,282,327,320,381,314,285,308,284,319,293,338,227,238,278,283,349,295,271,275,266,277,248,309,186,193,225,241,309,269,250,238,243,231,202,273,438,454,480,395,375,267,225,370,247,432,457,346,426,444,476,401,396,289,247,377,265,433,449,362,408,426,463,399,409,304,263,376,278,425,432,371,383,400,442,388,411,313,273,368,285,409,408,371,352,369,412,371,405,314,277,353,285,386,378,363,317,332,375,346,390,308,275,331,279,356,341,348,279,292,334,315,367,295,266,304,267,321,302,325,240,250,289,280,335,275,250,272,249,281,260,297,200,210,242,240,296,250,229,236,225,239,218,262,437,454,478,392,370,261,219,367,242,429,457,341,426,444,474,395,386,278,236,371,256,429,448,353,409,426,459,391,394,289,248,369,265,420,432,358,385,401,440,380,394,293,254,359,268,404,409,356,356,372,412,361,386,292,254,343,265,381,380,346,323,338,378,338,369,283,250,322,258,353,346,330,288,301,340,308,346,269,239,295,244,320,310,308,250,263,298,275,316,250,224,265,225,283,271,280,215,225,256,239,281,225,204,233,204,245,231,248,437,454,476,388,362,254,213,363,236,426,455,335,426,443,470,387,372,264,223,364,244,423,446,341,409,426,455,381,375,270,229,358,248,413,430,342,386,401,434,367,371,269,231,347,247,396,408,336,359,375,409,349,361,265,229,331,242,375,381,325,328,342,377,324,344,254,221,309,231,347,349,307,295,307,341,298,321,239,209,284,218,316,314,286,261,272,304,266,293,221,195,256,200,282,279,260,227,237,264,235,262,198,176,225,181,247,243,231,437,453,473,383,354,246,204,358,229,423,454,327,426,442,465,378,356,249,208,355,229,417,444,328,409,425,450,368,353,248,209,346,229,404,428,323,386,401,428,353,345,243,206,332,224,386,405,314,360,374,401,332,331,234,200,314,216,363,378,299,331,344,371,310,313,223,191,293,204,337,349,282,298,311,338,282,291,208,178,269,191,307,316,260,266,276,302,254,266,190,164,242,175,276,281,237,234,243,267,225,238,171,148,215,156,244,248,211,437,451,470,377,344,237,197,353,221,419,453,319,425,440,459,368,338,231,193,345,216,409,441,313,407,422,441,353,328,225,187,332,209,393,423,302,385,398,418,336,315,215,180,315,200,373,400,288,358,371,390,314,299,204,170,296,189,349,373,272,329,341,360,290,278,191,160,274,177,323,343,252,298,309,329,265,259,176,148,250,163,295,312,233,266,276,295,238,235,160,135,225,149,265,279,211,235,244,261,211,212,144,122,200,133,235,247,189,436,451,467,372,335,227,188,348,213,415,451,312,424,438,451,357,320,215,177,335,202,401,438,297,405,418,430,338,302,200,165,317,189,381,418,280,381,393,405,316,283,188,153,297,176,358,393,262,354,364,375,293,263,174,143,276,163,332,365,243,324,334,344,268,244,159,131,252,150,305,334,224,293,302,312,242,223,146,121,229,137,277,303,204,262,270,281,218,202,132,109,206,125,248,271,184,231,239,249,194,182,119,99,185,112,221,240,165,436,450,463,367,325,220,180,343,206,411,450,304,423,436,445,347,302,199,162,324,188,392,434,282,403,413,420,323,276,179,145,302,170,369,412,259,377,387,389,296,250,160,130,279,154,341,384,236,347,356,356,269,227,144,118,254,139,312,353,214,316,323,323,244,206,131,107,231,126,283,321,194,284,290,290,219,187,119,97,208,114,254,288,175,252,259,260,196,170,108,89,187,104,227,257,158,223,229,231,175,153,98,81,167,95,202,227,142,436,450,461,363,317,212,173,338,200,408,449,297,422,434,438,338,285,185,148,315,175,385,432,269,400,411,409,308,252,158,126,289,152,357,407,239,373,380,374,277,220,136,109,261,133,324,375,211,340,346,335,246,193,120,97,234,118,291,340,186,305,309,298,218,171,107,88,209,107,259,304,165,271,274,265,193,154,98,81,187,97,231,270,149,240,242,235,173,141,90,75,167,90,204,239,134,211,214,208,155,128,83,69,150,82,183,211,122,436,450,459,359,311,206,168,335,195,405,448,292,422,434,434,331,271,172,137,308,165,379,430,258,400,409,401,296,229,141,110,277,137,347,403,222,370,377,361,259,191,114,92,246,115,310,369,188,334,338,316,223,160,99,83,216,102,271,329,161,294,295,272,192,140,92,79,189,94,235,287,141,254,254,235,170,127,86,74,167,88,204,249,127,222,222,206,152,118,81,70,150,82,181,217,117,195,196,184,138,109,76,66,135,77,163,192,108,436,450,458,357,307,202,164,333,192,404,448,289,422,434,432,326,262,164,130,304,159,376,429,250,400,409,397,289,214,126,98,270,126,342,401,210,370,377,354,247,166,98,85,236,105,301,367,171,334,337,305,204,131,93,82,204,96,257,326,142,293,292,250,168,117,89,79,178,91,215,279,125,247,243,204,148,111,85,74,154,86,182,231,114,206,202,179,136,106,80,70,136,81,161,196,107,180,178,162,126,100,75,66,124,76,146,173,100,436,450,457,357,305,202,163,332,191,403,448,288,422,434,430,325,258,161,127,302,156,375,429,248,400,409,395,287,206,121,94,267,122,340,401,204,371,377,352,244,154,96,85,233,102,298,367,165,335,338,303,197,119,93,82,202,96,252,325,136,294,294,248,149,114,89,79,174,91,210,279,118,248,244,190,138,110,85,74,150,86,174,227,111,200,196,164,130,105,80,70,131,81,152,187,105,174,173,150,122,100,75,66,120,76,140,166,99]}