{"c":"82306","n":"久留米","la":33.30166666666667,"lo":130.49166666666667,"e":7,"t":[5.2,6.4,9.7,14.9,19.5,23.2,26.9,27.7,24.0,18.3,12.6,7.4],"s":[0,0,0,0,0,0,0,0,0,0,0,0],"i":[422,476,499,430,386,285,245,386,272,440,466,367,409,463,495,442,413,316,277,397,300,442,455,390,391,442,480,443,432,338,302,400,321,436,438,404,365,413,455,433,438,353,319,394,335,420,411,409,333,376,423,415,437,359,329,379,341,395,377,404,296,332,381,387,423,357,331,356,338,362,336,389,254,283,331,351,400,346,324,326,328,323,290,365,212,233,276,308,367,326,310,290,310,278,240,334,171,183,219,259,326,299,288,250,284,229,191,294,422,476,498,430,384,284,244,385,270,440,466,366,411,463,494,440,411,313,273,396,297,442,455,388,392,443,480,440,426,334,297,398,317,434,438,401,366,413,457,430,434,348,313,391,329,419,413,404,334,377,424,412,430,353,322,376,334,394,378,398,298,335,383,384,416,350,323,354,331,362,339,383,259,288,335,348,392,338,316,324,319,324,294,360,217,239,283,307,359,318,301,289,301,280,247,328,177,192,227,259,318,291,279,249,275,234,199,289,422,476,497,426,380,280,239,383,267,438,465,363,411,465,494,436,403,305,265,392,289,438,455,381,393,445,480,434,417,323,285,392,306,432,438,392,368,417,457,423,421,333,298,385,315,416,413,393,339,383,426,405,416,336,304,370,317,393,383,385,305,343,387,378,401,330,302,347,312,362,345,370,267,300,344,343,377,317,293,319,299,326,304,346,229,256,296,304,345,296,277,285,280,285,260,315,192,212,247,260,305,269,254,248,254,242,217,278,422,476,496,424,374,274,233,379,260,436,463,357,411,465,491,429,392,292,252,385,278,434,455,371,394,445,476,425,401,306,268,383,290,426,438,377,371,420,455,413,403,312,276,375,295,411,416,376,343,388,426,393,396,311,278,359,294,388,386,367,311,351,391,368,379,302,273,337,286,360,351,350,277,312,351,336,356,288,263,309,272,325,313,327,241,271,307,300,326,267,246,278,252,288,273,298,206,231,264,259,290,241,225,244,227,249,234,263,422,475,493,419,366,265,225,375,252,433,463,350,411,463,487,419,377,278,238,377,264,430,454,358,394,446,473,413,382,284,246,372,270,420,438,360,372,421,451,398,379,285,249,361,271,403,415,354,346,392,424,380,369,281,248,344,266,381,387,343,316,358,391,353,352,270,240,322,256,353,355,325,284,320,354,324,329,254,227,296,241,322,319,303,250,283,315,290,302,235,213,267,222,287,283,276,218,246,274,254,269,212,192,236,200,252,246,245,422,475,490,413,357,256,216,369,245,429,462,342,411,463,482,408,361,260,221,366,248,423,451,343,394,445,466,398,358,260,222,358,248,409,434,338,372,420,444,382,351,256,220,344,243,392,412,329,347,392,416,360,337,247,214,326,235,369,385,315,319,360,386,336,321,236,204,304,223,343,355,297,288,325,351,306,298,219,192,279,209,313,321,275,256,289,314,277,273,202,178,252,191,281,286,250,225,254,278,244,244,181,160,224,172,249,252,223,421,474,487,407,347,246,206,363,235,424,461,333,409,462,475,396,342,241,202,355,231,413,449,326,393,442,457,381,331,234,197,342,223,399,430,315,371,417,434,362,318,224,190,325,214,378,407,301,346,388,405,339,303,213,180,305,202,354,380,285,318,357,374,312,283,199,170,283,190,328,350,265,288,324,341,286,263,185,157,259,175,299,318,245,257,289,306,257,239,168,144,234,161,269,284,221,227,254,271,229,217,151,130,208,144,239,250,199,421,474,483,400,337,236,197,358,225,420,459,324,409,459,468,384,321,222,184,343,213,405,446,309,391,438,446,362,304,206,172,325,199,386,425,291,368,412,419,339,284,193,159,305,185,362,400,272,342,381,389,313,264,179,148,283,172,336,371,252,313,349,356,287,245,164,136,259,158,308,340,231,283,316,323,259,225,150,125,236,144,280,308,211,252,283,291,234,204,136,113,212,131,252,276,191,223,250,259,208,185,123,103,189,118,224,244,172,421,473,480,394,327,227,187,352,217,416,458,316,408,457,461,371,302,204,167,332,196,397,442,292,389,434,434,344,275,182,148,309,176,372,419,267,364,405,401,315,250,163,131,284,158,344,390,242,336,372,368,285,225,146,118,259,142,314,358,219,305,337,333,257,204,132,107,234,128,285,325,198,274,303,299,231,186,120,98,211,117,256,292,179,244,270,268,206,169,108,89,189,106,229,261,161,216,238,239,184,152,98,81,169,96,204,231,145,421,472,478,389,318,219,179,347,210,412,457,308,408,455,454,360,284,188,151,322,181,389,438,277,387,430,422,327,248,159,125,293,154,359,413,245,360,397,385,291,216,135,106,263,133,326,381,214,328,360,345,256,188,117,93,235,115,292,344,187,294,321,306,225,166,105,84,209,104,259,307,165,262,284,271,200,150,95,77,186,95,229,272,148,231,250,240,178,136,87,72,167,87,204,240,134,204,221,213,160,124,81,67,149,81,182,212,122,421,472,475,385,311,212,173,343,204,409,455,303,407,455,449,352,269,174,138,313,169,382,437,265,386,428,413,312,225,139,107,280,136,349,409,225,358,393,370,270,184,110,86,246,111,310,374,188,323,351,323,229,152,94,77,214,96,270,332,158,284,305,277,195,131,86,72,187,88,233,288,137,246,262,238,170,119,81,69,164,83,202,249,123,214,225,208,152,110,77,66,147,78,179,216,112,188,199,185,138,103,72,62,132,73,160,191,104,421,472,474,383,306,208,169,341,200,408,455,299,408,455,446,346,258,165,129,308,160,379,436,256,386,429,409,303,206,123,93,271,122,343,408,211,358,394,363,254,157,91,78,234,97,300,372,168,323,351,311,204,119,86,75,202,88,254,328,137,283,302,252,165,105,83,72,173,84,212,279,118,239,248,202,143,100,79,69,149,80,177,229,108,198,204,176,131,96,76,66,131,76,156,193,101,173,179,159,122,92,72,62,120,72,142,170,95,421,473,473,382,304,206,167,340,199,407,455,298,408,455,445,345,254,162,125,306,157,378,436,252,387,430,407,301,200,117,88,268,117,341,408,206,359,395,361,250,144,88,78,231,94,297,372,161,324,353,308,197,105,86,75,198,88,248,328,129,284,304,250,141,102,83,72,169,84,204,279,109,240,250,188,129,99,79,69,145,80,169,225,102,193,197,159,123,95,76,66,126,76,147,183,98,168,173,146,117,91,72,62,115,72,135,162,93]}