{"c":"82317","n":"黒木","la":33.223333333333336,"lo":130.64666666666668,"e":144,"t":[3.9,5.2,8.6,13.9,18.4,22.1,25.9,26.4,22.9,17.1,11.4,6.1],"s":[0,0,0,0,0,0,0,0,0,0,0,0],"i":[418,450,479,413,392,281,244,376,267,426,449,362,407,438,475,423,418,309,273,386,292,428,440,383,389,419,461,422,434,330,295,388,311,421,423,396,364,392,438,413,441,343,311,381,322,405,398,399,333,359,405,395,437,347,319,367,327,381,366,393,297,319,367,368,422,344,319,345,323,350,328,378,258,275,321,334,398,332,312,316,312,313,284,355,216,229,270,294,365,313,298,282,294,270,238,324,175,183,216,248,324,287,276,243,269,224,192,286,418,450,478,413,390,280,242,375,266,426,449,361,407,438,474,421,415,307,270,385,290,426,440,381,389,420,461,420,430,326,291,386,307,420,424,392,365,394,438,411,434,338,305,379,317,405,399,395,334,360,407,392,430,342,312,364,321,381,367,388,299,322,369,366,416,338,312,342,316,350,330,373,261,279,324,332,391,325,304,314,305,313,288,350,221,235,275,293,358,306,289,280,286,272,243,319,181,191,224,249,317,279,268,242,261,227,199,282,418,450,476,411,387,277,239,373,262,425,448,358,407,438,474,417,408,299,262,381,283,425,440,375,390,421,459,415,421,315,280,381,297,418,424,384,366,396,438,404,424,324,291,373,305,401,400,384,338,364,409,386,417,325,296,358,305,379,370,376,304,328,372,360,401,319,293,336,299,349,335,360,268,288,331,327,377,306,284,308,286,315,296,337,231,247,286,290,344,285,268,276,267,276,254,306,195,206,240,249,304,259,246,240,242,235,214,271,418,449,476,407,381,271,233,370,257,422,448,353,408,438,471,411,398,288,250,375,272,421,438,365,391,421,458,405,405,299,264,372,282,413,423,370,369,398,437,395,405,304,271,363,286,397,401,369,341,368,409,375,397,302,272,347,284,375,372,358,310,334,375,351,379,294,266,326,276,347,340,341,276,298,337,320,356,279,254,299,262,314,304,318,241,260,295,286,325,259,239,269,242,278,265,290,206,222,254,248,289,233,217,236,219,241,227,256,418,449,473,403,373,263,225,366,250,420,447,346,408,438,467,403,383,274,237,367,260,416,438,353,391,421,454,396,387,279,244,362,264,405,422,354,369,398,432,382,382,279,246,350,264,390,400,348,344,370,405,363,372,274,243,334,258,368,373,336,314,339,374,337,354,264,235,312,248,340,342,318,282,304,338,309,330,247,223,287,233,310,308,296,250,269,301,276,302,229,206,258,214,277,273,269,218,234,262,244,269,204,187,227,193,243,238,239,418,448,471,398,365,254,217,361,242,416,446,339,407,438,462,393,367,258,221,357,245,409,436,339,391,420,447,382,363,256,222,349,244,397,420,334,369,397,426,367,355,252,218,335,238,380,397,325,344,370,399,345,340,242,212,317,229,357,371,310,316,340,369,322,323,231,202,296,218,331,342,292,285,307,336,293,299,215,189,271,202,302,309,269,254,273,300,265,274,197,175,244,186,271,276,245,224,240,265,234,245,177,157,217,167,240,243,219,417,448,468,392,355,245,208,355,234,412,444,331,407,436,457,382,349,240,204,347,229,401,433,324,390,418,438,367,338,233,198,334,221,387,416,313,368,394,416,348,324,223,190,318,212,367,393,298,343,367,388,326,308,211,180,298,200,343,366,282,315,338,358,301,287,197,170,276,188,317,337,262,285,306,327,275,266,182,157,252,173,289,306,241,254,273,293,247,241,165,143,227,158,260,274,218,225,241,260,219,218,149,129,202,141,231,242,196,417,447,465,386,345,236,199,350,225,408,443,323,405,434,450,371,330,222,187,336,213,394,430,308,388,415,429,350,312,208,175,319,200,375,409,290,365,390,403,328,292,194,162,299,186,352,386,271,339,361,374,304,271,179,150,277,172,327,358,250,311,331,342,278,250,164,138,254,158,300,328,231,281,300,311,250,229,151,127,231,144,272,297,210,250,268,279,225,209,136,114,208,131,244,266,190,221,236,248,200,188,123,104,185,118,217,235,170,417,446,462,381,335,227,190,345,218,404,442,315,404,432,444,360,311,206,171,326,198,387,426,292,386,411,419,334,285,185,152,304,178,363,405,268,361,384,388,307,259,165,136,280,161,336,378,244,333,353,356,279,235,149,123,254,145,308,347,221,303,321,322,252,212,135,111,231,131,279,315,200,273,288,290,225,193,122,102,209,120,250,284,180,243,257,259,202,175,111,92,187,108,225,252,163,215,227,231,180,157,100,84,167,98,200,224,146,417,446,459,376,327,220,183,340,211,401,441,308,404,430,438,350,294,191,156,317,184,380,424,278,384,408,408,319,259,163,132,289,159,352,400,247,358,378,373,286,225,140,112,261,138,320,369,217,327,343,335,252,198,123,100,234,122,287,335,191,294,308,298,224,176,110,91,209,110,256,300,170,261,273,264,199,158,100,83,187,100,227,266,152,231,241,234,177,144,91,78,167,92,202,236,138,204,212,208,159,131,85,72,150,84,180,208,125,417,446,458,373,320,214,177,337,204,399,440,302,404,430,433,342,279,178,144,309,173,374,422,267,383,405,401,306,237,145,113,278,143,342,396,229,356,374,361,267,196,117,94,245,118,306,363,194,322,336,316,229,164,101,85,215,104,268,325,165,285,294,273,196,143,93,80,189,96,233,284,144,248,254,236,173,129,87,76,167,89,202,246,130,216,221,206,154,120,82,72,149,84,180,215,119,190,195,184,140,111,77,67,135,78,161,189,109,417,446,455,371,316,210,173,334,202,397,438,299,404,430,430,338,270,170,136,304,166,371,421,259,383,405,396,298,220,130,101,270,130,337,395,216,356,374,354,254,171,100,86,235,106,298,362,175,322,336,306,208,134,94,83,204,97,254,321,145,284,291,252,170,119,90,80,177,92,214,276,126,241,243,204,149,112,85,76,153,87,181,229,115,200,202,179,136,107,81,72,136,82,160,194,108,177,178,162,127,102,76,67,124,77,145,172,102,417,446,455,370,314,209,172,334,200,397,438,298,404,430,430,337,266,167,133,302,163,370,421,256,384,407,395,296,213,125,97,267,125,336,395,211,356,375,352,250,159,97,86,231,103,295,361,169,323,337,304,202,120,94,83,200,96,249,321,138,284,293,250,150,115,90,80,174,92,209,275,119,242,244,193,137,111,85,76,150,87,174,225,111,197,196,164,130,106,81,72,131,82,152,186,106,171,172,151,122,101,76,67,120,77,139,165,100]}