{"c":"82361","n":"大牟田","la":33.00666666666667,"lo":130.46666666666667,"e":40,"t":[5.4,6.5,9.7,14.8,19.2,22.8,26.6,27.5,24.0,18.3,12.7,7.5],"s":[0,0,0,0,0,0,0,0,0,0,0,0],"i":[430,494,520,442,396,296,263,399,289,448,482,378,418,480,516,454,425,328,298,411,321,450,472,401,398,457,500,454,444,353,326,413,345,443,451,417,371,426,474,445,451,368,346,408,361,426,424,422,338,387,438,425,449,375,358,393,368,401,388,417,299,340,394,396,436,373,360,370,366,368,344,401,257,289,341,359,411,361,353,339,355,328,296,377,213,236,283,314,377,340,338,301,336,281,244,344,170,183,223,263,335,312,314,259,308,231,192,303,430,494,520,441,395,295,261,398,288,447,482,377,419,480,515,451,422,325,294,409,318,450,471,400,399,459,501,451,438,348,321,412,341,443,453,413,373,428,475,442,446,363,339,405,355,426,425,417,339,389,440,422,442,369,350,391,361,401,389,411,302,344,397,394,428,365,351,367,359,368,348,396,261,294,346,357,403,353,344,337,347,329,300,371,218,243,291,314,369,332,328,300,327,284,250,338,177,193,233,265,327,303,304,259,300,236,200,298,430,494,518,438,390,291,256,396,284,446,480,373,419,480,514,447,413,317,285,405,310,447,472,393,400,459,500,446,429,336,307,405,329,440,454,404,375,430,476,434,434,347,322,399,340,424,426,405,344,395,443,415,428,350,329,384,343,400,394,398,309,354,401,387,413,344,328,361,338,368,355,381,270,308,357,352,388,330,319,331,325,331,312,357,231,261,306,311,355,309,301,296,305,289,266,325,194,216,254,266,313,280,277,258,277,246,221,287,430,494,516,434,384,284,249,392,277,443,480,367,420,482,512,440,403,304,271,398,297,443,471,382,401,461,497,436,413,318,288,397,311,434,453,389,378,434,475,424,415,325,298,388,318,419,429,388,349,401,444,404,407,324,300,372,318,395,398,378,316,362,407,377,390,315,296,350,311,366,362,361,281,322,365,344,367,300,284,322,296,331,323,337,245,279,319,307,335,279,267,289,276,293,281,307,209,237,273,265,298,250,244,254,250,252,240,271,430,493,514,429,376,275,240,387,269,440,479,360,420,482,508,430,387,288,254,389,282,437,470,369,401,462,493,424,393,295,264,385,289,426,453,371,380,436,470,409,389,296,268,374,292,409,429,365,353,405,442,389,380,292,267,357,288,388,400,354,322,370,408,362,362,281,259,335,278,359,366,335,289,331,369,332,339,265,246,308,263,327,329,312,254,292,328,297,311,245,229,278,243,292,292,284,222,254,285,262,277,220,208,246,220,256,254,252,430,493,511,424,367,265,229,381,260,436,478,352,420,480,501,418,370,270,235,379,264,430,467,353,403,461,486,408,368,269,238,370,265,417,450,348,380,436,463,392,361,265,235,356,261,399,426,339,354,405,434,369,347,256,229,338,254,376,398,324,325,373,403,344,329,245,220,316,242,349,367,306,293,337,366,314,306,227,206,290,227,318,332,283,261,299,327,284,281,210,191,262,209,286,296,258,229,263,290,250,252,188,173,233,189,252,261,229,430,492,508,417,356,254,219,375,249,432,476,343,419,479,495,405,350,250,215,367,245,422,463,335,401,459,476,390,340,242,209,354,238,405,446,324,379,433,451,371,327,231,202,337,229,385,421,310,353,403,422,347,311,221,192,316,218,361,393,293,324,370,390,320,290,206,181,293,206,333,362,272,294,336,356,293,271,191,168,269,190,304,329,252,262,300,320,263,246,174,154,242,175,274,294,227,231,264,283,234,223,157,139,216,157,243,260,204,430,491,504,409,345,245,209,369,239,426,475,333,418,476,488,393,330,229,195,354,225,413,461,317,399,455,465,371,312,214,181,336,212,392,440,299,376,426,437,347,292,199,168,314,197,368,413,279,349,396,405,321,271,184,156,292,183,341,383,259,320,362,371,293,252,169,144,268,169,313,351,238,289,328,337,265,229,155,132,244,155,285,318,217,258,293,304,239,210,140,120,220,142,256,285,196,227,259,270,212,189,127,109,196,128,227,252,176,430,491,500,404,335,235,198,363,229,423,474,324,417,475,480,380,309,211,175,342,206,404,457,300,397,450,451,352,282,188,155,318,185,378,433,274,372,420,419,322,256,167,137,292,166,350,404,248,343,385,383,292,231,149,123,266,150,320,370,224,311,349,346,263,209,135,111,241,136,289,336,202,280,313,311,236,190,122,101,217,124,260,302,183,249,279,278,210,173,111,92,195,112,233,269,165,220,247,248,188,155,101,84,174,103,208,238,148,430,490,498,398,326,225,189,357,221,419,472,317,416,473,473,368,290,193,158,331,190,396,454,284,395,446,438,334,254,163,130,301,161,365,426,250,367,412,400,297,220,138,109,270,138,331,393,218,335,373,358,261,191,119,95,240,120,296,355,191,300,332,317,229,169,106,85,214,108,263,316,168,266,293,280,202,152,96,78,190,98,233,280,150,235,258,248,181,138,88,73,170,91,206,247,136,206,227,219,162,126,82,68,152,84,185,218,123,430,490,495,394,318,219,182,353,214,417,472,311,416,472,467,360,275,179,143,322,176,389,451,271,394,444,430,319,229,142,109,287,140,354,423,229,365,407,384,275,187,112,86,250,112,315,386,191,330,363,334,231,153,94,76,218,97,273,342,160,289,314,285,197,132,86,72,190,89,235,296,138,250,269,244,171,119,81,68,166,83,204,254,124,217,231,213,153,111,77,65,148,78,180,221,113,190,204,190,139,103,73,62,134,74,161,195,105,430,491,494,392,313,214,177,351,209,415,471,306,417,473,463,354,264,169,133,316,166,385,451,262,395,445,425,309,211,125,93,277,124,348,422,215,366,408,377,259,159,91,76,239,97,305,384,170,330,363,321,208,119,85,74,204,87,258,338,137,289,312,259,165,104,82,71,175,83,214,287,117,243,254,206,143,99,79,68,150,80,179,235,107,200,208,178,131,96,76,65,132,76,157,195,101,175,182,161,122,92,72,62,121,72,143,172,95,430,491,493,391,312,213,176,350,208,413,471,305,417,474,463,353,259,166,129,314,162,384,451,259,396,447,423,307,202,118,88,274,119,346,422,210,367,409,374,256,145,87,76,235,93,302,384,163,331,366,318,200,104,85,74,200,86,252,338,129,290,315,256,142,101,82,71,171,83,206,287,108,244,258,191,128,98,79,68,146,80,170,231,102,196,200,159,122,95,76,65,126,76,147,185,97,169,175,146,115,91,72,62,115,72,135,164,93]}