{"c":"83121","n":"杵築","la":33.416666666666664,"lo":131.59666666666666,"e":5,"t":[5.0,5.6,8.6,13.4,17.7,21.4,25.2,26.2,23.1,17.6,12.3,7.3],"s":[0,0,0,0,0,0,0,0,0,0,0,0],"i":[450,500,515,407,372,283,260,396,289,451,488,354,437,487,511,417,398,312,295,407,321,454,479,376,417,463,497,417,415,335,323,409,345,447,459,389,388,432,471,408,422,350,344,404,362,430,430,393,352,392,436,390,419,356,355,389,369,405,394,388,312,345,392,364,405,353,358,366,367,372,350,374,267,294,341,330,383,342,352,335,357,332,300,352,220,240,284,290,352,323,337,298,338,285,248,322,175,186,224,245,312,296,313,256,310,235,195,284,450,500,515,405,371,281,258,395,287,451,488,353,438,487,511,415,396,310,292,405,318,453,479,373,417,465,497,415,411,331,319,408,341,446,459,386,389,434,473,405,417,345,337,401,356,430,432,389,354,394,438,388,413,350,348,387,362,405,395,384,315,349,395,362,399,347,350,363,359,372,353,369,271,298,346,329,377,335,343,333,348,332,305,347,225,247,291,290,345,316,327,297,328,287,254,317,182,196,234,246,306,289,304,256,301,239,204,280,450,500,514,404,367,277,254,392,283,449,488,350,438,487,509,411,389,302,283,401,309,451,479,367,419,467,497,409,401,320,305,403,328,444,461,377,392,437,473,399,405,331,321,395,340,426,434,379,360,401,441,381,400,333,328,380,343,404,401,372,322,359,400,356,386,328,327,357,338,372,360,356,282,313,356,324,363,314,318,328,325,335,317,334,241,265,306,287,332,294,302,293,305,293,271,304,200,219,254,246,294,267,278,254,277,249,225,269,450,500,512,401,362,271,246,389,276,447,488,344,438,488,508,405,379,290,269,395,296,447,478,358,420,467,494,401,387,303,286,393,310,438,459,364,396,441,472,390,389,309,296,385,317,423,436,363,365,407,442,371,381,309,299,368,317,399,404,354,331,368,405,347,365,300,295,346,310,370,368,338,294,327,364,317,343,286,284,318,295,335,328,315,254,283,319,283,314,266,267,286,274,297,286,287,218,240,273,246,279,240,244,250,248,257,244,254,450,499,509,396,354,263,237,384,268,443,486,338,438,488,504,396,365,275,252,386,281,441,476,346,421,468,490,390,369,282,262,381,288,430,459,347,398,442,467,377,366,283,266,370,290,413,436,342,369,411,440,359,356,279,266,354,286,392,407,331,337,375,405,334,340,269,259,331,276,363,372,314,302,336,367,306,318,252,246,305,261,331,335,292,267,297,327,274,291,234,229,275,241,296,297,266,231,258,284,241,260,211,209,243,217,259,258,237,450,499,505,391,346,254,227,378,258,438,484,330,438,487,498,386,349,258,233,375,262,434,475,331,421,467,483,377,346,258,236,367,263,421,457,327,398,442,459,361,339,254,234,353,259,403,433,318,371,412,432,341,326,245,227,335,250,380,405,304,340,379,401,318,310,234,220,313,239,353,373,287,307,342,364,290,288,219,206,287,224,322,338,266,274,304,327,262,264,200,191,260,206,290,301,242,240,267,289,231,237,181,173,231,185,256,266,216,450,498,503,385,336,244,217,372,248,434,484,322,438,484,491,375,331,239,213,364,243,425,471,315,420,465,473,361,321,231,206,351,236,409,453,305,396,438,449,343,309,222,200,334,227,388,428,292,369,408,420,321,294,212,191,313,215,364,399,276,340,376,388,297,275,198,180,291,202,337,368,256,308,341,354,271,254,184,168,267,187,308,334,237,274,304,318,244,231,167,154,240,171,277,299,214,243,269,283,217,210,151,139,214,154,246,265,193,450,497,499,380,326,234,206,366,238,430,482,313,437,483,484,364,312,220,193,351,224,416,468,299,417,459,461,344,295,206,179,333,209,395,446,282,393,432,434,322,276,192,166,312,194,371,420,264,365,401,401,298,258,177,155,290,180,344,389,245,334,367,369,273,239,163,143,266,166,316,357,225,302,333,336,247,219,150,131,242,152,288,324,204,270,298,302,223,200,136,119,218,138,259,290,186,239,263,269,198,180,123,109,195,125,231,257,167,449,496,496,374,317,225,196,360,227,426,480,305,436,480,476,353,293,202,173,339,204,405,463,283,415,455,448,328,269,181,153,316,183,381,440,259,388,425,415,301,244,161,136,290,163,352,409,235,358,390,380,273,221,145,122,264,147,322,376,213,325,354,344,247,200,132,110,240,133,292,341,193,292,317,309,222,183,119,100,216,121,263,306,175,260,283,277,198,166,108,91,194,109,236,273,157,229,250,247,177,150,98,84,174,100,210,242,142,449,496,493,369,309,217,186,355,219,422,479,298,434,478,468,343,276,186,155,329,188,398,461,268,413,451,434,312,243,158,128,299,158,367,433,238,383,416,397,279,212,134,107,269,135,333,399,209,349,377,355,247,185,117,94,240,118,298,360,183,312,336,314,218,164,104,84,213,105,265,321,162,277,297,278,194,148,95,78,190,96,235,284,146,245,261,247,173,135,87,73,170,88,209,250,132,216,229,219,155,123,81,68,152,82,187,222,120,449,496,491,365,302,210,179,351,212,419,479,292,434,476,463,335,262,173,141,320,174,391,458,256,412,449,426,299,220,138,107,285,138,356,429,219,381,411,381,260,182,110,84,250,110,316,391,184,343,366,331,222,151,94,75,218,95,275,346,156,300,317,283,190,131,86,71,190,87,236,300,136,259,271,243,167,119,81,68,167,82,206,258,122,225,235,213,149,111,77,65,149,77,182,224,112,197,206,190,135,103,72,62,134,73,163,197,103,449,496,488,363,297,206,175,348,208,417,478,289,434,478,459,330,252,164,130,314,164,387,458,248,412,449,421,291,204,122,91,276,122,350,426,204,381,412,373,246,156,91,75,238,95,306,388,165,343,366,317,200,121,86,73,204,86,258,342,136,299,313,257,163,107,82,70,176,82,214,290,118,250,256,204,143,102,79,68,151,79,179,237,108,206,209,178,131,97,75,65,133,75,158,198,101,180,183,161,122,93,71,62,121,72,144,175,95,450,496,488,363,296,204,173,347,206,417,478,288,434,479,458,329,248,160,127,312,160,386,457,246,413,450,418,288,197,115,86,273,115,347,426,200,382,413,370,243,144,88,75,235,91,302,388,158,344,368,314,194,108,86,73,202,85,252,342,129,300,315,252,142,104,82,70,172,82,206,289,109,250,258,188,131,100,79,68,146,79,170,231,103,200,200,158,124,96,75,65,127,75,147,186,98,173,176,146,117,92,71,62,117,72,136,165,93]}