{"c":"83137","n":"日田","la":33.321666666666665,"lo":130.92833333333334,"e":83,"t":[3.9,5.2,8.8,14.3,19.0,22.8,26.6,27.1,23.3,17.1,11.2,5.9],"s":[1,0,0,0,0,0,0,0,0,0,0,0],"i":[426,454,474,392,373,266,231,371,261,428,451,344,415,443,470,400,396,290,258,380,285,429,443,362,396,423,457,399,411,309,278,381,303,422,425,373,371,396,434,390,416,320,292,374,313,405,400,375,339,362,403,373,412,324,299,359,317,382,368,369,302,322,364,348,398,320,299,337,313,351,329,355,261,277,319,316,375,309,292,309,303,313,286,333,219,231,268,278,344,291,278,275,285,271,239,304,177,184,215,236,305,266,257,237,261,224,192,269,426,454,474,392,371,265,229,370,260,426,451,342,416,443,470,398,394,288,254,379,283,429,443,360,397,424,457,397,407,306,274,379,299,421,426,370,372,397,434,388,411,316,287,372,309,405,401,372,340,363,404,371,405,319,293,357,312,382,369,365,304,324,366,346,392,315,292,335,307,351,331,351,264,281,322,314,369,303,285,307,296,314,289,328,223,236,273,277,337,285,270,274,278,273,244,300,183,192,223,236,299,260,250,237,254,227,199,265,426,454,473,389,368,261,227,368,256,426,451,339,416,443,469,395,387,282,248,375,276,426,442,355,398,425,455,392,398,296,264,374,290,419,426,362,373,399,434,382,400,304,274,366,297,403,401,362,344,367,405,365,393,304,278,351,297,381,372,354,310,331,369,340,378,298,275,329,291,350,337,339,273,290,329,309,355,285,266,302,278,316,297,316,235,249,284,275,324,266,250,270,260,277,256,288,198,209,238,236,287,241,229,235,236,236,215,254,426,453,471,386,362,256,221,365,250,424,450,335,416,443,467,389,377,271,238,369,266,423,442,346,399,425,453,385,384,281,250,366,276,413,426,350,376,401,433,374,384,286,256,357,279,399,403,348,347,371,405,355,375,283,256,341,277,376,375,338,315,337,372,331,358,275,250,320,268,348,341,321,281,300,334,302,336,260,240,294,254,315,305,300,246,262,293,270,306,242,224,263,236,279,267,273,211,224,252,234,272,218,204,231,213,242,229,241,426,453,469,383,356,249,215,361,245,421,449,329,416,442,463,382,364,259,225,362,254,418,441,335,399,425,450,375,367,263,231,356,258,407,424,335,377,401,428,361,362,262,233,345,258,391,401,329,350,374,403,343,352,258,229,329,252,369,376,317,320,342,371,319,334,247,222,307,242,342,344,300,288,306,336,292,312,231,210,282,227,311,310,279,254,271,299,261,285,214,195,254,209,278,275,252,222,236,260,229,254,192,176,224,188,244,239,225,426,451,467,378,348,241,206,356,237,417,448,322,416,441,458,373,349,244,210,353,240,411,438,322,399,424,443,363,346,242,211,344,238,399,422,317,377,401,422,348,337,238,206,330,233,381,400,308,351,373,395,327,323,229,200,312,225,358,373,293,322,343,366,305,306,218,192,291,213,332,344,276,291,310,333,278,283,202,179,267,198,303,311,254,259,276,298,250,259,185,165,241,182,272,277,231,227,243,263,221,231,167,149,214,163,241,245,206,426,451,463,373,339,233,199,351,229,413,447,315,415,440,451,363,333,227,195,343,225,404,436,308,398,421,434,349,322,221,189,330,217,388,418,297,375,398,412,331,309,211,182,314,208,368,395,284,350,370,385,310,293,200,172,294,196,345,368,268,321,340,355,286,273,187,162,273,184,319,339,248,291,309,324,261,252,173,149,249,169,290,308,229,260,276,291,234,229,156,137,224,155,261,275,206,229,243,257,208,206,141,123,200,138,231,243,185,425,451,461,368,329,225,191,346,221,409,446,307,413,438,446,353,315,212,179,333,209,396,433,293,395,418,425,334,298,198,168,316,196,377,413,277,372,393,400,313,279,185,155,296,183,353,388,259,346,364,371,290,259,171,145,274,169,328,360,240,317,334,339,265,240,157,133,252,156,301,330,221,287,302,308,240,219,144,122,229,142,273,299,200,256,270,277,216,199,130,111,206,129,245,268,182,225,238,246,192,179,117,100,183,115,218,237,163,425,450,458,363,321,217,183,341,214,405,444,300,413,436,440,343,298,197,164,323,195,388,429,279,393,413,415,319,273,177,147,301,176,364,408,257,368,387,385,294,249,159,132,277,159,337,380,234,340,356,353,267,225,144,120,254,144,309,349,212,309,323,320,242,204,130,108,229,130,280,317,192,278,290,287,217,186,118,99,206,118,252,285,174,248,259,257,194,169,107,90,186,107,225,254,157,219,229,229,173,151,97,82,166,97,200,225,141,425,450,455,358,313,210,176,337,206,403,443,294,412,434,434,334,282,183,151,314,182,381,426,267,391,411,405,306,250,158,128,288,157,353,401,238,364,381,370,275,219,136,111,260,137,321,372,210,333,346,333,245,193,120,99,233,121,288,337,186,299,310,296,217,171,108,90,208,109,257,301,165,266,275,263,193,154,98,82,186,100,229,268,149,235,242,233,172,140,90,77,167,92,204,237,134,206,214,206,154,128,83,71,149,84,181,209,122,425,449,453,355,307,204,171,333,202,400,443,289,412,433,429,328,269,172,140,307,171,375,425,256,390,409,397,294,229,141,112,276,141,344,399,221,362,377,358,258,192,115,94,245,118,307,366,189,328,338,314,223,161,100,85,215,104,269,327,162,289,296,271,192,141,93,80,189,96,233,285,142,250,256,234,170,128,87,76,167,90,204,247,128,219,222,206,152,119,81,71,149,84,180,216,117,192,196,183,138,110,76,67,135,78,162,190,108,425,450,451,353,303,200,167,331,199,399,442,286,412,434,426,323,260,164,132,302,164,372,424,249,391,409,393,287,214,127,101,269,129,338,398,210,362,377,352,247,169,100,87,235,106,298,364,172,328,338,304,204,134,94,84,204,97,254,323,144,288,293,250,169,120,90,80,178,92,215,277,126,244,244,204,149,112,85,76,154,88,182,231,115,202,202,179,136,107,81,71,137,82,160,195,108,178,178,161,126,101,76,67,124,77,146,173,101,425,450,451,353,301,200,166,331,197,398,442,285,412,434,426,322,257,161,130,301,161,371,424,247,391,409,392,286,208,123,97,266,125,336,398,204,363,378,350,244,158,97,87,231,103,296,363,166,328,339,301,199,122,94,84,202,96,250,323,138,289,294,248,151,117,90,80,174,92,209,277,119,245,246,192,139,112,85,76,150,88,174,227,112,199,197,164,130,106,81,71,132,82,152,186,106,173,173,150,122,101,76,67,120,77,139,165,100]}