{"c":"83191","n":"玖珠","la":33.26833333333333,"lo":131.16333333333333,"e":346,"t":[2.4,3.6,7.2,12.8,17.6,21.5,25.2,25.5,21.6,15.4,9.6,4.4],"s":[2,0,0,0,0,0,0,0,0,0,0,0],"i":[421,446,459,375,362,269,239,366,264,424,442,336,409,434,455,382,384,295,267,375,289,426,433,354,392,416,442,381,398,314,288,377,307,419,417,364,366,389,421,372,401,325,303,370,318,403,392,367,335,356,391,355,398,329,311,356,322,379,361,361,299,317,353,331,384,326,311,334,318,348,323,347,259,273,310,301,362,315,304,306,308,311,281,326,217,227,261,266,332,296,290,273,290,268,236,298,176,183,211,225,294,271,269,235,265,223,190,264,421,446,459,375,361,268,238,366,263,424,442,335,409,434,455,381,382,293,264,374,286,425,433,352,392,416,443,379,394,310,285,375,303,418,417,361,367,390,421,370,398,321,298,368,313,403,393,363,336,357,391,353,393,324,305,353,316,379,362,357,301,319,355,329,378,320,305,332,312,348,325,342,262,277,313,299,356,308,297,304,301,312,284,321,222,233,266,265,325,289,282,272,282,271,240,293,182,190,218,225,288,264,261,235,258,227,197,259,421,445,458,373,358,265,234,364,259,422,442,332,409,434,454,377,376,286,257,371,279,423,433,346,393,417,442,375,386,301,274,370,293,415,417,354,369,392,421,364,388,309,285,362,301,400,394,354,340,361,393,347,381,309,289,347,302,377,365,346,306,325,358,324,366,303,287,326,296,348,330,331,270,286,319,295,343,290,277,299,283,313,292,309,233,246,276,262,313,271,262,268,264,274,250,282,196,206,231,225,277,245,240,233,240,234,211,249,421,445,457,370,353,259,229,361,254,420,441,327,411,434,451,372,367,275,246,365,269,419,433,338,394,417,438,367,373,286,259,362,279,411,417,342,371,394,419,356,372,290,265,353,283,395,395,340,343,365,392,339,363,288,266,337,281,372,367,330,312,331,360,316,346,279,261,317,272,345,334,314,278,295,324,288,325,265,250,290,259,312,299,292,243,258,284,257,296,246,234,261,240,277,262,266,209,220,245,224,263,221,213,229,216,240,225,236,421,445,455,367,346,252,221,357,248,417,440,322,411,434,449,365,354,262,233,357,257,413,430,327,394,417,434,359,356,267,239,352,261,404,415,327,372,394,415,345,351,266,241,341,261,388,394,321,346,367,390,328,341,262,238,325,256,366,368,310,316,336,359,304,324,250,231,303,245,339,337,293,284,301,325,279,301,236,218,279,231,309,304,272,252,267,289,249,275,218,202,250,212,276,269,248,219,231,252,220,245,196,183,222,191,242,234,220,421,444,451,362,339,244,213,352,240,413,438,315,409,433,444,357,340,247,217,348,242,408,429,315,394,416,429,348,336,246,218,340,241,396,413,310,372,393,409,333,328,241,214,326,236,378,391,301,347,367,383,313,314,231,208,309,227,356,365,286,318,337,354,291,297,221,199,288,216,330,337,270,287,305,322,265,275,206,186,264,200,300,305,248,256,271,288,239,250,188,171,238,184,270,272,225,225,238,254,211,224,169,154,211,165,239,240,202,420,443,449,358,330,236,204,347,231,409,438,308,409,432,438,348,324,231,200,339,227,400,426,301,392,413,422,335,314,224,195,326,220,385,409,291,370,391,400,318,301,214,187,310,211,365,387,277,345,364,373,297,285,202,177,291,199,342,361,262,317,334,344,274,265,189,167,269,186,316,332,243,287,303,314,250,246,175,154,246,171,288,302,224,256,271,281,225,222,159,141,222,157,259,269,202,227,239,249,200,200,143,127,197,140,229,238,181,420,443,447,353,322,227,196,342,224,405,436,301,408,430,433,339,308,214,184,329,212,393,424,287,390,411,413,321,291,200,172,312,198,374,404,271,368,386,388,301,272,187,160,292,184,351,381,254,341,358,360,279,252,173,148,271,171,325,353,235,313,328,329,254,234,159,137,249,157,299,323,216,283,297,299,231,213,146,125,225,144,271,293,197,252,265,269,208,194,131,113,204,130,244,262,178,223,234,238,185,174,119,103,181,117,217,231,159,420,442,444,348,313,219,187,337,216,403,434,294,407,428,426,330,292,199,168,319,197,385,421,273,388,407,403,308,268,179,150,298,177,362,399,252,364,380,374,284,244,161,135,274,160,335,373,229,336,350,343,259,221,145,122,250,145,307,343,208,305,318,311,234,200,132,110,227,131,278,311,189,275,286,279,211,182,119,101,204,119,250,280,171,245,254,250,188,165,108,92,184,108,224,250,154,216,225,223,168,148,98,84,164,98,200,221,138,419,441,442,345,306,212,180,333,209,399,434,288,407,426,421,322,277,185,154,310,183,378,418,261,386,404,393,296,246,159,130,284,158,350,394,234,360,374,360,267,216,137,112,257,138,319,365,206,329,340,324,238,190,121,100,231,122,287,331,183,295,305,289,212,169,108,90,206,110,256,296,163,263,271,256,188,153,99,83,184,100,227,263,147,233,239,227,169,139,90,77,165,92,202,233,133,204,211,202,151,126,83,71,148,85,180,206,120,419,441,440,342,300,206,175,329,204,397,434,283,405,426,417,316,264,173,143,303,172,372,416,250,386,401,386,286,225,142,113,273,142,341,391,218,358,371,349,252,190,115,94,242,118,305,359,186,324,333,307,218,161,101,85,213,104,267,321,160,286,292,265,189,141,93,80,188,96,231,281,141,249,252,229,168,128,87,76,166,90,202,244,127,217,220,202,150,119,82,71,149,84,180,213,117,191,194,180,136,109,77,67,134,79,161,188,107,419,441,438,340,296,202,171,327,200,396,433,280,405,426,415,312,256,165,134,298,165,369,416,244,386,401,383,279,212,128,101,266,130,336,390,206,358,371,343,241,168,100,87,233,106,297,357,170,324,333,297,202,135,94,84,202,97,254,318,144,285,289,247,169,121,90,80,177,92,214,274,126,242,242,202,149,113,85,76,153,88,181,229,115,202,202,177,136,108,81,71,136,83,160,194,108,177,177,160,126,102,76,67,124,77,145,172,101,420,442,438,340,295,202,169,326,199,395,433,279,407,426,413,311,252,163,131,297,162,368,416,242,386,403,381,277,206,123,97,263,125,334,390,202,358,371,341,239,158,97,87,229,103,294,357,165,325,334,295,197,123,94,84,200,97,249,318,138,286,290,244,152,119,90,80,174,92,208,273,120,243,243,190,140,112,85,76,150,88,174,225,112,198,195,163,131,107,81,71,131,83,152,185,106,172,172,150,122,101,76,67,120,77,139,164,100]}