{"c":"83201","n":"湯布院","la":33.25333333333333,"lo":131.34666666666666,"e":435,"t":[2.0,3.0,6.4,11.8,16.5,20.3,24.0,24.2,20.5,14.5,9.1,4.0],"s":[1,0,0,0,0,0,0,0,0,0,0,0],"i":[409,430,433,351,330,258,231,353,252,421,425,313,399,420,430,357,350,283,259,361,276,422,416,330,381,401,417,356,362,301,281,362,294,415,400,340,356,376,397,347,366,313,296,356,305,400,376,342,325,344,369,331,361,317,304,342,309,376,346,336,289,306,334,309,349,313,305,321,306,345,310,324,250,264,293,281,328,302,299,294,296,307,269,304,209,220,248,248,301,285,285,262,279,265,225,278,168,176,200,211,267,260,264,225,256,219,182,246,409,430,433,350,329,257,229,352,250,420,425,312,399,421,429,356,348,281,256,360,274,422,416,328,381,403,417,354,359,298,277,361,290,413,400,337,357,377,397,345,362,308,291,354,301,399,377,338,326,345,369,330,357,312,298,340,304,375,347,333,291,308,335,307,344,308,298,319,300,344,312,319,252,267,296,279,323,296,291,292,289,308,272,300,213,225,252,247,295,278,277,261,272,267,229,274,175,183,206,211,262,254,257,225,248,223,188,242,409,430,432,348,326,254,225,350,247,419,424,310,399,421,429,353,343,274,249,356,267,420,416,323,382,403,417,350,352,289,267,356,281,412,401,330,359,379,397,340,353,296,278,348,288,396,378,330,330,349,371,325,346,297,282,334,290,374,350,323,297,314,338,303,332,291,280,313,284,344,316,309,261,276,301,275,312,279,272,288,272,310,280,288,225,237,261,245,284,260,257,257,254,271,241,263,189,199,220,210,250,236,236,224,229,231,202,233,409,430,430,346,322,249,220,347,242,417,424,306,400,421,426,348,334,264,238,351,257,416,416,315,383,404,413,343,340,274,250,348,267,408,400,319,361,381,396,333,339,279,258,340,271,392,379,317,334,353,370,316,331,277,259,325,269,369,352,308,303,320,340,295,315,268,254,304,261,342,321,293,270,285,305,269,295,254,244,279,248,310,287,273,236,249,268,240,269,236,229,250,229,275,250,249,202,213,231,209,239,213,209,220,208,238,215,220,409,430,429,343,316,242,213,343,236,413,423,300,400,420,423,342,323,252,225,344,245,411,413,306,383,404,411,335,325,256,231,339,249,401,399,306,362,381,391,323,320,256,234,328,250,385,378,300,337,355,368,306,310,250,231,313,245,363,353,289,307,325,338,285,295,242,225,292,235,336,323,274,276,292,307,261,274,227,213,268,221,307,292,254,245,258,273,233,250,209,198,242,204,274,259,231,213,225,238,206,223,188,179,213,183,240,225,206,409,430,426,339,309,234,204,339,227,411,422,294,400,419,419,334,311,237,209,336,231,405,413,294,383,403,405,325,307,236,210,327,229,392,397,289,362,381,386,311,299,231,208,314,225,375,376,281,338,355,361,293,286,223,202,297,218,353,351,267,310,326,334,273,271,212,193,277,206,328,323,252,280,295,304,248,250,198,180,254,193,299,293,231,250,262,272,224,229,181,167,229,177,269,261,211,219,231,240,198,204,163,150,204,158,238,229,188,409,429,424,335,302,225,197,334,220,407,421,287,399,418,413,326,296,221,193,326,216,397,409,281,382,400,398,313,287,215,187,314,209,382,394,272,361,378,377,297,275,204,180,299,200,363,372,259,336,352,352,278,260,195,171,280,189,340,347,244,309,324,325,257,242,182,161,260,178,314,319,227,280,294,296,234,225,168,149,237,164,287,290,209,250,262,265,210,202,152,137,214,150,258,259,189,221,231,235,187,183,138,123,190,134,229,229,169,409,428,422,330,294,218,188,329,212,403,420,281,398,416,409,317,281,204,176,316,200,389,408,268,380,397,390,301,266,192,165,300,188,371,389,252,358,373,366,282,249,179,153,281,175,348,366,237,333,346,340,261,231,166,142,261,163,323,340,220,305,317,311,239,215,152,131,240,149,296,311,202,276,288,283,216,196,140,120,218,137,269,282,184,246,257,254,195,178,126,109,196,124,242,252,166,218,227,225,173,160,113,99,175,112,215,223,149,409,428,419,326,287,210,179,324,204,399,418,274,397,413,403,309,267,190,161,307,186,381,405,256,378,394,381,289,246,171,143,286,168,358,384,235,354,368,354,266,224,154,128,264,151,332,359,215,327,339,324,243,204,139,114,241,137,304,330,195,297,308,294,220,184,126,104,219,124,275,300,177,267,277,265,198,168,113,96,198,112,248,269,160,238,247,237,177,152,103,87,177,102,222,241,144,210,218,211,158,137,94,80,158,93,198,213,129,409,426,417,323,280,202,172,320,198,396,417,269,396,413,398,302,254,177,146,298,173,374,401,244,376,391,372,277,225,152,123,273,149,347,380,218,350,362,341,250,199,131,105,247,129,315,351,194,320,329,307,224,176,114,93,222,113,283,319,171,287,295,274,199,157,103,84,198,103,252,285,153,256,262,244,177,141,94,78,177,94,224,254,138,225,231,216,159,128,86,72,159,86,200,225,124,199,204,192,142,117,80,67,142,79,178,198,112,409,426,415,320,275,197,166,317,193,393,417,264,396,412,394,296,243,165,135,292,162,369,401,235,376,389,366,268,208,135,106,263,133,337,377,204,348,359,331,236,176,111,87,233,111,301,346,174,315,322,291,206,149,96,78,204,97,264,310,150,278,282,252,178,131,88,74,180,89,227,271,133,241,244,220,158,119,82,70,159,83,199,235,120,210,213,193,142,110,78,66,142,78,176,204,110,185,187,172,128,102,73,62,128,73,158,181,101,409,426,413,318,272,194,163,315,190,392,417,261,396,412,392,293,235,158,126,287,155,365,400,229,376,389,362,262,196,122,94,256,121,332,376,193,349,359,325,227,156,95,80,224,99,293,344,159,315,322,283,190,126,89,77,195,90,250,307,135,277,280,236,159,112,85,74,170,86,209,264,119,235,233,194,141,107,81,70,147,81,176,221,110,195,194,170,129,101,77,66,130,77,156,187,102,171,171,154,119,95,72,62,118,72,141,165,95,409,426,413,318,270,193,161,314,188,391,417,260,396,413,391,292,231,155,124,286,152,364,400,225,376,390,361,260,191,117,89,252,117,330,375,189,349,359,323,224,147,92,80,221,96,290,344,155,316,323,281,185,115,89,77,193,90,244,306,130,277,281,233,144,111,85,74,167,86,202,264,112,235,234,183,132,106,81,70,144,81,169,218,106,190,188,158,124,100,77,66,126,77,147,179,100,165,165,144,115,94,72,62,114,72,135,158,94]}