{"c":"83401","n":"佐伯","la":32.96666666666667,"lo":131.90333333333334,"e":2,"t":[6.5,7.2,10.2,14.9,18.9,22.2,26.0,26.9,23.8,18.7,13.7,8.7],"s":[0,0,0,0,0,0,0,0,0,0,0,0],"i":[429,493,501,404,369,292,272,391,300,434,475,355,417,480,498,413,393,323,310,403,334,437,465,376,397,457,483,413,409,346,340,405,360,430,446,389,370,425,458,403,415,361,361,400,377,413,418,393,337,386,424,385,411,367,374,386,385,389,382,388,298,340,381,359,398,365,377,363,384,357,340,374,256,289,331,326,375,353,370,334,372,318,292,351,213,236,276,286,344,333,354,297,352,274,241,321,170,183,218,241,305,305,329,256,323,225,190,284,429,493,501,403,367,290,271,390,299,434,475,354,417,480,497,411,391,320,306,401,331,436,465,374,398,458,483,409,405,342,335,404,355,429,446,386,371,426,459,401,411,356,355,398,371,413,419,389,338,388,425,383,405,362,366,383,378,389,384,384,301,343,384,357,392,358,368,361,375,357,343,369,260,294,336,324,369,346,361,331,363,319,296,346,218,243,283,285,338,326,344,296,342,276,248,316,177,193,227,242,299,298,319,256,314,229,199,279,429,493,501,401,364,287,266,388,294,433,474,350,417,480,497,408,384,312,297,397,322,434,465,368,399,459,483,405,397,331,321,398,342,426,447,378,374,430,459,395,400,342,337,391,354,409,421,379,343,395,429,377,394,344,345,377,358,388,389,372,308,353,389,352,379,338,344,354,353,357,350,356,270,308,346,319,356,325,335,325,340,321,308,333,231,261,297,283,325,303,317,292,318,281,263,304,193,216,248,242,287,275,292,254,289,239,219,268,429,493,499,398,358,280,258,384,287,430,474,345,418,480,495,401,375,300,282,390,309,430,465,359,400,461,480,397,382,313,300,389,323,421,447,364,377,434,459,386,383,320,312,381,331,405,423,363,348,400,429,367,375,319,315,365,330,383,392,354,315,363,394,343,359,311,311,343,323,355,357,338,280,321,353,313,337,295,299,315,308,321,318,315,244,279,309,279,308,274,281,284,286,285,277,287,209,237,266,242,274,248,257,249,259,246,237,254,429,493,497,393,351,272,249,379,278,426,473,339,418,480,491,393,361,284,265,382,292,425,463,346,401,462,476,387,365,292,275,377,300,415,446,348,379,436,455,373,361,292,280,366,302,398,423,342,352,405,428,355,351,288,279,350,298,376,395,331,321,370,394,330,335,278,272,328,287,348,362,314,288,331,357,303,313,261,258,302,272,318,326,292,254,293,318,271,287,242,242,273,250,284,288,266,221,254,276,239,254,218,219,241,227,249,250,237,429,492,494,388,343,262,238,374,268,424,472,331,418,480,486,384,346,267,244,371,273,418,461,332,401,461,471,374,343,266,247,363,274,405,444,328,379,436,448,359,336,262,246,349,269,388,421,319,354,405,421,338,323,252,240,331,262,365,394,305,324,373,390,315,306,242,231,310,249,339,363,288,293,337,354,287,284,225,217,284,233,309,328,266,261,300,318,260,260,206,200,257,215,278,293,242,229,264,281,229,233,187,182,227,193,246,258,216,429,492,491,383,334,252,227,368,258,420,470,323,418,479,479,373,329,247,223,359,252,409,459,316,400,459,462,359,319,240,217,346,245,394,440,306,378,433,438,341,306,229,210,330,236,374,416,292,352,403,409,319,291,219,200,310,223,351,388,276,324,371,379,295,272,204,189,287,210,325,358,257,293,336,346,269,252,190,175,263,194,296,325,237,262,300,310,242,229,172,161,237,178,266,291,214,231,265,276,215,208,156,146,212,160,237,258,193,429,491,487,377,324,242,215,361,247,415,469,314,417,476,472,362,310,227,200,347,231,401,455,300,398,455,451,343,294,213,187,329,216,382,434,283,375,426,424,321,275,198,174,308,200,359,409,265,348,396,393,297,256,183,162,286,187,333,379,245,319,363,360,272,237,168,149,263,172,306,348,225,289,329,328,246,217,154,137,239,157,278,315,206,258,294,295,222,198,140,124,215,143,250,283,187,227,259,262,197,178,126,112,192,129,222,250,167,428,490,484,372,315,231,204,355,236,411,468,306,416,474,465,351,292,209,180,335,212,393,451,284,396,450,438,327,268,186,159,312,189,369,428,260,371,420,407,300,244,166,141,286,169,341,399,236,342,386,372,273,221,149,126,261,151,312,367,214,311,350,337,246,200,135,112,236,136,283,333,194,280,315,304,221,182,122,104,213,124,254,299,175,249,280,272,197,166,111,94,191,112,229,267,158,220,248,242,176,149,101,87,171,103,204,237,142,428,488,482,367,307,223,195,350,227,408,466,299,415,472,458,342,276,192,162,324,194,385,449,270,394,446,426,311,243,162,132,295,163,356,422,239,367,412,389,279,213,138,110,265,138,323,390,210,335,373,349,247,186,120,95,237,120,290,352,184,300,333,309,218,165,106,86,211,107,258,314,163,266,294,274,194,149,97,79,188,97,229,278,147,235,260,243,173,135,89,74,168,90,204,246,132,206,229,215,155,124,82,69,151,83,182,217,120,428,490,479,364,301,217,187,346,220,405,466,294,415,472,453,334,262,178,146,316,179,379,447,258,394,444,418,298,221,141,110,281,141,346,418,220,365,408,375,260,184,112,85,247,112,308,382,185,329,363,327,223,152,95,75,215,95,269,340,157,289,315,280,191,133,86,71,188,87,231,295,137,250,270,241,167,120,81,68,165,82,202,254,123,218,234,211,150,111,77,65,148,78,178,221,112,191,204,188,136,103,73,62,133,74,160,194,104,429,490,478,362,296,212,182,344,215,403,465,290,415,472,450,329,252,168,135,310,169,375,446,250,394,445,413,291,206,125,93,272,125,340,417,206,365,408,367,247,159,92,75,235,95,298,380,166,329,363,314,202,123,86,73,202,85,254,336,137,288,312,256,164,109,83,70,174,82,211,286,119,243,256,204,144,103,79,68,150,79,178,235,109,200,209,178,131,98,76,65,132,76,156,196,102,175,183,161,122,94,72,62,121,72,142,173,96,429,490,476,361,295,211,180,343,213,403,465,289,416,473,449,328,248,165,131,308,165,374,446,247,394,446,411,288,199,119,87,269,118,338,417,202,365,409,364,244,147,88,75,231,92,295,380,160,330,365,311,195,110,86,73,200,85,248,335,130,289,314,252,144,106,83,70,171,82,204,285,111,244,258,190,131,102,79,68,146,79,169,231,104,196,200,159,124,97,76,65,127,76,147,185,99,169,175,146,117,93,72,62,115,72,135,163,94]}