{"c":"84072","n":"厳原","la":34.196666666666665,"lo":129.29166666666666,"e":4,"t":[5.6,6.5,9.6,14.0,17.8,21.0,25.1,26.4,23.1,18.3,13.0,8.0],"s":[0,0,0,0,0,0,0,0,0,0,0,0],"i":[426,408,448,367,370,298,278,379,296,446,428,345,416,399,445,374,394,330,316,391,329,449,420,366,397,383,433,373,409,354,347,395,355,442,404,379,372,360,413,364,413,370,370,391,372,426,381,383,341,331,384,348,411,377,383,378,380,401,352,379,304,297,349,326,397,375,387,358,379,370,317,366,263,259,307,297,375,364,381,330,368,331,277,345,221,219,261,263,344,344,365,296,349,286,234,317,179,178,213,224,306,316,340,258,321,237,190,282,426,408,448,366,369,297,276,378,295,446,426,344,416,399,445,372,392,327,312,390,327,448,420,364,398,383,433,371,407,350,341,393,351,442,405,376,373,360,413,362,412,365,362,388,367,426,382,379,342,332,384,346,408,370,374,376,374,401,353,375,306,299,350,323,394,367,377,355,372,370,318,361,267,261,310,294,371,355,369,328,361,331,279,340,225,223,265,261,340,335,353,295,341,288,238,312,185,184,218,224,302,307,329,257,313,241,196,277,426,408,447,365,366,292,270,376,291,444,426,341,416,399,443,369,386,319,302,385,318,446,420,358,399,384,432,366,398,338,327,387,339,438,405,367,375,362,412,356,400,349,343,381,351,423,383,369,345,335,385,340,394,352,351,368,355,399,355,362,311,303,352,318,380,346,351,347,351,368,322,348,274,268,314,290,357,333,342,321,338,332,285,326,236,231,273,258,326,311,324,289,318,291,247,298,199,196,229,222,289,283,299,252,290,248,208,265,426,408,445,362,361,286,263,372,284,442,426,336,416,399,441,364,376,306,287,379,306,441,419,348,399,384,429,359,384,320,305,378,321,433,404,354,376,363,409,348,384,326,316,370,328,417,383,353,348,338,384,331,375,325,319,356,329,394,357,344,316,308,352,309,359,317,315,335,321,365,325,328,282,276,317,282,337,302,304,309,307,330,292,307,247,242,279,252,307,281,286,279,287,293,256,280,212,208,241,219,273,252,262,246,260,254,220,249,426,407,443,358,354,277,252,367,275,438,425,330,416,399,437,357,363,290,269,370,289,434,417,337,399,384,424,350,366,297,279,366,297,425,403,338,377,364,404,337,361,298,284,356,300,408,382,332,351,340,380,320,351,293,283,340,296,386,357,321,321,312,350,298,333,283,275,319,287,358,327,304,288,281,317,273,311,266,263,294,272,325,295,284,254,250,283,244,284,246,245,266,252,291,262,258,222,218,246,215,254,221,222,235,227,254,229,229,425,407,441,354,345,267,242,362,266,434,424,322,415,398,432,349,347,271,248,359,270,428,415,323,398,383,418,339,343,271,250,351,272,415,400,318,376,363,398,325,336,267,248,338,268,397,379,309,351,339,373,306,321,258,243,321,261,373,354,295,322,313,345,284,304,246,233,300,248,346,326,278,291,284,313,260,281,229,219,276,234,316,296,256,259,252,280,233,258,211,202,249,215,284,264,234,227,223,247,206,229,189,183,222,194,250,233,209,425,405,438,350,336,257,229,356,254,430,423,314,413,396,426,341,330,250,225,348,250,420,412,307,397,381,409,327,320,244,219,335,243,404,396,297,374,361,389,310,306,234,212,319,235,383,375,283,348,337,363,290,290,222,202,300,223,358,349,267,320,310,334,267,271,208,191,278,211,331,321,249,290,282,304,244,250,192,176,254,195,302,292,229,259,252,273,219,227,175,163,229,179,271,262,206,229,223,241,194,204,158,147,204,161,240,231,186,425,405,434,345,327,247,218,349,244,426,422,306,413,395,421,332,312,231,204,336,229,411,409,292,394,378,401,314,295,216,190,318,216,390,391,275,371,357,377,294,276,200,176,298,200,366,368,257,344,332,350,272,256,186,163,276,187,339,342,238,315,304,320,249,237,170,151,254,173,311,313,219,285,277,290,225,217,157,138,231,158,282,284,200,254,248,261,202,196,141,126,208,145,254,254,180,225,220,231,180,177,128,113,186,130,225,225,162,424,405,432,341,318,237,206,344,234,421,420,298,411,393,415,323,295,213,183,324,211,401,407,277,392,375,392,301,270,190,161,301,189,377,386,254,367,351,364,277,245,170,143,277,169,348,361,231,338,324,333,252,223,152,128,252,153,318,332,209,307,296,302,229,202,137,115,229,139,288,302,189,276,267,272,206,182,125,105,206,126,259,272,171,246,239,242,185,166,112,97,186,114,231,242,154,217,212,216,164,149,103,89,167,105,206,215,139,424,404,430,337,310,227,198,338,225,418,419,292,409,391,409,315,279,196,164,313,193,394,404,263,389,372,383,289,246,166,135,286,164,364,381,234,362,346,350,261,215,141,112,257,140,330,353,206,330,316,315,233,189,123,99,229,123,296,321,181,296,285,281,208,168,110,90,206,111,263,288,162,264,254,250,185,152,100,82,184,101,234,256,146,233,225,222,166,138,92,77,165,93,208,227,132,206,200,197,149,125,85,72,148,86,186,200,120,424,404,428,334,304,221,190,335,218,415,419,287,409,390,405,309,266,182,148,305,178,388,401,252,388,370,376,280,225,145,112,273,142,354,378,217,360,342,339,247,188,115,89,240,114,315,347,184,325,310,299,215,158,100,80,211,100,274,311,158,286,273,259,187,139,92,76,186,92,237,273,139,248,239,225,166,126,86,73,164,87,206,238,126,217,210,199,149,117,82,70,148,82,184,209,115,191,186,177,135,109,77,66,133,77,165,185,107,424,404,426,333,300,217,185,332,213,413,418,283,409,390,404,306,256,172,137,300,168,385,401,245,389,369,372,274,210,128,96,264,126,348,377,204,360,341,334,237,165,97,81,229,101,305,345,166,325,308,290,199,131,92,79,200,92,260,308,141,285,270,241,168,119,89,76,174,88,217,265,125,241,227,200,149,112,85,73,152,84,184,223,115,200,194,176,137,107,81,70,135,80,163,191,108,177,172,159,126,101,77,66,124,76,148,169,101,424,403,426,332,298,215,183,331,212,413,418,282,409,390,403,305,252,168,134,298,164,384,401,242,389,369,371,272,204,122,90,261,120,346,376,199,361,341,333,235,153,95,81,225,97,303,345,161,326,308,288,194,121,92,79,197,92,254,307,136,286,270,239,153,117,89,76,171,88,212,265,119,242,227,188,142,112,85,73,148,84,176,219,112,197,187,165,133,106,81,70,131,80,154,183,107,172,166,151,124,100,77,66,120,76,142,163,100]}