{"c":"84266","n":"佐世保","la":33.15833333333333,"lo":129.72666666666666,"e":4,"t":[6.5,7.4,10.4,15.1,19.1,22.7,26.6,27.7,24.5,19.3,13.9,8.9],"s":[0,0,0,0,0,0,0,0,0,0,0,0],"i":[424,467,499,430,391,282,234,382,258,440,463,368,412,454,495,441,420,312,262,393,284,442,454,391,393,433,480,442,438,334,285,394,302,434,434,404,366,404,455,432,446,348,300,388,314,419,409,409,334,368,422,413,443,354,309,373,319,394,375,403,296,326,380,385,430,351,310,350,316,361,334,389,254,278,330,349,405,340,303,320,306,322,288,365,212,229,275,306,373,320,289,284,288,277,239,333,170,181,219,257,331,293,268,244,264,227,190,294,424,466,499,429,390,281,231,382,257,440,463,367,413,454,494,438,416,309,259,391,281,442,454,388,394,434,480,438,433,330,280,393,299,434,436,401,368,405,457,429,440,343,295,386,310,419,409,404,335,370,423,409,436,347,302,370,313,394,376,398,299,329,383,382,422,344,302,348,310,361,337,383,259,283,335,347,397,332,295,318,299,323,292,359,217,236,282,305,364,312,281,283,281,279,245,327,176,189,227,258,322,285,260,244,257,231,198,288,424,466,497,426,385,277,227,379,254,438,463,363,413,455,494,434,409,301,252,387,274,438,454,381,395,434,480,433,423,318,269,387,289,432,437,391,370,408,457,422,426,328,281,379,297,416,412,392,340,375,426,403,421,330,285,364,298,392,380,385,305,337,387,376,407,324,283,342,293,361,343,369,267,294,343,342,382,311,274,313,281,325,302,345,229,250,296,303,349,290,259,280,262,284,259,314,192,209,246,259,309,263,238,243,238,241,216,277,424,466,495,423,379,271,223,376,248,436,462,358,413,455,491,426,397,289,240,381,264,434,453,371,396,436,476,423,407,302,252,379,275,426,436,377,373,411,455,412,409,307,260,370,279,411,413,376,344,380,426,392,401,306,261,354,277,387,383,366,312,344,390,366,384,297,256,332,270,359,349,349,277,306,350,334,361,283,246,304,257,324,311,326,242,266,306,298,329,262,229,273,238,287,271,296,206,225,263,258,293,236,210,239,215,248,231,262,424,465,493,418,371,263,215,371,242,433,461,351,413,454,487,418,382,275,227,373,252,430,451,358,396,436,473,412,387,281,233,368,257,420,434,360,374,412,451,397,383,281,236,356,257,403,412,354,348,383,424,378,374,276,234,340,252,380,385,343,317,350,390,352,356,266,225,318,243,352,352,325,284,313,353,322,333,250,214,292,229,321,317,302,252,277,314,288,305,231,199,263,211,287,281,275,219,240,273,254,273,206,180,231,190,250,244,244,424,465,490,412,362,254,206,366,234,429,459,343,413,453,480,407,365,258,211,363,237,422,449,343,396,434,466,397,362,257,212,354,237,409,433,338,374,411,444,381,355,252,209,341,231,392,409,329,349,383,416,358,341,243,202,323,225,369,382,314,320,352,385,334,324,231,194,301,213,342,352,297,289,318,350,305,301,216,181,276,200,312,319,274,257,282,313,275,276,198,168,249,183,280,284,250,225,248,277,243,247,178,151,221,165,248,250,223,424,463,487,405,351,244,198,361,225,425,458,334,413,451,475,395,346,239,194,352,221,413,446,327,395,433,457,379,336,231,188,339,215,399,428,316,373,409,433,360,322,222,181,323,206,378,405,301,347,380,405,337,306,210,172,303,195,354,377,285,319,349,373,311,286,197,162,281,184,327,347,265,289,317,340,285,266,182,149,257,169,298,315,244,258,283,306,256,242,165,137,231,155,268,282,221,227,249,270,227,218,149,123,206,139,238,249,198,423,463,484,400,341,235,189,355,217,420,457,325,411,450,468,383,325,221,178,341,206,405,443,310,393,429,446,361,307,206,166,323,193,386,423,291,370,403,419,337,288,192,153,303,180,362,397,272,343,373,388,312,267,177,143,281,167,335,368,252,314,342,356,286,247,162,131,258,154,308,337,231,285,309,323,258,227,149,120,234,141,279,306,211,254,277,290,231,206,134,109,211,128,250,274,191,224,244,258,206,186,121,99,188,114,223,242,171,423,463,480,394,331,225,181,349,209,416,455,317,409,448,461,370,305,202,162,330,190,397,440,293,391,425,434,343,278,181,144,307,172,372,417,267,366,396,401,314,252,162,128,282,155,344,388,243,337,364,368,284,227,145,115,257,140,314,356,219,306,330,333,256,206,131,104,233,127,285,323,198,275,296,299,229,187,119,95,210,114,256,290,179,245,264,267,204,170,107,87,188,105,229,259,161,217,233,238,183,153,98,79,168,95,204,229,144,423,462,478,388,322,217,174,345,202,413,454,309,409,446,454,359,287,187,147,320,176,389,437,278,389,421,422,326,250,159,123,292,152,360,411,245,362,390,385,290,217,135,106,263,132,326,379,214,329,353,344,256,189,117,93,234,115,292,342,187,296,315,306,225,167,105,84,209,104,259,305,165,263,279,270,199,150,95,77,186,95,229,271,148,231,246,239,177,136,87,72,166,88,204,239,134,204,216,212,159,124,81,67,149,81,182,211,121,423,462,476,384,315,211,168,341,197,409,454,303,409,445,449,351,272,174,136,312,165,383,434,265,388,419,413,312,227,139,107,279,135,349,407,225,360,385,371,269,185,111,87,246,112,311,372,189,325,344,323,229,152,95,78,214,97,270,331,158,285,300,276,194,131,87,74,187,90,233,287,137,247,258,238,170,118,81,70,164,84,202,247,123,215,223,208,151,110,77,66,146,79,179,215,112,188,196,185,137,103,73,62,132,73,160,190,104,423,463,474,382,310,206,164,339,193,408,453,300,409,446,446,346,261,165,127,307,157,380,434,257,389,420,409,303,209,124,94,271,123,343,405,212,360,386,364,254,158,93,79,235,99,301,370,168,325,345,311,204,119,87,77,202,90,254,327,137,285,297,252,165,105,83,73,174,86,212,278,118,240,245,202,143,100,80,70,149,81,178,229,108,198,202,176,131,96,76,66,131,77,156,192,101,173,177,159,122,92,72,62,120,72,142,170,95,423,463,474,382,308,206,163,338,192,408,453,298,409,447,446,345,257,162,124,305,154,379,434,254,389,421,408,301,200,118,89,268,118,342,405,206,361,388,362,252,145,90,79,231,96,298,370,162,326,347,309,198,105,87,77,199,89,250,327,130,286,300,250,142,102,83,73,170,86,206,279,109,241,248,189,129,98,80,70,145,81,170,225,103,194,196,159,123,95,76,66,126,77,147,183,98,168,171,146,117,91,72,62,115,72,135,162,94]}