{"c":"84341","n":"有川","la":32.98166666666667,"lo":129.11833333333334,"e":11,"t":[7.2,7.9,10.5,14.6,18.4,21.8,26.1,27.0,24.0,19.3,14.3,9.5],"s":[0,0,0,0,0,0,0,0,0,0,0,0],"i":[424,448,472,401,375,244,193,354,211,418,448,340,413,437,468,409,398,264,210,360,225,419,438,357,394,417,454,408,412,279,223,359,235,412,422,366,368,391,430,399,417,287,229,350,239,396,397,368,337,357,400,381,412,290,233,334,239,372,365,361,299,317,361,355,397,285,231,312,234,341,326,346,259,273,316,322,374,274,224,284,224,304,283,324,217,227,265,284,342,257,212,250,209,263,237,294,175,182,213,240,303,235,195,215,191,218,190,259,424,448,471,400,374,242,192,354,210,418,448,339,413,437,467,407,397,262,208,359,223,419,438,355,394,418,454,405,409,276,220,358,231,411,422,364,369,392,432,396,413,284,227,349,237,395,398,365,338,359,401,378,409,285,229,333,236,371,366,357,302,320,363,352,394,280,227,311,229,341,328,342,262,277,319,320,370,269,219,283,220,305,286,320,221,233,271,282,338,252,206,250,204,264,242,291,181,189,221,240,299,229,190,215,187,221,197,256,424,448,471,398,371,240,190,352,208,417,448,336,413,438,467,404,391,256,204,356,219,417,438,350,395,419,453,401,401,268,213,354,227,409,422,357,371,394,432,390,403,273,218,344,229,393,399,355,341,362,401,372,396,272,219,328,227,370,369,347,308,326,366,347,380,266,215,306,220,340,333,331,270,286,326,315,356,252,206,279,209,306,294,308,233,245,281,279,325,236,193,249,194,268,252,280,196,206,236,240,287,213,176,216,175,227,212,247,424,448,469,395,366,235,186,350,204,415,447,332,413,437,463,398,380,248,197,352,213,413,438,342,396,419,451,393,387,254,202,347,217,404,422,345,373,396,430,381,386,258,206,337,218,388,400,342,345,366,401,362,377,254,204,320,214,366,371,331,313,332,368,338,360,246,198,299,206,338,338,315,279,296,331,308,337,233,188,273,194,306,302,292,244,258,290,275,306,215,175,244,178,271,264,265,209,221,249,238,272,193,158,214,160,234,225,235,424,447,467,391,359,229,181,346,200,412,446,326,413,437,459,390,367,237,188,345,204,408,437,331,396,420,447,383,370,240,190,339,206,398,421,331,374,396,425,369,364,238,190,327,204,381,398,324,348,368,399,350,353,233,186,310,198,359,372,312,318,337,368,325,335,222,178,289,188,332,341,294,285,302,332,298,312,208,167,264,176,302,306,273,252,267,296,266,285,191,154,237,161,270,272,248,220,231,258,234,254,171,138,209,144,236,237,220,424,447,463,386,351,223,176,342,196,409,445,320,413,436,455,381,352,224,177,338,196,401,434,319,396,418,440,370,348,222,176,329,193,390,418,313,374,395,419,355,339,217,172,315,188,372,396,304,348,368,392,334,324,208,166,297,180,349,369,289,320,338,363,310,307,197,157,276,169,323,340,271,289,306,330,283,283,183,146,252,157,295,308,250,257,271,294,254,259,167,133,227,143,264,274,227,225,239,260,225,231,149,119,200,127,234,242,202,423,446,462,381,342,216,171,338,190,405,444,313,412,434,450,371,335,211,167,330,186,395,432,306,395,416,432,356,325,204,161,317,179,380,413,295,373,393,409,337,310,195,154,301,171,360,392,281,347,365,382,316,294,184,145,282,161,336,365,264,319,335,352,290,274,171,136,260,150,310,335,245,289,304,321,265,252,158,125,238,138,283,305,225,258,272,288,238,229,143,113,214,125,254,272,204,227,239,254,211,206,128,102,190,111,225,240,182,423,445,459,375,333,209,165,334,185,401,442,306,411,433,444,360,318,198,156,321,176,388,429,292,393,413,423,341,300,185,147,305,166,369,409,275,370,388,397,318,281,172,136,286,155,346,385,257,343,359,368,294,260,160,126,265,144,321,357,238,314,329,337,269,240,146,117,243,132,294,327,219,284,298,305,243,219,134,106,220,120,267,296,199,254,266,275,219,199,120,96,198,109,239,265,179,224,235,244,195,179,108,86,176,97,213,234,161,423,445,455,370,324,202,160,330,180,398,441,299,409,430,438,350,300,185,146,313,167,381,426,278,391,409,413,325,275,167,133,293,153,358,404,256,366,382,383,298,250,151,120,270,140,331,377,233,338,351,351,271,227,136,110,247,127,303,347,211,307,319,318,245,204,124,100,224,115,275,315,191,276,286,285,220,185,112,91,202,105,247,283,173,246,254,254,197,168,101,83,181,95,221,252,155,217,225,227,175,151,92,75,161,86,197,223,139,423,444,453,366,316,196,155,326,176,395,440,293,409,429,432,341,285,173,137,306,159,374,424,266,389,405,403,311,252,151,120,281,141,347,400,238,362,376,368,279,221,132,106,254,126,316,369,211,331,342,331,248,193,115,96,229,112,284,335,186,297,306,295,219,172,105,88,204,103,252,299,165,264,271,261,195,154,96,80,183,94,225,266,148,234,239,231,174,140,87,74,164,86,200,235,134,206,211,204,156,127,80,68,146,78,178,206,121,423,444,451,363,310,192,151,323,173,393,438,288,409,428,428,334,272,164,130,300,152,369,422,257,389,404,396,300,231,137,109,272,131,338,396,223,361,373,357,262,193,113,94,243,113,303,363,190,327,335,313,225,162,100,87,214,102,266,325,163,288,293,270,194,142,93,82,188,94,231,284,143,250,252,234,171,128,86,77,166,88,202,246,128,218,220,204,153,119,81,71,148,81,178,214,117,191,193,182,138,110,75,66,133,75,160,189,108,423,444,450,361,306,189,149,322,171,392,438,285,409,428,426,330,263,158,125,296,147,366,421,250,389,404,392,293,217,126,101,266,124,334,395,212,361,372,351,250,171,101,90,234,106,296,361,174,327,333,304,206,135,95,86,204,97,254,321,146,287,289,250,170,120,90,81,177,92,214,276,127,244,241,204,149,112,85,77,153,86,181,229,115,202,200,178,136,108,80,71,135,80,160,194,108,178,175,160,126,102,75,66,123,74,145,171,101,423,443,450,361,305,188,148,321,170,391,438,284,409,428,425,329,260,155,123,295,146,365,421,248,390,403,391,291,211,122,99,264,121,333,395,208,362,371,350,248,160,98,90,231,104,294,361,169,328,333,302,200,122,95,86,202,97,250,321,139,288,289,249,152,118,90,81,174,92,209,275,120,245,240,193,138,112,85,77,150,86,175,225,112,199,192,164,130,107,80,71,131,80,152,185,106,172,168,151,122,101,75,66,119,74,139,164,100]}