{"c":"84356","n":"大瀬戸","la":32.94833333333333,"lo":129.63333333333333,"e":43,"t":[7.2,7.7,10.5,14.7,18.3,21.5,25.3,26.5,23.6,18.9,14.2,9.6],"s":[0,0,0,0,0,0,0,0,0,0,0,0],"i":[415,457,518,449,397,292,227,383,250,438,463,379,404,445,513,459,426,323,252,393,273,441,454,403,385,424,498,461,445,346,274,394,290,434,434,417,359,396,472,451,453,361,288,387,301,418,409,422,327,361,437,432,450,367,296,372,304,393,375,417,290,319,392,401,437,365,296,349,301,360,334,401,250,273,340,364,412,353,289,319,290,321,288,377,208,225,282,319,378,333,275,283,273,276,239,343,167,178,222,267,335,305,254,242,250,227,189,302,415,457,517,447,396,290,225,382,249,438,463,378,404,445,513,457,423,320,250,391,271,441,454,400,385,425,499,458,440,342,270,392,287,433,436,413,360,397,473,448,447,356,283,385,296,417,409,417,329,363,438,428,443,361,290,370,299,392,376,411,293,323,395,399,428,357,289,347,295,360,337,395,254,278,345,362,404,345,282,317,284,321,292,370,213,231,290,318,369,324,268,282,267,278,245,337,174,186,231,268,327,296,247,242,243,231,197,297,415,457,516,444,391,286,222,380,246,437,463,374,404,445,512,453,415,312,244,388,265,438,454,393,386,426,498,451,430,330,260,387,278,430,437,404,362,400,474,440,434,340,270,379,285,413,412,405,333,367,441,421,428,342,274,363,285,391,380,397,299,330,401,392,413,336,271,341,279,360,343,381,262,288,355,356,388,323,262,312,267,323,302,356,225,246,305,315,354,302,247,279,249,283,259,324,189,204,252,269,313,273,227,242,225,240,216,285,415,455,514,440,385,280,216,376,241,434,462,368,404,446,509,446,404,299,233,381,254,434,453,383,387,426,495,442,413,312,245,379,265,425,436,389,365,401,473,430,415,318,250,370,268,409,413,388,337,372,442,409,407,317,250,353,266,386,384,377,305,337,405,382,390,308,246,331,258,357,349,360,272,299,363,348,366,293,236,304,245,323,311,336,237,261,317,311,334,272,221,273,227,286,271,306,202,222,272,268,298,245,200,239,204,247,231,270,415,455,512,434,377,271,210,372,235,432,461,361,405,445,505,434,388,284,220,373,244,429,451,369,388,426,491,429,393,290,225,368,248,418,434,371,366,403,468,413,389,290,227,356,248,401,412,365,340,375,440,394,380,286,225,340,242,379,385,353,311,342,405,367,362,275,218,318,233,351,353,335,278,307,366,336,339,259,206,292,219,319,317,311,246,271,326,301,310,240,191,263,202,286,281,283,214,236,283,264,277,215,173,231,182,250,244,252,415,455,509,429,367,262,202,367,227,428,459,353,404,444,500,424,371,266,204,363,229,421,449,354,388,426,484,413,368,265,206,355,229,409,433,349,366,403,461,396,361,261,202,341,224,391,409,339,341,375,432,373,346,252,197,323,217,368,383,324,313,344,400,348,329,240,188,301,204,341,352,306,283,311,364,318,305,223,175,276,192,311,319,282,250,276,325,287,280,204,162,249,175,279,284,257,221,243,287,252,250,184,145,221,158,247,250,229,415,455,505,422,357,252,194,361,220,424,458,344,404,443,493,411,351,246,190,353,215,413,446,336,387,424,474,394,341,239,184,340,209,398,428,325,365,400,450,375,327,229,177,323,200,377,405,310,340,372,420,351,311,217,167,303,189,353,377,293,312,342,387,323,290,202,157,281,178,326,347,272,283,310,354,296,270,187,145,257,164,297,315,250,252,277,318,266,245,170,133,231,150,267,282,227,223,244,281,236,221,153,119,206,134,237,249,204,413,454,501,416,346,242,185,356,212,419,457,334,403,441,486,398,330,227,174,342,200,405,443,318,385,421,463,375,312,211,162,324,188,385,423,299,362,395,434,350,292,197,150,303,175,361,397,279,336,366,403,324,271,182,140,281,163,335,368,259,308,335,369,296,250,166,129,258,150,307,337,238,279,303,335,267,229,153,118,234,137,279,306,217,249,271,301,241,209,137,107,211,125,250,274,196,219,239,268,214,189,125,96,188,112,223,242,176,413,454,498,409,336,231,177,350,204,415,455,325,401,438,478,385,310,209,159,331,187,396,438,301,383,417,450,355,282,186,142,308,169,371,417,275,359,389,417,325,256,165,127,283,152,343,388,249,330,357,381,294,231,148,114,258,138,314,356,224,300,324,345,265,209,134,103,234,125,284,323,202,270,291,309,238,189,121,94,210,113,254,290,183,240,259,276,212,172,109,86,189,103,229,259,164,212,229,246,189,154,100,78,169,94,204,229,148,413,453,496,403,326,223,170,345,198,412,454,318,401,437,471,373,291,192,146,321,174,388,437,285,381,413,437,337,254,162,123,293,150,359,411,250,354,382,398,300,220,137,105,263,131,326,378,219,323,347,356,263,191,119,93,235,115,291,342,191,290,310,315,231,168,106,84,209,104,259,305,168,258,274,279,204,151,96,77,186,95,229,270,150,227,242,246,182,137,88,72,166,87,204,239,136,200,213,218,163,125,82,67,149,80,182,211,123,413,453,493,399,319,217,165,342,193,409,453,312,401,437,466,364,275,178,135,313,163,382,434,272,380,412,428,322,229,142,107,280,135,349,407,231,352,379,383,277,187,112,88,246,112,310,371,192,319,339,333,234,153,95,79,215,98,270,330,161,280,295,284,198,132,86,75,187,90,233,287,139,243,254,243,172,119,81,71,164,84,202,247,124,211,220,212,153,110,77,67,146,79,178,215,113,185,193,189,139,103,73,63,132,73,160,189,105,413,453,492,397,314,212,162,340,190,408,453,308,401,437,463,358,264,169,127,308,156,379,434,264,381,412,424,313,211,125,95,272,123,343,405,216,353,379,375,261,159,92,81,235,100,301,369,171,319,339,320,209,119,86,78,202,91,254,326,138,280,293,259,166,104,83,74,173,86,212,277,118,237,243,206,143,99,80,71,149,82,178,227,107,196,200,177,130,96,76,67,131,77,156,191,101,171,175,160,122,92,72,63,120,72,142,169,95,413,454,491,396,313,211,160,339,189,407,453,307,401,438,462,357,260,165,124,306,153,378,434,261,381,413,422,311,204,119,91,269,119,341,405,211,354,381,373,258,145,89,81,231,97,298,369,164,320,341,318,200,104,86,78,199,90,250,326,130,281,295,256,142,101,83,74,170,86,206,277,109,238,245,191,128,98,80,71,145,82,170,225,102,192,194,159,122,95,76,67,126,77,147,182,98,166,170,147,117,91,72,63,114,72,135,161,93]}