{"c":"84519","n":"雲仙岳","la":32.736666666666665,"lo":130.26166666666666,"e":678,"t":[2.2,3.3,6.6,11.5,15.7,19.1,22.4,23.1,20.1,15.0,9.8,4.6],"s":[2,1,0,0,0,0,0,0,0,0,0,0],"i":[371,376,405,350,334,244,204,328,227,391,384,310,362,367,401,356,354,266,225,335,247,392,377,325,346,352,389,354,365,281,242,335,261,385,362,334,324,330,370,346,369,290,252,329,268,370,341,335,297,304,344,330,364,292,258,315,270,348,315,329,265,272,312,307,351,288,256,296,266,319,283,315,231,237,274,279,330,277,249,271,256,285,248,296,195,200,233,246,302,260,237,241,240,246,209,269,160,164,190,209,268,238,219,208,219,204,171,238,371,376,404,349,333,244,204,328,227,390,384,309,362,367,400,354,351,264,224,334,245,391,377,323,346,352,389,353,362,278,239,334,258,384,362,331,325,331,370,344,365,286,249,327,265,369,342,331,298,304,344,328,359,288,252,313,266,347,315,325,267,273,313,305,345,283,250,294,261,319,285,311,234,239,276,277,324,272,244,269,250,286,250,291,199,204,237,245,296,254,231,240,235,248,213,265,164,168,195,209,262,231,213,208,214,208,176,234,371,376,404,348,330,241,200,326,225,389,384,306,362,367,400,352,346,258,218,331,240,389,376,319,347,352,388,349,354,270,231,330,250,382,362,324,326,332,370,338,355,276,238,322,254,367,342,323,301,306,345,323,348,275,240,308,254,346,317,315,271,277,315,301,334,269,237,289,249,318,288,301,240,245,281,273,313,256,227,265,237,287,254,281,206,212,244,242,285,239,215,237,221,250,221,254,176,180,206,209,252,216,196,206,200,214,187,225,371,375,401,345,325,236,197,323,221,387,383,302,362,367,398,347,337,249,210,326,233,386,376,311,347,352,386,342,342,257,219,323,240,377,362,314,327,333,368,332,341,260,223,315,241,363,343,311,303,309,344,315,333,257,222,300,238,342,319,301,276,281,316,294,317,248,217,281,231,316,291,286,246,250,284,267,296,235,206,258,219,286,261,266,216,220,249,239,270,217,193,231,202,252,227,242,186,190,216,206,239,195,175,202,182,219,197,214,371,375,401,342,319,229,191,320,216,385,382,297,362,366,395,341,326,238,199,320,223,381,375,302,347,352,383,334,328,241,204,315,225,372,361,301,328,333,364,321,322,240,204,304,224,356,342,294,305,310,342,305,312,235,200,289,219,336,319,284,279,284,315,283,296,225,193,270,210,311,292,268,250,254,285,259,276,210,182,248,197,283,263,248,223,225,254,231,250,194,169,223,181,252,234,225,194,198,221,204,224,173,152,197,162,221,204,200,371,375,399,338,313,223,185,316,210,382,381,291,362,365,391,333,313,225,187,313,211,376,373,291,347,351,378,324,309,223,187,305,210,364,359,286,328,332,359,310,301,219,183,292,204,348,340,277,306,309,336,292,288,210,177,276,197,327,317,263,281,284,311,271,272,199,168,257,186,303,292,247,254,257,282,247,250,184,157,235,174,276,264,227,225,229,252,223,229,169,144,212,159,247,236,206,199,202,223,197,204,151,129,188,142,219,208,184,371,374,397,334,305,216,178,312,204,379,381,285,361,364,387,325,299,211,175,305,199,369,371,279,346,350,372,312,290,204,169,293,193,355,356,269,327,330,352,296,277,195,162,279,185,337,336,256,304,307,329,277,262,185,153,261,174,315,313,241,280,282,302,254,244,172,144,242,163,291,288,224,254,256,275,233,225,159,132,221,150,265,262,206,225,229,247,209,204,144,121,199,137,238,234,186,200,202,218,186,184,129,108,177,122,211,206,166,371,373,394,330,297,209,171,308,197,375,379,279,360,363,382,317,285,197,162,296,187,363,369,266,345,347,365,300,269,185,151,281,176,345,352,250,325,327,343,281,252,173,140,264,164,324,331,235,302,303,318,260,234,160,131,245,152,300,308,218,277,278,291,238,216,146,120,225,140,276,282,200,250,250,264,215,197,134,110,204,128,250,254,182,223,225,237,194,179,121,100,184,117,225,229,164,197,199,210,172,160,109,90,163,105,200,202,147,370,373,392,326,290,202,165,304,191,372,379,273,360,362,378,309,270,184,150,288,175,356,366,254,343,344,357,288,248,167,135,269,160,335,348,234,322,323,332,265,225,150,121,249,145,310,326,214,297,298,305,242,204,136,110,227,132,284,300,194,271,271,277,219,186,123,100,206,120,258,273,176,244,244,249,197,169,112,91,186,109,231,245,159,217,217,222,176,153,101,83,167,99,208,219,143,192,192,198,157,137,91,75,149,90,185,194,128,370,373,391,322,284,196,159,300,186,369,378,267,359,361,374,302,257,173,139,281,165,350,365,244,342,342,350,277,227,150,119,258,145,325,345,218,319,319,322,250,200,130,104,234,127,297,320,194,292,291,290,223,177,114,93,211,112,267,291,172,263,262,260,198,158,103,84,189,103,238,262,153,235,233,231,177,142,94,77,169,94,212,233,138,208,206,204,158,129,86,72,151,86,189,206,124,183,182,181,141,117,79,66,135,79,168,182,112,370,372,389,319,278,191,155,297,181,367,377,263,359,360,370,296,246,163,130,275,156,345,363,235,341,341,345,268,211,135,106,249,132,317,342,204,318,316,313,237,178,112,89,222,112,285,316,176,289,286,277,206,151,98,81,196,99,250,284,151,256,252,242,178,132,90,77,173,92,218,250,134,224,221,211,157,120,84,72,154,85,191,218,120,195,193,186,141,111,79,68,137,80,169,191,110,172,170,165,127,102,73,63,124,74,151,169,101,370,372,388,318,275,188,152,296,179,366,377,260,359,360,369,292,238,156,123,271,150,342,363,229,341,341,342,262,199,124,97,243,122,313,341,195,318,316,309,227,159,98,83,214,102,277,314,161,289,286,271,191,127,92,80,188,93,239,282,137,254,250,227,159,113,88,76,164,89,202,245,120,219,213,189,140,107,83,72,143,84,172,206,110,183,180,166,128,101,78,68,127,78,151,176,102,161,158,149,118,95,73,63,114,73,137,156,95,370,373,388,318,274,187,151,295,178,365,377,260,359,360,368,292,235,154,121,270,148,342,363,227,342,341,341,261,193,120,93,241,119,311,341,191,318,317,308,225,150,95,83,211,100,275,314,157,289,286,269,186,115,92,80,185,93,235,281,131,256,252,225,145,111,88,76,161,89,197,245,114,219,214,181,131,106,83,72,140,84,165,204,107,180,175,155,123,100,78,68,123,78,144,170,101,156,154,142,114,95,73,63,112,73,132,151,94]}