{"c":"84523","n":"島原","la":32.74166666666667,"lo":130.37333333333333,"e":9,"t":[6.8,7.7,10.7,15.5,19.8,23.3,27.1,28.0,24.8,19.6,14.2,9.1],"s":[0,0,0,0,0,0,0,0,0,0,0,0],"i":[441,500,526,448,391,291,257,401,285,453,488,377,428,486,522,459,419,321,290,412,315,455,479,400,407,461,505,459,437,344,316,413,338,448,458,413,379,429,479,450,444,359,335,407,352,430,429,418,344,389,443,430,441,365,345,392,359,405,392,412,304,342,397,400,426,362,347,368,356,370,347,396,260,289,343,362,403,350,340,336,345,329,298,372,214,235,284,317,369,330,325,298,326,282,244,339,170,182,223,265,327,302,301,254,299,231,191,298,441,500,526,446,390,290,254,400,283,453,488,375,429,486,521,455,416,319,286,411,312,455,479,397,408,463,507,457,433,340,311,412,333,447,459,409,380,430,480,447,438,354,328,405,347,430,430,413,346,391,444,426,434,359,338,389,352,404,394,407,307,346,400,397,420,355,338,365,349,371,351,391,264,295,349,360,395,342,331,334,337,330,302,366,220,243,292,316,361,322,315,297,318,285,252,333,177,192,233,266,319,294,292,254,291,236,200,293,442,500,525,443,385,286,250,398,279,451,488,371,429,487,521,451,409,311,278,405,304,453,479,390,409,465,505,450,423,329,298,407,322,445,459,401,383,434,480,438,426,339,312,399,332,428,433,401,351,398,448,420,420,341,318,383,335,404,399,394,315,356,405,391,405,335,316,359,330,371,359,377,275,309,360,355,381,321,307,329,317,333,314,352,234,262,308,314,347,300,290,294,296,291,268,320,195,216,256,268,307,272,266,254,269,246,222,282,442,499,523,438,380,279,244,394,273,449,488,366,430,487,518,445,398,298,265,400,292,449,478,380,411,466,504,440,407,311,280,398,305,440,459,386,387,438,480,429,408,317,289,389,311,423,434,385,356,404,449,408,400,316,291,372,311,399,403,375,323,365,412,381,383,307,286,349,303,369,366,357,286,324,369,347,360,292,275,320,289,334,326,333,249,280,322,310,328,271,258,288,269,295,284,303,212,238,276,267,292,244,235,252,243,254,242,268,442,499,521,434,372,271,235,389,265,446,487,359,430,487,514,434,382,283,249,391,277,443,476,367,412,467,500,428,387,290,257,386,284,432,459,368,389,440,476,413,383,290,261,375,286,415,434,362,361,409,448,394,374,285,259,358,281,392,405,351,329,373,412,366,356,275,250,335,272,363,372,332,295,334,373,336,333,258,238,308,257,331,334,309,261,295,331,300,305,239,222,277,237,295,296,281,225,254,288,264,272,214,200,245,214,258,257,250,442,498,518,428,363,261,225,384,256,442,486,351,430,486,509,423,366,265,231,381,260,436,475,351,413,467,492,413,363,265,231,372,261,423,457,347,389,441,469,396,356,260,229,358,256,404,433,337,363,409,440,373,341,250,224,339,249,380,404,322,333,377,408,348,324,239,214,317,237,353,372,304,300,340,371,318,301,223,200,290,222,322,337,281,267,302,331,287,276,204,186,262,204,289,300,256,235,265,293,252,247,184,167,233,184,256,264,227,441,498,514,422,352,252,215,377,246,438,484,342,430,484,501,411,347,246,211,369,242,426,472,335,412,463,483,394,336,239,204,356,235,411,453,323,388,438,458,375,323,227,198,338,225,390,428,309,362,407,428,351,307,217,188,318,215,365,399,292,332,374,395,323,286,202,177,294,202,338,367,271,301,340,361,296,267,188,164,270,187,308,334,250,269,303,324,266,242,170,150,243,172,277,298,225,237,267,287,237,219,154,135,217,154,246,264,202,441,497,509,415,342,242,204,371,236,433,483,333,429,483,494,397,326,227,192,357,223,418,468,317,409,459,471,375,308,212,179,338,209,398,447,298,385,432,442,350,289,197,165,317,195,373,420,279,358,400,409,324,268,182,154,294,181,346,389,258,328,366,376,296,249,167,141,270,167,318,357,237,296,332,342,268,227,153,130,245,153,288,323,216,265,296,308,241,206,138,118,221,140,259,290,196,234,262,273,214,187,125,107,197,126,231,256,175,441,496,507,409,332,231,195,365,227,429,480,324,428,480,486,384,307,209,174,345,204,409,465,300,408,455,458,356,280,186,153,321,184,384,440,274,381,425,424,325,254,166,136,295,165,355,409,248,351,390,388,294,229,149,122,268,149,324,376,224,319,353,351,265,206,135,110,243,135,293,341,202,287,317,315,238,188,122,100,219,123,264,306,183,254,282,282,212,171,110,91,196,112,236,273,164,225,249,250,189,154,100,84,175,102,210,242,148,441,496,504,403,323,224,187,360,219,425,480,316,426,479,479,373,288,192,157,334,189,401,462,284,405,451,445,337,252,163,130,304,161,370,434,250,377,417,405,300,219,138,109,273,138,336,400,219,343,377,362,264,191,120,95,243,121,300,361,191,307,336,320,231,168,106,86,216,108,266,321,169,272,296,283,204,151,97,79,192,98,236,284,151,240,261,250,182,137,88,73,172,91,210,250,136,212,229,222,163,125,82,68,154,84,187,221,124,441,496,501,399,316,217,180,356,212,422,480,311,426,478,474,364,273,178,143,325,175,394,459,272,405,450,434,322,229,142,110,290,141,360,430,231,375,412,389,277,187,112,87,254,113,319,392,193,338,367,338,234,154,96,77,221,98,277,347,161,296,318,288,198,133,87,73,192,90,238,300,139,254,272,246,172,120,82,69,168,84,206,258,124,221,234,215,153,111,78,66,150,79,182,223,113,194,204,191,139,103,73,63,135,74,163,196,105,441,497,500,396,311,213,176,354,208,421,479,307,428,479,471,358,263,169,133,320,166,391,459,263,405,451,430,313,211,126,95,281,126,353,429,217,375,413,381,262,160,93,78,242,98,309,390,172,338,368,325,209,121,86,75,208,88,262,344,139,295,315,262,166,106,83,72,177,84,216,291,118,248,258,206,143,100,80,69,151,81,180,238,108,202,209,178,130,96,76,66,133,77,158,197,101,177,182,161,122,93,73,63,121,73,143,173,96,442,497,500,396,309,211,174,353,206,420,479,306,428,480,469,357,258,166,130,318,163,390,459,260,405,451,429,310,204,120,90,278,120,351,429,211,376,416,379,258,147,89,78,239,95,306,390,165,340,370,322,200,105,86,75,204,88,256,344,131,297,318,259,142,102,83,72,174,84,210,291,109,249,261,192,127,99,80,69,147,81,171,234,102,199,202,158,122,95,76,66,127,77,148,187,98,171,176,146,115,92,73,63,117,73,136,164,94]}