{"c":"84536","n":"福江","la":32.693333333333335,"lo":128.82666666666665,"e":25,"t":[7.4,8.0,10.7,14.8,18.6,22.0,26.1,27.0,24.0,19.2,14.3,9.6],"s":[0,0,0,0,0,0,0,0,0,0,0,0],"i":[421,446,484,417,398,269,216,367,229,426,451,361,409,434,480,426,423,293,237,374,247,428,442,381,391,415,466,425,438,311,252,374,259,420,424,392,365,388,443,416,444,322,263,366,266,404,399,394,334,355,409,397,438,325,268,350,267,380,366,387,297,315,370,370,424,321,266,327,262,348,327,372,257,271,322,335,399,310,259,298,250,310,284,348,215,225,270,294,365,291,245,264,235,267,237,317,174,180,216,248,324,266,227,225,215,221,190,279,421,446,484,416,397,267,215,367,229,426,451,360,409,434,480,424,422,291,235,373,245,426,442,379,391,416,467,423,437,308,250,373,257,420,425,389,366,389,443,413,442,317,259,364,263,404,400,390,335,356,411,394,436,320,263,348,263,379,367,383,299,318,372,367,421,315,261,326,257,348,330,367,260,275,326,333,395,303,252,297,246,311,287,344,220,231,276,293,361,284,239,263,229,269,242,313,180,188,224,248,319,258,220,227,209,225,197,275,421,446,484,413,394,264,212,365,227,425,450,357,409,434,480,420,415,284,229,370,241,425,442,373,392,417,466,417,426,298,241,368,250,417,425,381,368,391,443,405,429,305,248,359,254,401,401,380,338,360,413,387,422,305,250,343,252,378,370,371,305,324,376,361,405,298,246,321,246,347,335,355,268,284,333,328,380,285,237,293,234,312,295,331,231,244,288,290,346,265,222,261,217,273,254,300,194,204,241,248,306,240,202,227,196,231,213,265,421,445,482,409,388,259,206,362,223,423,450,352,409,434,476,413,404,274,220,365,233,422,441,364,393,417,463,409,412,283,229,361,239,412,424,368,370,393,442,397,412,287,233,351,240,396,401,365,342,364,413,377,401,284,231,334,237,373,373,354,310,329,378,352,384,274,225,312,227,345,339,337,277,294,340,320,359,260,215,286,215,312,303,313,242,256,297,285,327,240,200,256,199,276,265,284,208,219,254,247,290,216,181,224,179,238,227,250,421,445,480,405,380,252,202,358,218,420,449,346,409,434,473,405,390,261,210,358,224,417,438,352,394,417,459,398,393,265,213,352,225,405,423,352,371,394,437,383,387,264,213,340,224,389,401,345,345,366,409,364,376,258,209,323,217,367,374,333,315,335,378,338,357,247,200,301,208,339,342,314,283,300,341,310,333,231,190,275,195,308,308,292,250,265,304,277,303,213,175,248,178,275,273,265,218,231,264,243,271,191,157,218,160,240,238,235,421,444,478,401,371,244,195,354,212,417,448,339,409,433,468,396,373,246,197,350,213,409,437,338,393,416,453,384,369,245,196,340,211,398,421,333,371,393,430,368,360,239,192,326,204,379,399,323,346,366,403,346,344,229,186,308,197,356,371,307,317,336,373,323,326,218,176,287,185,330,342,289,287,304,339,294,301,202,164,262,172,301,310,266,254,270,302,264,276,185,150,236,157,269,275,242,224,237,267,234,245,165,134,209,141,238,243,215,420,444,475,395,361,236,188,349,206,413,446,331,409,432,463,385,355,229,184,341,202,403,434,323,392,413,445,369,344,223,178,328,195,387,417,312,370,391,421,350,328,213,171,311,186,367,394,297,344,363,393,328,311,200,161,291,175,343,367,280,316,333,362,301,290,188,151,269,164,317,337,260,287,302,330,275,268,173,138,246,150,288,306,239,256,270,296,247,243,157,126,221,136,259,274,216,225,238,261,219,219,141,112,196,122,229,241,193,420,443,472,390,351,227,181,344,200,409,445,323,409,430,455,374,335,215,171,331,190,395,432,308,390,411,434,353,317,200,160,314,179,376,412,290,367,386,408,330,296,187,149,294,166,353,387,271,341,358,379,305,274,173,138,273,154,327,359,250,312,327,346,279,252,158,127,250,142,300,329,229,283,296,314,252,231,145,115,227,129,272,297,209,252,265,282,225,209,130,105,204,117,244,266,189,223,234,250,200,189,117,94,181,105,217,236,169,420,443,468,384,342,220,175,340,194,405,444,315,408,429,450,363,317,200,159,322,179,388,429,293,389,407,424,337,290,180,143,301,163,364,407,269,364,380,394,309,263,162,129,277,148,337,379,244,336,350,360,280,238,145,117,252,135,308,349,221,305,317,326,252,215,131,106,229,122,279,316,200,274,285,293,227,194,119,97,206,111,250,284,180,244,254,261,202,176,107,88,185,101,225,252,162,216,224,231,180,158,98,80,165,91,200,224,145,420,442,466,380,334,213,169,336,189,403,443,309,407,426,444,353,300,186,148,314,169,381,426,280,387,405,413,322,264,161,127,288,149,354,401,249,360,375,378,288,229,139,112,261,132,322,371,219,329,341,340,254,200,122,100,234,118,289,337,193,296,305,302,225,177,109,91,209,107,257,301,171,263,270,267,199,160,99,83,186,97,227,267,153,231,238,237,177,145,91,77,166,89,202,236,138,204,210,209,159,131,84,71,149,81,180,208,125,420,442,463,376,327,208,165,333,185,400,442,304,407,426,440,346,285,175,139,308,161,376,424,269,386,403,407,309,242,144,114,278,137,345,399,231,359,372,366,270,200,118,97,247,118,308,365,196,325,334,321,231,167,102,88,217,105,270,327,167,287,292,276,198,144,94,83,190,96,234,285,145,249,252,238,173,130,88,78,168,90,204,247,130,217,219,208,155,121,82,73,150,83,180,215,119,190,193,185,140,112,77,68,134,77,161,189,110,420,442,463,374,323,204,162,331,183,399,442,300,407,426,438,341,275,168,132,303,155,373,424,261,387,401,403,302,225,131,105,271,128,339,397,219,359,371,360,257,175,102,91,238,108,300,363,178,325,333,311,211,136,95,87,206,99,257,323,147,287,289,256,172,120,91,83,179,94,216,277,127,244,241,206,150,112,87,78,154,88,182,231,117,202,200,180,137,108,82,73,136,82,160,194,109,177,175,162,127,103,77,68,124,77,145,171,102,420,442,463,374,321,202,161,330,182,398,442,299,408,426,437,340,272,165,130,302,153,371,424,259,387,401,401,300,218,126,101,269,125,337,397,215,360,371,359,254,163,99,91,235,106,297,363,172,326,332,309,204,121,95,87,202,99,252,323,140,288,289,254,153,117,91,83,175,94,210,277,120,245,241,196,138,112,87,78,150,88,174,227,112,199,192,165,130,107,82,73,131,82,151,185,106,172,168,151,123,102,77,68,120,77,138,164,101]}