{"c":"85031","n":"枝去木","la":33.498333333333335,"lo":129.89833333333334,"e":110,"t":[5.4,6.0,8.8,13.3,17.2,20.8,24.8,25.6,22.4,17.5,12.5,7.7],"s":[0,0,0,0,0,0,0,0,0,0,0,0],"i":[421,470,490,405,378,262,215,369,238,429,461,349,411,459,486,413,403,287,238,377,259,430,451,368,392,438,472,413,419,305,254,377,273,423,434,379,367,409,449,405,425,316,267,370,281,408,408,382,336,374,417,387,421,320,272,355,284,384,375,376,299,331,376,361,407,316,272,332,280,352,336,361,260,285,329,328,384,305,265,303,269,314,291,339,218,236,276,289,352,287,252,269,252,271,243,310,177,187,221,244,313,263,233,231,231,225,195,273,421,470,490,404,377,261,214,368,237,428,459,347,411,458,486,412,400,284,235,376,256,430,451,366,392,438,473,412,415,301,252,376,270,423,434,376,368,411,450,401,419,312,262,368,278,407,409,378,337,375,417,384,413,315,267,352,279,383,376,371,302,334,378,358,400,310,266,330,275,352,338,356,263,289,332,326,377,299,259,302,264,315,294,334,222,242,282,288,345,281,245,268,247,273,249,304,183,195,229,244,306,256,227,231,225,229,202,269,421,470,488,401,373,258,211,366,235,426,459,344,411,459,484,408,394,278,229,373,250,428,451,360,393,438,472,405,405,292,243,371,262,420,434,368,369,413,450,395,408,299,250,363,268,404,411,367,340,380,419,378,401,300,254,347,267,381,380,360,307,342,382,352,386,294,250,325,261,351,343,344,270,299,340,321,363,281,242,298,249,316,303,321,233,256,293,285,331,262,227,266,231,277,261,293,196,214,245,244,293,238,209,231,211,236,218,258,421,469,487,399,368,252,206,363,229,425,459,340,411,459,482,401,383,267,220,367,243,424,451,351,394,440,469,398,391,277,229,364,250,415,434,355,371,415,448,387,391,281,235,354,252,399,411,353,344,384,419,367,382,279,234,338,250,377,382,343,312,348,384,343,365,271,229,316,242,349,348,326,278,310,345,313,342,257,219,290,229,315,311,304,243,270,302,280,312,238,204,260,212,279,272,277,209,229,260,242,278,214,186,227,191,242,233,245,421,469,484,394,361,246,200,360,225,422,458,334,411,458,478,394,370,254,209,360,231,418,449,340,394,440,463,387,373,260,213,354,235,408,433,340,372,415,443,373,368,259,214,342,235,392,409,333,346,387,416,355,358,254,211,326,229,370,383,322,316,353,383,330,340,243,202,304,219,342,351,304,284,316,347,302,317,229,192,279,206,312,316,283,252,280,309,271,290,211,178,250,189,278,280,257,219,244,269,238,258,189,161,221,170,244,244,229,421,468,482,390,352,238,193,355,219,418,457,327,409,457,473,384,354,240,196,351,220,412,447,326,394,438,458,374,350,239,196,342,219,400,430,321,372,415,436,359,342,234,192,329,213,381,407,312,347,386,408,338,328,225,186,310,206,359,380,297,318,355,378,315,311,214,177,289,194,333,350,280,287,321,344,287,287,199,165,265,181,303,317,258,256,285,307,259,263,183,152,239,166,272,283,235,225,250,271,227,235,164,136,212,149,241,249,209,420,467,479,384,343,229,186,350,212,413,455,319,409,455,467,374,337,225,182,342,206,404,444,312,392,436,449,359,326,218,176,329,200,389,426,301,370,412,425,341,312,208,169,313,192,369,401,287,345,383,397,319,296,197,160,293,181,345,375,271,317,352,366,294,276,184,150,271,170,319,345,250,287,319,334,269,256,170,138,248,156,290,313,231,256,285,300,241,231,154,126,223,143,261,280,209,225,250,265,214,209,139,113,198,127,231,247,187,420,467,475,378,333,221,178,345,204,409,454,311,408,453,459,363,319,209,168,332,194,396,440,297,390,432,438,343,301,195,158,315,183,377,420,280,367,405,412,321,282,182,146,295,170,354,395,262,341,376,382,297,261,169,136,274,158,328,366,242,312,344,350,272,242,154,125,250,146,301,335,223,283,312,317,246,221,142,114,227,133,273,304,202,252,279,285,221,200,127,104,204,121,245,272,183,223,246,252,197,181,114,94,183,108,218,241,164,420,466,472,373,324,214,172,340,198,407,453,304,407,451,453,352,301,194,155,322,182,388,437,282,388,428,426,327,275,175,140,301,165,365,413,259,363,399,396,300,250,157,126,277,150,338,386,236,335,367,362,273,227,141,113,252,136,309,355,214,305,333,328,247,206,128,103,229,124,280,322,194,274,299,295,222,186,117,94,206,112,252,289,175,244,266,263,198,169,105,86,186,102,225,258,158,216,235,235,176,152,96,78,166,93,200,229,141,419,465,470,369,317,206,166,336,193,403,451,297,407,449,447,343,285,181,143,314,171,381,434,269,386,424,416,313,250,156,123,288,149,353,409,240,360,392,380,280,220,135,107,260,131,321,377,212,328,356,340,248,193,118,96,233,117,288,342,186,295,318,303,220,171,106,88,208,106,257,305,166,262,282,268,195,154,97,80,186,97,227,271,149,231,248,238,174,140,89,75,167,89,202,239,134,204,219,211,156,127,82,69,149,81,181,211,122,419,465,467,365,310,202,161,333,188,401,451,292,405,448,442,336,271,169,134,307,162,376,432,259,385,422,408,300,229,139,110,277,136,344,405,223,357,388,366,262,191,113,92,246,114,307,371,189,323,348,321,225,161,99,84,216,102,269,331,162,286,303,275,194,140,92,80,189,94,233,288,142,248,261,238,170,127,86,75,167,88,202,249,128,217,227,209,153,118,81,70,149,82,180,217,117,190,199,186,138,109,76,66,134,76,161,192,108,419,465,466,363,306,198,158,331,185,400,450,289,405,449,438,331,262,162,127,303,155,373,430,252,385,423,404,293,214,126,99,270,126,338,404,211,358,389,360,250,168,99,87,236,105,298,369,172,324,347,309,204,132,93,83,206,96,254,327,144,285,300,254,169,118,89,79,178,92,214,279,125,242,249,206,148,112,85,75,154,86,181,231,114,202,206,179,136,106,80,70,136,81,160,196,107,177,181,162,126,101,75,66,124,75,145,173,101,420,466,466,363,304,197,157,330,184,399,450,288,407,449,438,330,258,159,125,301,153,372,430,249,386,424,401,291,208,121,95,267,122,337,404,206,358,390,358,247,156,97,87,234,103,296,369,167,324,349,307,199,120,93,83,202,96,250,327,138,285,302,250,149,115,89,79,175,92,209,280,118,242,250,192,137,111,85,75,150,86,174,227,111,197,199,164,130,106,80,70,131,81,152,187,105,172,175,151,122,100,75,66,120,75,139,166,99]}