{"c":"85116","n":"伊万里","la":33.266666666666666,"lo":129.87833333333333,"e":25,"t":[5.1,6.1,9.2,14.0,18.3,22.1,26.3,26.9,23.2,17.6,12.2,7.3],"s":[1,0,0,0,0,0,0,0,0,0,0,0],"i":[423,463,482,405,392,277,229,375,250,434,457,358,412,453,478,413,418,304,254,384,272,436,448,379,394,432,463,413,434,324,275,384,288,429,430,391,368,404,441,405,441,336,289,377,298,413,404,394,337,369,409,387,438,341,296,362,301,388,372,388,300,327,370,361,423,337,296,340,297,356,332,374,260,281,323,328,399,326,288,311,286,317,288,351,218,233,271,288,366,307,275,276,269,274,241,320,176,186,218,244,325,281,254,237,246,227,193,283,423,463,482,405,391,276,229,374,249,434,457,357,412,453,478,412,415,301,252,382,270,434,448,376,394,433,465,412,430,320,271,383,285,428,430,387,369,405,442,401,436,331,284,375,294,412,405,390,338,370,409,384,430,335,290,360,296,388,373,383,302,330,372,358,416,331,289,338,291,356,335,368,263,285,327,325,392,319,281,309,280,318,292,345,222,239,277,287,358,300,267,275,263,276,246,315,182,193,225,244,317,273,247,237,240,231,200,278,423,463,480,403,387,272,225,372,246,433,455,354,413,453,476,409,408,294,246,379,264,433,447,370,395,434,463,407,421,310,262,378,276,425,430,379,371,408,442,396,424,318,271,369,283,409,407,379,341,375,412,378,417,319,275,354,283,386,376,371,308,337,375,352,401,313,272,332,277,355,340,356,271,295,334,320,377,299,263,304,264,320,300,332,233,252,288,284,344,279,248,272,246,280,258,302,196,211,241,244,304,252,227,236,223,238,216,267,423,463,479,399,381,266,220,369,241,430,455,349,413,453,475,403,398,283,236,373,254,429,447,361,395,434,461,398,405,294,247,370,264,420,430,366,373,409,440,387,405,299,252,361,267,404,408,364,345,379,412,367,397,296,252,344,264,381,379,354,313,343,378,343,380,288,247,323,256,353,345,337,279,306,339,313,356,273,237,296,243,319,308,314,244,266,297,279,325,252,221,265,225,283,269,286,209,227,256,242,289,227,200,233,202,244,231,252,423,463,476,395,373,259,213,365,235,426,454,342,413,451,471,394,383,269,223,365,244,424,445,349,396,434,457,388,387,275,229,360,247,413,429,350,374,409,434,374,382,274,229,348,247,396,405,343,348,381,409,355,371,269,227,332,241,374,379,332,317,349,377,330,353,258,219,310,231,347,348,314,285,312,341,302,330,243,208,284,218,315,313,292,252,277,303,271,301,224,193,256,200,282,277,265,220,240,264,238,268,200,174,225,180,246,242,236,423,462,475,390,365,250,206,360,229,424,453,335,412,451,466,385,367,254,208,356,231,417,443,335,396,433,450,375,363,252,209,348,229,405,426,330,374,409,429,359,355,248,204,334,224,386,404,321,348,381,401,338,340,238,199,315,216,363,377,305,320,350,372,315,322,227,190,294,204,337,347,288,289,317,338,287,298,211,177,269,191,307,314,265,257,281,302,259,273,193,163,243,175,275,280,242,225,247,267,229,244,173,147,216,157,244,247,215,422,462,471,385,355,242,197,355,221,420,451,327,412,449,459,375,349,236,193,347,217,409,440,320,394,430,442,360,338,229,187,334,210,394,422,309,372,407,419,342,323,219,180,317,200,373,399,295,346,378,391,320,307,206,170,297,190,349,372,278,318,347,360,294,286,194,160,275,178,323,342,258,288,315,329,269,265,179,147,252,164,294,311,238,257,281,295,242,241,162,135,227,150,265,278,215,227,248,261,215,217,146,121,202,134,234,245,193,422,461,468,379,345,233,189,350,214,416,450,319,411,447,453,364,329,219,178,336,202,401,437,304,392,426,432,344,311,204,167,319,190,382,417,287,369,401,405,322,291,191,154,299,177,358,392,268,343,372,376,298,270,176,143,277,165,332,363,248,314,340,344,273,250,162,132,254,152,305,333,227,284,308,312,246,229,148,121,231,139,277,302,208,254,275,281,222,208,133,110,208,126,248,270,188,224,243,249,197,187,121,99,185,112,221,239,168,422,459,465,374,335,224,181,345,206,412,449,311,409,445,447,353,311,202,163,326,189,393,434,289,390,423,421,328,284,182,146,304,172,369,411,265,365,395,391,301,258,163,131,281,155,342,384,241,337,363,358,274,234,147,119,256,141,313,352,218,306,329,324,247,212,133,108,231,128,283,320,197,276,296,291,222,192,121,98,209,115,254,287,178,246,263,260,199,174,109,89,188,106,227,256,161,217,233,231,177,156,99,81,168,96,202,227,144,422,459,463,369,327,217,175,340,200,409,448,304,409,444,441,344,294,188,150,317,177,386,430,275,388,420,411,314,259,161,128,291,154,358,405,245,362,388,375,281,225,139,111,263,135,325,375,215,330,353,337,250,197,121,98,235,120,292,340,189,296,315,300,221,175,109,90,210,109,260,304,168,264,279,265,196,158,99,82,188,99,231,269,151,233,246,235,175,143,91,76,168,91,204,238,136,206,217,209,157,130,84,70,150,83,183,210,124,422,459,461,366,320,211,170,337,196,405,447,299,408,443,436,337,279,176,140,310,167,381,429,264,388,418,403,302,236,143,112,279,140,348,403,227,360,384,362,263,196,117,94,247,118,311,369,192,325,344,318,225,163,101,85,217,104,272,329,163,287,301,273,195,142,93,80,190,96,235,287,143,250,260,236,171,129,87,76,168,89,204,248,129,218,225,206,153,119,82,71,150,83,182,217,118,191,198,184,139,111,77,67,135,78,163,191,109,422,459,459,364,316,206,166,335,193,405,447,296,409,443,434,332,269,168,132,306,160,377,429,256,388,418,399,294,220,129,101,272,128,343,401,214,360,385,356,250,171,100,87,237,107,302,367,174,326,344,307,206,133,94,84,206,97,258,326,144,286,298,252,170,118,90,80,178,93,217,279,126,243,248,204,149,112,85,76,154,88,183,231,114,202,204,179,136,107,81,71,137,82,161,196,108,177,180,162,126,101,76,67,124,77,146,173,101,422,459,459,364,314,206,165,334,192,404,447,295,409,444,433,331,265,165,129,304,158,377,429,254,388,419,398,292,213,124,97,269,124,341,401,210,360,386,354,248,158,97,87,235,104,300,367,168,326,346,305,200,120,94,84,204,97,252,326,138,287,300,250,150,115,90,80,175,93,211,279,119,244,250,193,138,111,85,76,151,88,175,229,111,198,199,164,130,106,81,71,132,82,152,187,106,172,175,151,122,101,76,67,121,77,140,166,100]}