{"c":"85166","n":"白石","la":33.181666666666665,"lo":130.13333333333333,"e":4,"t":[4.8,5.9,9.2,14.3,18.9,22.9,26.8,27.3,23.5,17.5,12.0,6.8],"s":[0,0,0,0,0,0,0,0,0,0,0,0],"i":[426,463,500,418,393,288,244,383,268,434,463,366,413,453,496,426,419,317,273,393,294,436,454,388,396,432,480,426,436,338,295,394,313,429,436,400,370,404,457,417,442,352,311,388,324,413,409,404,338,369,424,398,438,357,319,373,329,388,377,398,301,327,382,372,424,354,319,350,325,356,337,383,260,281,333,337,400,342,312,321,314,318,292,360,218,233,279,296,367,322,298,285,296,274,243,328,176,185,222,250,325,295,276,246,271,227,195,290,426,463,499,417,392,287,243,382,267,434,463,365,415,453,495,425,416,314,270,392,291,434,454,385,396,433,482,424,432,334,291,393,309,428,437,397,371,405,458,413,437,347,305,386,320,412,411,399,339,370,424,396,432,351,313,370,323,388,378,393,303,330,384,369,417,347,312,348,319,356,339,377,264,285,337,335,392,335,304,319,308,318,295,354,223,239,285,295,359,314,289,284,289,276,249,323,182,193,231,250,318,287,268,246,264,231,202,285,426,463,498,413,388,283,239,380,264,433,463,362,415,453,494,421,409,306,262,388,285,433,454,379,397,434,480,419,422,323,280,387,299,425,437,388,373,408,458,408,425,333,291,379,307,409,413,388,343,375,426,389,418,334,296,364,308,386,382,380,309,337,388,363,401,328,293,342,302,355,345,364,272,295,345,330,377,314,284,313,290,320,304,340,234,252,297,293,344,293,268,281,270,280,261,310,197,211,248,250,305,266,246,244,246,238,219,274,426,463,496,411,382,277,233,377,258,430,462,356,415,453,492,413,399,294,250,382,275,429,453,369,398,434,478,409,407,307,264,379,285,421,437,374,375,409,455,398,407,312,271,370,289,405,413,372,346,379,426,379,398,310,271,354,287,381,384,362,315,344,391,354,380,301,266,332,279,353,350,345,280,306,351,322,357,286,254,305,265,319,313,322,245,266,307,288,325,265,239,273,246,283,273,293,210,227,264,249,289,239,217,240,222,245,234,259,425,463,494,405,375,269,225,373,252,426,461,350,415,453,488,405,384,280,237,374,262,424,451,357,398,434,474,399,388,286,244,368,267,413,436,358,376,409,451,385,383,286,246,357,267,397,412,351,350,382,424,366,372,281,243,340,261,374,385,340,319,349,391,340,354,270,235,318,250,347,353,321,287,313,353,312,330,254,223,292,237,316,317,298,254,277,314,279,302,234,206,263,218,282,282,272,221,241,274,245,269,210,187,231,197,247,245,242,425,463,492,401,366,260,217,367,244,424,459,342,415,451,483,396,368,263,221,364,247,417,450,342,398,434,467,385,364,262,222,355,246,405,433,337,376,409,445,369,356,258,218,341,241,387,409,328,350,382,416,348,341,248,212,323,233,363,383,312,321,351,386,324,323,236,202,301,221,337,352,294,290,317,350,296,299,220,189,276,206,307,319,271,258,281,313,266,274,202,175,249,190,276,284,247,227,248,277,235,245,181,157,221,170,244,250,220,425,462,488,395,356,250,208,362,236,420,459,334,413,450,476,385,350,245,204,354,231,409,447,327,397,430,458,370,339,238,198,340,224,394,429,315,374,407,434,351,325,227,190,324,215,374,405,301,348,378,405,329,308,215,180,304,202,350,377,284,320,348,374,303,287,200,170,281,191,323,347,264,290,315,341,277,266,186,156,257,176,294,315,243,259,282,306,248,242,169,143,231,161,265,282,220,229,248,271,221,218,152,129,206,144,235,249,197,425,462,484,390,346,241,199,356,227,416,457,325,413,448,469,374,331,227,187,343,215,401,443,310,395,428,447,353,312,212,175,325,202,382,423,292,371,401,420,330,292,197,162,304,188,359,398,273,345,372,390,306,271,182,150,282,175,332,369,252,316,341,357,280,250,167,138,259,161,305,338,233,286,309,324,252,229,153,127,235,147,277,306,212,254,276,291,227,208,138,114,212,134,248,274,191,225,244,259,202,188,125,104,189,120,221,242,172,424,461,482,384,336,231,191,351,219,412,455,317,412,446,463,362,312,209,171,332,200,394,440,294,393,424,436,336,285,188,152,309,180,369,417,270,368,396,404,309,259,168,136,285,163,342,389,245,339,364,370,280,235,150,123,260,147,313,358,222,308,330,335,252,212,137,111,236,134,284,324,200,277,296,301,227,192,124,101,212,122,254,291,181,247,264,269,202,175,112,92,191,111,227,260,163,218,233,239,181,157,102,84,170,100,202,229,146,424,459,479,379,328,224,183,346,212,409,454,310,411,444,455,352,295,194,156,322,186,386,437,280,390,420,425,321,260,165,132,295,160,358,412,249,364,389,387,288,227,142,112,266,139,325,380,219,332,353,347,254,198,123,100,238,123,292,344,192,298,316,309,225,176,110,91,212,111,260,308,170,265,280,273,199,158,101,83,190,101,231,273,153,235,247,242,178,144,92,77,170,93,206,241,138,206,217,215,160,131,85,71,152,86,183,213,125,424,459,476,375,321,218,177,343,206,405,454,305,411,444,451,345,280,181,144,315,174,381,434,269,390,418,416,308,237,146,114,283,143,348,408,229,362,385,374,269,197,118,94,250,119,311,373,194,327,345,327,229,164,101,85,219,105,272,333,165,289,301,281,197,143,93,80,192,96,236,290,144,250,260,242,173,129,87,76,169,90,204,250,130,219,225,212,154,120,82,72,151,84,182,219,119,192,198,188,140,111,77,67,136,79,163,193,110,424,459,476,374,317,213,173,341,202,405,453,301,411,444,449,340,270,172,136,310,166,377,434,261,390,419,412,300,221,131,102,274,131,343,407,217,362,386,367,254,171,100,87,239,107,302,371,175,328,345,315,209,134,93,83,208,97,258,329,145,288,299,258,170,119,90,80,179,93,217,282,126,244,248,209,149,112,85,76,155,88,183,234,115,202,204,181,136,107,81,72,137,83,161,197,108,178,180,164,127,102,77,67,125,78,146,174,102,424,461,475,373,315,212,172,340,200,404,453,300,411,445,447,339,267,169,133,308,163,377,434,258,390,420,409,298,214,125,97,272,126,341,407,212,363,387,365,252,159,96,87,236,104,300,371,169,328,347,313,202,120,93,83,204,97,252,329,139,289,301,256,150,115,90,80,176,93,211,282,118,245,250,195,137,111,85,76,151,88,175,229,111,199,199,165,129,106,81,72,132,83,153,188,106,173,175,152,122,101,77,67,121,78,140,166,100]}