{"c":"86066","n":"南小国","la":33.096666666666664,"lo":131.06833333333333,"e":440,"t":[1.6,2.9,6.4,11.8,16.5,20.3,23.9,24.2,20.5,14.3,8.6,3.5],"s":[6,5,0,0,0,0,0,0,0,0,0,0],"i":[397,428,440,364,350,266,229,351,252,403,422,327,387,417,436,371,372,292,256,360,277,405,413,345,369,399,423,370,386,311,277,361,294,398,397,355,346,373,401,361,391,323,291,355,305,383,374,358,316,341,373,345,386,327,299,341,309,360,344,353,282,304,338,321,373,324,300,321,305,330,308,340,244,262,296,292,352,313,293,294,295,295,267,319,204,218,250,257,323,294,279,262,278,254,224,291,166,175,202,218,286,269,259,225,254,211,181,258,397,428,438,364,348,265,227,351,252,403,422,325,387,417,434,369,370,289,252,359,274,404,413,343,370,400,423,368,382,307,273,359,290,397,398,353,346,374,403,359,386,318,287,353,300,382,375,355,317,342,374,343,381,322,293,339,303,360,344,349,284,306,339,320,368,318,293,319,299,330,310,335,247,265,299,290,346,306,286,292,288,296,271,314,209,223,254,256,316,288,272,261,271,257,229,287,172,182,208,219,280,263,250,225,248,215,187,254,397,428,438,362,345,261,224,349,249,401,421,323,387,418,434,367,364,282,246,355,268,401,413,338,371,400,422,364,374,298,263,355,281,395,398,345,348,376,401,354,376,306,273,347,288,380,375,345,321,346,376,337,369,307,277,333,289,358,348,338,289,312,342,315,355,301,275,313,283,330,314,324,254,274,305,286,334,288,266,287,271,297,278,302,219,235,264,254,304,269,252,257,254,261,240,276,185,197,222,218,269,244,231,224,231,222,200,244,397,428,437,359,340,256,218,346,244,400,421,318,388,418,433,362,354,272,235,350,258,399,413,329,371,400,420,357,361,282,248,347,268,390,397,333,350,378,401,346,361,287,254,339,271,375,376,331,324,350,375,329,353,285,254,324,269,354,350,322,294,318,344,307,337,277,250,304,262,328,319,307,262,283,309,280,316,263,240,279,248,296,285,286,229,247,271,250,288,244,224,250,229,263,249,260,197,211,234,217,256,220,204,220,208,227,214,231,397,426,434,356,334,248,211,342,237,397,420,313,388,417,429,355,342,259,222,342,246,394,411,318,372,401,417,348,345,264,229,338,250,384,396,319,351,379,397,335,340,263,231,327,250,369,375,313,327,352,373,318,331,259,227,312,245,348,351,303,298,322,343,296,314,249,221,291,236,322,321,286,268,289,311,271,293,233,209,268,222,293,289,266,238,256,277,242,268,216,195,241,204,262,257,242,206,223,241,213,238,194,176,213,185,229,224,215,397,426,433,351,326,240,202,337,229,394,419,306,387,416,425,346,328,244,206,334,231,388,409,306,372,400,411,337,325,242,208,326,231,376,394,301,351,378,391,323,317,238,204,313,227,359,373,293,327,352,366,304,304,229,199,296,219,338,349,279,300,324,339,283,288,218,190,276,208,313,321,263,271,293,308,258,267,202,178,252,194,286,291,242,242,260,275,233,244,186,164,229,178,257,259,221,213,229,244,204,218,167,148,202,160,227,229,197,397,426,430,347,318,231,195,332,223,390,418,299,387,415,420,338,312,227,191,325,218,381,407,292,371,398,404,325,303,220,186,313,211,367,391,283,350,376,383,308,290,210,179,297,202,348,369,270,326,349,357,288,275,200,169,279,191,325,344,254,300,321,329,266,257,186,159,258,180,301,317,236,271,292,300,243,238,173,147,236,166,274,288,218,242,260,269,218,215,156,135,213,152,246,257,197,214,229,239,194,195,141,122,190,136,219,227,177,396,425,428,342,309,223,186,327,215,387,417,292,386,413,413,329,296,210,175,315,202,374,404,278,369,395,395,311,280,197,164,299,190,356,386,263,347,371,371,292,262,184,152,280,177,334,363,246,323,344,345,270,244,170,141,260,165,310,337,227,296,315,315,247,225,156,130,239,152,285,309,210,267,286,287,224,206,143,119,217,139,258,280,191,239,254,258,202,188,129,108,196,127,231,250,173,211,225,227,179,168,115,98,174,113,206,222,154,396,425,425,338,301,215,178,323,206,383,415,285,385,411,409,320,280,195,160,305,189,367,401,265,367,391,386,298,257,175,143,285,171,345,381,243,344,366,359,275,234,157,128,263,154,319,356,222,317,337,329,250,212,141,114,240,140,292,327,200,289,306,298,225,192,128,104,218,127,265,298,182,260,275,268,204,175,115,95,197,115,239,267,165,231,245,240,182,158,105,87,177,105,214,239,149,204,217,213,162,142,95,79,158,96,190,211,133,396,424,423,334,294,208,171,319,200,380,413,279,384,409,404,312,265,180,146,297,176,360,399,252,365,388,377,286,235,155,123,272,152,334,377,225,340,360,346,258,206,133,106,246,133,304,349,199,311,327,311,229,181,117,94,221,118,274,317,176,279,293,277,204,161,104,85,198,107,244,283,156,249,260,246,181,145,95,78,177,97,217,252,141,220,229,219,162,131,87,72,158,90,193,223,127,194,202,194,145,120,81,67,142,83,172,197,114,396,424,421,331,288,202,166,315,196,378,413,274,384,409,400,306,252,169,135,290,166,355,398,242,364,387,371,276,215,137,107,262,137,326,374,209,338,357,335,243,180,112,88,231,114,292,343,178,307,321,295,210,151,96,79,204,101,256,307,152,271,281,256,182,132,88,75,180,93,222,269,134,236,243,222,161,120,83,71,159,88,194,234,121,206,212,195,144,111,78,67,142,82,172,204,111,181,186,174,130,102,73,63,128,77,154,180,102,396,424,420,329,284,199,162,313,192,377,413,271,384,409,398,302,244,161,127,286,159,352,397,236,365,387,367,270,200,124,95,254,125,321,373,198,339,357,329,233,158,95,81,223,103,284,342,162,307,320,286,194,125,89,78,194,94,243,304,136,270,278,238,161,111,85,74,169,90,204,262,119,229,233,196,142,105,81,71,147,86,174,219,109,192,194,171,130,100,77,67,130,81,153,185,102,168,170,154,120,94,72,63,119,76,139,164,96,396,424,420,329,283,197,161,313,191,376,413,270,384,409,397,301,241,158,124,284,156,351,397,233,365,387,366,268,195,118,91,252,121,319,373,194,339,358,328,229,147,92,81,220,100,281,341,156,307,321,284,189,112,89,78,192,94,238,304,130,271,279,236,145,109,85,74,166,90,200,262,112,229,234,185,133,104,81,71,144,86,167,216,106,187,188,158,124,99,77,67,126,81,145,178,100,163,165,145,115,94,72,63,114,76,133,157,94]}