{"c":"86101","n":"菊池","la":32.946666666666665,"lo":130.78166666666667,"e":83,"t":[4.2,5.6,9.2,14.4,19.1,22.7,26.4,27.0,23.5,17.4,11.5,6.2],"s":[0,0,0,0,0,0,0,0,0,0,0,0],"i":[413,472,497,432,386,293,258,387,281,434,461,370,403,459,493,442,413,324,292,398,311,436,451,393,384,438,478,442,430,347,319,401,333,429,433,407,358,408,453,433,438,362,338,395,348,413,407,411,327,371,420,413,434,369,348,380,354,389,373,405,290,328,377,386,421,366,350,358,351,357,332,391,250,280,328,349,397,354,344,328,340,318,286,367,208,229,273,306,364,334,329,292,321,273,237,335,168,180,217,257,323,306,305,250,295,225,188,295,413,472,496,430,384,291,256,386,279,434,461,369,403,459,492,440,409,321,288,396,308,436,451,390,385,438,479,440,426,343,314,399,329,429,434,403,360,409,454,430,432,357,331,392,342,413,408,407,328,373,421,411,428,362,341,377,347,388,374,400,293,331,380,383,413,359,342,355,343,357,335,385,254,285,332,347,390,347,335,325,332,319,290,361,213,237,280,305,356,326,319,290,312,276,243,329,174,189,225,258,315,298,296,250,286,229,196,290,413,472,496,428,380,287,252,383,275,433,461,365,403,459,492,436,403,313,279,392,299,434,451,384,386,440,478,434,417,331,301,393,317,426,434,394,362,413,455,423,420,342,315,385,327,409,409,395,333,379,424,404,413,344,321,371,329,387,378,388,299,340,385,377,399,338,320,348,323,356,341,372,262,296,342,342,375,325,311,320,311,321,300,347,225,252,294,303,343,303,294,286,290,281,257,316,189,210,245,259,303,275,270,249,263,238,214,279,413,472,494,424,374,281,245,380,269,430,459,360,404,461,488,429,392,300,266,386,288,430,451,374,387,441,475,425,401,313,282,384,300,421,434,380,364,416,454,413,401,320,291,375,306,405,411,379,336,384,424,393,394,319,294,359,304,382,382,369,305,348,389,368,377,310,289,338,296,354,347,352,272,309,349,335,355,295,278,310,282,320,310,328,237,268,305,299,324,274,261,279,262,284,270,299,202,227,262,259,288,247,238,244,237,245,231,265,413,471,491,419,367,272,236,375,261,426,459,353,404,459,484,420,377,285,250,377,273,424,450,361,387,442,471,413,382,292,259,372,279,413,434,362,366,417,449,399,378,292,263,361,280,398,411,356,340,388,422,380,369,288,261,345,275,376,383,345,310,354,389,353,352,277,254,323,265,348,351,327,279,317,352,324,328,261,241,297,250,317,316,304,246,280,313,289,301,241,225,268,231,283,280,277,214,243,273,254,268,217,202,236,208,248,243,247,413,471,488,413,358,262,227,370,252,424,458,345,404,459,480,409,361,267,231,367,256,417,448,345,387,441,465,398,358,266,234,358,256,405,430,341,366,417,443,382,351,262,231,344,250,387,408,332,341,388,415,361,337,252,225,326,243,365,381,317,313,357,385,336,320,242,216,305,231,338,351,299,283,322,350,307,297,225,202,280,216,309,318,276,252,286,313,277,273,206,188,252,198,277,284,252,221,252,277,244,244,186,169,225,178,245,250,225,413,470,486,408,348,252,216,364,243,419,457,336,403,458,474,397,342,247,212,355,238,409,445,329,386,438,455,381,332,240,206,342,229,394,426,318,365,413,432,362,319,229,199,325,221,374,404,304,340,385,404,339,303,218,189,306,209,350,376,287,312,354,373,313,283,204,178,283,197,324,346,267,283,321,340,287,263,189,165,259,181,295,315,246,252,287,306,257,239,172,151,234,166,265,281,223,223,252,271,229,216,155,137,208,148,236,249,200,413,470,482,401,337,242,206,358,233,415,455,327,401,455,467,384,322,227,193,343,219,401,442,311,385,434,445,363,305,213,179,325,204,381,422,293,362,409,418,340,285,198,166,305,190,358,396,274,336,379,388,314,265,183,154,283,176,332,368,254,308,347,355,288,246,168,142,259,162,305,337,234,279,314,323,260,225,154,130,236,148,277,305,213,249,281,291,234,204,139,118,212,135,249,273,193,220,248,258,208,185,126,108,189,121,221,242,173,413,469,479,395,327,233,196,352,224,411,454,318,401,454,459,372,303,209,174,332,202,392,438,295,383,430,433,345,277,186,153,309,181,368,416,269,358,401,401,316,250,166,136,284,162,341,388,244,330,369,368,287,227,149,122,258,145,312,356,221,300,335,333,258,206,135,110,234,131,282,323,200,270,301,299,231,187,122,101,211,119,254,290,180,241,268,268,206,170,111,91,189,108,227,259,162,212,237,238,185,153,100,84,169,98,202,229,146,413,468,476,390,319,224,187,347,216,408,453,311,401,451,453,361,285,192,157,321,186,385,434,279,381,426,422,328,250,163,129,293,158,356,409,247,354,395,385,292,217,138,109,263,135,323,378,216,323,358,345,258,190,119,95,235,118,289,342,189,290,320,306,227,168,106,85,209,106,257,305,167,258,283,271,200,151,97,78,186,96,229,271,149,227,249,240,179,137,88,73,166,88,202,239,135,200,220,212,160,125,82,68,149,82,181,211,123,413,468,474,386,312,217,180,343,210,405,451,305,401,451,448,353,270,178,143,313,173,379,433,267,380,425,413,313,227,142,109,279,139,346,405,227,352,391,371,271,186,112,86,245,112,308,371,190,319,349,323,229,153,95,76,214,97,268,330,160,281,304,277,196,133,86,72,186,89,231,287,138,243,261,238,171,120,81,69,164,83,200,248,124,212,225,208,152,111,77,66,146,78,178,215,113,186,198,185,138,103,73,63,132,74,159,190,105,413,469,473,384,307,213,176,340,206,403,451,301,401,451,446,347,260,169,133,308,164,375,433,259,380,426,409,304,209,125,94,271,124,340,405,213,353,391,364,256,159,92,77,234,98,298,369,169,319,349,312,206,121,86,75,202,88,254,327,138,280,301,254,166,107,83,72,173,84,211,278,118,237,248,202,144,101,79,69,149,80,177,229,108,196,204,176,131,97,76,66,131,77,156,192,101,172,178,159,123,93,72,63,120,72,142,170,96,413,469,472,383,306,211,174,340,204,403,451,300,401,453,444,346,256,165,129,306,161,374,433,256,381,426,407,302,202,119,89,267,119,338,405,208,353,393,361,252,147,88,77,229,94,295,369,163,320,351,309,199,106,86,75,198,87,248,327,130,281,303,250,143,103,83,72,169,84,204,278,110,238,250,189,129,100,79,69,145,80,169,225,103,192,197,159,123,96,76,66,126,77,147,183,98,166,172,146,117,92,72,63,115,72,135,161,94]}