{"c":"86216","n":"三角","la":32.611666666666665,"lo":130.47833333333332,"e":60,"t":[6.6,7.3,10.4,15.2,19.4,22.7,26.5,27.5,24.4,19.3,14.0,9.0],"s":[0,0,0,0,0,0,0,0,0,0,0,0],"i":[420,494,511,438,391,292,252,390,279,434,475,374,408,480,507,450,419,322,284,401,307,436,465,397,388,455,491,450,436,345,309,403,329,428,445,411,362,424,465,440,444,360,327,396,343,412,417,413,329,385,430,420,440,366,337,381,348,387,381,409,292,338,386,391,426,363,338,358,345,355,339,393,250,287,335,354,401,351,331,327,334,316,291,369,208,234,277,310,368,330,316,291,315,271,240,336,167,181,219,260,326,302,293,249,289,223,189,296,420,494,511,438,390,291,250,390,277,434,475,373,408,480,505,447,416,320,281,400,305,434,465,394,389,458,492,447,432,341,305,401,325,428,446,407,363,426,467,437,438,354,321,394,338,412,419,409,331,387,432,418,433,359,329,379,342,387,383,404,294,342,389,389,419,356,330,356,339,355,342,388,254,292,339,352,394,343,322,325,327,317,295,363,213,241,285,309,360,322,307,290,308,273,247,331,173,191,227,261,319,294,284,249,281,227,198,291,420,494,509,434,386,287,246,387,273,432,475,369,408,480,505,443,409,312,273,396,297,433,465,388,390,459,491,441,422,329,292,396,314,425,447,398,365,430,467,430,426,340,305,388,324,409,421,398,335,394,434,411,419,342,311,373,326,386,388,390,301,352,395,383,404,335,309,350,320,355,349,374,264,306,350,347,380,321,299,320,307,319,306,349,225,260,300,307,346,300,283,286,287,279,262,318,189,214,249,262,306,272,259,249,261,237,218,280,420,493,508,430,380,280,240,384,267,430,474,364,409,480,504,436,398,299,260,389,286,429,465,378,391,459,488,432,405,312,275,387,298,420,447,383,368,434,467,420,408,318,283,378,304,404,423,382,340,400,436,399,400,317,285,362,302,381,392,372,308,361,400,373,382,308,279,340,295,353,356,354,274,320,358,340,359,292,268,312,281,319,317,330,239,277,312,303,327,271,250,280,261,282,276,301,204,236,268,262,291,244,229,245,235,244,236,266,420,493,505,426,372,272,231,379,260,426,473,357,409,480,500,426,382,284,245,381,272,424,463,364,392,462,484,420,387,290,252,376,278,413,446,366,370,434,462,405,383,290,256,364,279,397,422,360,344,404,434,386,373,286,254,348,275,375,394,348,313,369,400,358,356,275,246,325,265,347,361,330,281,330,362,329,332,259,233,299,250,316,324,307,249,291,322,294,304,239,217,270,231,282,287,279,216,252,280,259,271,215,196,238,208,247,250,248,420,492,503,421,363,262,223,374,252,423,472,349,409,480,494,416,366,267,227,371,254,417,461,349,392,461,479,405,363,265,229,362,256,404,444,344,370,436,455,389,356,261,225,348,250,387,421,335,345,405,426,366,341,252,220,330,244,364,392,320,317,372,396,342,324,240,210,308,231,337,362,302,286,336,360,311,301,224,196,283,217,308,327,279,254,298,322,281,276,204,182,254,199,276,291,254,224,262,284,248,247,184,164,227,179,244,257,225,419,492,500,413,353,252,213,368,242,419,470,340,409,479,488,404,347,247,209,360,238,409,458,333,391,459,469,388,337,240,202,346,231,394,440,321,369,433,445,368,323,229,195,329,222,373,416,307,344,401,416,345,307,218,185,309,210,350,387,290,316,370,384,318,287,202,174,287,198,323,357,269,286,336,350,291,267,188,161,263,183,295,324,249,254,300,315,261,242,171,148,237,168,265,290,225,225,264,279,231,219,154,133,211,150,235,256,202,419,491,496,408,342,242,202,362,233,415,469,331,408,476,480,391,327,227,190,348,220,401,455,315,390,455,458,369,309,213,177,330,206,381,434,297,367,426,430,345,289,198,164,309,192,358,408,277,340,396,399,319,269,183,152,286,179,332,379,257,312,363,366,292,249,168,140,263,165,304,347,236,282,328,332,263,227,154,128,239,151,277,314,215,252,293,299,238,206,139,117,215,137,248,281,195,222,259,265,211,187,125,106,192,124,221,249,174,419,491,493,401,332,233,193,356,224,411,468,322,407,475,474,378,307,210,172,336,202,393,451,298,388,451,446,350,281,187,153,313,182,369,428,273,363,420,413,321,254,167,136,288,164,341,399,247,335,386,378,291,229,149,122,262,148,312,366,223,304,350,342,262,208,135,110,238,134,282,332,202,274,314,307,235,189,122,100,214,122,254,298,182,244,279,275,209,172,111,91,192,111,227,266,164,215,247,245,187,154,100,83,172,101,202,236,147,419,490,491,396,323,225,185,351,216,408,467,315,405,473,467,367,289,193,156,326,187,385,449,283,386,447,434,333,254,164,130,297,160,356,422,250,359,413,396,297,220,139,110,267,138,324,389,219,328,374,354,261,192,120,96,238,121,290,352,191,294,333,313,229,169,107,86,212,108,258,313,169,261,294,277,202,152,97,79,189,98,229,277,151,231,259,245,181,138,89,74,169,91,202,245,136,202,227,217,162,126,83,69,151,83,181,216,123,419,490,488,392,316,218,179,347,210,405,466,309,405,472,461,359,274,179,143,318,174,379,447,271,385,445,425,318,229,143,111,284,141,346,418,229,357,408,381,275,188,113,88,249,114,309,382,192,323,364,331,233,155,96,78,217,99,269,339,161,284,315,283,197,133,88,74,189,90,231,294,139,246,270,243,172,120,82,70,166,84,202,252,125,214,233,212,153,112,78,67,148,80,178,219,113,187,204,188,139,104,74,63,133,75,159,193,105,419,491,487,390,312,214,175,345,206,404,466,305,407,473,459,353,263,170,134,312,165,376,446,262,386,446,420,309,212,127,96,275,126,341,417,216,358,409,373,260,161,94,79,238,100,300,380,172,323,365,319,209,122,87,76,204,89,254,336,139,284,313,259,167,106,84,73,175,85,212,285,119,240,257,206,144,101,80,70,150,81,178,234,108,198,208,177,131,97,77,67,132,77,156,195,102,173,182,160,123,93,73,63,121,73,142,172,96,419,491,486,390,310,212,173,344,204,403,466,304,407,475,457,352,259,167,130,311,162,375,446,259,386,447,418,307,204,121,91,272,121,339,417,211,359,411,371,256,148,89,79,234,96,297,380,165,324,367,316,202,106,87,76,200,89,249,336,131,285,316,256,144,103,84,73,172,85,206,286,110,241,260,192,129,100,80,70,146,81,170,231,103,194,202,159,123,96,77,67,127,77,147,185,98,167,175,146,117,92,73,63,115,73,135,163,94]}