{"c":"86336","n":"八代","la":32.473333333333336,"lo":130.60666666666665,"e":8,"t":[6.3,7.3,10.5,15.3,19.6,23.1,27.0,27.6,24.3,18.8,13.4,8.4],"s":[0,0,0,0,0,0,0,0,0,0,0,0],"i":[424,511,514,434,382,285,247,387,267,430,483,367,411,496,509,444,408,314,278,396,294,430,472,388,391,471,494,444,424,335,302,397,313,423,451,401,364,437,468,434,430,349,318,390,325,407,423,404,332,396,432,413,426,354,327,374,330,382,387,398,293,347,388,386,413,350,328,350,327,350,343,383,252,293,336,349,389,338,321,320,316,311,293,359,209,237,278,305,356,319,306,283,298,267,241,327,167,183,219,256,315,291,283,242,273,220,189,287,424,511,514,433,380,284,246,386,266,429,483,365,412,496,509,441,405,311,275,395,291,430,472,386,392,472,495,441,420,331,297,396,310,423,453,397,366,438,469,430,425,344,312,388,321,407,425,400,333,398,433,412,420,348,320,372,325,382,388,393,296,351,391,383,405,344,320,348,321,350,346,377,256,299,340,347,381,331,312,318,309,312,298,353,214,245,286,304,349,311,297,282,291,269,248,321,173,193,229,257,308,284,275,243,265,224,198,283,424,511,513,430,376,280,242,384,263,428,482,362,412,497,509,437,398,304,267,391,284,428,472,380,394,474,494,434,411,320,286,391,300,420,454,389,368,443,470,424,413,330,298,382,308,404,426,389,338,405,437,405,407,331,302,366,309,381,394,381,303,362,396,377,392,325,300,343,304,350,354,365,265,314,351,342,368,311,291,314,291,315,310,340,227,265,301,303,335,290,274,280,272,275,265,309,190,218,250,258,296,263,250,243,246,233,219,272,424,509,511,426,371,274,236,381,257,426,482,357,413,497,507,430,388,292,254,385,274,425,472,370,395,476,492,426,396,304,269,383,285,416,454,375,371,448,469,413,396,309,276,373,290,400,429,373,343,413,438,394,388,307,277,356,288,377,398,363,310,372,401,368,371,298,272,334,280,348,361,346,276,330,360,335,348,283,261,306,266,315,322,322,240,285,314,299,317,263,244,274,247,278,280,293,204,242,269,258,282,236,222,240,223,241,239,259,424,509,509,421,363,266,227,376,250,423,480,350,413,497,503,421,373,277,240,377,261,420,471,357,396,476,488,415,377,283,247,372,266,409,454,358,373,450,465,400,373,283,250,360,267,392,429,352,347,418,437,381,363,278,248,343,262,371,400,341,316,381,401,354,346,267,240,321,252,343,367,322,284,340,364,324,323,250,227,294,238,312,329,299,250,300,323,290,295,231,211,265,219,279,292,272,218,260,281,254,263,208,191,234,197,244,252,242,424,509,505,416,355,257,219,371,242,420,480,342,413,497,497,411,357,261,223,368,246,413,469,343,396,476,482,400,354,259,224,359,245,401,451,338,374,450,459,384,347,254,221,345,241,383,428,329,348,419,430,362,333,245,215,326,233,360,399,313,320,385,398,337,315,234,206,305,221,334,368,296,288,348,362,307,292,218,192,279,206,304,333,273,257,308,324,277,268,200,178,252,190,273,296,248,225,271,286,245,240,179,160,224,171,242,261,221,424,509,503,409,345,248,210,365,234,416,479,334,413,495,491,399,339,242,204,357,229,405,466,327,395,475,472,383,329,235,199,344,223,390,447,316,373,448,448,364,316,224,192,327,214,370,423,301,347,416,419,341,300,213,182,307,202,346,394,285,319,383,386,314,280,199,171,284,190,320,363,264,289,347,353,287,260,184,158,260,175,292,330,244,258,310,317,258,236,167,145,235,161,262,295,220,227,273,281,229,213,150,130,209,144,233,261,198,423,508,499,403,335,238,200,360,225,412,476,325,412,493,484,387,320,224,188,346,213,398,463,310,394,471,461,365,303,209,175,328,200,378,442,292,370,442,434,341,283,195,162,307,186,355,415,273,344,409,401,316,263,180,150,285,173,329,385,252,315,375,368,289,244,165,138,262,159,302,353,231,285,339,335,261,223,151,127,238,146,275,320,212,254,303,301,235,202,136,114,214,133,246,286,191,225,268,267,209,183,123,104,191,120,219,252,171,423,508,496,397,326,229,191,354,217,408,476,317,411,491,476,374,302,206,170,335,197,390,459,294,392,466,449,347,276,185,151,312,178,366,436,269,367,434,416,318,250,165,135,287,160,339,405,244,338,399,381,288,227,148,121,262,144,310,373,221,307,361,344,260,204,134,109,237,131,281,338,200,276,324,309,233,186,121,100,214,119,252,303,180,246,288,277,208,169,110,90,192,108,225,270,162,217,254,246,185,152,99,83,171,98,200,239,145,423,507,494,392,317,221,183,350,210,404,475,310,409,490,470,363,285,191,155,325,183,383,457,280,390,462,437,330,250,163,130,297,157,354,430,248,363,426,398,294,218,139,110,268,136,322,396,217,331,386,356,260,190,120,96,239,119,289,358,190,297,344,316,227,168,107,87,213,107,257,319,168,263,303,279,202,151,97,80,189,97,227,282,150,233,266,247,180,137,89,74,169,90,202,249,135,204,234,218,161,125,82,69,151,83,180,219,123,423,508,491,388,311,215,177,346,204,401,474,304,409,488,463,355,270,178,142,317,171,377,454,268,389,459,428,316,227,143,111,285,139,345,426,229,361,422,383,273,188,114,89,250,114,308,389,192,326,375,334,231,155,97,79,219,99,269,345,161,287,325,285,197,134,89,75,190,91,231,299,140,248,277,244,172,121,83,71,167,85,202,256,125,215,239,213,153,112,79,67,149,80,178,222,114,189,209,189,139,104,74,64,134,75,159,195,105,424,508,490,386,306,211,173,344,200,401,474,301,411,490,462,350,260,169,133,313,163,374,454,260,390,461,423,307,211,128,97,276,126,339,425,215,362,423,376,259,162,96,80,240,101,299,387,172,327,376,321,209,124,88,77,206,91,254,341,140,286,323,261,167,108,85,74,177,87,213,290,120,242,263,206,144,103,81,71,152,82,178,237,109,199,212,178,131,98,77,67,133,78,156,196,102,173,185,161,123,94,73,64,121,73,142,173,97,424,509,488,385,305,209,171,343,199,400,474,300,411,491,459,349,256,166,130,311,160,373,454,257,390,463,421,305,204,122,93,273,121,338,425,210,362,425,373,254,150,91,80,237,97,296,387,165,328,379,318,202,108,88,77,204,90,249,342,133,287,325,258,145,105,85,74,174,87,206,290,112,243,267,193,129,101,81,71,148,82,170,234,104,195,206,159,123,97,77,67,128,78,147,187,99,167,178,146,117,93,73,64,117,73,135,164,94]}