{"c":"86491","n":"牛深","la":32.196666666666665,"lo":130.02666666666667,"e":3,"t":[8.4,9.2,12.0,16.2,19.9,23.1,26.9,28.0,25.5,20.8,15.7,10.8],"s":[0,0,0,0,0,0,0,0,0,0,0,0],"i":[408,492,524,453,400,294,241,386,257,430,475,382,396,478,519,463,428,324,269,395,281,430,463,405,377,454,503,463,446,346,291,396,298,423,445,418,352,422,476,454,453,360,306,388,309,405,417,422,321,382,438,433,449,366,314,373,312,382,381,416,284,336,394,403,434,362,314,349,309,349,338,400,245,285,340,364,409,350,307,318,298,310,290,374,202,231,281,317,375,329,292,281,280,266,239,340,163,180,220,265,331,301,271,240,256,219,188,299,408,492,524,451,398,292,240,385,256,429,475,381,397,478,519,461,425,321,266,394,279,430,463,401,378,455,504,461,441,342,287,394,295,422,446,415,353,424,476,451,446,355,301,387,305,405,418,417,322,385,441,430,442,359,308,370,307,381,382,409,287,340,397,400,426,355,307,347,303,349,341,394,248,290,345,362,401,342,299,316,291,311,294,368,208,239,289,317,366,321,284,281,273,269,246,335,170,189,231,266,323,292,262,241,249,224,197,294,408,492,523,449,394,288,236,383,252,428,474,377,397,479,519,457,417,313,259,390,272,428,465,396,379,457,503,455,430,330,276,389,286,420,446,405,355,426,478,443,434,340,287,381,293,404,420,405,326,391,445,423,426,341,291,365,293,380,387,397,293,350,403,394,412,335,288,341,287,349,348,380,257,303,356,357,386,320,278,312,274,314,305,354,220,257,305,315,352,299,262,278,256,274,261,322,185,213,252,269,311,270,240,241,231,233,217,283,408,491,521,445,388,282,229,380,248,426,474,372,398,479,516,450,405,301,248,384,263,425,463,385,380,458,501,445,415,313,260,381,272,415,446,391,358,430,478,433,416,319,267,372,276,399,422,389,330,398,446,411,407,317,267,355,273,376,391,378,299,359,408,384,389,307,262,332,265,348,355,360,266,318,366,349,365,292,250,304,252,314,317,335,231,275,319,311,333,270,234,273,233,278,275,305,199,234,273,269,296,243,213,238,210,240,235,269,408,491,519,440,380,274,223,375,242,423,473,365,398,479,512,440,390,286,234,376,250,420,463,372,381,459,497,433,395,292,240,371,254,409,446,373,360,433,474,417,390,291,242,359,254,392,422,366,334,401,445,397,380,287,239,342,249,370,394,355,305,367,409,369,362,275,231,319,239,342,360,336,273,328,370,338,338,259,219,293,225,311,323,312,242,289,329,302,309,239,202,264,206,278,287,283,211,250,286,265,276,214,183,233,186,243,249,252,408,491,516,434,371,265,214,371,234,420,472,356,398,478,507,428,373,268,218,367,237,413,461,357,382,459,491,417,370,267,219,358,236,400,444,352,360,434,467,400,363,263,215,344,231,382,420,342,336,403,437,377,348,252,209,325,223,360,392,326,308,370,405,352,330,241,199,303,211,333,361,307,278,334,368,321,306,224,186,278,197,304,327,283,247,296,329,289,281,204,171,250,180,272,291,258,217,261,291,254,250,184,154,222,162,241,256,229,408,490,513,426,360,254,204,365,227,416,470,347,398,476,500,416,354,249,200,356,222,405,458,340,381,457,480,399,343,242,195,343,215,390,440,328,359,430,455,379,329,231,187,326,206,370,416,313,335,401,426,355,313,219,177,306,195,346,387,296,308,368,393,327,292,204,167,283,183,320,356,274,279,334,359,299,271,189,154,259,168,291,324,252,248,298,322,268,246,171,141,233,154,262,290,229,219,263,285,238,222,154,126,208,137,231,256,204,408,490,509,420,350,245,196,359,219,412,469,338,397,475,493,403,334,229,185,346,206,398,455,322,379,454,470,380,315,215,172,327,194,378,434,303,357,426,442,355,295,200,159,307,181,355,408,283,331,394,409,328,274,184,148,284,168,329,378,262,304,361,375,300,254,169,136,261,154,302,347,241,275,327,340,271,231,155,124,237,141,274,314,219,245,292,306,244,211,139,112,213,128,246,281,198,216,258,272,217,190,126,102,190,114,219,249,177,408,488,505,413,339,236,188,354,211,408,468,330,396,473,486,389,314,212,168,335,192,390,451,305,378,449,458,361,286,189,150,312,174,366,428,279,354,419,424,330,260,169,134,287,157,339,399,252,326,385,388,299,235,151,120,262,142,310,366,227,297,349,351,269,212,137,108,237,128,281,332,206,267,313,315,241,192,123,99,213,117,252,298,185,238,279,281,214,174,112,90,191,106,225,266,167,210,246,250,191,156,101,82,171,96,200,235,150,408,488,503,408,331,227,181,349,204,405,467,322,396,472,479,378,295,196,154,325,179,383,449,290,376,446,445,343,259,166,130,297,155,355,422,256,350,412,405,305,225,141,110,267,135,322,389,224,320,373,363,268,195,122,97,239,119,289,352,195,287,333,321,235,172,109,88,212,107,257,314,172,254,294,284,206,154,99,80,189,97,227,277,153,225,258,250,184,140,90,75,169,90,202,245,138,198,227,222,165,127,83,69,151,82,180,216,125,408,488,501,404,323,221,175,346,199,401,466,316,396,471,474,369,280,182,142,317,169,377,447,277,376,444,436,327,235,146,112,285,139,345,419,236,349,408,390,282,192,115,91,250,115,308,382,197,316,364,340,238,157,98,81,219,101,269,340,165,278,316,290,200,135,89,76,190,92,231,295,142,241,270,248,175,121,83,72,167,86,202,252,126,210,233,216,155,112,79,68,148,81,178,219,115,184,204,191,141,105,75,65,134,75,159,193,107,408,488,500,401,319,216,171,344,196,401,466,312,396,472,471,363,269,173,134,313,161,374,446,269,376,445,432,318,217,130,100,277,127,340,418,222,349,409,383,267,165,96,82,240,103,300,381,176,316,365,327,214,124,88,79,206,93,256,336,142,278,314,265,169,107,85,76,177,88,213,286,120,236,258,209,145,101,82,72,152,84,179,234,109,195,209,180,132,98,78,68,133,79,156,194,102,170,182,162,123,94,74,65,121,74,142,171,97,408,490,499,401,317,215,170,343,195,400,466,311,396,474,470,363,265,170,131,311,158,373,446,266,377,447,430,316,209,124,95,274,123,338,418,217,350,412,381,263,152,91,82,237,100,297,381,169,317,368,325,206,106,88,79,202,93,250,337,134,279,317,262,146,103,85,76,173,88,206,286,112,237,261,196,128,100,82,72,147,84,171,231,103,192,202,160,123,96,78,68,128,79,148,185,99,164,176,147,117,93,74,65,117,74,135,162,95]}