{"c":"87071","n":"鞍岡","la":32.64333333333333,"lo":131.15666666666667,"e":590,"t":[1.7,3.0,6.6,11.8,16.1,19.6,22.9,23.1,20.0,14.3,9.0,3.7],"s":[14,8,0,0,0,0,0,0,0,0,0,1],"i":[394,429,424,347,331,250,225,343,247,401,416,310,383,418,420,353,351,272,252,351,269,401,407,325,365,399,408,351,362,288,271,351,284,394,391,334,341,373,387,342,365,298,285,344,293,379,367,335,312,341,360,326,360,301,292,330,296,356,338,329,278,303,325,304,347,297,292,309,292,326,302,316,240,261,285,276,326,286,285,283,282,291,262,296,200,217,242,243,298,268,271,252,266,250,220,270,163,173,196,206,265,245,250,217,244,208,177,239,394,429,424,346,331,249,225,343,246,400,416,309,383,419,420,351,349,270,249,350,266,401,407,323,366,400,408,349,359,286,268,349,281,394,391,331,342,375,388,340,361,294,280,342,289,379,368,332,313,342,360,325,356,296,286,328,291,356,338,325,280,305,327,302,342,292,286,307,287,326,304,312,243,264,288,274,321,280,278,281,276,292,265,292,206,222,246,242,293,263,264,250,260,252,224,266,169,180,202,206,259,239,244,217,238,211,183,235,394,429,423,345,328,246,221,341,243,399,416,306,383,419,419,349,343,265,242,346,261,399,407,319,367,401,407,346,352,277,258,345,272,392,392,325,344,377,388,336,352,283,268,337,278,376,369,324,317,346,362,320,345,283,271,323,279,354,342,316,285,312,329,298,331,277,269,302,273,326,309,302,250,273,294,271,310,264,260,277,261,293,273,281,216,235,254,240,282,246,245,248,244,257,235,256,182,196,214,206,249,223,225,216,222,219,197,225,394,429,422,342,323,241,216,338,239,397,415,302,384,419,417,344,335,254,231,342,252,396,407,311,368,401,405,339,340,264,244,338,260,387,391,314,346,379,386,329,338,267,250,329,263,372,371,311,320,350,361,312,330,264,250,314,260,350,344,302,291,318,331,291,314,256,245,294,252,324,313,287,259,283,298,265,294,242,234,270,240,293,280,267,225,247,261,237,267,224,219,242,222,260,245,243,194,211,225,204,237,200,199,213,200,225,210,215,394,429,420,339,318,235,209,335,233,395,413,297,384,419,413,338,324,244,220,335,241,392,405,302,368,401,401,331,326,248,225,329,244,382,391,302,348,379,382,319,320,246,227,319,244,366,370,295,323,353,359,302,310,241,225,303,238,345,345,285,295,323,331,281,294,231,217,283,227,319,316,269,265,290,299,257,273,216,204,260,215,291,285,249,235,256,266,229,250,199,191,234,199,259,252,225,204,223,231,202,222,179,172,206,179,227,220,200,394,428,418,336,311,227,202,331,225,392,413,292,384,418,409,331,312,229,204,327,227,386,404,291,368,401,397,322,308,229,206,319,227,374,389,286,348,379,377,308,300,224,202,306,222,357,368,277,324,353,353,290,286,215,196,289,214,336,344,264,298,325,327,269,270,204,188,270,202,311,316,248,269,293,297,245,250,190,175,247,189,283,286,227,239,261,265,221,227,173,162,223,174,254,254,208,211,229,234,195,204,155,146,198,157,225,225,185,393,428,416,331,303,221,194,326,219,388,412,285,383,417,405,323,298,216,190,319,215,379,401,279,367,399,390,310,288,209,184,307,208,365,386,269,347,377,370,294,276,199,177,292,199,346,365,257,323,351,345,275,261,189,168,273,188,324,340,242,297,323,318,254,243,176,158,252,177,299,313,224,269,293,290,231,225,163,146,231,163,273,284,206,240,261,260,208,202,147,134,209,150,245,254,186,212,231,229,185,183,133,120,186,135,217,224,167,393,426,413,327,296,213,186,322,212,385,411,279,382,415,401,315,283,200,175,310,200,372,399,266,366,396,382,298,268,189,163,294,189,354,381,252,344,373,360,280,250,176,152,276,176,333,359,235,320,346,334,259,233,163,141,256,164,309,333,218,293,317,305,237,215,149,130,235,151,283,305,200,265,287,277,214,196,137,119,214,139,257,277,182,237,256,249,193,178,123,108,193,127,231,248,165,209,225,221,171,160,111,98,172,114,204,219,147,393,426,411,323,289,206,178,317,204,382,409,273,382,413,396,307,269,188,160,301,188,365,397,254,364,393,374,287,248,169,143,281,171,344,377,234,341,368,348,264,225,152,129,260,155,319,352,214,315,338,319,241,204,138,115,238,141,292,324,195,287,307,289,218,186,125,105,216,129,265,294,176,258,276,260,196,169,112,96,195,118,238,265,159,229,246,233,175,153,103,87,175,108,213,236,144,202,217,206,156,137,93,80,157,99,190,209,129,393,426,409,320,282,200,171,314,200,379,409,267,381,412,391,300,256,175,147,294,177,359,395,244,362,390,366,276,227,152,125,270,154,334,373,219,338,362,336,249,200,132,107,245,136,304,345,194,309,329,303,223,178,115,95,220,121,273,314,172,277,295,270,198,158,104,86,197,110,244,281,153,247,262,240,176,143,95,79,176,101,217,250,138,219,231,213,158,129,87,74,158,94,193,221,125,193,204,189,141,117,80,68,142,87,172,195,112,393,426,408,317,277,195,166,311,195,377,409,263,381,411,388,294,245,165,136,287,167,354,393,235,362,389,360,266,211,137,109,260,140,325,370,204,336,359,326,236,178,112,90,231,119,292,340,176,305,323,288,204,151,98,81,204,105,256,305,151,269,283,250,178,133,90,76,180,98,222,267,134,234,244,218,157,121,84,72,160,92,194,231,121,204,213,192,141,111,79,68,143,87,172,202,110,179,186,170,127,102,74,64,129,82,154,179,101,393,426,407,316,274,192,163,309,192,375,409,260,381,412,386,291,238,158,129,283,161,351,393,229,362,389,357,261,199,125,98,254,130,320,369,195,337,359,321,227,160,98,82,223,108,284,339,161,305,322,281,191,128,91,80,196,99,244,303,137,269,280,235,159,114,87,76,171,95,206,261,120,229,234,194,140,108,83,72,148,90,174,219,110,190,194,169,128,102,78,68,131,86,153,185,103,166,170,152,118,96,73,64,120,81,139,163,96,393,426,405,315,273,191,161,308,191,375,409,260,381,412,385,290,235,156,126,282,158,350,393,227,362,390,356,259,194,120,93,250,126,319,369,191,337,360,320,224,150,95,82,221,105,282,339,156,306,323,279,186,117,91,80,193,99,240,302,131,269,282,233,145,112,87,76,168,95,200,261,114,229,236,184,132,107,83,72,145,90,167,216,107,187,188,157,123,101,78,68,127,86,145,177,101,161,165,144,114,95,73,64,115,81,133,156,94]}