{"c":"87292","n":"高鍋","la":32.123333333333335,"lo":131.52666666666667,"e":4,"t":[7.3,8.6,11.7,16.2,19.8,22.8,26.5,27.0,24.4,19.5,14.5,9.3],"s":[0,0,0,0,0,0,0,0,0,0,0,0],"i":[409,511,515,420,383,320,319,409,344,438,479,374,398,496,509,428,409,355,366,423,386,441,468,397,379,471,494,428,425,381,404,428,418,434,448,411,353,437,467,418,430,398,430,423,440,418,419,416,322,395,430,398,426,405,447,409,450,393,382,409,285,345,386,371,412,403,451,386,449,360,339,395,245,291,334,335,388,390,445,355,437,320,290,371,204,235,276,293,355,367,426,316,413,275,238,339,163,180,217,246,314,336,396,273,379,227,187,299,409,511,515,419,382,318,317,408,342,438,479,373,398,496,509,426,407,352,361,421,382,440,468,395,380,472,494,425,421,377,397,425,412,433,449,408,354,438,469,416,426,393,423,420,432,417,421,412,323,397,433,396,421,399,437,405,441,392,384,405,288,350,390,369,405,395,441,383,438,360,342,390,249,297,339,333,382,382,433,352,425,321,295,366,209,244,284,293,349,359,413,314,401,277,246,334,170,191,227,247,308,327,383,272,367,231,196,294,409,511,514,416,378,314,310,405,337,437,479,369,399,497,509,423,400,343,349,416,371,438,468,388,381,475,494,421,412,364,380,419,396,430,450,399,357,443,470,409,415,376,400,412,411,413,423,400,328,405,437,390,408,379,411,397,416,391,390,392,294,361,396,363,392,373,411,374,411,360,350,376,258,313,350,329,368,357,400,344,396,323,307,352,221,264,300,292,336,334,379,309,371,283,262,320,185,217,249,249,296,302,348,269,337,240,217,282,409,511,512,413,373,306,301,401,328,434,478,364,400,498,507,417,390,329,331,409,354,434,468,378,382,476,492,412,397,344,354,408,373,425,450,384,360,448,470,400,398,351,368,400,382,409,426,383,332,413,438,380,390,350,373,384,383,386,394,373,301,372,401,355,372,341,369,362,374,358,358,356,268,329,360,323,349,324,355,333,357,323,319,332,233,285,314,288,318,301,334,300,332,286,277,302,200,241,269,249,283,272,305,263,300,247,237,268,409,511,509,408,366,297,289,396,317,430,476,357,400,498,504,408,375,311,310,399,334,429,467,365,383,478,488,401,379,319,323,395,344,418,450,367,362,450,466,387,375,320,329,384,347,401,426,361,336,418,438,368,365,316,329,367,343,379,397,350,306,381,403,342,348,305,321,344,331,351,363,331,275,341,365,313,324,287,306,317,314,320,327,308,243,301,324,280,297,265,286,287,290,286,289,281,212,261,282,246,264,238,260,252,262,250,250,250,409,511,507,403,357,286,276,389,305,428,476,349,400,498,499,398,359,291,284,387,311,422,466,350,384,478,483,388,357,290,288,379,312,409,448,345,362,451,459,372,349,287,287,365,308,391,425,336,338,420,430,351,335,277,280,346,299,368,396,321,310,386,400,327,317,265,270,324,286,342,365,303,279,348,363,297,295,247,254,297,267,312,330,280,249,309,325,269,270,227,236,269,246,280,294,254,219,272,287,237,242,204,214,239,221,248,259,227,409,509,504,398,347,274,262,382,292,424,475,340,400,497,492,387,342,269,257,374,286,413,463,333,383,476,474,372,331,261,250,360,277,398,444,322,362,449,450,354,318,250,242,343,267,378,420,307,337,418,420,331,302,238,231,322,252,354,392,290,310,385,388,305,282,222,218,299,238,327,361,270,280,349,354,279,262,206,202,274,220,299,328,249,250,311,318,250,238,187,187,247,202,268,293,225,221,275,283,223,215,169,169,220,181,239,260,202,409,509,501,392,338,263,247,375,278,419,474,331,399,495,484,376,323,247,229,360,261,405,459,315,381,472,463,355,305,229,213,341,242,385,438,297,359,444,434,333,285,214,197,319,225,362,413,277,334,411,404,308,266,197,183,296,208,336,383,257,306,377,370,281,246,181,168,272,191,308,351,236,277,341,337,254,225,166,155,247,175,280,318,215,247,305,303,229,204,150,141,223,159,252,285,195,218,269,269,202,184,136,128,199,144,224,252,175,409,509,498,386,328,252,234,369,266,415,472,322,398,493,478,364,304,225,204,347,237,396,455,298,380,468,451,339,278,200,178,322,209,372,433,272,356,437,418,311,252,178,156,295,185,344,404,247,329,401,383,282,229,159,138,268,165,315,371,223,299,364,347,254,206,144,123,243,148,285,336,202,269,326,312,227,188,129,112,219,134,257,302,182,239,290,279,202,171,118,102,196,121,229,270,164,211,256,249,182,154,106,95,175,111,204,239,147,409,509,495,381,320,242,222,363,254,412,471,314,398,491,471,354,287,206,181,335,215,389,454,283,378,463,438,323,252,173,145,304,178,359,426,250,353,429,401,289,220,146,117,271,148,326,394,218,322,388,359,254,193,125,99,241,126,292,356,191,289,346,318,225,170,110,88,214,111,260,318,169,257,305,281,199,153,100,81,191,100,231,281,151,227,268,249,177,138,92,76,170,93,204,248,136,200,236,220,159,127,85,72,153,86,183,219,124,409,509,493,377,313,234,212,358,246,409,471,308,398,491,466,346,272,191,161,325,197,382,451,270,378,462,430,309,229,150,115,288,150,349,423,229,351,424,386,269,190,115,85,250,115,311,387,192,318,378,336,229,157,96,72,218,95,271,344,161,280,327,288,195,136,86,68,189,86,233,298,139,243,279,246,171,122,81,66,166,81,202,256,125,211,240,215,152,112,78,64,148,78,179,222,113,185,210,191,138,105,74,62,134,75,160,195,106,409,509,491,375,308,229,206,356,240,407,470,304,398,492,463,341,263,180,147,319,184,379,451,261,378,463,425,301,214,131,95,278,130,343,422,215,351,425,378,256,165,93,70,238,93,301,385,171,318,379,324,208,126,84,69,204,82,256,340,139,280,325,263,167,109,82,67,175,79,213,289,119,237,265,209,145,103,79,66,150,77,178,237,109,196,213,179,132,99,76,64,132,75,156,196,102,170,186,162,123,95,73,62,121,72,142,173,97,409,509,490,375,307,227,202,355,238,407,470,303,398,493,462,340,259,176,143,317,179,378,451,258,379,465,423,299,206,124,88,274,122,341,422,210,352,426,375,252,152,86,70,234,89,298,385,164,319,381,320,200,109,84,69,200,81,249,340,131,280,327,260,148,105,82,67,171,79,204,289,112,238,268,195,130,102,79,66,146,77,169,234,104,193,206,159,124,98,76,64,127,75,146,186,99,164,178,146,117,94,73,62,115,72,135,163,94]}