{"c":"87331","n":"西都","la":32.06166666666667,"lo":131.41333333333333,"e":8,"t":[6.7,8.0,11.3,16.0,19.7,22.9,26.8,27.1,24.3,19.1,13.7,8.5],"s":[0,0,0,0,0,0,0,0,0,0,0,0],"i":[394,484,480,397,377,312,307,394,332,430,453,362,383,471,475,405,401,346,351,408,371,432,443,384,365,448,459,404,416,371,386,412,401,425,424,397,340,416,436,394,422,387,411,407,421,409,398,401,311,377,403,375,417,393,426,393,430,385,364,395,276,331,362,349,403,390,430,371,428,352,323,381,238,281,314,316,379,378,422,341,416,314,278,358,199,229,262,277,347,356,404,305,393,270,229,326,161,178,208,233,307,325,375,263,361,223,182,288,394,484,480,396,375,311,305,393,330,430,453,361,383,471,475,403,398,343,346,405,367,430,443,381,365,449,461,401,413,366,380,409,395,424,425,394,342,418,437,392,417,381,403,404,413,408,399,397,312,379,404,373,412,387,417,390,421,384,365,391,279,335,365,348,396,383,419,368,418,352,326,376,242,286,319,314,373,370,411,338,405,314,282,352,204,236,269,277,340,347,392,303,382,272,236,321,167,188,217,234,300,317,363,262,349,225,190,284,394,484,479,394,372,306,299,391,325,428,453,357,383,472,474,400,392,334,335,401,356,429,443,375,367,451,461,397,404,354,363,403,379,422,426,385,343,422,438,386,405,365,383,396,394,405,401,386,316,386,408,368,399,368,392,382,398,383,370,378,284,345,370,343,383,361,391,360,392,352,333,363,250,300,328,310,360,346,380,331,377,316,292,339,215,254,282,275,328,323,360,297,353,277,250,309,181,210,235,235,289,293,331,259,321,235,209,272,394,484,478,391,366,299,290,387,317,426,451,352,384,473,473,394,382,320,318,394,341,425,443,366,367,451,458,389,389,335,340,393,358,417,426,371,346,426,437,378,390,342,352,385,367,401,403,370,319,392,408,359,381,340,356,369,366,378,373,360,290,354,374,335,364,331,352,348,358,350,340,343,258,314,335,305,341,314,338,320,341,316,303,320,225,272,293,271,311,292,318,288,317,280,264,291,193,231,252,235,276,263,290,252,287,242,225,258,394,484,475,387,359,290,279,382,306,423,451,346,384,473,469,387,368,304,298,384,322,420,442,353,368,454,455,380,372,311,310,380,331,409,426,354,348,428,433,366,367,312,315,370,334,394,403,348,323,397,407,347,357,307,315,354,329,372,376,337,295,362,375,323,340,296,307,331,318,344,344,319,265,324,339,296,317,278,292,305,300,313,309,297,234,286,302,264,290,257,273,275,277,280,274,270,204,248,262,231,258,231,247,243,250,245,238,240,394,484,473,383,351,280,267,376,295,420,450,338,384,472,465,377,353,285,274,373,300,413,440,338,369,453,450,367,350,284,277,365,301,401,424,334,348,428,428,352,342,280,276,351,296,383,401,325,324,399,401,332,328,270,269,333,288,361,375,310,298,366,371,309,311,258,259,312,275,335,345,292,269,331,337,281,288,240,243,286,257,305,312,270,239,294,302,254,264,220,225,259,236,274,278,246,211,258,267,224,236,198,204,229,212,243,245,219,394,484,470,377,342,269,252,369,283,416,449,329,384,471,459,368,336,263,248,361,277,405,438,322,368,451,442,353,325,256,242,348,269,391,421,312,347,426,419,335,313,244,234,331,258,370,397,297,323,396,391,314,297,233,223,311,244,347,370,281,297,365,361,290,277,217,211,288,229,321,341,261,269,331,329,265,257,200,196,264,212,293,310,241,240,295,296,237,233,182,179,238,195,263,277,217,213,261,262,211,210,165,163,212,174,234,245,196,394,484,467,372,332,258,240,363,270,412,448,321,383,470,453,357,318,242,224,348,252,398,434,306,366,448,432,338,300,225,206,329,236,379,416,288,345,421,407,317,281,210,192,309,219,355,391,269,321,391,377,293,262,194,178,286,202,329,363,250,294,358,345,268,242,178,163,262,186,302,332,229,266,324,314,242,221,163,151,239,170,275,301,209,237,290,282,218,202,147,136,215,154,247,270,189,210,254,250,194,181,133,124,192,139,219,238,169,394,483,465,367,323,247,227,356,258,408,447,313,383,468,447,347,300,222,199,336,231,389,432,290,365,444,422,323,275,197,174,311,204,366,411,265,342,415,392,297,250,175,153,286,181,339,383,241,316,381,359,270,225,157,136,260,161,310,352,218,288,346,325,244,204,142,121,235,145,280,319,197,259,311,292,219,186,128,111,212,131,252,287,177,229,277,262,195,168,115,101,190,119,225,256,160,202,244,233,174,152,105,93,170,109,200,227,144,394,483,462,363,315,238,216,351,248,404,446,305,382,466,441,338,283,204,177,324,210,382,430,275,363,441,412,309,250,172,143,294,175,354,405,244,339,408,377,277,218,145,117,264,146,321,375,213,310,370,338,246,191,125,100,235,125,288,339,187,279,330,300,217,169,110,88,209,111,256,303,166,248,292,266,193,152,100,81,186,100,227,269,148,219,257,236,172,137,91,76,166,92,202,237,134,193,225,209,154,126,85,71,149,86,180,209,121,394,483,461,359,309,231,206,347,240,401,446,300,382,466,437,331,269,189,159,315,193,376,428,263,363,438,404,297,227,149,115,280,150,344,401,225,338,404,364,260,189,117,87,245,115,306,368,189,306,361,319,223,157,97,73,213,96,268,329,159,271,314,275,191,136,87,70,186,87,231,286,138,236,269,236,167,123,82,67,163,82,200,247,124,204,231,206,149,112,78,65,146,78,177,215,113,180,202,184,135,105,75,63,132,75,159,189,105,394,483,459,358,304,225,200,344,234,400,445,296,382,467,434,327,260,178,146,309,181,373,428,254,363,440,400,290,213,131,97,270,131,338,401,211,338,405,358,248,165,94,72,231,95,297,367,169,307,361,309,204,127,85,71,200,84,252,325,139,270,312,254,166,111,83,69,173,81,211,279,120,229,257,204,144,105,80,67,149,78,177,229,110,191,208,176,131,100,77,65,131,76,155,192,103,167,181,159,122,95,73,63,120,73,141,169,97,394,484,459,357,303,225,198,343,231,400,445,295,382,467,433,325,256,174,142,307,177,372,428,252,364,441,398,288,206,124,89,267,123,336,401,206,338,405,355,245,153,88,72,227,91,294,367,162,307,363,306,198,111,85,71,197,83,247,325,131,271,314,250,149,107,83,69,169,81,204,279,112,231,259,193,132,103,80,67,145,78,169,227,105,188,202,159,124,99,77,65,126,76,146,183,100,161,174,146,117,94,73,63,115,73,134,161,95]}