{"c":"87411","n":"青島","la":31.803333333333335,"lo":131.45833333333334,"e":8,"t":[8.1,9.1,12.0,16.3,19.8,22.9,26.7,26.9,24.4,19.8,15.0,10.2],"s":[0,0,0,0,0,0,0,0,0,0,0,0],"i":[397,497,483,388,356,294,297,386,318,421,459,346,386,482,478,394,377,323,338,397,354,422,449,365,367,458,463,393,390,344,371,400,381,415,429,376,342,425,438,383,394,358,394,394,398,399,401,378,312,384,404,365,389,363,408,380,405,375,367,372,277,336,363,339,375,359,409,358,404,343,325,358,239,284,315,307,352,346,403,328,392,305,279,335,199,229,262,269,321,326,385,292,370,262,229,305,160,178,206,225,284,297,357,252,339,216,182,269,397,497,483,387,355,292,295,385,316,421,459,345,386,483,478,393,375,320,335,396,350,421,449,363,368,459,463,391,387,341,365,398,375,413,430,373,343,426,438,381,390,353,387,392,392,398,403,375,313,386,405,363,384,357,399,377,398,374,368,368,279,341,366,338,369,352,401,355,395,343,329,353,242,290,319,305,346,339,392,325,382,306,284,330,204,238,269,269,316,318,374,290,359,264,237,301,166,188,216,227,279,290,346,250,328,220,190,265,397,497,482,385,352,288,290,383,311,419,459,342,386,484,476,390,369,313,324,392,340,420,449,357,369,461,463,387,379,330,350,392,361,412,430,365,346,430,440,375,380,339,367,385,374,396,405,365,317,394,409,358,373,340,376,370,377,373,374,357,285,351,371,333,357,333,374,348,371,343,336,341,250,305,329,302,334,319,363,319,356,308,295,318,215,258,283,267,304,297,344,286,333,269,252,289,181,212,235,229,268,268,315,249,302,229,210,254,397,497,480,382,347,282,282,379,304,417,458,337,387,484,475,385,361,300,308,385,326,416,449,348,370,463,461,379,366,312,328,383,342,407,430,352,348,436,440,368,365,318,339,375,349,392,408,350,321,401,409,349,356,316,342,359,348,369,378,340,292,362,376,325,339,306,337,337,339,341,343,324,259,321,337,296,317,290,324,310,323,308,306,301,225,277,294,264,289,269,304,278,300,273,266,274,194,235,252,227,256,242,277,244,271,236,227,242,397,497,479,378,341,274,271,374,294,413,458,331,387,484,472,377,348,286,289,376,309,411,448,337,371,465,458,370,350,292,300,371,316,401,430,338,350,438,436,356,345,291,304,360,318,385,408,331,325,407,409,338,335,286,304,344,313,363,381,320,297,371,377,314,318,275,295,322,302,336,348,302,266,331,341,288,295,258,280,296,285,306,313,280,236,292,303,257,270,238,262,267,263,273,277,254,204,254,264,225,240,214,237,236,237,239,241,227,397,497,476,374,333,265,260,369,284,411,457,324,387,484,468,369,335,269,266,366,288,405,446,324,371,465,453,359,331,267,269,358,289,393,430,319,351,438,430,343,322,263,267,344,284,375,407,310,327,409,404,323,309,252,260,326,275,353,380,295,300,375,374,301,292,241,250,304,262,327,350,278,271,339,339,274,270,224,235,279,245,298,316,256,241,301,304,247,247,204,217,252,225,268,282,233,212,265,268,218,220,185,196,224,202,237,248,208,397,496,473,369,325,254,247,363,273,407,455,316,387,483,462,359,319,250,242,355,267,398,444,310,371,463,445,345,309,242,236,342,259,383,426,299,350,437,422,328,296,231,227,325,248,363,403,285,326,407,394,306,281,220,217,305,235,340,376,269,300,374,364,283,261,204,204,283,221,314,346,250,271,339,332,258,242,190,190,258,202,286,314,229,242,303,298,231,219,172,174,233,186,257,281,206,214,267,264,206,198,155,157,208,167,229,248,186,397,496,471,364,317,245,235,357,261,404,455,309,386,482,455,350,303,231,219,343,245,390,442,294,369,459,434,331,287,216,202,325,227,371,422,278,348,432,409,310,268,200,188,304,212,349,397,260,323,401,380,287,250,185,174,282,196,323,368,241,296,367,348,262,231,170,160,259,180,297,337,221,268,332,316,237,210,156,147,235,165,269,306,200,239,297,285,214,191,141,133,212,149,242,274,182,212,262,252,189,171,127,122,189,134,215,242,163,397,496,468,359,309,236,223,351,250,400,454,301,386,480,450,340,287,213,196,331,224,382,438,280,368,455,425,317,264,190,172,308,199,360,416,257,345,426,395,291,240,170,151,283,177,333,389,234,319,391,361,265,218,153,135,258,158,305,357,212,290,355,327,240,197,138,120,233,142,276,324,192,261,318,294,215,179,124,110,210,129,248,291,173,231,283,264,191,162,112,100,189,115,222,260,155,204,250,235,171,146,102,92,168,106,198,229,140,397,495,466,355,302,227,212,346,240,397,453,295,386,479,444,331,273,197,175,321,204,375,436,267,367,453,415,304,242,168,143,292,172,348,411,238,342,418,379,273,213,143,117,263,145,317,380,209,313,379,341,243,187,124,100,234,125,284,344,184,281,338,303,215,166,110,89,209,111,252,307,164,250,299,268,190,149,100,82,186,100,225,272,146,221,263,237,170,135,91,77,166,92,200,240,132,194,231,210,152,123,84,72,149,86,178,212,120,397,495,463,352,296,221,204,342,233,394,451,290,385,478,440,325,260,184,158,313,190,370,434,256,366,451,407,292,223,148,118,279,149,339,408,221,341,413,367,256,187,118,89,245,117,303,374,187,309,370,321,221,157,100,76,214,98,265,334,159,273,321,277,190,137,90,72,187,89,229,290,139,237,274,237,166,123,84,69,164,84,200,250,124,206,237,208,148,113,80,66,147,79,176,217,113,181,206,184,134,105,75,64,132,76,157,190,105,397,496,462,350,292,217,198,340,227,393,451,287,386,479,437,321,252,175,146,307,179,367,434,249,367,451,403,285,209,132,99,270,131,333,407,209,341,415,360,245,166,98,75,233,98,294,372,170,309,371,311,202,130,89,73,202,87,252,330,141,273,319,256,166,113,86,71,175,83,210,283,122,231,262,204,144,107,82,69,150,80,177,233,111,192,211,177,131,102,78,66,132,77,155,193,104,167,184,159,122,96,74,64,120,74,140,170,97,397,496,462,350,291,216,196,339,225,392,451,286,386,480,436,320,249,171,142,305,175,366,434,246,367,453,401,284,202,126,92,267,125,332,407,204,342,417,358,242,155,92,75,229,94,291,372,163,310,373,308,197,114,89,73,199,86,246,330,134,273,321,252,150,111,86,71,171,83,204,283,115,233,265,194,132,106,82,69,147,80,169,231,107,189,204,159,124,101,78,66,127,77,146,185,101,162,176,146,117,96,74,64,115,74,134,161,96]}