{"c":"88261","n":"東市来","la":31.668333333333333,"lo":130.32666666666665,"e":40,"t":[7.3,8.2,11.1,15.3,19.0,22.5,26.3,26.7,24.0,19.1,14.1,9.2],"s":[0,0,0,0,0,0,0,0,0,0,0,0],"i":[404,501,518,457,400,301,254,389,270,426,474,386,392,486,513,468,426,331,284,399,296,426,463,409,373,461,496,467,444,354,308,400,314,419,443,422,347,428,469,457,450,368,324,392,326,401,415,425,316,387,432,434,446,373,332,376,330,377,378,418,280,338,387,404,430,369,333,352,326,345,335,401,241,286,334,365,405,357,325,321,314,306,287,376,200,231,275,318,371,335,309,284,296,262,235,341,161,178,215,265,327,306,286,242,270,215,185,299,404,501,518,455,398,300,252,389,269,426,474,385,392,486,512,465,424,329,281,397,293,426,463,405,373,463,497,465,440,350,303,398,311,419,444,418,348,430,470,454,445,363,318,390,321,401,416,420,317,389,434,433,438,367,326,373,324,377,380,413,283,343,390,401,423,362,325,350,320,345,338,396,244,292,339,363,398,349,316,319,308,307,292,370,204,239,284,317,363,327,300,283,288,265,242,336,167,188,225,266,319,298,277,243,263,220,194,294,404,501,517,453,394,296,248,386,265,425,474,381,393,487,512,461,417,321,273,394,286,425,463,400,375,463,497,459,430,338,292,393,301,416,445,409,351,434,472,446,433,348,303,384,309,400,419,409,322,396,438,426,425,349,308,368,309,376,385,400,289,353,397,396,409,342,305,344,303,345,346,382,252,306,350,358,383,327,294,315,290,310,303,356,217,259,300,316,349,304,277,281,270,270,259,323,182,213,249,269,308,275,254,243,244,229,215,284,404,501,515,449,388,289,242,383,260,423,473,375,393,488,509,454,405,308,261,388,276,421,463,389,376,466,495,449,413,320,275,385,287,412,446,394,354,438,471,436,415,326,282,375,290,396,421,392,326,404,440,413,405,324,282,358,288,372,390,381,296,363,401,387,387,314,276,335,280,344,354,363,263,322,360,351,363,298,265,307,265,311,315,337,229,279,313,313,331,276,247,275,246,274,274,306,196,236,269,270,293,248,224,240,221,237,234,270,404,501,513,444,381,281,234,379,252,420,473,369,394,488,505,444,391,293,246,380,263,417,463,376,377,468,491,437,395,299,252,374,268,405,446,377,356,440,468,421,390,298,256,362,268,389,421,370,330,409,438,400,380,293,252,345,263,367,393,358,301,373,404,372,361,281,244,322,252,339,359,338,270,333,365,341,337,264,231,296,237,308,322,314,239,294,324,304,308,244,214,266,218,275,286,285,208,254,282,267,274,218,193,235,196,240,248,252,404,500,511,438,371,271,225,374,246,417,472,360,394,488,501,433,374,275,229,370,248,411,461,361,378,468,484,421,371,273,229,361,248,398,444,355,356,442,462,404,363,269,227,347,242,380,420,345,332,411,432,381,348,258,220,328,234,357,392,329,305,377,400,355,330,246,210,306,222,331,361,310,275,340,364,323,306,229,196,280,206,301,326,286,244,302,325,291,280,210,181,252,190,270,290,260,215,265,287,257,250,188,162,224,170,239,256,231,404,500,508,432,361,261,216,368,237,413,471,351,394,487,495,420,355,256,211,360,231,404,459,344,377,466,476,404,344,248,204,346,225,388,440,332,356,440,451,383,330,236,197,329,216,368,416,317,331,409,422,358,314,224,186,309,204,344,387,299,304,376,389,330,292,209,175,286,192,318,356,277,276,341,355,302,271,193,162,261,176,290,324,256,246,304,319,271,246,175,148,236,161,260,290,231,217,268,282,241,222,158,133,209,144,231,256,206,404,500,504,425,351,250,206,363,229,409,469,342,393,484,488,407,335,236,194,348,216,396,455,326,376,463,466,384,317,220,180,330,202,377,434,307,354,434,438,359,296,204,167,310,189,354,409,287,329,403,405,332,275,189,155,287,175,328,379,265,301,369,371,303,254,173,142,263,161,301,347,244,272,334,338,274,231,158,130,239,148,273,315,221,243,298,304,247,212,142,118,215,134,245,282,200,215,263,269,219,190,129,106,192,120,218,249,179,404,499,501,419,341,241,197,357,221,405,468,334,392,483,482,394,316,217,176,338,200,388,451,309,375,459,454,365,288,194,157,314,181,365,429,282,351,428,421,334,261,173,140,289,163,338,400,256,324,393,385,302,236,155,125,264,147,309,367,231,294,356,348,272,213,140,112,239,133,280,333,208,265,320,312,244,193,126,102,215,121,252,299,188,236,284,279,217,175,113,93,193,110,225,267,169,208,250,249,193,157,103,85,172,100,200,236,151,404,499,499,413,332,233,189,352,213,403,467,326,392,482,475,383,298,200,161,328,187,381,450,294,373,455,442,347,261,170,135,300,161,354,424,260,348,421,404,309,227,145,113,270,139,322,391,227,318,381,361,272,197,125,100,241,122,289,354,198,285,340,320,238,174,111,89,214,110,257,315,174,254,300,282,210,156,100,82,190,100,227,279,155,224,264,249,186,141,92,76,170,92,202,246,140,197,231,220,167,128,85,70,152,84,180,216,127,404,499,497,409,325,225,183,349,208,401,467,320,392,482,470,374,282,187,148,320,175,376,448,281,373,454,434,332,237,150,115,287,144,345,420,240,346,417,389,286,195,119,93,252,119,308,384,200,314,372,339,242,160,100,81,220,102,269,342,167,277,323,290,204,137,90,77,192,93,233,296,144,240,276,247,176,123,84,73,168,87,202,254,128,209,237,215,157,113,80,69,149,82,178,221,117,183,206,191,142,106,76,65,134,77,159,193,108,404,500,495,407,320,222,179,346,204,399,466,316,393,483,467,368,272,178,139,315,167,373,447,273,373,455,429,322,220,134,102,279,131,339,419,225,347,419,382,271,168,98,82,241,104,300,383,179,315,373,327,217,127,89,79,208,94,256,338,144,277,321,266,171,109,86,76,178,89,214,288,122,235,264,210,146,103,82,73,153,85,179,236,110,194,212,180,132,99,79,69,134,80,156,195,103,169,184,162,124,95,75,65,122,75,142,172,98,405,500,495,405,319,221,177,346,202,399,467,315,393,484,466,367,268,174,136,313,164,372,448,270,374,457,426,320,213,127,97,276,126,338,420,220,348,421,380,267,155,92,82,238,101,297,383,171,315,376,324,210,107,89,79,204,93,252,339,135,278,325,263,149,104,86,76,175,89,208,289,112,236,267,199,128,101,82,73,149,85,171,234,104,192,206,160,123,97,79,69,128,80,147,186,100,163,177,147,117,94,75,65,117,75,135,162,95]}