{"c":"88286","n":"牧之原","la":31.661666666666665,"lo":130.84333333333333,"e":387,"t":[5.1,6.2,9.2,13.8,17.7,20.9,24.7,25.0,22.5,17.7,12.5,7.5],"s":[0,0,0,0,0,0,0,0,0,0,0,0],"i":[372,440,454,394,376,295,279,371,296,409,422,355,362,428,449,401,400,324,316,381,326,409,413,375,345,407,434,400,413,346,344,384,349,403,396,387,322,380,411,390,419,359,364,378,364,387,371,390,295,346,381,371,413,364,375,364,370,363,340,383,263,305,343,345,400,360,377,343,367,332,304,368,227,261,298,312,376,348,369,315,355,295,263,345,191,215,250,273,343,327,352,280,335,254,219,314,156,171,199,229,303,298,326,242,307,209,175,277,372,440,453,393,375,294,278,370,294,409,422,354,362,428,448,400,397,322,312,380,323,409,413,373,345,408,434,398,411,342,339,382,345,401,396,384,323,381,412,388,415,354,358,376,359,386,372,386,296,347,381,369,409,358,367,362,364,362,341,379,265,308,345,343,393,354,368,340,360,332,306,363,231,266,302,310,369,340,359,312,348,296,266,340,195,221,254,273,337,319,342,279,327,256,224,309,161,178,206,229,297,290,316,242,298,213,182,272,372,440,453,391,371,290,273,368,290,408,421,351,362,428,448,396,391,314,303,376,315,408,413,367,346,409,434,393,401,331,325,376,334,400,397,375,325,384,413,382,404,340,340,369,344,384,374,375,299,352,384,364,396,341,346,355,346,362,345,367,269,316,349,338,380,334,344,334,340,332,311,351,237,276,309,306,356,319,334,306,326,298,274,327,204,236,267,271,324,297,315,275,305,261,236,298,173,197,223,231,286,269,288,240,277,221,198,262,372,440,451,388,366,284,265,364,284,405,421,346,362,429,446,391,381,302,288,370,303,405,413,358,347,409,432,386,388,314,305,368,317,396,397,362,327,387,412,374,388,319,315,360,323,380,375,360,302,357,385,355,378,317,317,344,321,358,348,350,274,323,352,331,361,307,311,323,313,331,317,333,245,287,316,301,338,291,298,297,298,298,283,310,214,250,276,268,307,269,279,267,277,264,247,282,184,213,238,231,273,242,254,235,250,227,212,249,372,440,450,384,359,276,256,360,275,404,420,340,363,429,443,383,368,287,271,362,288,400,412,346,348,411,429,376,371,293,280,357,295,390,396,347,328,388,408,362,365,292,284,346,296,373,375,340,305,361,383,344,355,287,282,331,292,352,350,329,279,329,353,319,337,276,273,309,281,325,320,311,250,295,319,292,314,258,259,284,265,296,288,288,222,261,283,261,287,238,241,256,245,264,254,262,193,227,247,229,254,214,218,227,221,231,222,233,372,438,447,380,351,266,246,355,266,401,420,332,363,428,438,375,353,270,250,352,270,394,409,332,348,411,424,364,349,268,252,344,271,382,394,327,328,388,404,349,341,264,250,331,266,365,373,318,306,362,378,328,326,254,243,313,258,343,348,303,281,332,349,306,309,241,233,292,246,318,321,285,254,300,317,278,286,225,218,268,229,289,290,263,225,266,283,250,262,206,202,242,211,260,259,239,199,234,250,221,234,185,181,215,190,229,227,213,372,438,445,375,342,256,235,349,256,397,419,324,362,428,434,365,336,250,229,341,252,388,408,317,347,409,417,351,325,243,223,329,244,373,392,306,328,387,396,333,312,231,215,313,235,353,370,292,305,360,369,311,296,220,204,294,223,331,345,276,281,331,340,287,275,204,192,272,210,305,317,256,254,300,310,262,254,190,178,249,194,278,288,236,227,267,278,235,231,172,163,224,177,250,257,213,200,236,246,209,209,155,147,200,159,222,227,191,372,438,442,370,332,247,223,343,246,394,417,316,362,426,429,355,318,231,209,330,233,381,405,302,346,407,409,336,300,217,194,313,218,362,388,285,326,383,385,315,281,202,179,293,202,340,365,266,303,355,357,291,261,186,166,272,189,315,338,246,278,325,327,266,242,171,152,250,174,289,310,225,250,294,297,240,220,156,140,227,159,263,281,206,224,263,267,217,200,141,127,204,145,236,250,186,198,231,236,192,180,127,114,182,130,209,222,166,372,438,440,365,323,238,213,338,237,390,417,309,361,425,424,345,300,214,188,319,214,373,403,287,345,404,400,321,275,192,166,297,192,351,383,263,324,378,372,295,250,171,147,274,172,325,358,239,299,348,341,269,225,153,131,250,155,298,329,216,272,316,309,242,204,139,117,225,140,270,299,195,245,284,277,218,186,125,107,204,128,243,269,176,218,252,248,194,168,112,97,183,114,217,240,158,192,223,221,173,151,102,89,163,105,193,212,142,372,438,438,361,316,229,202,333,227,387,416,302,361,424,418,337,284,198,170,310,197,367,401,273,344,401,391,308,250,169,140,283,168,341,379,242,321,372,359,277,219,144,115,254,144,311,351,213,294,339,323,246,192,124,101,227,125,279,319,187,265,303,287,217,170,111,90,202,112,249,285,166,236,269,254,192,152,100,82,181,102,221,252,148,209,237,225,171,138,91,77,162,94,196,224,133,184,209,199,153,125,85,72,145,86,174,197,121,372,438,436,357,310,223,196,330,221,385,415,297,361,423,413,330,271,185,155,302,183,362,400,262,344,400,385,296,229,149,118,270,147,332,376,225,320,369,348,259,191,119,92,238,119,298,346,190,291,332,306,223,159,100,79,208,101,261,310,161,258,291,265,191,137,90,74,182,92,225,271,139,225,250,227,167,123,84,71,161,86,197,235,125,196,217,200,149,113,80,68,144,81,174,204,113,172,190,178,135,105,76,65,129,77,155,180,105,372,438,434,356,305,219,191,327,217,384,415,293,361,424,412,325,262,176,144,297,174,359,399,254,344,401,381,289,215,133,102,262,132,327,375,212,320,370,342,248,167,99,78,227,102,290,344,171,291,332,298,204,129,89,76,197,91,249,307,141,258,289,248,167,112,86,74,171,87,209,265,122,221,241,200,145,105,82,71,148,83,176,221,111,184,198,174,131,101,79,68,130,79,154,185,104,161,173,156,122,96,75,65,119,75,139,163,97,372,438,434,355,304,218,189,327,215,383,415,292,361,424,411,325,258,172,141,295,170,358,399,252,344,401,380,288,208,127,95,259,126,326,375,208,321,371,341,245,156,92,78,224,98,288,344,165,292,334,295,199,112,89,76,194,90,244,307,134,258,291,245,151,108,86,74,167,87,202,265,114,221,243,192,132,104,82,71,144,83,169,219,106,182,193,159,125,100,79,68,126,79,146,178,101,156,167,145,117,95,75,65,114,75,133,156,96]}