{"c":"88486","n":"指宿","la":31.248333333333335,"lo":130.63666666666666,"e":5,"t":[8.6,9.5,12.4,16.5,20.1,23.5,27.4,27.8,25.2,20.4,15.4,10.6],"s":[0,0,0,0,0,0,0,0,0,0,0,0],"i":[391,499,509,442,394,305,269,386,285,413,466,380,380,483,503,451,420,335,302,396,313,413,455,401,362,458,487,450,436,358,328,397,334,405,436,413,337,425,459,438,441,371,346,390,346,390,407,417,307,384,424,418,436,376,356,374,351,365,371,409,272,335,379,388,421,372,356,351,347,334,329,393,235,283,326,350,395,359,348,320,335,296,281,368,195,227,269,304,361,337,331,284,315,254,231,334,157,175,211,254,318,307,306,243,288,209,181,293,392,499,509,440,393,303,268,386,284,413,467,379,380,484,503,448,417,332,299,395,310,413,455,399,362,459,488,447,430,353,323,396,330,405,437,411,338,426,461,436,436,366,340,388,341,389,409,413,308,386,425,415,430,370,348,372,345,365,373,405,275,340,382,385,413,365,348,349,340,334,332,388,238,289,332,348,388,351,339,318,328,298,286,362,200,236,278,304,353,329,321,283,307,257,238,329,164,186,221,254,311,299,296,243,280,213,190,288,392,499,508,438,389,299,263,384,280,413,466,375,381,484,503,445,409,324,290,391,303,412,455,393,363,462,487,442,422,342,311,390,319,404,438,401,340,430,463,429,424,351,324,382,328,387,411,401,312,393,429,409,416,352,329,366,329,364,378,392,281,351,389,380,400,345,326,343,322,334,340,375,246,303,343,344,374,329,315,314,308,300,297,349,211,256,294,303,340,306,296,280,287,262,254,317,177,211,244,258,300,277,271,243,260,222,211,278,392,499,507,434,383,293,256,380,274,411,466,370,381,486,501,438,400,312,277,385,292,409,455,383,365,463,486,433,407,324,292,382,303,400,438,388,343,436,463,420,407,329,300,373,308,384,413,385,317,401,432,398,398,327,301,356,306,361,383,374,287,361,394,372,379,317,295,333,297,333,347,356,254,320,353,338,355,300,283,306,282,301,309,331,223,276,307,300,323,278,264,274,261,266,269,300,191,234,263,259,286,249,240,240,235,229,229,265,392,499,505,429,376,284,248,376,267,408,465,363,382,486,498,429,385,296,262,377,278,404,455,370,366,466,483,422,389,302,269,371,283,394,438,371,345,438,459,405,384,301,272,360,284,377,413,364,320,407,430,386,373,296,269,343,278,355,386,352,292,371,396,358,354,284,260,320,267,329,353,332,262,331,358,328,330,266,246,294,252,299,317,308,231,292,318,292,301,246,229,265,231,266,281,280,202,252,277,257,268,220,206,233,209,233,244,248,392,499,501,424,367,275,238,371,258,405,463,355,382,486,493,418,369,278,243,367,262,399,454,355,366,466,476,407,366,277,244,359,261,386,437,350,346,440,454,390,357,272,241,344,256,369,413,340,322,409,425,368,342,261,233,326,248,346,385,324,295,376,393,342,324,249,223,304,235,321,355,305,266,339,357,312,300,231,208,278,219,292,321,281,237,300,319,281,275,212,192,250,200,262,286,256,209,264,282,248,245,190,173,223,181,231,252,227,392,498,499,418,357,264,227,365,249,401,463,346,382,484,487,407,351,259,223,357,244,392,451,339,366,465,469,391,340,250,217,344,237,377,433,327,345,438,445,371,326,239,208,327,227,357,409,312,322,407,415,347,309,227,197,306,215,334,381,294,295,375,383,320,288,211,185,284,202,309,351,273,267,340,349,292,267,196,171,260,186,281,319,252,238,303,313,262,242,177,156,234,170,252,285,227,211,267,278,233,219,159,141,208,152,224,252,204,392,498,496,412,347,254,218,360,240,398,462,338,381,484,480,395,332,239,204,346,227,385,449,322,365,462,459,373,313,223,190,328,213,366,429,303,344,434,432,349,293,208,175,307,198,344,403,283,319,401,400,323,273,191,163,285,184,319,374,262,292,368,366,294,252,175,149,261,169,292,342,240,265,333,333,266,229,160,137,237,155,265,310,219,236,298,299,240,209,144,123,213,140,238,278,198,208,262,265,212,188,130,112,190,126,212,245,177,392,498,493,405,338,245,208,354,231,395,461,329,381,482,475,383,313,221,185,335,210,378,446,305,364,458,448,355,286,197,164,312,189,355,423,279,341,428,416,325,260,175,146,287,170,329,395,254,315,393,380,295,235,157,130,262,153,301,363,229,287,356,344,266,212,142,115,237,138,273,329,206,258,320,309,238,192,127,106,213,126,246,295,186,229,284,276,212,174,114,96,191,113,220,263,167,202,250,246,189,156,104,88,170,103,195,233,150,392,497,491,401,329,236,199,349,223,392,459,322,381,480,468,372,296,204,168,325,195,371,443,291,362,455,437,339,261,173,140,297,167,345,418,257,338,421,399,302,227,147,117,267,144,314,386,225,310,381,358,267,198,127,102,239,126,282,350,197,278,340,317,234,174,112,91,212,112,250,312,174,247,300,280,206,156,101,83,189,102,223,276,155,218,264,247,184,141,93,77,168,94,198,243,139,192,231,219,164,128,86,72,151,86,176,214,126,392,498,488,397,323,229,193,346,217,390,459,316,381,480,463,364,281,190,154,317,182,366,442,278,362,453,428,324,238,152,120,284,148,336,415,238,337,417,385,281,196,121,94,250,121,302,380,200,306,373,337,239,162,101,81,218,103,265,338,167,271,323,288,202,139,91,77,190,94,229,294,144,235,276,246,175,124,85,73,167,88,199,252,128,204,238,214,155,114,81,69,148,82,175,219,117,179,206,190,141,106,76,66,133,78,156,192,108,392,498,488,395,318,225,188,343,213,388,459,313,381,482,461,359,271,181,145,312,173,363,441,270,363,455,424,316,221,137,105,276,134,331,413,225,338,418,378,267,171,100,81,239,104,294,378,179,307,374,325,216,129,89,79,206,94,252,335,145,271,322,266,172,111,86,76,177,89,212,286,123,231,265,210,146,104,83,73,152,85,178,235,111,191,213,179,133,100,79,69,133,81,155,194,104,166,185,161,124,96,75,66,121,76,140,171,98,392,499,487,394,317,224,186,343,212,388,459,312,381,483,459,358,267,177,141,310,170,363,441,267,363,457,422,314,214,130,99,273,129,330,413,219,338,421,376,264,158,93,81,236,101,291,378,172,307,377,322,209,110,89,79,202,93,248,336,136,271,325,263,152,106,86,76,174,89,206,287,114,231,269,200,130,103,83,73,148,85,170,233,105,189,208,160,124,99,79,69,128,81,146,186,100,160,177,147,118,95,75,66,117,76,134,161,96]}