{"c":"88536","n":"田代","la":31.198333333333334,"lo":130.84333333333333,"e":182,"t":[6.5,7.6,10.6,14.8,18.6,22.0,25.6,25.6,23.2,18.1,13.1,8.2],"s":[0,0,0,0,0,0,0,0,0,0,0,0],"i":[379,490,484,417,378,290,256,373,272,407,451,362,369,475,478,425,401,317,286,381,297,407,441,381,351,450,462,424,416,337,309,382,315,399,421,392,328,418,437,413,420,349,325,374,326,383,394,394,299,378,403,393,415,353,333,359,329,359,360,387,266,330,361,365,400,349,332,336,325,328,319,371,229,279,313,329,375,336,324,306,313,291,274,347,192,225,259,287,342,315,308,271,294,250,225,315,156,174,204,240,302,287,285,231,269,206,178,276,380,490,484,417,377,288,254,372,271,407,451,361,369,475,478,423,399,315,283,380,294,407,441,379,352,451,463,422,412,334,305,380,312,399,422,389,329,420,438,411,415,345,319,373,322,383,396,390,300,380,404,391,409,348,326,357,324,359,362,383,268,335,364,363,393,342,325,334,319,328,322,366,233,285,317,328,369,329,316,305,307,292,278,342,196,234,267,287,336,308,300,271,288,252,231,310,161,185,214,242,296,279,276,233,262,210,187,272,380,490,483,413,373,285,250,370,267,405,451,357,369,476,478,420,393,307,275,377,288,405,441,373,353,454,463,417,403,323,293,376,302,397,423,381,331,424,438,404,405,331,304,367,309,380,398,380,304,387,408,385,397,331,309,351,310,358,366,371,273,345,370,358,381,324,305,329,303,328,329,354,240,299,327,324,356,309,295,301,289,295,289,330,206,252,281,286,323,287,277,268,269,257,247,299,174,209,234,244,285,259,252,233,244,219,206,263,380,490,480,411,368,279,244,367,262,404,450,353,370,476,476,413,383,296,263,371,278,401,441,364,354,455,461,408,389,307,276,368,288,393,424,368,333,428,438,396,389,311,283,359,291,377,400,365,307,394,409,376,379,308,284,342,289,354,371,354,279,355,375,350,361,298,277,320,280,327,336,337,248,315,335,318,338,282,265,293,265,295,300,313,217,272,292,283,307,261,248,263,246,261,261,284,187,231,250,245,272,234,225,229,221,225,223,250,380,490,479,407,361,271,237,363,254,401,450,346,370,478,473,405,370,282,249,364,265,398,440,352,355,458,458,398,372,287,254,358,269,387,424,353,335,430,436,384,367,286,257,346,269,371,400,345,311,400,409,364,356,280,254,330,264,349,373,333,284,365,376,338,338,269,246,308,252,323,341,315,254,325,340,309,315,250,231,282,238,294,306,292,225,287,302,276,287,231,215,254,219,262,271,265,196,249,263,242,254,206,194,224,197,229,236,235,380,490,476,401,353,262,227,359,248,399,449,339,370,478,468,396,355,266,231,355,250,392,438,339,355,458,453,386,351,263,231,346,249,380,422,333,335,432,430,369,342,259,229,332,244,363,400,323,312,401,403,348,328,248,221,314,236,340,373,308,287,369,373,323,310,236,212,293,223,315,343,290,259,333,339,294,287,219,197,268,208,287,310,267,229,295,303,265,262,200,182,242,191,258,276,243,202,260,268,234,234,180,163,215,171,227,243,216,380,490,475,396,344,252,219,353,239,395,448,331,370,476,463,386,338,248,214,345,234,386,437,324,355,457,446,371,327,240,208,333,227,371,419,313,335,430,422,352,314,229,199,316,218,352,396,298,312,401,394,329,297,217,189,296,206,329,369,281,287,368,364,303,277,202,177,274,193,304,340,261,259,334,332,277,256,187,163,250,178,277,308,240,231,298,297,248,231,169,149,225,162,248,275,216,204,263,263,221,209,152,134,200,145,220,244,194,380,488,472,391,335,244,209,348,231,392,447,323,370,475,458,375,320,229,196,335,218,379,434,308,354,454,437,355,303,215,183,318,204,361,415,291,333,426,411,332,283,200,169,298,191,339,390,271,310,395,381,307,263,184,157,276,177,314,362,250,284,362,348,280,243,169,144,252,163,288,331,231,257,328,317,252,221,154,132,229,149,262,300,210,229,293,285,227,202,139,119,206,135,235,269,190,202,258,252,202,181,125,108,184,122,209,238,169,380,488,469,385,326,235,200,343,223,389,446,316,369,474,451,364,303,213,179,325,202,372,432,293,353,450,426,339,278,191,159,303,183,350,409,269,331,421,396,311,252,171,142,279,165,325,383,245,306,387,363,282,227,153,127,254,149,297,352,221,278,351,328,254,206,138,113,231,135,269,319,200,250,315,295,227,187,125,104,208,123,242,287,180,223,280,264,202,169,112,94,186,111,217,256,162,196,247,235,181,152,102,86,166,101,193,225,145,380,488,467,381,318,227,192,339,216,386,445,309,369,473,446,355,287,197,164,316,189,366,429,280,352,447,416,324,254,169,138,289,163,340,405,249,328,413,381,290,222,145,115,261,141,310,375,219,301,375,343,257,194,125,101,234,124,279,340,192,271,335,304,225,172,111,91,208,111,249,303,170,241,296,269,200,154,101,84,186,101,221,269,151,213,260,238,178,139,92,78,166,93,196,237,136,187,229,210,159,126,85,72,148,85,174,209,123,380,488,465,377,312,221,186,336,210,384,445,304,369,472,442,347,274,185,151,309,178,361,428,269,351,446,409,311,233,150,119,278,146,332,401,231,327,409,369,271,194,121,95,246,121,298,369,195,298,367,324,231,161,102,83,215,104,262,329,165,264,319,278,198,139,92,78,188,95,227,287,143,229,273,239,172,125,86,74,165,89,198,247,127,200,235,208,153,114,81,70,147,83,174,215,115,175,204,185,138,106,77,67,132,78,155,188,107,380,490,463,375,308,218,182,333,206,383,445,300,369,474,438,342,265,177,142,304,170,358,426,261,352,447,405,303,218,136,105,270,134,327,401,219,328,412,363,259,170,102,83,235,106,290,367,177,298,368,313,212,131,91,81,204,95,250,327,145,264,318,259,170,112,88,78,176,90,210,280,124,225,262,206,146,106,84,74,152,86,177,231,112,187,211,177,133,101,80,70,133,81,154,192,105,163,183,159,123,97,76,67,121,76,140,168,98,380,490,463,375,307,216,180,333,204,382,445,299,370,475,438,342,261,173,139,303,167,358,426,259,352,449,404,301,211,130,100,268,129,326,401,214,328,413,361,256,159,95,83,231,103,288,368,170,299,371,311,206,112,91,81,200,94,246,327,137,264,321,256,153,109,88,78,173,90,204,280,117,225,265,197,131,105,84,74,148,86,169,229,107,186,206,160,125,100,80,70,128,81,146,184,102,158,176,146,118,96,76,67,115,76,133,160,96]}