{"c":"88956","n":"伊仙","la":27.676666666666666,"lo":128.97333333333333,"e":44,"t":[14.9,15.2,17.1,19.6,22.4,25.2,28.2,28.1,26.9,23.9,20.6,16.7],"s":[0,0,0,0,0,0,0,0,0,0,0,0],"i":[467,569,542,491,426,323,267,404,271,405,526,413,450,546,532,497,448,348,290,408,289,401,509,430,424,511,509,493,459,365,306,403,300,391,482,438,392,468,478,478,459,373,315,390,305,372,446,437,352,413,436,451,451,373,318,369,304,347,401,425,307,353,385,415,430,364,313,340,295,315,348,403,259,290,326,370,401,347,301,306,281,279,292,373,210,223,264,317,362,323,283,267,261,238,231,334,166,163,200,260,316,291,258,224,236,196,176,289,467,569,542,488,424,322,266,403,270,405,526,412,450,547,532,495,445,345,287,407,287,401,509,428,426,514,512,490,455,361,302,401,297,390,484,434,393,470,480,475,454,368,311,388,301,372,448,432,354,419,438,448,444,367,312,367,299,347,404,420,311,360,390,412,423,358,307,339,291,316,354,398,265,299,333,369,393,340,294,306,276,280,299,367,218,237,274,318,354,315,275,267,256,241,243,329,175,179,215,263,308,283,250,225,229,200,190,285,468,569,541,486,420,318,263,401,268,404,526,408,451,549,533,491,438,338,281,404,281,400,511,422,428,518,512,484,446,350,293,398,290,389,486,426,398,479,483,468,443,355,299,385,292,371,453,422,361,430,444,443,430,351,298,364,288,346,412,408,321,379,399,408,409,340,290,337,278,316,366,386,278,323,348,367,380,321,277,304,262,282,316,356,236,267,295,319,342,295,257,268,241,246,266,319,196,215,243,270,299,264,231,229,216,209,218,277,468,570,541,483,415,313,258,399,263,403,526,404,454,552,532,484,428,327,271,399,274,398,512,413,430,524,513,476,432,335,279,392,279,386,488,413,403,487,484,459,426,336,281,378,278,368,458,407,370,445,450,433,413,329,277,357,271,345,422,392,332,397,408,401,391,315,267,331,260,316,379,369,293,346,363,362,363,296,252,300,243,284,334,340,254,297,315,320,326,271,233,267,223,250,289,306,217,250,267,275,288,240,209,231,198,216,245,268,469,571,539,478,408,305,250,396,258,401,526,397,455,554,529,475,413,313,259,393,264,395,513,401,434,529,511,465,413,316,262,384,264,383,492,398,408,495,484,446,405,311,260,369,260,364,463,387,377,455,451,421,390,302,252,348,252,341,428,371,342,413,415,390,368,287,241,323,238,314,390,348,306,367,372,354,340,267,225,294,222,284,348,320,269,321,329,315,308,243,206,262,202,252,306,289,233,277,286,274,273,215,184,229,180,220,265,254,470,572,538,473,400,297,244,392,252,399,526,390,457,556,526,465,400,298,245,386,252,391,513,388,437,532,508,451,393,293,243,374,248,377,492,379,412,501,482,430,381,285,236,357,240,359,465,366,382,463,450,404,362,272,225,336,229,335,432,346,350,424,413,375,340,256,213,311,215,309,396,324,315,382,376,340,312,236,197,283,199,281,358,296,279,338,334,304,284,214,179,254,180,250,317,268,245,295,295,269,252,190,159,224,160,221,278,237,471,572,535,467,391,288,236,388,246,397,526,382,458,557,521,454,383,281,229,378,240,387,512,373,438,534,501,434,369,271,222,363,231,371,491,358,413,503,475,412,352,256,212,344,220,351,463,340,384,467,443,384,332,242,199,321,206,327,430,319,353,428,407,352,307,223,185,296,192,301,396,294,319,387,370,321,283,204,169,269,175,273,359,269,284,345,332,287,254,184,153,241,159,245,320,242,250,302,292,254,227,165,136,213,141,216,281,215,471,573,533,459,382,279,229,383,240,394,526,374,459,558,517,442,365,264,216,369,227,382,511,357,438,533,493,417,344,247,200,351,214,364,488,336,413,501,463,389,321,229,187,329,199,342,459,313,384,463,430,359,297,210,172,304,184,317,426,289,352,424,393,327,273,192,157,278,168,290,389,264,317,383,356,294,247,174,143,250,153,262,352,238,283,341,319,264,223,156,128,225,138,235,314,214,249,300,282,233,200,140,114,200,123,208,277,191,472,574,530,455,373,271,221,379,233,392,526,366,459,558,511,429,348,248,202,361,216,377,509,342,440,531,484,399,319,224,182,338,198,357,484,314,413,496,450,366,290,200,164,313,179,332,453,286,381,455,411,331,261,180,147,285,162,305,416,258,346,413,372,297,235,162,133,258,147,276,377,231,311,369,333,264,212,145,120,231,133,248,338,206,275,327,297,234,190,130,108,206,119,221,300,185,242,287,263,208,170,117,98,183,107,196,264,165,473,575,528,450,365,264,215,376,227,390,525,360,461,558,505,419,332,234,190,354,206,373,508,328,440,530,474,382,296,202,165,327,183,350,480,294,411,491,434,342,259,175,143,297,161,322,446,259,376,445,391,301,225,153,125,266,143,291,404,227,338,396,346,263,199,135,112,237,128,261,360,199,299,347,304,231,176,121,102,210,115,231,317,176,263,303,266,202,158,110,94,186,105,204,277,157,229,264,235,180,143,101,86,165,96,181,243,141,473,576,527,446,359,258,210,373,224,389,525,354,461,559,501,411,319,222,180,348,197,370,507,317,441,529,467,368,275,186,150,317,170,345,479,276,411,488,422,321,231,153,125,283,145,314,440,235,374,437,371,273,192,128,108,249,126,279,394,198,331,379,318,229,163,113,100,217,113,245,342,169,285,321,270,194,144,105,94,190,105,213,292,148,245,271,231,171,131,99,88,167,98,187,249,133,212,233,202,152,121,92,82,149,90,166,216,122,473,576,526,444,355,254,206,371,221,388,525,351,462,560,500,405,310,215,173,344,191,368,507,310,441,530,463,360,261,173,139,311,160,341,478,265,412,488,417,307,209,134,111,274,132,309,438,217,375,438,361,250,162,112,104,239,117,272,391,175,331,377,299,197,133,108,99,206,110,233,336,146,282,309,234,161,123,103,93,176,103,198,275,129,229,239,193,143,115,97,88,151,97,171,220,119,192,199,170,133,111,92,82,135,90,152,187,112,473,576,526,444,354,254,206,371,221,388,525,351,462,560,500,405,307,212,170,343,189,367,507,308,441,531,463,359,254,168,134,309,157,340,478,260,412,490,416,305,198,126,108,271,128,307,438,210,375,438,360,245,143,112,104,236,114,269,391,167,331,378,298,182,125,108,99,202,110,227,335,138,282,310,229,137,120,103,93,172,103,193,274,120,229,237,171,130,114,97,88,147,97,164,212,113,183,184,153,125,110,92,82,129,90,146,173,109]}