{"c":"91146","n":"久米島","la":26.336666666666666,"lo":126.80333333333333,"e":5,"t":[16.7,17.0,18.8,21.4,24.0,26.8,28.8,28.6,27.3,25.0,22.1,18.6],"s":[0,0,0,0,0,0,0,0,0,0,0,0],"i":[479,585,557,509,421,306,261,401,256,394,540,413,459,558,545,516,440,326,280,401,270,390,521,426,432,521,520,509,449,338,294,395,278,378,491,433,397,473,486,492,448,344,300,380,281,360,451,428,354,416,440,463,437,341,301,357,278,334,404,413,307,351,386,424,416,331,295,328,269,303,348,390,257,284,324,376,385,314,282,292,254,267,288,359,206,214,259,321,346,291,264,252,235,227,227,319,162,153,192,260,300,261,240,211,212,188,169,274,479,585,556,509,420,306,260,400,256,394,540,412,461,560,545,516,438,324,279,401,269,390,522,426,434,524,522,509,447,336,291,395,276,378,493,430,398,476,487,493,445,340,297,379,278,359,454,426,358,422,444,465,433,338,297,357,275,335,408,412,311,359,391,426,411,327,290,328,265,304,354,389,263,294,333,381,381,310,278,293,250,269,297,357,215,229,271,327,342,286,259,254,231,231,238,318,171,170,209,269,296,257,235,214,208,192,184,274,480,585,556,508,417,303,258,399,254,393,540,409,462,563,545,513,432,319,273,400,264,389,524,421,436,529,523,507,438,328,284,392,270,377,496,424,404,486,492,491,434,331,288,377,271,359,461,418,365,434,450,463,421,326,286,355,265,334,417,404,323,379,403,426,399,314,277,327,254,305,368,380,279,321,349,385,368,296,263,294,240,272,316,350,235,263,294,335,330,272,244,258,220,237,264,312,195,211,240,283,287,242,220,221,196,200,215,271,480,587,555,505,412,298,254,397,250,392,541,405,463,566,544,508,422,310,265,396,258,387,525,413,441,535,524,501,425,316,272,388,261,375,500,413,409,496,493,484,419,316,273,372,259,357,466,405,375,451,457,459,403,308,268,351,252,334,428,390,336,401,413,426,381,295,258,324,240,305,383,367,295,348,366,386,351,276,244,293,224,274,336,338,254,296,317,342,316,252,224,260,204,242,289,303,217,248,268,296,277,225,200,225,181,209,245,266,480,588,554,501,405,293,248,394,246,391,541,400,467,568,542,500,409,300,254,391,250,385,526,404,445,541,523,492,408,301,257,381,249,372,503,400,416,505,495,475,398,296,254,365,244,354,473,390,383,463,459,450,382,287,248,344,235,331,436,373,348,420,421,419,358,272,235,318,222,304,396,350,310,372,377,382,331,252,220,289,206,275,353,322,272,324,332,343,297,231,200,258,187,244,309,290,235,278,288,300,263,206,180,225,166,213,267,256,482,589,553,496,398,286,242,391,241,389,542,393,469,571,540,491,396,287,243,385,240,381,526,392,448,546,520,479,388,283,241,373,236,368,504,383,422,513,493,461,375,275,234,356,227,349,476,370,390,474,459,434,355,262,224,334,217,326,441,351,356,432,422,405,333,247,211,309,202,300,403,329,321,388,383,372,305,227,196,281,187,273,364,302,284,343,340,334,276,208,178,252,169,243,323,273,248,298,298,298,245,184,159,222,150,214,281,242,483,590,551,490,389,279,235,388,236,387,542,386,471,573,536,480,380,273,229,378,229,378,527,378,451,549,514,463,366,264,223,363,222,363,504,365,425,517,487,442,348,250,213,344,211,343,476,347,394,479,454,416,327,237,200,321,198,319,442,327,361,437,416,385,302,220,186,296,183,294,404,302,326,395,378,353,277,202,170,269,167,266,366,277,290,352,338,319,249,183,155,242,151,239,327,250,254,309,298,283,222,163,138,214,134,210,287,223,484,591,549,484,381,271,229,384,229,385,542,379,472,575,531,468,364,259,217,371,220,374,526,363,451,550,507,445,343,244,204,353,206,357,503,344,425,516,476,419,319,227,191,331,193,335,473,322,394,476,441,390,294,211,176,306,179,311,437,298,361,434,403,359,270,193,162,280,164,284,399,274,325,392,363,325,244,176,147,254,148,257,360,248,290,349,326,294,219,158,133,227,134,229,322,224,254,307,288,263,196,142,119,202,119,202,284,200,486,592,546,478,373,265,222,381,225,384,542,372,474,576,526,455,348,245,204,364,210,370,525,349,453,549,498,426,320,224,187,342,194,350,500,323,425,512,463,394,290,204,170,317,177,327,467,296,392,470,423,360,262,185,154,289,160,300,429,269,356,425,382,326,234,167,139,262,145,272,388,242,319,379,341,293,211,151,126,235,131,244,346,218,283,335,303,262,189,136,113,210,118,218,307,195,248,294,268,234,167,122,103,186,106,193,270,175,487,594,544,472,366,258,217,377,221,382,542,365,475,577,522,443,333,233,194,357,202,366,525,336,454,548,488,408,298,206,171,332,181,345,497,304,424,508,448,368,262,182,151,302,161,318,459,271,388,459,403,327,229,161,134,272,144,288,417,239,348,409,356,288,200,143,120,242,129,258,371,211,308,358,311,254,177,129,110,215,117,229,326,187,270,311,272,225,158,117,100,190,106,202,284,167,235,270,238,200,142,107,92,168,96,179,248,150,487,595,543,467,360,254,212,375,217,381,542,360,476,579,518,434,321,223,185,352,194,364,524,326,455,549,483,391,279,192,158,323,170,340,495,287,425,505,436,343,236,162,134,290,147,311,455,247,387,454,383,294,197,139,117,256,129,278,408,210,342,393,327,249,166,124,107,224,117,244,354,180,295,331,277,212,147,113,100,195,108,213,301,158,252,278,235,186,133,106,93,171,100,187,254,142,217,237,204,167,122,98,87,151,92,165,220,129,488,596,543,465,357,250,209,374,215,380,542,357,476,580,517,426,313,216,179,349,190,362,525,319,455,551,480,380,266,180,148,318,163,337,496,275,426,509,432,326,216,146,121,282,137,306,455,229,388,455,374,268,169,123,111,246,122,271,405,186,343,393,310,211,137,117,106,213,112,234,349,155,292,323,241,171,125,110,100,181,106,199,285,136,237,246,195,151,119,104,93,155,99,171,225,124,196,200,170,140,112,97,86,137,91,152,189,115,488,596,543,463,355,249,208,373,215,380,542,356,476,581,517,425,311,214,177,348,188,361,525,317,457,553,480,376,260,176,144,316,160,336,496,271,426,511,432,321,206,139,117,279,133,305,457,222,389,458,375,259,152,123,111,244,119,269,407,178,344,396,310,193,128,117,106,210,112,229,350,146,293,325,240,138,123,110,100,178,106,195,286,124,238,249,173,131,118,104,93,150,99,165,220,117,187,187,153,126,112,97,86,131,91,146,176,111]}