{"c":"91166","n":"宮城島","la":26.363333333333333,"lo":127.97333333333333,"e":100,"t":[16.3,16.5,18.4,20.9,23.6,26.5,28.7,28.4,27.3,24.7,21.6,18.1],"s":[0,0,0,0,0,0,0,0,0,0,0,0],"i":[497,587,549,503,443,335,288,417,285,412,545,426,476,561,537,508,465,359,313,420,302,408,525,444,447,522,513,501,476,375,331,413,314,396,494,451,409,475,480,484,476,383,341,399,319,376,455,448,365,417,436,457,463,382,343,377,317,350,405,434,314,351,382,418,442,372,338,346,308,317,349,411,262,284,321,371,409,354,325,310,293,279,289,378,208,214,258,317,369,328,305,268,271,237,227,338,161,153,192,257,320,295,278,225,245,195,169,291,497,587,549,501,442,334,287,417,284,412,545,426,476,562,538,508,463,357,311,419,301,408,526,443,449,526,516,503,474,373,328,413,312,396,497,450,411,478,480,486,473,380,337,399,316,376,457,446,368,423,438,458,461,378,339,376,313,350,409,432,319,360,388,421,438,368,333,346,304,318,355,409,269,294,330,376,405,350,320,311,288,281,298,377,218,229,269,323,365,323,299,271,266,241,239,337,172,170,209,266,315,290,272,227,239,200,184,291,498,588,549,500,438,331,284,415,281,411,545,423,479,565,538,505,457,351,305,417,296,407,528,438,451,530,516,500,463,363,319,409,304,395,500,442,418,488,486,484,461,368,325,396,306,376,463,438,377,437,445,458,448,364,325,374,302,350,420,423,333,381,399,422,425,352,317,345,291,319,371,400,286,322,346,380,393,333,302,311,274,285,318,369,240,264,292,331,352,307,281,274,252,247,265,330,198,211,239,281,306,274,254,235,225,210,216,287,499,589,548,498,434,325,279,413,277,409,545,419,482,568,538,501,446,341,295,413,288,405,529,429,457,538,518,494,450,349,305,405,293,393,504,430,425,498,488,478,445,350,308,390,292,374,470,424,388,453,451,453,429,344,304,369,285,350,430,409,347,403,408,421,405,330,294,341,273,320,386,385,304,349,362,381,375,310,279,309,254,288,338,356,262,298,314,338,337,284,257,275,234,252,291,320,223,250,266,293,296,252,231,238,208,219,246,281,500,591,547,494,426,319,272,409,271,409,546,413,484,571,536,493,433,328,282,407,277,401,530,418,462,544,517,486,432,331,286,398,278,390,508,416,432,509,488,468,421,327,285,382,274,371,476,405,398,467,455,445,405,319,279,360,265,347,440,390,361,422,417,413,381,303,267,334,250,319,400,366,321,375,373,378,353,283,250,304,234,288,356,338,281,326,329,339,318,259,229,272,213,256,312,305,244,280,286,297,282,231,206,238,189,224,270,270,501,592,546,488,418,310,265,405,265,407,546,405,487,574,533,484,417,313,267,400,265,399,532,405,466,549,514,473,409,310,266,388,262,385,509,397,438,517,488,455,396,302,260,371,254,366,480,385,405,476,454,430,376,289,250,349,242,342,446,365,370,436,418,401,353,274,237,323,227,315,408,343,333,392,379,368,324,252,220,295,210,286,368,315,295,346,337,331,294,231,202,264,191,254,326,286,258,301,296,295,261,206,180,233,170,225,285,254,501,593,544,484,408,302,256,401,259,405,546,398,488,577,529,474,400,296,252,392,252,395,532,390,468,552,508,458,385,287,244,377,244,379,509,377,441,520,480,437,367,274,234,358,233,359,480,359,409,482,449,411,345,259,221,335,218,335,447,338,375,441,411,381,319,241,206,308,202,308,409,313,339,399,374,350,293,222,190,281,186,279,371,288,302,356,335,316,264,202,173,252,168,250,331,261,265,312,295,281,236,181,155,223,150,221,291,233,504,594,542,476,399,293,248,398,252,403,546,390,491,579,525,462,381,279,236,384,240,390,531,374,470,553,501,440,360,263,221,365,225,373,508,354,442,520,471,415,334,246,206,343,211,350,478,332,409,480,437,387,309,227,191,317,195,324,442,308,375,438,399,356,283,209,175,290,178,297,404,283,339,396,361,323,256,191,161,263,162,269,365,256,302,353,323,292,231,171,145,236,146,240,326,231,265,310,286,261,206,155,131,210,130,213,287,208,505,596,539,471,390,284,240,394,246,401,547,382,492,579,520,450,363,262,220,376,227,386,531,358,471,552,493,422,333,239,200,353,209,366,505,331,442,516,458,390,302,217,180,326,190,341,472,303,408,474,419,357,272,196,163,298,172,313,434,275,370,429,378,324,244,177,147,270,155,284,392,248,332,383,339,291,219,159,134,242,140,254,351,223,294,339,301,260,196,144,121,216,126,227,311,200,258,297,266,233,174,130,110,192,113,200,274,179,505,597,538,466,382,277,233,390,240,399,547,375,494,580,516,438,347,247,206,368,217,382,530,344,472,551,484,404,309,217,180,341,193,359,501,310,441,511,444,365,270,190,156,310,170,331,465,275,403,463,399,325,235,166,137,279,150,300,422,242,362,412,353,287,204,147,123,248,135,268,375,213,319,361,310,254,181,133,112,220,122,238,330,189,279,314,271,225,161,121,102,195,111,210,288,169,244,273,238,200,146,111,94,173,101,186,252,152,507,598,537,461,376,271,227,387,236,398,547,369,495,582,512,429,333,235,195,362,208,379,529,333,473,552,476,388,287,199,163,331,179,354,501,291,441,509,432,341,240,165,135,296,152,323,461,249,401,457,381,293,199,140,115,261,132,288,413,210,354,396,326,249,167,124,106,227,119,252,359,180,304,334,276,213,146,113,99,198,110,219,305,157,260,280,235,187,132,106,93,173,101,192,258,142,223,239,204,168,122,99,87,154,94,170,223,130,507,599,536,459,372,267,223,386,233,397,547,366,496,583,511,422,325,227,186,358,202,377,530,324,474,554,474,377,272,185,150,325,169,350,501,278,443,512,426,324,218,145,119,287,139,318,461,229,403,459,371,267,167,119,108,249,122,280,411,184,355,395,309,211,133,113,103,215,112,240,353,153,302,324,241,172,122,109,98,183,107,204,289,134,243,247,196,152,115,102,92,157,100,174,229,124,200,202,171,141,111,96,86,139,93,155,191,115,507,599,536,458,370,265,222,385,231,396,547,364,496,584,511,420,321,224,184,357,200,376,530,321,475,555,474,373,266,180,145,322,166,349,501,273,443,513,426,318,206,137,112,283,134,316,461,221,404,459,371,258,148,119,108,246,119,277,412,175,356,397,308,193,123,113,103,211,112,235,354,144,302,326,240,140,119,109,98,179,107,199,289,122,244,249,174,133,113,102,92,152,100,168,222,115,190,187,153,127,110,96,86,132,93,148,177,111]}