{"c":"92011","n":"南大東","la":25.828333333333333,"lo":131.22666666666666,"e":15,"t":[17.7,17.8,19.3,21.5,23.9,26.6,28.5,28.3,27.6,25.5,22.8,19.4],"s":[0,0,0,0,0,0,0,0,0,0,0,0],"i":[563,617,575,554,448,344,300,458,325,474,585,449,536,587,561,562,469,369,325,461,347,470,562,466,499,545,536,555,480,385,343,454,362,455,527,473,453,493,498,536,479,392,353,438,368,433,480,469,398,430,451,504,468,391,355,412,366,401,426,454,337,360,393,459,445,380,348,378,356,362,363,429,273,287,329,405,413,361,334,336,338,317,296,393,210,212,261,343,371,334,313,289,313,267,227,349,157,148,191,274,321,300,284,240,282,215,165,298,563,618,575,553,446,343,299,458,324,474,585,447,537,589,562,559,467,366,323,459,345,470,563,463,501,549,538,553,476,381,339,454,358,455,529,470,455,497,501,534,475,388,348,437,364,433,484,465,403,437,454,501,462,385,349,411,361,401,430,450,344,369,400,459,438,374,342,377,351,363,371,424,284,299,338,407,405,355,327,337,333,319,307,389,223,229,274,347,365,327,306,292,307,271,242,346,170,167,210,281,315,293,277,244,276,222,182,296,565,619,575,550,443,340,296,455,321,473,586,444,541,593,564,555,459,359,316,458,339,469,566,458,508,556,541,547,467,371,329,450,349,455,535,462,466,509,508,527,463,375,335,434,352,433,494,455,417,454,465,497,450,370,334,409,348,403,445,438,364,394,415,457,426,357,325,377,335,366,391,413,308,331,359,408,395,336,309,338,316,325,333,379,254,269,302,353,354,308,286,296,290,281,275,338,206,214,247,295,308,274,257,252,259,236,222,292,566,620,574,546,437,334,290,453,316,472,587,438,545,598,564,548,450,348,305,453,329,466,569,449,514,564,543,538,453,355,314,444,336,451,541,449,476,523,513,519,448,355,316,428,335,430,504,441,434,475,474,488,433,348,311,403,327,401,461,423,385,420,429,451,409,332,300,373,313,369,411,397,336,365,380,405,378,310,282,337,293,330,360,365,288,310,329,358,340,283,259,298,268,290,309,327,242,260,278,306,299,250,231,258,238,250,260,286,568,622,574,541,430,327,283,450,309,470,588,433,550,603,563,538,437,334,292,447,317,463,572,436,522,574,544,527,436,336,295,437,318,449,547,433,488,535,514,505,426,331,292,418,313,426,513,421,449,493,480,476,409,320,284,395,303,400,474,403,405,445,440,440,387,304,271,366,288,368,430,377,360,394,394,400,357,281,252,332,267,332,383,346,315,344,349,356,323,256,231,297,243,296,336,312,272,296,303,310,286,227,204,260,217,258,290,274,570,624,572,534,422,318,275,446,302,467,589,425,554,607,561,526,421,319,277,438,302,459,574,422,529,580,542,511,415,314,273,426,298,443,550,413,497,546,514,488,401,304,266,407,289,421,519,398,461,505,480,459,383,290,254,382,276,394,482,377,421,463,444,425,359,272,240,354,259,364,442,352,378,416,401,385,330,250,221,323,239,330,399,322,334,367,358,346,300,227,200,289,217,295,353,291,294,322,317,305,266,202,179,254,193,260,311,258,572,626,571,528,413,309,266,441,294,465,590,417,558,610,558,513,405,302,260,430,287,454,575,407,534,585,537,493,391,290,250,413,277,436,552,391,503,551,509,467,373,275,238,392,263,412,521,372,468,512,475,434,351,259,224,366,248,385,484,348,430,471,438,401,326,239,206,338,229,354,446,322,388,426,400,365,300,219,190,308,210,322,405,294,345,379,358,326,270,196,171,276,190,288,361,264,305,334,317,289,242,176,153,245,169,254,319,236,574,628,569,521,404,300,258,437,286,462,590,408,560,612,553,499,387,284,243,421,271,448,575,390,537,586,530,472,365,266,227,400,254,426,551,368,505,551,499,441,342,246,211,375,237,401,519,343,470,512,463,407,317,225,194,347,219,372,482,316,430,469,425,369,290,206,177,318,200,341,442,289,389,424,386,334,263,187,161,288,182,308,400,261,346,378,346,299,238,168,144,258,163,276,357,235,306,333,306,263,212,150,129,227,146,244,315,208,576,630,567,514,395,292,250,432,278,459,591,400,562,613,548,484,369,268,227,412,256,442,575,374,539,586,520,451,339,243,204,386,234,418,548,344,505,549,484,413,308,218,184,356,211,388,513,313,467,505,444,373,279,195,165,325,190,356,472,283,424,458,403,334,252,175,149,294,172,322,429,252,380,409,362,296,225,156,134,263,154,289,384,225,337,363,323,263,202,141,120,235,139,258,341,202,296,319,285,233,181,125,109,208,125,227,300,180,577,631,565,508,387,284,243,428,271,457,591,393,565,614,543,473,353,252,214,403,243,437,574,360,540,585,509,430,315,221,186,373,214,408,545,322,505,544,470,384,277,191,161,338,188,375,505,284,462,494,423,337,241,166,140,303,164,338,459,248,413,440,375,293,211,146,125,268,146,301,409,217,364,385,330,254,187,130,112,237,131,266,360,191,318,336,289,223,167,118,102,209,119,235,314,169,277,292,254,196,152,108,94,186,109,208,274,152,579,632,563,503,381,279,237,425,266,455,592,388,567,616,539,463,339,241,202,397,231,432,574,348,542,586,503,413,294,202,169,362,198,401,543,303,505,542,455,359,248,167,140,322,166,364,501,258,458,486,401,302,206,140,119,282,142,322,449,216,403,422,344,250,174,123,108,244,126,280,390,182,344,356,291,210,151,112,101,211,115,241,330,158,292,298,248,180,137,105,95,184,107,210,279,141,249,254,215,161,127,98,89,163,100,185,240,129,581,632,562,501,376,275,234,423,263,454,592,384,570,617,537,457,330,233,195,392,225,429,575,340,546,587,499,403,278,189,156,354,186,397,544,290,509,543,449,342,224,148,123,311,149,356,501,238,463,487,391,275,174,120,111,269,128,311,447,189,408,420,324,210,139,113,106,229,118,263,384,154,343,344,252,164,126,109,101,194,112,219,313,133,273,261,202,143,119,103,95,164,105,185,246,122,221,211,176,132,113,97,89,145,98,164,202,113,582,632,562,501,375,274,233,422,261,453,592,383,571,617,535,455,326,229,192,391,222,428,575,338,549,587,497,401,272,184,151,352,181,395,544,286,514,543,447,338,214,140,117,307,143,354,501,229,468,486,388,268,155,119,111,265,124,306,447,180,412,419,320,193,127,113,106,225,118,254,384,145,348,343,248,129,123,109,101,189,112,211,313,120,279,261,175,123,118,103,95,158,105,175,238,114,212,191,153,120,112,97,89,137,98,154,186,110]}