{"c":"93011","n":"伊良部","la":24.826666666666668,"lo":125.17166666666667,"e":10,"t":[17.8,18.1,19.8,22.3,24.7,27.2,28.8,28.3,27.1,25.2,22.5,19.5],"s":[0,0,0,0,0,0,0,0,0,0,0,0],"i":[512,563,541,497,428,337,282,416,284,421,539,421,488,537,527,501,446,359,302,417,299,416,517,434,454,500,503,493,454,372,316,409,308,403,486,440,413,451,467,475,451,378,323,393,311,383,444,434,364,396,423,445,438,375,322,369,308,355,394,419,309,334,369,405,416,363,315,338,298,320,338,395,252,268,310,359,384,344,301,300,281,281,277,362,197,202,247,305,344,318,281,259,260,238,215,322,150,146,183,246,297,285,254,216,233,194,160,276,512,563,540,497,426,336,281,416,283,421,538,420,488,539,528,500,444,357,300,417,297,416,519,434,457,501,504,493,451,369,313,409,306,403,488,438,416,455,470,475,447,374,319,392,308,383,447,432,369,401,426,446,434,371,318,369,304,355,399,417,316,342,375,409,411,359,310,338,293,321,344,393,261,279,319,363,379,339,296,301,277,283,286,360,206,217,258,310,338,312,275,261,254,242,227,320,162,163,200,254,291,279,249,219,227,200,175,275,513,564,540,495,424,333,278,413,280,420,539,417,492,541,528,498,438,350,294,413,292,415,520,429,461,507,505,490,442,361,304,405,299,401,491,430,424,465,473,473,437,363,308,390,299,382,454,424,380,416,433,445,422,357,305,367,293,355,409,408,331,361,386,409,398,344,296,337,281,323,359,384,282,305,335,367,366,323,280,303,264,287,307,352,234,250,281,319,327,296,259,265,241,249,254,314,191,200,229,268,283,263,233,225,215,211,206,271,514,566,540,492,419,328,273,412,276,419,540,413,495,543,527,493,428,341,286,409,285,413,522,421,467,514,507,484,430,347,292,401,288,400,496,421,432,475,476,467,422,346,293,385,286,380,461,412,393,430,438,441,405,338,287,362,278,355,421,395,350,383,397,407,381,323,276,334,265,325,376,371,305,332,350,369,350,302,259,302,246,291,329,340,260,282,303,324,314,275,238,267,224,256,282,304,220,236,257,281,274,244,212,231,199,221,237,266,516,567,539,488,413,321,268,409,271,418,541,408,498,547,526,487,417,329,275,405,276,411,524,411,473,520,505,476,413,330,276,395,275,397,500,407,442,486,479,459,401,325,273,378,270,378,469,395,405,445,443,433,384,314,265,355,259,352,430,377,366,400,405,401,360,297,252,328,245,324,390,353,325,355,363,365,331,277,235,298,227,292,348,324,284,309,318,327,297,250,214,265,206,259,304,292,244,265,276,286,262,224,191,231,182,227,262,257,518,569,538,484,405,314,261,405,266,416,541,401,501,551,525,479,403,315,262,399,265,408,526,399,479,525,503,465,393,310,259,386,260,393,501,390,450,493,476,446,379,301,250,368,250,373,473,376,415,455,444,421,359,287,241,345,239,348,438,356,378,413,405,390,335,270,225,319,223,320,399,332,340,371,368,357,307,249,209,290,206,291,360,304,300,329,327,320,277,225,190,260,186,259,319,274,262,286,286,284,245,200,169,229,165,227,278,243,520,570,536,479,397,306,254,403,260,413,542,394,505,553,522,469,387,299,248,392,254,404,527,385,483,529,499,451,373,289,240,377,244,387,504,371,455,498,472,429,353,275,229,356,231,366,475,352,422,461,440,403,331,259,214,333,217,341,441,331,385,421,403,373,306,240,200,306,200,313,403,306,348,379,365,340,279,220,182,278,184,284,364,279,310,338,327,307,250,199,166,249,166,254,325,252,271,296,288,272,222,177,147,220,147,225,285,224,521,572,534,474,388,298,247,399,254,412,542,387,508,555,518,458,371,284,235,385,242,399,527,371,486,531,493,436,350,267,221,366,227,381,504,351,458,499,463,409,326,249,204,343,212,358,474,328,423,461,430,380,300,229,190,317,196,331,438,303,387,420,392,349,274,210,174,290,179,303,399,278,349,378,353,316,248,191,158,262,162,274,360,252,310,337,316,284,222,171,142,234,146,245,321,225,273,296,279,254,198,154,127,208,129,217,283,202,523,573,533,468,381,290,240,395,248,409,543,380,511,558,514,447,356,269,222,378,231,395,527,357,488,532,487,419,328,245,202,355,212,374,501,331,458,497,453,387,298,222,183,328,193,348,469,302,422,455,415,353,268,200,165,300,175,320,430,274,383,412,374,320,239,181,149,271,158,290,390,246,343,368,333,287,214,163,135,243,142,260,348,221,303,325,296,256,192,146,122,216,128,231,308,198,265,285,261,227,170,131,110,191,113,204,270,176,525,574,531,463,374,284,234,392,243,408,543,374,512,559,511,436,342,254,210,371,221,391,527,344,490,532,480,403,306,225,185,344,198,368,501,312,458,495,440,364,270,197,163,314,176,339,463,277,418,449,397,325,236,173,143,282,156,307,421,244,375,400,351,286,206,153,128,250,139,274,375,215,330,350,307,252,181,137,115,222,125,243,329,190,288,304,268,223,161,124,106,196,113,214,286,169,250,263,234,198,144,113,97,173,103,189,249,152,526,576,531,459,369,278,229,390,240,407,544,369,515,561,508,428,331,244,200,366,213,388,528,334,492,534,474,389,288,209,171,336,186,362,500,295,459,494,430,343,244,175,144,302,160,331,462,254,418,445,381,295,204,149,125,266,139,295,413,216,368,387,327,250,172,131,112,231,124,258,361,185,315,327,277,213,150,120,106,200,113,224,306,161,267,274,235,187,136,111,98,176,105,195,259,144,227,233,204,167,124,103,92,155,97,172,221,131,527,577,531,457,366,274,225,388,237,405,545,366,517,564,507,422,323,237,194,363,208,386,529,327,495,537,473,379,276,196,160,331,177,359,501,284,463,498,428,328,225,157,130,293,148,326,463,237,421,449,374,273,177,128,117,256,128,287,415,193,371,389,313,218,143,121,111,221,118,246,358,160,315,322,247,175,128,114,105,188,111,208,294,139,252,250,197,153,121,108,98,160,104,177,233,127,202,200,171,141,114,101,91,141,96,156,191,119,527,578,531,457,364,273,225,388,236,405,546,365,517,565,508,421,321,234,192,362,206,386,530,325,496,539,474,376,271,192,156,329,174,359,503,279,465,501,429,324,217,150,125,291,143,325,465,229,423,451,375,266,162,127,117,252,125,285,417,185,374,393,315,202,131,121,111,218,118,241,361,152,317,327,248,144,125,114,105,185,111,202,297,128,254,254,179,135,120,108,98,156,104,171,229,121,193,188,155,129,113,101,91,135,96,149,179,114]}