{"c":"94081","n":"石垣島","la":24.336666666666666,"lo":124.16333333333333,"e":6,"t":[18.6,19.0,20.8,23.3,25.7,28.0,29.5,29.2,27.9,25.9,23.2,20.1],"s":[0,0,0,0,0,0,0,0,0,0,0,0],"i":[547,601,560,501,422,330,276,423,278,426,569,418,520,571,545,505,438,349,294,422,292,421,546,430,483,529,519,497,445,361,306,413,299,407,509,434,437,476,480,478,442,365,312,395,301,385,465,428,383,415,433,448,428,362,310,369,297,356,409,413,323,347,377,409,405,350,303,336,286,321,349,388,261,274,315,361,374,331,288,297,270,280,283,355,200,202,248,306,335,305,268,254,249,237,217,315,151,143,181,246,289,272,243,211,223,192,159,269,547,601,559,501,421,329,275,422,277,426,569,417,522,573,546,505,437,347,292,422,290,421,547,430,484,532,520,497,442,358,303,412,297,407,512,433,441,482,483,478,438,362,308,394,298,385,468,426,388,422,438,449,424,357,306,369,294,356,416,409,331,356,383,411,401,345,298,337,283,322,357,386,271,287,324,364,369,325,283,299,266,283,294,353,213,219,261,311,329,299,263,257,245,240,231,313,164,162,200,254,283,267,237,215,219,198,175,268,548,602,559,501,418,326,272,421,275,426,570,415,524,575,545,503,430,342,287,420,286,420,548,425,491,538,522,494,434,350,296,409,291,405,517,426,449,491,487,476,428,351,298,392,290,385,476,418,401,438,445,448,413,345,294,368,284,357,428,401,348,377,395,411,389,331,285,337,272,324,374,377,295,316,342,368,356,311,269,301,254,287,318,345,243,257,286,319,319,284,248,263,233,248,262,307,197,204,233,268,275,250,222,223,206,210,211,265,550,603,559,498,413,321,268,420,271,425,571,411,528,578,545,498,422,333,279,416,279,418,550,417,498,546,523,488,422,338,284,405,281,404,522,416,459,503,491,470,413,336,284,388,279,383,484,405,416,454,451,444,396,326,277,364,270,357,441,389,369,401,408,409,373,311,266,335,257,326,393,364,321,348,358,370,341,290,249,302,239,292,342,334,273,294,309,326,306,264,227,266,217,256,292,299,229,245,262,281,266,234,202,229,193,220,246,260,552,605,558,494,408,315,263,417,267,424,572,405,532,583,545,492,411,321,269,412,271,416,553,408,504,552,522,480,407,321,269,400,269,401,526,403,470,515,494,462,395,316,266,382,264,381,493,391,430,471,457,434,377,304,257,358,252,355,453,372,388,423,416,404,352,287,243,331,239,326,409,348,344,374,373,367,323,267,227,299,221,294,364,319,300,325,327,328,290,242,206,266,200,260,317,287,257,278,282,287,254,215,184,233,177,227,273,252,554,607,556,488,400,308,257,413,262,422,572,399,536,587,543,484,398,308,257,407,261,413,555,397,511,559,521,470,388,303,252,393,256,398,530,387,479,524,493,450,373,293,245,374,247,377,499,372,442,484,459,424,353,280,234,350,235,352,462,352,401,438,419,392,329,262,219,322,219,323,420,328,360,393,379,359,301,241,202,293,200,293,377,300,319,347,337,322,270,218,184,262,182,261,334,270,277,302,294,285,240,194,164,229,162,229,291,240,556,609,555,484,393,301,250,411,256,421,573,393,540,591,540,474,384,294,244,400,250,409,557,384,516,563,517,455,369,284,235,384,241,393,532,369,486,530,488,433,348,269,224,363,229,371,501,350,450,491,454,405,327,252,210,338,214,346,465,329,409,447,416,375,302,235,195,311,199,317,425,304,370,401,376,342,274,214,178,282,181,287,383,277,329,358,337,309,247,194,161,252,163,257,341,250,288,314,296,273,218,171,143,223,145,227,300,221,558,611,554,479,385,293,243,407,250,419,574,386,543,593,536,463,369,279,231,393,240,405,558,370,520,567,509,441,348,263,218,374,225,387,532,350,488,532,480,413,323,245,202,350,211,364,500,327,451,492,444,384,297,225,187,324,195,337,463,302,413,447,405,352,272,206,171,296,178,308,421,277,372,401,364,319,246,188,155,267,161,278,379,250,331,357,325,286,219,168,140,239,145,248,338,224,290,314,288,254,195,150,124,211,129,219,297,200,560,612,552,474,378,286,237,404,246,417,575,379,547,596,532,451,354,266,220,387,229,401,558,357,522,568,504,424,327,243,200,364,212,381,531,331,490,530,469,391,297,220,182,337,193,355,496,303,451,486,429,357,268,199,165,308,175,326,455,275,409,438,386,323,239,179,148,278,158,295,412,247,366,391,344,289,214,161,134,249,143,264,367,221,323,345,304,258,191,144,121,221,128,235,324,198,282,302,268,227,170,130,109,196,114,208,284,176,562,614,550,469,372,280,231,401,241,415,575,374,549,598,529,442,341,252,209,381,220,399,559,345,525,569,497,408,307,225,185,354,198,375,530,313,491,529,455,369,271,198,163,323,177,346,492,279,448,479,409,328,238,174,144,291,157,314,446,246,400,425,362,289,208,154,129,259,141,280,396,217,352,371,316,254,183,138,117,227,127,248,346,192,306,322,275,224,163,125,107,200,114,219,301,171,265,278,240,199,145,113,97,177,104,192,261,153,564,616,550,465,367,275,227,399,237,413,577,369,552,601,526,434,331,243,200,376,213,396,560,336,528,571,491,394,290,209,172,346,187,370,530,298,493,529,446,348,248,177,146,312,162,339,488,258,447,475,393,300,209,151,127,276,142,303,438,220,394,412,337,254,176,133,115,240,127,265,381,188,336,347,284,216,154,122,108,208,117,229,322,164,283,289,240,188,139,112,100,181,108,200,271,147,240,244,206,168,127,104,93,160,99,175,231,133,565,618,550,463,364,272,225,398,235,413,578,366,554,604,526,428,324,236,194,373,208,394,562,329,532,576,490,385,279,198,162,342,179,368,532,287,497,534,443,334,229,161,133,305,151,335,491,242,451,480,386,277,183,132,119,266,131,296,438,198,398,416,322,221,148,124,112,229,121,254,379,165,336,343,252,177,133,117,107,196,113,215,311,143,269,263,200,155,125,110,100,165,106,182,244,130,213,206,171,142,118,103,92,144,98,160,197,121,565,619,551,461,363,271,224,398,234,413,579,365,556,606,527,425,322,234,192,373,206,394,563,327,534,579,492,381,274,194,159,340,176,367,535,283,500,538,445,328,222,154,128,302,146,334,494,235,455,484,389,269,169,130,119,264,129,294,443,190,401,421,325,206,136,124,112,227,121,250,383,156,340,349,256,144,130,117,107,193,113,211,315,130,273,270,183,134,124,110,100,162,106,176,242,123,204,196,156,129,118,103,92,138,98,153,185,115]}